phoneme,stress,word,time,duration,nextSeg,F1,F2,F3,F4,F1_df,F2_df,F3_df,F4_df,F1_lm,F2_lm,F3_lm,F4_lm,speaker,lesson,environment,vowel_length,is_outlier
eː,TRUE,dêzima,0.36637906924711955,0.10126971697057842,θ,390.85862488366905,2087.2005100392203,2605.12060773623,2922.3378199818103,0.3771293309215397,2.0138855374739775,2.5136131818963703,2.819687827291691,-1.4213356330479021,0.25389742372539725,0.47555269720852156,0.5904576437535383,LL,10,elsewhere,long,FALSE
ɑ,TRUE,leziån,1.1061004840075996,0.08431148200633043,n,638.5961986933689,1844.29597601294,2606.9833923327205,2760.3909006939803,0.6161648785771272,1.7795132643217495,2.5154105343501754,2.6634294529651643,-0.9304092267622526,0.13017134437340605,0.4762674890376095,0.5334460249063664,LL,10,prenasal,short,FALSE
oː,TRUE,nôv,10.366180821821448,0.27369987740618557,v,465.019189436942,784.58283316442,2492.86235505724,3230.6100522493807,0.44868493264086623,0.7570235888024448,2.405298110850288,3.117131693936211,-1.2476028821201766,-0.7245294006555509,0.431505314964606,0.6907447145859509,LL,10,elsewhere,long,FALSE
iː,TRUE,dîS,10.957710538487254,0.2147935374923176,z,302.5315555673369,2370.8777803702505,2522.75730018293,3557.8706511414603,0.2919048368645311,2.2875983644313753,2.4341429665997123,3.432896942135315,-1.6774959665069256,0.381333982560462,0.44342619461821275,0.7872359587297355,LL,10,elsewhere,long,FALSE
æ,TRUE,ch'äli,11.255366629200484,0.09033373072106875,l,426.53780604214495,1918.96654405768,2460.8413839622203,3656.2638261287093,0.4115552457190684,1.8515609551578553,2.3744019078865777,3.527833959992427,-1.3339805489218906,0.1698605073431576,0.4185770419873771,0.8145155380159297,LL,10,prelateral,short,FALSE
o,TRUE,ónng',11.504286242742985,0.10237822815054544,nː,499.69080990471,1169.78305951712,2520.2889581951495,3481.7231981201,0.4821386783087957,1.1286932780115702,2.4317613275541,3.359424243361245,-1.1756920275066518,-0.3251079630789784,0.4424472854199122,0.7656010676226002,LL,10,prenasal,short,FALSE
iː,TRUE,pî,12.133181638103666,0.16862296401266086,i,318.140808176174,2377.0550120369808,2697.4589131839302,3680.797512234041,0.30696579910966026,2.2935586147549154,2.602708013466953,3.551505876222232,-1.6271874766792562,0.3839360561037113,0.5103839111114423,0.821203168502227,LL,10,elsewhere,long,FALSE
e,TRUE,én,12.335930678166505,0.0682521521003636,n,417.62160179829294,2153.38247060138,2772.41675175118,3647.03431901674,0.4029522319264356,2.0777427915215543,2.675032884165675,3.5189286484033366,-1.3551057907876283,0.2851135725505376,0.5377931378915726,0.8119880465067846,LL,10,prenasal,short,FALSE
ɑ,TRUE,dågg'?,12.655734738276399,0.1525636341066932,dzː,762.802308399605,1481.71451447683,2186.88426234613,3880.8993500155007,0.7360081264108461,1.4296678335490116,2.110067799851947,3.7445789399704164,-0.7526826545220153,-0.0887264024686889,0.30055154407610374,0.8741406425366138,LL,10,elsewhere,short,FALSE
ɔː,TRUE,fòra,14.562612242955943,0.20074162382459804,r,576.654113730665,980.15318793254,2512.9507780935305,3274.1519891681996,0.5563985703248214,0.9457243423389466,2.4246809082522898,3.1591441774578666,-1.032438923972701,-0.5019726807966745,0.43953139597873836,0.7041326254724938,LL,10,prerhotic,long,FALSE
ɛː,TRUE,mèrz,14.924950873959336,0.13449688796248088,r,578.5555099842078,1653.3698023594197,2360.19989204525,3263.6752560623504,0.558233178163215,1.595293560466443,2.2772955474451546,3.149035449915706,-1.0291470574031516,0.020889234223898434,0.3768200399896102,0.7009276640439461,LL,10,prerhotic,long,FALSE
æ,TRUE,sän,15.680395508442334,0.11843755805651136,n,754.801547293567,1484.0732264741098,2222.6165779776,3368.91714976605,0.7282883999146451,1.4319436934654597,2.1445449827217997,3.250580618502442,-0.7632266910315977,-0.08713578796717414,0.31675886508327444,0.7326650967053263,LL,10,prenasal,short,FALSE
e,TRUE,avréll!,16.108830468419093,0.09033373072107055,lː,524.9293323924239,1664.08968126996,2432.5117213766002,3511.06037466138,0.506490672849207,1.6056368930775509,2.347067352587132,3.3877309226968566,-1.1264179058976245,0.02735196046046262,0.4069980782404814,0.7739918174173335,LL,10,prelateral,short,FALSE
ɔː,TRUE,ò,18.222717893976412,0.1445339691537093,NA,615.880108523033,1056.5876724452303,2616.99782813582,3436.47409278978,0.5942467134358516,1.0194739903406584,2.5250732032374326,3.3157645573990875,-0.9666292388925912,-0.4268817369919402,0.4801015181613586,0.7525196972347787,LL,10,elsewhere,long,FALSE
æ,TRUE,tränt,18.61319160298899,0.06624473586211722,n,742.740672039414,1385.90372988639,2115.3290334363205,3608.1736736339503,0.7166511747765772,1.337222497083903,2.0410260187969023,3.4814330214442215,-0.7793345988798865,-0.15557383608133968,0.2672840962827241,0.801275461269511,LL,10,prenasal,short,FALSE
aː,TRUE,ân,18.917002723968892,0.1224523905330024,n,769.0728473792041,1217.04617301503,2146.53260336901,3710.66278950154,0.7420584065360384,1.1742962281218323,2.071133532618763,3.580322106226189,-0.7444958594313666,-0.285499522165769,0.2819275221709825,0.8292842346445228,LL,10,prenasal,long,FALSE
e,TRUE,SbléSSga,19.56959265896132,0.11643014181826672,zː,472.18152898456196,1600.43202357528,2334.19194660574,3016.7717891782,0.4555956879612349,1.5442152732742975,2.2522011566915525,2.9108047103588093,-1.232318047508362,-0.011652667947370077,0.36573949433673647,0.6222610401977287,LL,10,elsewhere,short,FALSE
ɑ,TRUE,leziån,2.086196079611648,0.13278628550176258,n,1032.25419945032,1650.6791839109198,1813.3245631858601,2895.12353011307,0.9394543674306219,1.502282838256026,1.6503063696532518,2.634851421349711,-0.4977743617472328,-0.02833248594212634,0.06564261993735876,0.5335084645022672,RM,10,prenasal,short,FALSE
o,TRUE,nómmer,2.7677783385578536,0.08964246171633626,mː,469.4877634774989,1049.51183391274,2667.5619241886297,3444.61166979627,0.4272807319059965,0.9551605375541005,2.427747643366456,3.1349404817299917,-1.28563235932649,-0.4811941797948247,0.4516456024682842,0.7072918594938375,RM,10,prenasal,short,FALSE
æ,TRUE,sänper,21.819343885153728,0.07226698457685292,n,722.177022339853,1468.71419760405,2623.3488618809797,3901.1507054745202,0.696809843515668,1.417124165603962,2.531201150670306,3.764118946633407,-0.807411262325866,-0.09753895296637793,0.48252541765898993,0.8793452868216542,LL,10,prenasal,short,FALSE
æ,TRUE,tränta,22.41865527371984,0.07025956833861002,n,744.103592672414,1490.94030755297,2650.6232610658394,3967.87278392802,0.7179662214806776,1.4385695615614376,2.557517509734749,3.828497346399696,-0.7775012918589965,-0.08251927567480699,0.49286852971942263,0.8963038529264287,LL,10,prenasal,short,FALSE
e,TRUE,dé,22.91950562516221,0.0481779897179031,e,417.185176853888,1845.7658819453302,2524.79181417,3716.95704998708,0.40253113683782166,1.780931538361282,2.4361060162802013,3.5863952746160743,-1.3561513620391423,0.13096802804252494,0.4442323340142478,0.830979060747155,LL,10,elsewhere,short,FALSE
a,TRUE,nuvàmmber,23.361844091917924,0.10237822815054544,mː,806.644412811891,1279.1081857932802,2457.5707352083605,3800.7967696073097,0.7783102337472745,1.2341782516071056,2.3712461438898393,3.6672900415524246,-0.6967986117835681,-0.23576317022675042,0.41724708054587634,0.8532844454855679,LL,10,prenasal,short,FALSE
iː,TRUE,quî,24.473917547803953,0.07025956833861002,d,221.581176829304,2034.9742505935099,2642.69650182107,3562.1829013787997,0.2137979198676097,1.9634937768030758,2.5498691857115916,3.437057720338068,-1.9888925453030604,0.22855689006326418,0.4898735226066302,0.7884472560136091,LL,10,elsewhere,long,FALSE
e,TRUE,avréll,24.817728586659968,0.12044497429475952,lː,462.09681528294294,1712.59253177057,2510.817117279931,3639.3184997179196,0.44586520975582544,1.65243603320789,2.422622194375154,3.5114838548528766,-1.2539071284451273,0.05608204736496525,0.4386819694183055,0.8098701632873366,LL,10,prelateral,short,FALSE
o,TRUE,Zóggn,25.371560670751126,0.11843755805651313,g,526.7509287847388,1121.42811225275,2517.511112322001,3441.8231186561507,0.5082482838750537,1.0820368458707015,2.4290810562517704,3.3209256934662954,-1.1229537385432975,-0.36732330219746423,0.44134448415118666,0.754075031870733,LL,10,elsewhere,short,FALSE
a,TRUE,setàmmber,26.049489357060036,0.09049776294667566,mː,737.9732884526641,1387.64658298584,2415.9776208857,3836.7718066747802,0.712051250231347,1.3389041307525622,2.331114028652222,3.7020014200289024,-0.7857739250255245,-0.15431706902666686,0.4001777416709942,0.8627050622086001,LL,10,prenasal,short,FALSE
ɔː,TRUE,ventiòt,27.79243437387123,0.2669863596867153,t,517.2493313213772,908.4623230528499,2689.97657841585,3402.6282999448495,0.49908043937601043,0.8765516896609843,2.5954885030732475,3.2831076313457945,-1.1411565305946834,-0.5779281390845235,0.5076062111869986,0.7426218869040904,LL,10,elsewhere,long,FALSE
ɛː,TRUE,febrèr,28.576428056355947,0.18468229391862678,r,578.0453786126261,1789.40284022713,2548.36464358584,3637.7932620597,0.5577409656582359,1.72654830396748,2.458850826857604,3.510012192668853,-1.030029179161298,0.0999556799009671,0.4535255617180258,0.8094509756396873,LL,10,prerhotic,long,FALSE
iː,TRUE,sutîl,29.312489797461208,0.3326374679937594,l,260.60254024086703,2325.67924155649,2769.6652299627194,3448.3801976816003,0.2514486194765257,2.243987468787105,2.6723780122886454,3.3272524486361563,-1.8266851421565633,0.36208586779850105,0.5368001818062549,0.7559783373913005,LL,10,prelateral,long,FALSE
e,TRUE,én,30.16733473112533,0.051040707186516,ŋː,323.67414069679705,2331.4438194335403,2886.9985479824804,3392.02401117382,0.31230476787845757,2.2495495601915456,2.7855898820094858,3.2728758286567596,-1.6099442833545954,0.364561465177232,0.5782911222501319,0.739500521190231,LL,10,prenasal,short,FALSE
oː,TRUE,ventnôv,30.7987491541665,0.2157816202745728,v,462.28401229203996,857.3226301297999,2542.3299914578697,3331.6739844668095,0.4460458312857003,0.8272083287940135,2.4530281478261693,3.2146456560466867,-1.2535021070382095,-0.6358672421474054,0.4511547045414268,0.7215486002398661,LL,10,elsewhere,long,FALSE
iː,TRUE,biSestîl,31.692344249249224,0.2509270297807476,l,289.20249246158494,2345.9041933942203,2526.8430485470703,3678.66314075594,0.27904397022156185,2.263501999281996,2.438085199030532,3.5494464766433844,-1.7225544457446933,0.37074463563675675,0.44504444120154396,0.8206231337310443,LL,10,prelateral,long,FALSE
ɛː,TRUE,sèt,32.86310924738435,0.18468229391862678,t,573.7911348390501,1802.0235355192299,2372.0089463282197,3501.10893380369,0.5536361563851045,1.7387256849135726,2.2886897970715454,3.3781290359955385,-1.0374161009489793,0.10698394439710412,0.38181097728734414,0.7711534810621226,LL,10,elsewhere,long,FALSE
a,TRUE,avànzen,33.361952182588475,0.13048205548599162,n,807.3424775252489,1580.1522768992797,2381.47944590473,3746.31365042591,0.7789837782503974,1.524647872663771,2.297827636027626,3.614720695565713,-0.6959335926671617,-0.02440505530104886,0.3857956350063505,0.8388460544615084,LL,10,prenasal,short,FALSE
e,TRUE,èn,33.96914482921878,0.06347965984318905,ŋː,398.52751579831596,2162.6229436135,2180.6335666328505,3364.1910370112405,0.38452884449351693,2.086658683822758,2.1040366659788106,3.246020515110553,-1.4019050101884458,0.28939553526564943,0.29768918599274663,0.7312612536658625,LL,10,prenasal,short,FALSE
iː,TRUE,prezîSː,34.57834489208735,0.2750160246396973,z,270.915390792365,2312.2424588885997,2623.81706461811,3653.6537403410202,0.26139922100038315,2.231022666337657,2.5316529073253937,3.5253155560374116,-1.7878749934289901,0.3562915395929487,0.48270387694346084,0.8138014161739582,LL,10,elsewhere,long,FALSE
æ,TRUE,träntón,35.604314247393496,0.0682521521003636,n,651.097567299281,1423.00177090481,2212.0168297978794,2508.4326760357003,0.6282271243043498,1.373017432892063,2.1343175611313345,2.420321508976882,-0.9110220505200708,-0.12915771188643088,0.31197841655862746,0.4377318507663981,LL,10,prenasal,short,FALSE
e,TRUE,dé,36.12610968778555,0.158749915047018,NA,436.54911012441704,1839.19378392798,2553.1949297039096,3354.8745905183605,0.4212148928902753,1.7745902917563958,2.46351144442082,3.2370313179718897,-1.310780676635268,0.1274010392114091,0.45541921305820576,0.7284881143694593,LL,10,elsewhere,short,FALSE
o,TRUE,tótt,36.738024061233936,0.06222990338562794,tː,451.354765420699,1146.86650331746,2427.20699290693,3407.2823414915597,0.43550048496951776,1.1065816884075903,2.3419489579269586,3.287598195101716,-1.2774279046246209,-0.34489283179841657,0.404814935186959,0.743988730763383,LL,10,elsewhere,short,FALSE
iː,TRUE,mîS!,37.10136640035645,0.23085286739828345,z,289.4051385752019,2386.28285369042,2408.55936121303,3471.68290309612,0.2792394981909522,2.302462319386346,2.3239563426531245,3.3497366235836967,-1.7218539844613208,0.3878105883991676,0.3971025178530807,0.7627131873936284,LL,10,elsewhere,long,FALSE
ɛː,TRUE,dèt,4.9410817707570205,0.06825215210036271,t,504.86140693369396,1648.43889001618,2478.4105845843305,3372.4187375829906,0.48712765302717626,1.5905358512732732,2.3913539730416313,3.253959209600333,-1.1653976045684917,0.017902437308420005,0.4256911859239736,0.7337039377274506,LL,10,elsewhere,long,FALSE
o,TRUE,nómmer?,5.264275785114622,0.1244598067712497,mː,537.012439462619,1074.7944858428498,2614.6137816257196,3461.3173161528607,0.5181493488888934,1.0370412714948127,2.522772898707866,3.3397351380857527,-1.10366029548695,-0.4097968081372052,0.47919011767792874,0.7597229683429907,LL,10,prenasal,short,FALSE
ɛː,TRUE,sèt,8.399508480609699,0.22683803492179427,t,537.165406024212,1849.6042622194695,2386.6111264909905,4171.23933815997,0.5182969423494294,1.7846350917497724,2.3027790612816434,4.024720450219245,-1.1033754887144598,0.13304542841369305,0.38794814553010415,0.9462869195699684,LL,10,elsewhere,long,FALSE
ɔː,TRUE,òt,9.237159539411104,0.41553516131691565,t,521.8228263403279,889.0268705060101,2562.4547785052505,3608.00354335997,0.5034932858802502,0.8577989265172042,2.4724460319175745,3.481268867163592,-1.1323534373345474,-0.5995540938641843,0.4590394214159863,0.801228308803906,LL,10,elsewhere,long,FALSE
a,TRUE,màsster,9.74439339940744,0.09813297267247201,s,830.3534244689899,1307.17915134385,2134.182688358839,3375.2692997907593,0.8011864430306539,1.2612631968595196,2.0592174205306395,3.256709643004447,-0.6678301316909536,-0.21405477957818686,0.27615748215070823,0.7345488381915954,LL,10,elsewhere,short,FALSE
æ,TRUE,däli,0.9616065372338058,0.10550307843096066,l,495.810527194924,1835.3616792794598,2444.0318678435406,3241.90548307985,0.4783946943489597,1.770892793555997,2.358182842568934,3.128030361639484,-1.1834877023417913,0.12531528702933237,0.41172280495995217,0.6942349935155585,LL,11,prelateral,short,FALSE
o,TRUE,ónng',1.3411972121694167,0.09894096411820863,nː,499.3303500012389,1120.13389188498,2343.41179449986,3376.3884794060396,0.4817908799142725,1.080788086267386,2.2610971483523294,3.2577895103340144,-1.1764136537015304,-0.36847805099245257,0.3696816238305596,0.7348803655474336,LL,11,prenasal,short,FALSE
o,TRUE,vói,10.114003081801345,0.05171914033451942,i,440.243334764151,1110.67187332757,2321.19277967831,3293.89288507451,0.42477935425292623,1.071658430426261,2.2396585982988904,3.178191654962436,-1.3023539468618788,-0.3769611519847782,0.36015490725054544,0.710143837554166,LL,11,elsewhere,short,FALSE
æ,TRUE,bän,10.396509627035801,0.1188382833127388,n,760.57858671041,1558.1633609775397,2514.83927976579,3725.2814209150897,0.7338625151350264,1.5034313390597756,2.426503074444261,3.5944272438206872,-0.7556021125193881,-0.03841848052610164,0.44028262136378427,0.8332161227365349,LL,11,prenasal,short,FALSE
o,TRUE,tótt,10.73932452590827,0.10006529325591629,tː,522.76487977471,1075.5324187008398,2609.83839917913,3399.62429403295,0.5044022487603878,1.0377532837347412,2.5181652562706227,3.2802091440987082,-1.130549752140352,-0.4091104632978233,0.4773620279141664,0.7417386482810935,LL,11,elsewhere,short,FALSE
ɔː,TRUE,però,11.817434148126665,0.2304603574871305,NA,611.7271032749339,1077.3339037744,2469.84361112734,3908.8597663120804,0.5902395865853302,1.039491489871702,2.383087922960687,3.771557219120212,-0.9733952810788153,-0.4074368939960751,0.4222285578220868,0.8813194361186616,LL,11,elsewhere,long,FALSE
o,TRUE,vói,12.51876388018532,0.03710286154433008,i,418.63358041163497,1160.0282378412,2312.98996301959,3272.54831008493,0.4039286637947874,1.11928110404971,2.2317439136501993,3.157596829181066,-1.3526855269044082,-0.3334819276916985,0.3566147683820402,0.703642705652725,LL,11,elsewhere,short,FALSE
iː,TRUE,brîSa,12.787137938813084,0.09781663498050365,z,337.13087939294303,1911.6157873454201,2309.62730370019,3317.00404963106,0.32528882538102377,1.8444684010112335,2.2284993710496113,3.200491017113196,-1.5692103333534613,0.16602257091511063,0.35515989564717554,0.7171357053555214,LL,11,elsewhere,long,FALSE
ɛː,TRUE,catèr,13.199490922547094,0.09731924685721616,r,539.8908312993541,1671.82845797654,2206.1915576767506,3065.705888795689,0.5209266343788606,1.6131038376342235,2.128696907427886,2.9580199515562735,-1.0983145996024595,0.03199163701486629,0.30934147643008014,0.6383515736870065,LL,11,prerhotic,long,FALSE
æ,TRUE,däl,13.418707969622961,0.05846511516076091,lː,412.697741466966,1704.3668309699199,2446.4160137574004,3639.0064786188495,0.39820132703631805,1.6444992682452817,2.360483243010605,3.5111827938020665,-1.3669660902970397,0.05126740614904701,0.4126978265368946,0.8097844234776455,LL,11,prelateral,short,FALSE
iː,TRUE,lît,13.794912137342449,0.22115223484407312,t,271.42653919524093,2323.0243235372504,2777.6554310483803,3734.2854424152497,0.26189241481243114,2.241425807376805,2.6800875496955805,3.6031149902020525,-1.7859900255666137,0.36094364899675924,0.5396809262591589,0.8356302108566487,LL,11,elsewhere,long,FALSE
a,TRUE,vadd,15.335642171421926,0.11468157204610742,dː,787.615366134127,1278.84454612214,2453.89449714593,3945.6148606227493,0.7595431153310835,1.2332638650175367,2.3664325903192447,3.8049849355321883,-0.7201710450894989,-0.2354686508438757,0.4162507304106402,0.8911791776034139,NA,11,elsewhere,short,FALSE
æ,TRUE,Zänt,15.914525515598665,0.22436847748648606,n,769.3856433909309,1621.8812913965298,2507.56877745452,4092.9958491577995,0.7419631378454347,1.5640740667758082,2.418193807572842,3.947112958912351,-0.7435885710805517,0.0021611436971955555,0.4378880464176982,0.9278515606219546,NA,11,prenasal,short,FALSE
aː,TRUE,lâsen,16.35794075655311,0.08660045934621864,s,767.0682377845349,1341.2643475182897,2291.40881866635,3721.78174325935,0.7397283293977437,1.2934588947863,2.2097382395794596,3.5891296963042727,-0.7466051372034803,-0.18781291072571893,0.3477412103073192,0.8327768941047182,NA,11,elsewhere,long,FALSE
ɛː,TRUE,strè,17.44850985340623,0.21456300478853055,u,582.157498660021,1791.2914662234398,2372.555306376011,3706.22980288836,0.5614081938445618,1.7274461104021155,2.2879924975882795,3.574132059454189,-1.022439874362158,0.10151122645871435,0.38254193990793617,0.8285895115196045,NA,11,elsewhere,long,FALSE
iː,TRUE,batrî,18.126085486673738,0.11530855112891558,d,271.5315332278339,2206.09247485777,2795.0075865462304,3598.2282024340498,0.26185358428288075,2.127462747821226,2.695387699302216,3.46997986080874,-1.7851026246226356,0.30979721689669315,0.5464091981753727,0.7990159355622719,NA,11,elsewhere,long,FALSE
aː,TRUE,mâchina,18.47466518006567,0.11355724290839575,k,882.8201694256778,1264.55385899276,2242.63795765882,3536.488285058789,0.8513546212968434,1.219482527718662,2.1627056735582295,3.4104404825794137,-0.6060593805097954,-0.24670624342090974,0.32622720988304454,0.7817086021520279,NA,11,elsewhere,long,FALSE
ɛː,TRUE,vècia,19.014367288030574,0.2605037165954265,ts,584.8724660205929,1890.2777385167599,2377.5271385760507,3339.95302041619,0.56402639411812,1.8229043059445775,2.292787123341529,3.220910143790115,-1.0177870850754394,0.15529814711557588,0.3846353073697779,0.7245311183902139,NA,11,elsewhere,long,FALSE
ɑ,TRUE,leziån,2.0924027889827475,0.10197338431552704,n,632.4395621304159,1668.3708445648097,2292.377812887151,3706.4000279374904,0.6102244999340702,1.6097676762972712,2.211855785581861,3.5762090783583593,-0.940096892370275,0.029921332620700625,0.3476633496162629,0.8281347871776985,LL,11,prenasal,short,FALSE
ɔː,TRUE,sò,20.46604053873208,0.06521108998699889,k,618.326456660605,1125.0222566389198,2218.59621471601,3352.1677850207393,0.5962880149085966,1.084924122060378,2.139520828368628,3.232689548763272,-0.9621643367299733,-0.3636228036160878,0.31544903740631636,0.7281816138084185,NA,11,elsewhere,long,FALSE
e,TRUE,ch'l'incuéNna,20.937642380514557,0.1495357753150159,ŋː,478.666789252335,2049.8225710835504,2237.7648297013993,3790.06452718123,0.46160610870094665,1.9767626286402773,2.158006234022973,3.654978739699741,-1.2181761846997334,0.2363276159578227,0.32405190105019077,0.8509574218350693,NA,11,prenasal,short,FALSE
e,TRUE,dégg,21.60606659784132,0.07308139395094669,gː,409.693206867331,2005.73881260106,2460.4997462675606,3378.4271235992205,0.39509088833724243,1.9342501070554816,2.372802414615596,3.258012949864917,-1.3737722980711107,0.21458685521657017,0.4189388554457665,0.7359846303835393,NA,11,elsewhere,short,FALSE
i,TRUE,gnínta,21.887683931094116,0.12142754687234358,n,332.4221898525439,2309.7126121705805,3514.87234042417,3729.67075195851,0.32057397118225406,2.2273896477900665,3.3895949751978236,3.5967375243151007,-1.5827750845090103,0.35569748372251464,0.7755775833335292,0.8348943367514501,NA,11,prenasal,short,FALSE
o,TRUE,vói,23.346430185000482,0.03242168448001692,i,438.80978131162306,1057.3326397158098,2477.9694160035106,3288.3714020215607,0.423169687472074,1.0196471039573676,2.3896494289649697,3.171167001624699,-1.3051148825378656,-0.42567626365802447,0.42601381816492445,0.7089668048781856,NA,11,elsewhere,short,FALSE
e,TRUE,mégga,23.511052473417795,0.04047584895744904,gː,430.0848817294001,1509.3922895690898,2188.46508801122,3452.64555942019,0.4147557614688782,1.4555944070811702,2.110463637727309,3.3295860861727467,-1.3251983131603398,-0.06971851017564656,0.30177480229201503,0.7577151432418994,NA,11,elsewhere,short,FALSE
o,TRUE,scuntrómmbel,24.187019985364085,0.11434096676191531,mː,548.5327716500461,1046.2281280652,2472.03820241083,3074.44293930624,0.5289819220836774,1.0089383802122571,2.38392961616854,2.964863394540028,-1.0819338760407744,-0.4362341852278595,0.4236173707699038,0.6416981041423906,NA,11,prenasal,short,FALSE
e,TRUE,sént,25.80795915643443,0.13570322037834262,n,418.09150652488796,2140.57079891693,2585.56721662761,4181.317411553211,0.40318985511679417,2.064276400772044,2.493412220046529,4.03228655701264,-1.3534805780403065,0.27964689917808627,0.4685192872957282,0.9492007443531865,NA,11,prenasal,short,FALSE
iː,TRUE,mî,26.308728741283318,0.05924883901428047,v,277.07833743425493,2195.98642307509,2473.4159503618703,3278.3752811946397,0.2672026888435949,2.117716896756397,2.3852582583152904,3.1615271633475817,-1.7648806289110102,0.30520571830181353,0.42417454830876,0.7059223358191105,NA,11,elsewhere,long,FALSE
e,TRUE,vSén,26.576370332700133,0.09669230584279019,n,436.16056175267295,1930.7867531765303,2476.4586569875805,3440.9167149099103,0.4206148916116561,1.8619694950161108,2.3881925165444993,3.3182752820904216,-1.3111704652796954,0.17650194122959828,0.42540395602120284,0.7543123000205814,NA,11,prenasal,short,FALSE
a,TRUE,cà,27.08065609186146,0.26562805029744757,l,763.2242721344539,1442.42907208732,2272.08203662218,3637.7064076501697,0.7360213706833413,1.3910178980316568,2.1911003042694803,3.5080509806304745,-0.7516289789984025,-0.11509707469469621,0.33927098511943576,0.809927752503075,NA,11,prelateral,short,FALSE
e,TRUE,péccia,27.422816895908333,0.05509212774763839,tsː,436.52801221328093,1809.51378573457,2469.2318734536298,3304.0436453636594,0.4209692453731246,1.7450189485222969,2.3812233106157956,3.186280653597631,-1.3103283539165256,0.11163255976932884,0.42248149711157623,0.7137214426714955,NA,11,elsewhere,short,FALSE
oː,TRUE,sô,27.741772207861512,0.0614974972896931,m,419.77325556094894,977.5197115695902,2342.6245163500203,2846.3135903879406,0.40481166311722017,0.9426788746737961,2.2591285032095945,2.7448650503909766,-1.3494662039536092,-0.5041624447931659,0.3698462662874453,0.564599057204366,NA,11,prenasal,long,FALSE
eː,TRUE,mujêr,28.116354696388406,0.22486582754137888,r,414.135960778326,2142.99287026946,2538.98966003346,3345.04709382184,0.3993752932527654,2.0666121444608505,2.4484947845047675,3.225822653818003,-1.3629865741495202,0.2807777667443032,0.45034060750213456,0.7260551495957746,NA,11,prerhotic,long,FALSE
aː,TRUE,stâg,28.999433848760432,0.06758937729033573,g,827.0171994498289,1445.6849370895197,2122.897276270921,3568.367192087451,0.797540585305873,1.3941577172292003,2.047232799254577,3.4411831590164503,-0.6713554095304897,-0.1128424085900166,0.27135617267639045,0.7906824992473744,NA,11,elsewhere,long,FALSE
e,TRUE,zétt,29.306348587611634,0.0897624705030644,tː,484.62324486471806,2071.99461530895,2490.0373174509405,4222.556369774281,0.467350263838964,1.9981444150659,2.401287205289573,4.072055672937817,-1.2058091273892853,0.24708610284892707,0.4308720745365857,0.9590150967126263,NA,11,elsewhere,short,FALSE
o,TRUE,nómmr,3.883151772554717,0.08769767274114007,mː,655.6392357167621,1118.30165005301,3046.72007652827,3757.5906996110198,0.5966971544227959,1.0177661372621367,2.772819411882466,3.4197826423433737,-0.9516639026395861,-0.4177081652201675,0.5845463114611373,0.7942586648677334,RM,11,prenasal,short,FALSE
aː,TRUE,vâg,30.243368422850825,0.14391412962648434,g,901.0371440910709,1306.67995508957,2199.71755732682,3868.09544028163,0.868922305072713,1.2601071620794126,2.1213150456183056,3.7302284686623852,-0.585634419573065,-0.21393608796186037,0.30690334633338345,0.8713366288538946,NA,11,elsewhere,long,FALSE
iː,TRUE,mî,30.803230101943285,0.1220545259551571,f,265.2171666428839,2322.3569445325907,3421.63332064866,4226.279360918879,0.2557642748642289,2.239583309831809,3.299679188132482,4.07564596892988,-1.8086319145902676,0.36115697158798454,0.7486923934511118,0.9598963995345162,NA,11,elsewhere,long,FALSE
o,TRUE,furmintón,31.482884090844117,0.14132486606687775,n,596.49801969289,1132.73462347994,2426.69202249517,3470.6045222760804,0.5752375888628928,1.0923616040965107,2.3401996684777546,3.346904954216968,-0.9981049800832968,-0.3567908927874175,0.4051033995605069,0.762903169941886,NA,11,prenasal,short,FALSE
e,TRUE,sé,31.8618342668939,0.21474686530201484,NA,464.433812830535,1898.2216204564,2351.1602480847896,3159.21829504558,0.44788042517992854,1.8305650513993952,2.267360003701109,3.0466171801696924,-1.2483618448521074,0.15949183587165727,0.37348330614862846,0.6688989992551893,NA,11,elsewhere,short,FALSE
e,TRUE,dégg,32.313198184197645,0.11243291377068944,gː,446.323202651826,1907.9453815009601,2477.4093964510002,3599.08085177528,0.4304153148390761,1.8399422373636194,2.3891093696748014,3.4708021199529484,-1.2881375425412083,0.164601323812831,0.42578779324287996,0.7992528711555043,NA,11,elsewhere,short,FALSE
o,TRUE,ò,33.035028073633846,0.030356886718088557,d,479.389590840427,1321.4780758197999,2477.14861138453,3595.4167979343606,0.4623031481361729,1.2743778469895521,2.3888578795308355,3.467268660616404,-1.2166672928636206,-0.2026747582059567,0.42568252247349925,0.7982342999261842,NA,11,elsewhere,short,FALSE
ɛː,TRUE,fèr,33.32169131110075,0.11802740564805703,r,606.7597977335071,1680.7635761702102,2244.3930197468803,3318.9726036011903,0.5851336157777347,1.6208576643766668,2.1643981815809057,3.2006775126940172,-0.9810479093695585,0.03782257702626346,0.3270094920586759,0.7182296555343317,NA,11,prerhotic,long,FALSE
iː,TRUE,mî,33.63221413548693,0.04722182378368701,v,327.40012374546194,2020.2934476341798,2561.8743291245996,3329.37622849811,0.31573090196295434,1.9482859846054887,2.4705637963628284,3.210710330747997,-1.5979978588368429,0.22181714921250162,0.45931352765170974,0.7213593449208489,NA,11,elsewhere,long,FALSE
e,TRUE,vétta,33.76263631546094,0.09669230584278664,tː,514.8199672949528,1670.9485175410302,2449.1650758665996,3559.6541719079,0.4964707122375579,1.6113924348637436,2.3618717354569942,3.4327806890092925,-1.1453636402589265,0.031965817011804454,0.4143215583597213,0.7882377746669622,NA,11,elsewhere,short,FALSE
e,TRUE,mé,34.155286442576475,0.11243291377068233,NA,488.110491259998,1745.5662425252399,2445.85726005365,3586.27309118175,0.47071321751519657,1.6833506288380509,2.358681817083714,3.4584508546019777,-1.1986391049967677,0.07565337454549592,0.4129700563278842,0.7956879043467211,NA,11,elsewhere,short,FALSE
ɛː,TRUE,bèd,35.61747510126288,0.1045626098067345,d,608.7765440360131,1791.0612885531598,2465.58228364412,3626.073312227321,0.5870784810448465,1.727224136743041,2.377703799782479,3.4968325129388353,-0.9777296241258524,0.10138272003494553,0.42100237738843926,0.8067247078576489,NA,11,elsewhere,long,FALSE
iː,TRUE,mî,35.98575770837586,0.04609749464597712,p,284.2831994926179,2182.05722374499,2808.54658611755,3732.19522958498,0.2741507546237231,2.104284163079322,2.7084441407519817,3.5991720243051204,-1.739209979119721,0.29884248967552374,0.5512414976410431,0.835570971182845,NA,11,elsewhere,long,FALSE
iː,TRUE,pîguer,36.254118209132216,0.22340089311948222,g,334.699173664777,2366.2398849559395,3021.57887058626,3423.58813252868,0.32276979855265026,2.2819021709310254,2.913883511247842,3.3015643264488204,-1.5759487624069681,0.3798765260615733,0.6243538768460173,0.7492635398914516,NA,11,elsewhere,long,FALSE
ɛː,TRUE,moramazè,38.628761585925055,0.2407966279100364,NA,584.463552816184,1907.1166971384,2429.305696532401,3819.6045079904,0.5636320554313302,1.8391430890363663,2.3427201857328233,3.68346585411543,-1.0184864789442507,0.1641668960847822,0.40617987217884544,0.858721262563181,NA,11,elsewhere,long,FALSE
ɛː,TRUE,torturèr,39.44027478360812,0.11329961053586146,r,637.815023578738,1657.80990180955,2301.8199912392306,3734.1519230858003,0.6150819687429309,1.598722106740502,2.2197783362945214,3.6010589771773778,-0.931132592126251,0.024071772262987068,0.35227448780487336,0.8360951079543089,NA,11,prerhotic,long,FALSE
aː,TRUE,gât,39.99307131870793,0.35724344984967615,t,833.401103947942,1376.46299013557,2223.3977156321607,3839.606684123459,0.8036969541617432,1.3274029845266742,2.144151193799433,3.7027551110633667,-0.6636658581189172,-0.16190846445059126,0.3176109056400387,0.8639443125884014,NA,11,elsewhere,long,FALSE
o,TRUE,ónng',4.256401892462239,0.125924863423176,nː,577.5900465526241,1085.4291257017203,2821.17844478355,3348.00477214264,0.5256646009357641,0.9878488585659264,2.56755401204894,3.0470185609735014,-1.0784102397470434,-0.44754389941318706,0.5076353701078729,0.6788452622250709,RM,11,prenasal,short,FALSE
ɛː,TRUE,dèr,40.803096747407665,0.09756355351699143,r,542.4835178851979,1881.5924802828597,2505.5692860650397,3789.8167705449205,0.5231482763124767,1.8145286083895502,2.4162655822177452,3.6547398136255707,-1.0930231985633112,0.15069285951005895,0.43709034586759454,0.850892049667177,NA,11,prerhotic,long,FALSE
æ,TRUE,däl,41.04945663393288,0.06818958041510825,l,449.49087685840794,1808.1302278332898,2553.7425619321098,3808.9221179230503,0.43347008654449687,1.7436847035040244,2.462721862276592,3.673164206661849,-1.281065344231564,0.1108676652890832,0.45613433178351226,0.8559206176749683,NA,11,prelateral,short,FALSE
ɔː,TRUE,bòt,41.39733152792208,0.1843184960791859,t,450.645816069502,749.9435719728501,3006.4091870329103,3379.11008729705,0.43458386131849364,0.7232140223147662,2.899254506786881,3.2586715713151984,-1.2784992009914324,-0.7691829354076027,0.6193207827417879,0.7361867642908599,NA,11,elsewhere,long,FALSE
ɛː,TRUE,imigrè,42.16584548058278,0.1703881143192092,NA,629.161136337775,1851.39626065624,2389.82866633712,3831.1074696817495,0.6067365240533645,1.7854086448736042,2.3046501990517396,3.6945588263125893,-0.9447934992482301,0.13451446715467164,0.38979605289286123,0.8617282952139025,NA,11,elsewhere,long,FALSE
ɛː,TRUE,chèS,43.51023559477438,0.11237133230781635,z,552.9882964929869,2045.2979203128098,2538.391738815231,3906.5330351485804,0.5332786427485534,1.9723992458395305,2.447918174443126,3.7672960676534717,-1.0738440641050566,0.23411783843286482,0.45010508404071903,0.8812246661199126,NA,11,elsewhere,long,FALSE
e,TRUE,qué,43.94674426107229,0.07133679181887233,NA,504.3543038019,1762.4943825363996,2239.2598740325,4079.12154977695,0.4863780667721235,1.6996754147090358,2.1594479918626863,3.9337331684360795,-1.1659018969099808,0.08530444573000118,0.3247197751342572,0.9244560360512803,NA,11,elsewhere,short,FALSE
aː,TRUE,ciâm,44.47280221953931,0.1227412447471892,m,786.719053421508,1262.53562039941,2248.6297516915,3565.84547214363,0.7586787490689129,1.2175362233490574,2.1684839075816997,3.4387513184195315,-0.7213097012712195,-0.2483035268087006,0.32889540869692535,0.7899755620792455,NA,11,prenasal,long,FALSE
iː,TRUE,cîSa,44.9308168304297,0.23464843794096885,z,286.100255842388,2273.14538875431,2821.4681578365708,3705.3732049497503,0.27590304730360143,2.1921257563186143,2.7209051607630714,3.5733059924488293,-1.7328386074411561,0.3397388834453112,0.5558317500631933,0.8283583610002037,NA,11,elsewhere,long,FALSE
ɔː,TRUE,pò,46.63943013192812,0.15001707691322966,NA,600.917357167437,980.6665672810499,2451.8889680109696,3528.72208763713,0.5794994119524961,0.9457135698985875,2.364498542416482,3.402951088596566,-0.9907234855307747,-0.5009483905896381,0.41543311207875533,0.7795101678125267,NA,11,elsewhere,long,FALSE
e,TRUE,é,47.12367146644822,0.056064873914031914,d,389.23168422962897,2009.62738086378,2548.32485973021,3706.03468320518,0.3753586569500616,1.9380000786525833,2.457497258256276,3.573943894242593,-1.4250061461331578,0.21652369947484384,0.4540106027966502,0.8285368637265869,NA,11,elsewhere,short,FALSE
e,TRUE,delincuént,47.72331059050844,0.06818958041510116,n,412.54176035943306,2032.84276982697,2530.08940226124,3653.21717492969,0.3978379134545888,1.9603880228381738,2.439911750442415,3.5230089118837555,-1.366843463852371,0.22800956990645105,0.44682901622143056,0.8141825744069866,NA,11,prenasal,short,FALSE
e,TRUE,muturén,48.43240590502971,0.1275224579727734,n,428.0681385751769,2001.0722187790197,2600.36749361579,3717.9054952908,0.41281089923783776,1.9297498403491897,2.5076849843610978,3.585391605880416,-1.3298985165490436,0.21225752353834082,0.47422715598192156,0.8317348480629931,NA,11,prenasal,short,FALSE
oː,TRUE,pôrten,48.865242824689894,0.13428101989435962,r,444.66089482284707,790.21476173371,2624.0794097202997,3249.2791539047003,0.4288122551206514,0.7620498630617378,2.5305517584273387,3.1334680825879677,-1.2918689441732516,-0.7168761429256465,0.4833045107188392,0.6970075501862851,NA,11,prerhotic,long,FALSE
iː,TRUE,vî,49.34139678144284,0.09334183104668624,l,273.651899049137,2124.6620099911797,2457.80675927972,3431.5388615277093,0.2638983758534909,2.0489346341923516,2.370205411288541,3.3092316749195807,-1.777324044471258,0.272187112848318,0.41784376824291414,0.7515831854854724,NA,11,prelateral,long,FALSE
uː,TRUE,bûrsa,49.644991404589895,0.10954202717959304,r,282.34228289434117,653.7533747247901,2688.73096044948,3291.9945028768207,0.272279016332368,0.6304522438838701,2.5928989933382742,3.174660967625223,-1.7460607976932057,-0.9064507242692148,0.507643697628577,0.7100679902146059,NA,11,prerhotic,long,FALSE
ɛː,TRUE,vècia,50.3349841014308,0.17834197954719147,ts,624.002221296561,1666.35464352677,2181.7108382784904,3100.9519318787507,0.6017614834807498,1.6069622960799408,2.1039501235117317,2.990427551447785,-0.9530269736047314,0.02921276959953012,0.29868373446108354,0.6502835163970655,NA,11,elsewhere,long,FALSE
e,TRUE,mé,51.3254973264342,0.20498199916212206,k,451.133260004939,2051.7949195068,2704.2327727585603,3848.0126195420703,0.4350539317376226,1.9786646784609485,2.607848288794899,3.7108614414495573,-1.277418129150572,0.23728935779737714,0.5133926163198943,0.8661311895490407,NA,11,elsewhere,short,FALSE
eː,TRUE,frêga,52.30702033604102,0.19149031591757648,g,406.4477358289889,2031.4914338360297,2603.67753560163,3608.91208333174,0.3919610926410531,1.9590848512742978,2.510877049561834,3.4802829459563656,-1.3817255521624654,0.22734459701149667,0.4754992596680463,0.8019807422123666,NA,11,elsewhere,long,FALSE
ɑ,TRUE,nå,52.84259300707019,0.15316428831700085,n,770.9911964809748,1397.3133786648498,2570.92252008307,3531.9680271237194,0.7435114656819357,1.3475102218157644,2.4792894909648013,3.406081336044532,-0.7415039465524265,-0.14687424504280422,0.4628391689723452,0.7804296076016968,NA,11,prenasal,short,FALSE
ɑ,TRUE,nå,53.11755754160702,0.28741994374952645,NA,795.343455639761,1427.01007295609,2483.8592064212403,3537.8977821615804,0.7669957596433418,1.3761484641188764,2.395329294994612,3.4117997422720716,-0.7104068607045964,-0.12584422545204976,0.42838785952434755,0.7821070811459787,NA,11,elsewhere,short,FALSE
e,TRUE,mé,53.7584759579441,0.1363791608302094,NA,475.0228696743381,2109.6337048843006,2752.5011267529403,3678.0972269744407,0.45809206600029123,2.034441969155797,2.6543962581987257,3.547002187094249,-1.2258179521795096,0.26508871008110724,0.5310843762149977,0.820969937817118,NA,11,elsewhere,short,FALSE
iː,TRUE,tîr,54.13827442285415,0.09966169445284125,r,312.844316703246,2076.0687053254896,2480.7424519203696,3606.5113710863307,0.30169389417669423,2.0020732960354146,2.392323628110619,3.47796780009165,-1.643475225662053,0.24905043705101093,0.42713226839143204,0.8013153031430829,NA,11,prerhotic,long,FALSE
e,TRUE,drétt,54.4460653278729,0.1080542581962405,tː,483.542860788134,1770.04122187575,2452.7061861819398,3634.57078133064,0.46630838689932214,1.7069532689881475,2.3652866332310767,3.5050271145587146,-1.208040943848725,0.08957721275407149,0.41576635800541784,0.8090654018438901,NA,11,elsewhere,short,FALSE
e,TRUE,parché,55.163492810017615,0.05664980526793073,p,466.5881771552599,1909.49452157711,2434.6944581127595,3539.86204594839,0.44995800347654225,1.8414361628634461,2.34791688063558,3.413693995609571,-1.2437338807586986,0.16541293588821038,0.40839564669108874,0.7826621335594375,NA,11,elsewhere,short,FALSE
e,TRUE,mé,55.574079900593674,0.16963150952825143,NA,451.098576197948,1942.5997711086302,2421.9405187830803,3446.66737136739,0.43502048413369526,1.873361472404324,2.3356175182466057,3.3238209731837176,-1.277495013617771,0.18260154140294027,0.40314346335471996,0.7559821621149592,NA,11,elsewhere,short,FALSE
e,TRUE,é,55.848519899896544,0.059797016671701904,p,486.341316419043,1636.9125466146,2462.68766288119,3413.33689774872,0.46900709974751004,1.578569576775451,2.3749123493277104,3.2916784670108834,-1.202270227174182,0.011386251246197965,0.419827676681213,0.7462647524492105,NA,11,elsewhere,short,FALSE
ɛː,TRUE,pèra,56.04370740305046,0.1384773017660592,r,582.151466050952,1673.93604396682,2383.162689011609,3420.3459748620203,0.5614023762502347,1.614273479630196,2.298221811031079,3.298437726028851,-1.0224502369192656,0.03375214306597929,0.38700284370255034,0.7483160854425002,NA,11,prerhotic,long,FALSE
a,TRUE,tragg',56.6010054059982,0.13066966937655167,dzː,756.9844509540101,1445.34739576392,2423.8472104740304,3486.55784045037,0.730003949715838,1.3938322065789228,2.3374562514775588,3.3622896629301096,-0.759838188862834,-0.11307591779245474,0.4039304114819924,0.7674893346178191,NA,11,elsewhere,short,FALSE
e,TRUE,mé,57.82349443063974,0.10700518772831204,NA,495.538023013047,1928.1601955008198,2607.6141205205304,3638.3774722277603,0.4778760165786809,1.8594365533222508,2.5146733264015593,3.5086981270699265,-1.1835368142560192,0.17514065893354935,0.47701005043833167,0.8101122101290645,NA,11,elsewhere,short,FALSE
ɑ,TRUE,sån,58.20480610513175,0.10263723241953927,n,703.426361914492,1528.01092047622,2020.64630513139,3264.69486307147,0.67835478243267,1.4735494312344104,1.9486262655271454,3.1483343437974685,-0.8332177045577378,-0.057458785128505774,0.2219917905185813,0.7017406786592542,NA,11,prenasal,short,FALSE
ɑ,TRUE,bån,58.46435248892528,0.152089777250481,n,833.112802369439,1558.4591934608702,2425.69037579621,3777.22553829269,0.8034189282515,1.5029124644021432,2.3392337225517332,3.642597359095186,-0.6640118517290352,-0.03772798608741912,0.40469055216680605,0.8475641327984658,NA,11,prenasal,short,FALSE
a,TRUE,difànndrum,59.200040147240834,0.10456369991830172,nː,772.0513219365761,1322.2438489887,2355.89358842476,3637.4921717093903,0.744533806060008,1.2751163264090157,2.271924637940521,3.507844380504484,-0.7401298747303651,-0.20209544373030752,0.375494475810088,0.8098688576320949,NA,11,prenasal,short,FALSE
e,TRUE,mé,59.8631353143112,0.07731330835086679,NA,540.3631584720029,1835.43113210214,2587.615336261491,3519.9813024115606,0.5211034909215763,1.770012546727168,2.495387340434193,3.3945218431474133,-1.0969394725280779,0.12585378052889862,0.46931110924283814,0.7770300550251843,NA,11,elsewhere,short,FALSE
ɔː,TRUE,eròe,6.75656026973823,0.267379320449578,e,595.2758151383551,934.0943828628501,2478.07443798386,3167.2026483748696,0.574366166139275,0.9012833981378365,2.391029633921407,3.055951537541342,-1.0006567014707262,-0.5501040690232886,0.4255555468170442,0.6709224775172702,LL,11,elsewhere,long,FALSE
ɑ,TRUE,såtta,60.95807872669373,0.06294422807548018,tː,744.155811817084,1368.18070163149,2160.18012452076,4171.29419008354,0.7176325499762096,1.3194158940216514,2.0831868092011985,4.022620584016081,-0.7769304643457797,-0.16794372044293127,0.28876598644525586,0.9468007222382013,NA,11,elsewhere,short,FALSE
e,TRUE,cusén,61.64553454601498,0.14008586298926673,n,466.00936610031107,2123.62909953099,2172.7119970185004,4225.21910298974,0.4493998224521905,2.0479385388106155,2.095272019682281,4.074623500799903,-1.2449751688865822,0.27170084180242426,0.2945505326976221,0.9596454954045015,NA,11,prenasal,short,FALSE
e,TRUE,téggn,62.20710194725365,0.0665046973960628,ɲː,436.224446989724,2036.6389617023901,2582.6252963833203,4000.58902580289,0.4206764998459032,1.9640489105346692,2.4905751559623543,3.857999707055245,-1.3110240041724435,0.22987525857493907,0.46738081555550615,0.9050159839736303,NA,11,prenasal,short,FALSE
ɑ,TRUE,pistålla,62.97373718437297,0.10097778999910642,lː,751.3602766878379,1416.76088860801,2381.05117910169,3850.3942996254,0.7245802327253218,1.36626458203116,2.2961855597287406,3.7131582334980586,-0.7672956357290408,-0.1330524210936117,0.3861164393107135,0.8667499357868849,NA,11,prelateral,short,FALSE
æ,TRUE,sänper,63.525119066908665,0.10622314233873455,n,803.9918930701922,1496.67584362598,2179.96736431838,3733.0869459685296,0.7753359487649657,1.4433312017364384,2.102268790592009,3.600031958060955,-0.6995917158558527,-0.07817907808991098,0.29788428343696616,0.8358098680836772,NA,11,prenasal,short,FALSE
a,TRUE,cârga,64.2270902374121,0.24035792939460518,r,827.086944341299,1352.3851846148998,2076.2293779913302,3135.7806014325097,0.7976078443442608,1.3041833621045393,2.002228241993059,3.0240148547345953,-0.6712710800258774,-0.17955578584821197,0.2491278268061281,0.6614525160070421,NA,11,prerhotic,short,FALSE
iː,TRUE,mî,65.74124537367112,0.04930631199245283,f,304.36831481519096,2115.0350329530206,2750.20500418707,3000.6502002822804,0.29351999463585016,2.0396507826511168,2.6521819742197024,2.8937007823094194,-1.6709423717884935,0.2676457536492238,0.5302498331212924,0.6174033758564246,NA,11,elsewhere,long,FALSE
oː,TRUE,fiôl,66.03743610742272,0.14686986550944428,l,490.717865308681,901.7754265177701,2676.0265235315105,3271.29072140742,0.47322765932642047,0.8696342735772403,2.580647368992034,3.154695112015285,-1.1933115515023553,-0.5848153854926439,0.5029074310946449,0.7037590003002023,NA,11,prelateral,long,FALSE
iː,TRUE,dîS,66.6567754627481,0.06294422807548018,z,347.469122645548,1990.14475922769,2429.62583381863,3531.93985449198,0.33508459997543266,1.919211858198067,2.3430289126599138,3.4060541675440197,-1.5385050963772722,0.2067817566654142,0.40631164488841875,0.7804216311013761,NA,11,elsewhere,long,FALSE
e,TRUE,acsé,66.97004378966346,0.055600734799995166,k,475.9400355302839,1810.7644896544998,2348.9026634179995,2942.0846338772803,0.45897654215636174,1.7462250747516046,2.265182884050239,2.8372226145754396,-1.223889031218862,0.11232350332369023,0.3725226446073169,0.5976927664730391,NA,11,elsewhere,short,FALSE
ɑ,TRUE,sån,67.29866983313386,0.09336727164527758,n,751.0522865341779,1472.60352376996,2141.59964271133,3375.61712341876,0.7242832199817153,1.4201168694584492,2.0652685744324226,3.2553031039389495,-0.7677056298485168,-0.09439368391610081,0.2801274236355882,0.7351525362367362,NA,11,prenasal,short,FALSE
e,TRUE,eguéssta,67.76522316446936,0.10071076492074836,sː,536.8383483931229,1662.8640048893496,2426.5125229497503,3382.82819818484,0.5177043124096034,1.6035960710681376,2.340026566669701,3.262257160992962,-1.1034838797477597,0.027115797135317976,0.40502942800467423,0.7372864818882512,NA,11,elsewhere,short,FALSE
iː,TRUE,ajîr,68.73160771160791,0.22928233142984314,r,359.6163532975749,2199.3233747504405,2825.3840976065203,3709.7523241426097,0.3467988780466842,2.1209349125293055,2.7246815282899206,3.5775290307200054,-1.5041431238186247,0.30672413337150317,0.5572186963548749,0.8295394926438373,NA,11,prerhotic,long,FALSE
e,TRUE,é,69.01978420304582,0.046159100588681674,s,483.84191275381,1508.15367186054,2463.06009314487,2627.0544785310904,0.46659678003056626,1.4543999362855156,2.3752715054017055,2.5334207895941168,-1.2074226749171038,-0.07053945394515093,0.41997889443853076,0.484437625658364,NA,11,elsewhere,short,FALSE
ɛː,TRUE,scapè,69.35514336783915,0.05752720229878606,d,567.3205378430249,1507.1147978929198,2392.9600289687796,3451.08357177924,0.5471000531891809,1.4533980899481647,2.3076699534023386,3.3280797710220673,-1.0482564352702823,-0.07122852957416903,0.3911054827165765,0.75726263775163,NA,11,elsewhere,long,FALSE
a,TRUE,cà,69.68677042794319,0.16785127486792822,NA,706.490399595303,1468.4765999242304,2182.09868203653,3273.4508623872503,0.6813096114337827,1.4161370377673725,2.10432414371107,3.1567782610749937,-0.8288712883889211,-0.09720008590500395,0.29886148913037225,0.7044191153041677,NA,11,elsewhere,short,FALSE
uː,TRUE,Zûven,70.90722399408128,0.12271580414859785,v,344.294015363791,856.8306464629499,2467.6921120605607,3299.7438988946997,0.33202266012510545,0.8262914190208768,2.379738429523266,3.1821341590412877,-1.547684913584071,-0.635940614729912,0.42185772350375306,0.7124192363095414,NA,11,elsewhere,long,FALSE
uː,TRUE,incû,71.6927424996232,0.1907591517252172,NA,349.93938672244497,658.8042240901899,2565.34368240227,3155.8462068342205,0.33746681869961287,0.6353230704662587,2.473909494669402,3.043365280200043,-1.531420943045033,-0.8987544916605641,0.4606668361318116,0.6678310486330385,NA,11,elsewhere,long,FALSE
e,TRUE,én,72.13134926878863,0.07658214415849329,n,412.75893152244396,2101.15407513306,2606.84265070825,3348.55263717682,0.39804734418538196,2.0262645710563616,2.513929353378941,3.229203252312213,-1.3663171801107978,0.26106113060816494,0.47671415391382066,0.7271025811173342,NA,11,prenasal,short,FALSE
aː,TRUE,fât,72.46251218977866,0.12693752661887459,t,726.8306161156169,1217.60818729364,2259.25850567897,3386.0653023717305,0.7009248603060565,1.1742100974603782,2.1787338306569124,3.2653788880496983,-0.8004874415632264,-0.2845371905289271,0.33361104186117885,0.7382429467619875,NA,11,elsewhere,long,FALSE
oː,TRUE,sô,72.83280862435745,0.05140445292829554,m,479.55309046942,1028.91464091775,2309.79358611727,3231.36914719517,0.46246082029811963,0.9922419817788883,2.2274677356567762,3.116196425791165,-1.2163262930650633,-0.4529211227774317,0.3557325411261516,0.6914803092456072,NA,11,prenasal,long,FALSE
oː,TRUE,môd,73.05031907301475,0.2745131157221153,d,486.86598936415703,824.5882253166401,2593.78538127991,3142.3143780513306,0.4695130722569316,0.7951981848658761,2.5013374722073007,3.0303157539568835,-1.2011919923668026,-0.674296760833851,0.4716927231234047,0.6635339687404294,NA,11,elsewhere,long,FALSE
e,TRUE,mé,9.107431584795041,0.27770929701361174,NA,444.66738029067,2155.6880333256695,2740.14965864606,3873.79476382297,0.42904800082527483,2.079967369085546,2.6438992044697525,3.7377239093616867,-1.2923550118046219,0.286183670123644,0.5260862633719432,0.8723083102547706,LL,11,elsewhere,short,FALSE
ɑ,TRUE,sån,9.644493191591968,0.07464884165797514,n,708.1059303014861,1555.87368618351,2607.6606412828996,3111.72499363824,0.6832330124367986,1.501222091346853,2.516063994264292,3.002422590039804,-0.8270878528905765,-0.03988903156449641,0.47652723791006224,0.6532509572775576,LL,11,prenasal,short,FALSE
o,TRUE,ón,9.785255893089994,0.11243291377069299,n,533.109793799023,1130.94338723428,2340.3814235275404,4267.320566738711,0.5143837874960142,1.0912178874516232,2.2581732221435242,4.1174267310613395,-1.1109541593917518,-0.35887413509484656,0.36838764211356523,0.9690598528638281,LL,11,prenasal,short,FALSE
æ,TRUE,däl,0.7838400402639635,0.06484335623776857,l,440.923501294813,1662.5812073727,2531.5621759667397,3531.7911868073406,0.42543562926463957,1.604181405810881,2.442638562454054,3.4077335446586803,-1.3008101605142457,0.02644506341465025,0.4469102975650898,0.7798788851308247,LL,12,prelateral,short,FALSE
ɑ,TRUE,dågg',1.0970334508923858,0.12838984535078188,dzː,694.0725621447889,1321.1541342798594,2338.12052898675,3731.3973829107904,0.6696925801511198,1.274747294762862,2.255991743749114,3.600328376630707,-0.8471050430166152,-0.20342057674673786,0.3674211384165549,0.8348565215060306,LL,12,elsewhere,short,FALSE
ɑ,TRUE,leziån,1.6764926669456812,0.09985876860616356,ŋ,594.976283592019,1892.76408701026,2614.01764255272,3530.38362005162,0.5740771559333642,1.8262788852080494,2.522197699606648,3.4063754200708694,-1.001160009220368,0.1561119651087246,0.47896208895407355,0.7794802637959366,LL,12,prenasal,short,FALSE
iː,TRUE,brîSa,10.136717223250647,0.05808116120371488,z,352.480840260367,2251.12940725149,2739.92056118111,4135.83853519638,0.32079275143133407,2.0487524821115555,2.4936012263115397,3.7640259317396,-1.572278327850639,0.2819127332833027,0.47840961193772635,0.8901707817927722,RM,12,elsewhere,long,FALSE
o,TRUE,vójja,10.39895187226113,0.07036756068911387,jː,397.4941586792169,1030.0170667831603,2949.0317911781303,3904.33864751533,0.3617593646973807,0.9374183533792343,2.6839133203714147,3.5533379242144463,-1.4520943559146504,-0.49994394397564346,0.5519575943276314,0.832569092744837,RM,12,elsewhere,short,FALSE
æ,TRUE,fenalmänt,101.2997456857587,0.154492087733928,n,1045.8109466952599,1488.0523074993198,2881.6247611445096,4173.9310889156495,0.9517923607409847,1.3542761463115087,2.6225661940586,3.7986939582559462,-0.4847267057619593,-0.13205122708992167,0.5288349724761536,0.89933898314308,RM,12,prenasal,short,FALSE
e,TRUE,deléNna,102.50199239972427,0.07744154827162222,ŋ,414.40751313689395,2428.8795311405706,2870.14108032548,3056.0953552202905,0.3771522056484061,2.2105228389556864,2.612114898141992,2.7813518513898936,-1.410424773816917,0.35791073694558584,0.5248418696988999,0.5876187576696221,RM,12,prenasal,short,FALSE
e,TRUE,capéss,103.16811813448297,0.06999524555320139,sː,374.56561979280895,2368.5268409605796,2793.1868426268293,4081.41014955581,0.34089210544369186,2.1555958661170465,2.542078859793309,3.7144906674321647,-1.5115075874058714,0.3327488600174302,0.49766386570471166,0.8769232378203746,RM,12,elsewhere,short,FALSE
oː,TRUE,incôsa,103.67172850563715,0.16471591643136213,s,447.16533641087693,977.1801576871401,2756.1617900802103,3965.8741224701607,0.40696509491410376,0.8893314915982666,2.508382365908574,3.6093413492710043,-1.3343461884158367,-0.5526035608500939,0.4843197403295756,0.8482069746562395,RM,12,elsewhere,long,FALSE
ɛː,TRUE,spurtèl,105.96252860797381,0.10573749860162708,l,647.5782144259949,1786.98061866907,2740.71756147451,4326.076232411781,0.5893608203477251,1.6263307503292255,2.49432657613998,3.937161226896667,-0.9640350139955096,0.05100807460978363,0.4787004540919355,0.9351416335200344,RM,12,prelateral,long,FALSE
e,TRUE,é,107.08348115066818,0.04283995077942394,i,433.579277875035,2195.45081172642,2953.6645297279792,2972.05587539107,0.39460042540298784,1.998079402005624,2.688129574920088,2.704867535410166,-1.3651999366496312,0.25686809086354945,0.5535272971377463,0.5597346115091311,RM,12,elsewhere,short,FALSE
ɛː,TRUE,ingalunè,107.74862492595084,0.20351304360259806,NA,424.1324056267031,1831.1546956043799,2751.1294168405307,3031.17416848086,0.38600282861241,1.66653357006703,2.5038024038981743,2.758671083671652,-1.3872289108494567,0.07542743330066681,0.48249220862615694,0.579430743034802,RM,12,elsewhere,long,FALSE
uː,TRUE,figûra,108.9781925555101,0.20253943394115484,r,308.22954749166195,687.85137183267,2059.67993811428,4117.88876696306,0.28051965757698266,0.626013413900814,1.8745143535391542,3.747689850791575,-1.7064298053032818,-0.9037018094717668,0.19303128511060663,0.8858212810462032,RM,12,prerhotic,long,FALSE
e,TRUE,é,109.77630668585384,0.06468856888666608,s,398.71465350237196,2016.21137571381,2886.00900717379,3723.4803699508298,0.36287013682371355,1.8349536224568317,2.626556295607512,3.388738837250764,-1.4490285878386686,0.17170087800493228,0.5303552655633474,0.785139498447581,RM,12,elsewhere,short,FALSE
e,TRUE,riuséss,111.3556474641158,0.10275897751425589,sː,424.0363487560629,1804.0311995092998,2660.2972879891,3820.13087967513,0.3859154072711428,1.641848480987151,2.4211360992244444,3.4767004493451883,-1.387455414998671,0.060504400346795606,0.44891856317827195,0.8107653679543247,RM,12,elsewhere,short,FALSE
iː,TRUE,brîSa,111.66284965353911,0.09680193533952772,z,367.0204312460999,2285.3890455646597,2714.02261068516,4272.766610724,0.33402523065929485,2.07993217298328,2.4700315060683304,3.888644149468133,-1.5318570772791391,0.2970169547221584,0.46891257673506104,0.9227422198621973,RM,12,elsewhere,long,FALSE
iː,TRUE,avrîr,112.134444199462,0.19062534959167013,r,340.658333803106,2453.58197194978,3070.11822507123,4273.42773970625,0.31003309036028687,2.2330045260408693,2.794114062802927,3.889245842839921,-1.6063945734186102,0.3680296704272257,0.5921967548805114,0.9228969387830315,RM,12,prerhotic,long,FALSE
ɛː,TRUE,guardèr,13.023459953929484,0.12844872189282877,r,526.136173809756,2123.82705144807,2454.02661543331,2705.7577767482303,0.4788364402993167,1.9328946302302896,2.2334091959979148,2.4625096821394257,-1.1717145299519363,0.22370035842021796,0.36821087619244963,0.46586269657292156,RM,12,prerhotic,long,FALSE
o,TRUE,stóppid,14.183565994242965,0.058904173323430335,pː,521.6949774891511,1248.1409999928999,2951.8179430117,3929.4070492166397,0.4747945083001727,1.1359329070658695,2.686448996670688,3.576152672243896,-1.1801915119736002,-0.3078640714433689,0.5529019166425924,0.8389692206637047,RM,12,elsewhere,short,FALSE
ɑ,TRUE,televiSiån,15.178444514498716,0.06137402681167536,ŋ,945.184921140805,1646.27061090143,2563.48701779787,4185.11383262401,0.8602126323808021,1.4982705967266552,2.3330290891568466,3.808871371360461,-0.5858940026573789,-0.031006821865568135,0.411849132207565,0.9020145879483259,RM,12,prenasal,short,FALSE
ɑ,TRUE,dånca,16.256282562568384,0.08663074640821837,n,1025.35882736516,1616.0430465482698,2550.5070018616498,3265.8049313135,0.9331788904948903,1.470760495664835,2.321215978910267,2.9722085001278695,-0.5044766889658474,-0.04953871831266188,0.40677284789458046,0.6539869498990054,RM,12,prenasal,short,FALSE
iː,TRUE,dezîd,16.902698719010562,0.13291650352388373,d,298.160011008706,2722.6013339484107,3611.4794047646797,NA,0.27135537417474287,2.47783900061854,3.286806778309658,NA,-1.7396443026612936,0.4720684802776862,0.7545981800384034,NA,RM,12,elsewhere,long,FALSE
ɛː,TRUE,fèr,17.31582396332967,0.11958489952857218,r,634.5412418828598,1851.25717304631,2797.3037443452104,4493.9546608316305,0.5774958739030961,1.6848288312914974,2.5458256513313575,4.089947355410748,-0.9843723106849813,0.08634564552435009,0.499136689028008,0.9732137691174323,RM,12,prerhotic,long,FALSE
ɛː,TRUE,quèl,17.56729897698216,0.06366588824253229,l,551.3791922493522,1649.8290923952,2631.00836087109,3979.3831780809205,0.5018101069919187,1.5015091701153838,2.3944802517471238,3.6216359384333923,-1.1248518330948478,-0.02884761359117416,0.43784786411094245,0.8516075111316663,RM,12,prelateral,long,FALSE
ɛː,TRUE,èter,17.707917207698735,0.1299999438709279,t,542.7202030372611,1956.2256560311503,2607.8837277741104,3012.7016225495504,0.49392956241562597,1.780360629404004,2.3734345271864905,2.7418592228315872,-1.140680687480505,0.1414976152552665,0.42901974438955826,0.5733179094520047,RM,12,elsewhere,long,FALSE
æ,TRUE,amänt,19.56438346428744,0.14270790837633743,n,1080.1528792968597,1544.7166070182502,2897.5439974853903,4222.513627568751,0.9830469476303004,1.4058463154508576,2.637054288284387,3.8429089182365663,-0.4524167297496229,-0.0946788481253309,0.5343441649810741,0.910911281292055,RM,12,prenasal,short,FALSE
ɑ,TRUE,leziån,2.673736878256981,0.13064079631047276,ŋ,1016.17273389051,1637.54212312818,2839.71360562427,3212.8399098512505,0.9248186284208959,1.4903268015219362,2.584422858707172,2.924005043304673,-0.5134759673949354,-0.036322903528144934,0.5141838882257614,0.6376359373657188,RM,12,prenasal,short,FALSE
a,TRUE,ch'l'à,20.41134706262761,0.06324201417376685,a,881.2796300549761,1657.0338348436198,2802.27251051999,4244.97956032109,0.802052438075488,1.508066204964925,2.550347724563052,3.863355159728077,-0.6558996184357726,-0.024490158198013035,0.5009113831308252,0.916217688978497,RM,12,elsewhere,short,FALSE
iː,TRUE,finîr,21.052668549479318,0.04244392549502152,r,408.831304099378,2431.3961869825207,2882.69000841325,4423.893858990719,0.37207729877295814,2.212813246999847,2.6235356754126546,4.026185031837558,-1.4239719832111417,0.3589463391265424,0.5292045731393555,0.9575009560692127,RM,12,prerhotic,long,FALSE
a,TRUE,rumànZZâl,21.7243816784109,0.14408595760152212,n,1101.3477507680502,1500.0138514872904,2924.27316186689,4072.4508460332604,1.0023363964708512,1.3651623454150787,2.6613804961403034,3.7063368068541425,-0.4329846579762773,-0.12404497338191245,0.5435266423629086,0.8747256759210558,RM,12,prenasal,short,FALSE
aː,TRUE,rumànZZâl,22.189030968040615,0.24684493511578515,l,1085.5134251914599,1482.13048754877,2721.4984849117295,4110.37006331463,0.9879255795168804,1.3488866990042037,2.4768352979020207,3.740847079908496,-0.4474662377636447,-0.13603874449590592,0.47166332640892517,0.8839937484184279,RM,12,prelateral,long,FALSE
aː,TRUE,câta,23.686349508204433,0.09829119588320626,t,1125.27411874478,1615.0648922425898,2677.21420354102,4210.817265141851,1.0241117798061385,1.469870277601318,2.4365321811267213,3.832264060825617,-0.41149264868999236,-0.05014417894975054,0.4552574618296399,0.9081374378190024,RM,12,elsewhere,long,FALSE
o,TRUE,pió,24.112390544171053,0.06589977905806066,a,373.956043636822,1164.5322788245298,2644.24616093644,4081.12394597869,0.3403373302901217,1.0598406244684813,2.4065279712848002,3.714230193606393,-1.513136334629972,-0.3771997867721044,0.4428667035991918,0.8768531116625216,RM,12,elsewhere,short,FALSE
iː,TRUE,lîber,24.450004374343873,0.17059188602594236,b,286.377621147939,2612.9615577893605,3515.67958550389,4185.21934307078,0.26063222321118934,2.378055859400433,3.1996193794581558,3.8089673963997206,-1.7799633011708487,0.43096495875185337,0.7277135294952402,0.902039798521086,RM,12,elsewhere,long,FALSE
o,TRUE,inciónni,25.359715146086085,0.08042006935898983,nː,470.02396141179696,1285.3379248575998,2833.7047996621395,3544.4684245947597,0.4277687255527667,1.1697858219174044,2.578954245445853,3.225820096908932,-1.2844909196226304,-0.2784976554545091,0.5120656562253583,0.7358688822190427,RM,12,prenasal,short,FALSE
ɛː,TRUE,pèrt,25.734486480016805,0.17506721848120324,r,615.1169714635811,2189.1100051523,2753.00794215601,4379.222588075221,0.5598178487720169,1.9923086350450614,2.505512049461153,3.9855297159448364,-1.015462147531414,0.25397575511575887,0.48317479529356433,0.9473519015555798,RM,12,prerhotic,long,FALSE
eː,TRUE,zêrt,27.041814514139567,0.08488785099004656,r,425.78524038186305,1875.2728737495001,2562.9739534840005,2764.44386488064,0.38750707323568495,1.706685516325603,2.332562149414006,2.515919880744352,-1.3833395061606089,0.09923486572762208,0.4116489690468752,0.48732016511315024,RM,12,prerhotic,long,FALSE
æ,TRUE,mumänt,27.416128291911537,0.11504537699966375,n,1053.8448148834398,1538.35351362182,2967.3848332534703,4153.468583336189,0.9591039827821124,1.4000552652571858,2.700616420772941,3.7800710354861145,-0.47707411094912633,-0.09880661829093285,0.5581617216261465,0.8944244725948387,RM,12,prenasal,short,FALSE
a,TRUE,cà,29.057278162540666,0.2441931674752169,b,1018.6787390631803,1438.9129072831001,2757.3265562738807,4130.747084244629,0.9270993432927972,1.3095543867191222,2.509442419418903,3.7593922031137166,-0.511012882031773,-0.16563141278198756,0.48474225549160277,0.8889389669105601,RM,12,elsewhere,short,FALSE
uː,TRUE,bûra,29.44202727211378,0.24684493511578515,r,352.58644424840594,1264.1268796846302,2589.4148035394805,4046.833753171411,0.3208888616024858,1.1504816533936768,2.3566259624519437,3.683022695094892,-1.5719787706561732,-0.29513764558798616,0.4219125898304723,0.8684154702490989,RM,12,prerhotic,long,FALSE
o,TRUE,nómmer,3.3337851515871333,0.08823868721333471,mː,502.4265351149999,1161.34726688106,3111.65857935935,3840.0494821568896,0.4572583022458685,1.0569419456525417,2.831919932017478,3.4948283660003763,-1.2178251642854097,-0.3799385476337305,0.6056365735223714,0.8159659367226677,RM,12,prenasal,short,FALSE
ɔː,TRUE,ciòc,32.785850247540814,0.2587167060725548,k,623.3240523059359,1044.28480473368,2894.9211930500605,3623.8994802043603,0.6014291813655263,1.0076032729684778,2.7932342363699774,3.4966064435782873,-0.954615022741466,-0.4385940217543034,0.5810316134298361,0.8056243750653573,LL,12,elsewhere,long,FALSE
ɛː,TRUE,suzès,34.62793535099031,0.58403425226539,s,693.027299506894,1831.55994662769,2783.8537836500304,3286.3499975657,0.6686840333923425,1.7672246005060641,2.6860681790604097,3.170913718802627,-0.8486121628205234,0.12324175811229932,0.5419099453720495,0.7078512501992327,LL,12,elsewhere,long,FALSE
a,TRUE,và,36.50553166798576,0.08753566351945352,s,901.3451050888199,1427.25036250321,2868.2661050796496,4131.5257161379905,0.8203140234147898,1.2989403067428358,2.6104084834967836,3.760100835864476,-0.6333863859653714,-0.1737695459229167,0.5241883868588104,0.8891274457745428,RM,12,elsewhere,short,FALSE
o,TRUE,sóbbit,36.72871378868157,0.08712174180556788,bː,413.36784094104,1045.8184534827503,2869.8167956105603,3452.1534562316106,0.3762060001637384,0.9517991926669744,2.6118197666793304,3.141804260253424,-1.4129367421605625,-0.4847195278293013,0.5247288776796992,0.709478910757344,RM,12,elsewhere,short,FALSE
ɛː,TRUE,matarèl,38.74853385023871,0.13850123056270294,l,614.05580849987,1432.1847802849097,2331.8999775898706,3129.8545537999503,0.5588520845432592,1.3034311195079606,2.12226176413207,2.8484800851919387,-1.01718877741558,-0.17031821904653288,0.3171640605396009,0.611467219265549,RM,12,prelateral,long,FALSE
ɔː,TRUE,pò,39.609298126927136,0.048456863141503,l,563.3947354006951,1133.6811555167399,2704.87709113089,3398.4784837077195,0.5127454507246846,1.0317630225104775,2.461708170312219,3.0929546770924743,-1.1032940836925391,-0.404049317976523,0.4655371578342624,0.6938085108978154,RM,12,prelateral,long,FALSE
a,TRUE,và,39.820985426268344,0.06973111502898632,i,911.22221597925,1588.4389654521003,2604.4847969785606,2907.4496886252996,0.829303180318731,1.445638026259029,2.370341160860469,2.6460694560684095,-0.6224878019054536,-0.06676756453903643,0.4277155652007023,0.5377569854904882,RM,12,elsewhere,short,FALSE
ɑ,TRUE,dågg',4.030032808993686,0.16853536838131603,dzː,1021.0572029459098,1333.54118163697,2735.65985491714,2806.2083888428997,0.9292639828589002,1.2136555975306915,2.4897235582815553,2.5539297667403584,-0.5086807517675078,-0.24168136924178807,0.4768533542261695,0.5023149285969337,RM,12,elsewhere,short,FALSE
a,TRUE,casàtt,40.41155303180419,0.055847270388184704,tː,976.5037870446981,1518.0887788612201,2844.7813287436497,4345.331299075191,0.888715926794188,1.3816123336752106,2.5890349926369405,3.9546852597189512,-0.5532959662632502,-0.11206715441069015,0.5159668872504595,0.9395826883870182,RM,12,elsewhere,short,FALSE
e,TRUE,cumudéNna,41.016533458334685,0.07371839691241178,ŋ,449.6731507485949,2222.1370722469605,3139.7243081537194,4449.112094411742,0.4092474563068003,2.0223665630651415,2.857462546913144,4.049136143509266,-1.3287536075665063,0.2689500622224692,0.6146156803421743,0.9631852311515434,RM,12,prenasal,short,FALSE
ɛː,TRUE,tirèr,41.8077135713517,0.0625489428347663,r,488.13179768168993,1765.45124398702,2187.6822848967995,3430.1436481621095,0.4442486641933925,1.6067368701746352,1.9910092670887836,3.1217731377564526,-1.2466891481489997,0.03888700425251024,0.2533233502440968,0.7030828244592513,RM,12,prerhotic,long,FALSE
ɔː,TRUE,fòra,42.06927905287357,0.11347809207252622,r,537.3191477711,1004.3405412559299,3055.8278941407298,3975.66374245273,0.4890140629570322,0.9140501519615549,2.781108435107892,3.618250880714914,-1.150682360634173,-0.5251881674949699,0.5875312365837644,0.8506723976279051,RM,12,prerhotic,long,FALSE
a,TRUE,sà,45.023686967707775,0.06922707710328524,m,917.353238225516,1396.0233116990898,2630.6423748494103,4234.588026257061,0.8348830225989909,1.2705205732357885,2.394147167932431,3.853897826383292,-0.6157819859577245,-0.19589161264669652,0.4377087495856147,0.9137667292662393,RM,12,prenasal,short,FALSE
aː,TRUE,mâi,45.22834619824688,0.20163722976838727,i,1034.12860232408,1498.98407492104,2855.5915874402904,4404.848064033091,0.9411602611601085,1.3642251459411927,2.598873407197057,4.008851457158317,-0.4959601737988537,-0.12473172051011439,0.5197597168827963,0.95318645131454,RM,12,elsewhere,long,FALSE
e,TRUE,é,46.01551990828961,0.08544677381303958,u,514.0017683915529,2168.6800671332,2956.7150351744103,4273.75280120028,0.4677929200381494,1.973715352006251,2.6909058393964607,3.8895416812491166,-1.195047888854699,0.2445994027185563,0.5545595508817929,0.9229730016420366,RM,12,elsewhere,short,FALSE
ɛː,TRUE,lèder,46.348569464108586,0.17627463344974362,d,570.4593483248999,2168.77774793583,3062.83000242161,4567.737017347698,0.5191749537186032,1.97380425128774,2.7874810526367892,4.157096665246692,-1.0908326842139404,0.24464444329615365,0.5898200101860667,0.98949858429099,RM,12,elsewhere,long,FALSE
e,TRUE,vén,47.12288412997501,0.05137948875712795,n,379.27592752211297,2276.0441575511804,2898.46294708763,4241.394952455571,0.3451789556890997,2.071427392027109,2.6378906241575977,3.8600928087329627,-1.4990106136098236,0.29291960168810505,0.5346612624651614,0.915372897584172,RM,12,prenasal,short,FALSE
ɛː,TRUE,rubèr,47.67767580102359,0.1876468285043131,r,582.093620525236,2094.46823598436,2938.4379713052604,4506.3541342754015,0.5297633028251534,1.9061751773816993,2.6742718867471766,4.101232114035895,-1.0706432999505875,0.2097803800769098,0.5483588221100995,0.9759691148662739,RM,12,prerhotic,long,FALSE
e,TRUE,prémma,48.39264721757013,0.09158952343662466,mː,487.064142365613,1846.9522299752998,2770.40212063881,4581.64909304347,0.44327699127587555,1.6809109033511176,2.5213424882738367,4.169758042918372,-1.2488787711751028,0.08401752153442654,0.4894731637965224,0.9925396815296033,RM,12,prenasal,short,FALSE
o,TRUE,ónna,48.698323122376564,0.11538850860283388,nː,413.34152991992397,1197.1238280752898,2934.0740578036,3877.839032833211,0.3761820545079957,1.0895021877745557,2.6703002898281163,3.529220629500022,-1.4130003945686571,-0.3495974458624582,0.5468726048717887,0.8257587324077313,RM,12,prenasal,short,FALSE
oː,TRUE,Smôrza,49.59751863850731,0.06031505201924149,r,378.24167720715894,898.3379124447298,2973.1307926097,3352.9211743939604,0.34423768465729626,0.8175771779122962,2.7058458173839344,3.0514929778075603,-1.5017412457460058,-0.6367283027513695,0.5600962207538425,0.680312642456613,RM,12,prerhotic,long,FALSE
uː,TRUE,lûS,50.077805163845696,0.21668740910617146,z,348.86585982368103,897.2583740221002,2836.9927145638003,3741.40541336066,0.3175027583644816,0.8165946901815719,2.5819465762261493,3.4050524161412308,-1.5825871022417077,-0.6379307317838148,0.5132252720439956,0.7899420040403431,RM,12,elsewhere,long,FALSE
ɔː,TRUE,pò,51.004924298639644,0.15924071302943338,NA,794.499598622255,1110.6257748032801,3116.78379203466,4087.77185292368,0.7230739465579438,1.0107803245320444,2.8365843871821017,3.7202804525610853,-0.7595621139731943,-0.4245956982176011,0.607282318486039,0.8784807266000207,RM,12,elsewhere,long,FALSE
e,TRUE,aprufétta,52.02341153357543,0.13626733974717814,tː,379.87565501886803,2126.12979251373,2877.0935536265206,4410.51155706001,0.34572476757961546,1.9349903544737443,2.618442342884368,4.014005801177344,-1.4974306192178997,0.22478401238450552,0.5272612860391943,0.9544713662923865,RM,12,elsewhere,short,FALSE
oː,TRUE,pôvra,52.68260946760122,0.13850123056271008,v,378.1805044475289,773.62721556132,3014.13048563847,3944.0994990668996,0.3441820113393937,0.704077994363492,2.743159630880361,3.5895242682978834,-1.5019029881201638,-0.7861844708291539,0.5737920766728735,0.8427013486080064,RM,12,elsewhere,long,FALSE
e,TRUE,vciarléNna,53.32333214718017,0.04914559794160311,ŋ,421.60199651915303,2007.98145227322,2884.8168708380003,4373.855722685791,0.38369990372361806,1.8274635705645759,2.6254713325355996,3.9806453326871107,-1.3932128619617599,0.16761064909879408,0.5299421058604041,0.9461256207269546,RM,12,prenasal,short,FALSE
iː,TRUE,lî,54.402892544131255,0.1667853379214677,NA,297.33101340721487,2760.74915990186,3558.49072918837,4407.716169306101,0.27060090360177247,2.512557330385602,3.2385817938813686,4.011461719268575,-1.7424285533150803,0.48598276187206224,0.7398171867232026,0.953837364101858,RM,12,elsewhere,long,FALSE
a,TRUE,và,55.31994770512237,0.10187067074512157,n,1013.2824395442201,1704.0833881083697,2985.14687997848,4031.6494162724807,0.922188172038904,1.550885995210163,2.7167816564088945,3.6692034327234393,-0.516324314417548,0.0035080481207776515,0.5641296358846297,0.8646562608871218,RM,12,prenasal,short,FALSE
ɛː,TRUE,naSèr,55.67921720002755,0.1474367938248378,r,502.513061898714,2070.19692615313,2783.6963968975606,3085.0501436845007,0.45733705025668137,1.88408586252461,2.533441606785307,2.8077035993364916,-1.2176529613307547,0.19812442038738975,0.4942603679146593,0.5970485954835869,RM,12,prerhotic,long,FALSE
o,TRUE,tótta,56.16547685620972,0.08722792622937449,tː,613.6116663242489,1102.5716953173599,3051.0248174558697,3875.8051250615704,0.5584478708264542,1.0034503081923574,2.776737155852163,3.527369570390709,-1.0179123319677785,-0.43187395978146803,0.5859582241329733,0.825234099660376,RM,12,elsewhere,short,FALSE
a,TRUE,cà,56.65712516768437,0.16388277049155417,NA,935.850984749296,1686.7889417716501,2022.22317056475,2996.0256986936597,0.8517178184938815,1.5351463226062856,1.840424955905337,2.726682467429963,-0.5958183352788753,-0.00669262864714959,0.17467816993470997,0.5677673275139945,RM,12,elsewhere,short,FALSE
e,TRUE,finéss,57.6939924148762,0.07483534232017774,sː,373.18328249476707,2174.26024468036,3028.3597287463404,3489.7293444016696,0.3396340405091058,1.978793870621636,2.7561096625586425,3.176002069543272,-1.515204921814676,0.2471691735269692,0.5785018135215285,0.7203048656873694,RM,12,elsewhere,short,FALSE
iː,TRUE,gîr,58.17610001193933,0.15991786475385794,r,372.71921230529097,1683.6712450283396,2864.7076852497694,3360.8105920859107,0.3392116903103564,1.532308907342306,2.6071699662283505,3.0586731354771866,-1.5164492406166348,-0.008542641677848017,0.5229469996077976,0.6826628767518947,RM,12,prerhotic,long,FALSE
æ,TRUE,sänza,58.616661620941166,0.07930312395123454,n,985.9218443434579,1576.9673240258599,3113.62179055917,4465.505163399371,0.8972872991041706,1.435197687391705,2.8337066501890695,4.064055472744468,-0.5436975086652147,-0.07401572834477577,0.6062672957222563,0.9668630306557837,RM,12,prenasal,short,FALSE
uː,TRUE,dscrûver,59.24382579847899,0.11766385580033045,v,336.91376062394306,886.3142408969999,2884.6693145509203,3607.62536786672,0.3066251549610398,0.806634436527392,2.6253370415843853,3.283299219998968,-1.617447600343933,-0.6502030333325601,0.5298909552787503,0.7535304472971571,RM,12,elsewhere,long,FALSE
i,TRUE,gnínta,59.739820680443344,0.1295202540981677,n,322.62939571528295,2767.11906244806,3281.46489938536,4350.775494947829,0.293624956941444,2.5183545775852956,2.9864606343471025,3.9596400214359986,-1.6607703119645167,0.4882874135422597,0.6587706225869283,0.9408347881398953,RM,12,prenasal,short,FALSE
ɔː,TRUE,pòra,6.348173384890509,0.26973485501697686,r,507.499809769045,760.9781774372201,2739.4391809438803,3361.52336496991,0.4896733793656793,0.7342480698441983,2.6432136829962594,3.2434465476757435,-1.1601852183858234,-0.7550768731784547,0.5258269454826054,0.730467978179635,LL,12,prerhotic,long,FALSE
æ,TRUE,mumänt,61.55779907461969,0.1572745942620557,n,1014.7958409352201,1673.7617536003302,3289.310116568121,4473.856538669192,0.9235655183817018,1.5232902809167441,2.9936005651410014,4.071656057925389,-0.5148318654460464,-0.014445675458354401,0.6611585360040166,0.9687314812180912,RM,12,prenasal,short,FALSE
e,TRUE,sént,62.80168221420658,0.11013739172380355,n,337.61905505691,2275.4624284594597,2959.7973344405705,4104.206636567522,0.3072670433018459,2.070897960481885,2.6937110394226407,3.735237746297654,-1.615356390921348,0.29266398123193493,0.5556014821252191,0.8824931408694656,RM,12,prenasal,short,FALSE
e,TRUE,gnécc,63.701593373002176,0.12687698360636546,kː,415.1653355922819,1951.09919939036,2647.431113474671,3097.786349419799,0.37784189973328397,1.7756950421066127,2.409426596036042,2.819294817961606,-1.40859775484601,0.1388735899837572,0.44407046292073105,0.6011684598093208,RM,12,elsewhere,short,FALSE
e,TRUE,deléNna,65.19004116044208,0.04467781631055345,ŋ,390.7110733875899,2206.22161965242,3131.54679597043,4381.33868542942,0.35558607995291874,2.0078819124262406,2.850020194497044,3.9874555757789447,-1.4693062506645687,0.26176206223079745,0.612007750727166,0.947834997861694,RM,12,prenasal,short,FALSE
e,TRUE,vén,66.2376591473757,0.08828942841363131,ŋː,350.96322616966,2443.64939484066,3163.0536663758903,4154.00032240851,0.31941157111126545,2.223964889340943,2.878694591774616,3.780554971123375,-1.5765931455246083,0.36397325978014994,0.6220185953297808,0.8945524872956057,RM,12,prenasal,short,FALSE
ɛː,TRUE,quèSi,68.58580791119984,0.1364499606223007,z,602.8169228096099,2069.264281365099,3000.52082188391,4168.934671555161,0.5486235766307791,1.883237062665192,2.730773478263794,3.7941467196849463,-1.0356610547239429,0.19767380869806317,0.569266565122442,0.8981412129520496,RM,12,elsewhere,long,FALSE
e,TRUE,mé,70.8195365611214,0.10176591393427262,NA,391.044356156038,2262.3602493447097,2823.5170344214703,3049.9297925870405,0.35588940054253193,2.058973669547768,2.569682362071776,2.7757405739094456,-1.4684535983489093,0.2868893106664743,0.5084639674273701,0.5855992557581615,RM,12,elsewhere,short,FALSE
o,TRUE,brótt,71.71545179749684,0.08194138524577,tː,549.2097403489742,1291.32593188813,2988.71600494847,3818.2583312825104,0.4998356891946106,1.1752355060746908,2.7200299164234805,3.474996243378665,-1.1287941854953631,-0.27384977110228803,0.5653245496157986,0.8102750686573348,RM,12,elsewhere,short,FALSE
e,TRUE,vén,73.06062184810297,0.11179203880152501,ŋː,436.5887855962989,2329.96009326672,3051.56805937912,4454.387453823009,0.3973393778568147,2.120496275746879,2.777231560232054,4.053937247192176,-1.3582828367305062,0.31633182430529416,0.586136260562947,0.9643702393609583,RM,12,prenasal,short,FALSE
ɔː,TRUE,pròpi,73.57632698219679,0.13893654735268515,p,539.6896236166372,1007.7417729923501,2949.64049063287,3685.4780108244404,0.4911714326118755,0.9171456123734623,2.684467297639332,3.354152896817715,-1.146280391520638,-0.5218073565291617,0.5521639795708921,0.774880919454839,RM,12,elsewhere,long,FALSE
e,TRUE,cuSéNna,74.37849173674348,0.12058643732497389,ŋ,401.83336265060797,2260.8015963469306,2926.3411390166602,4477.195859166441,0.3657084734772397,2.0575551397255087,2.6632625617847276,4.0746951729292915,-1.4412371128425328,0.2862001232738285,0.5442335688938815,0.9694776103889975,RM,12,prenasal,short,FALSE
uː,TRUE,vût,75.39668322298576,0.10534249843077248,t,384.53097323837693,1165.2661584762802,2972.62070503436,4058.3563210943803,0.34996157188172033,1.0605085282119318,2.7053815867703115,3.6935093821580343,-1.48525025446693,-0.3765697926367544,0.5599246402305749,0.8712587288475717,RM,12,elsewhere,long,FALSE
a,TRUE,vàdder,75.70996327754474,0.11879088912398571,dː,1068.85245910093,1472.7104233227801,2801.75899890633,3821.3885395461703,0.9727624371749101,1.340313500190098,2.5498803777327494,3.477845045375139,-0.462933710933914,-0.1424147873514494,0.5007281180602288,0.811094532826754,RM,12,elsewhere,short,FALSE
oː,TRUE,prôva,77.44152690959199,0.08679952646716062,v,406.28839431183394,1003.1294397436701,2843.1027105583703,3142.0930331861505,0.3697629970174773,0.9129479286858345,2.5875072825183967,2.859618323153284,-1.4302113565009087,-0.5263947625331591,0.515376643770665,0.6153698331664259,RM,12,elsewhere,long,FALSE
æ,TRUE,dänter,78.01670957192582,0.11465094829303268,n,1082.2801367136499,1564.8194155715798,2780.9072897463298,3818.4421153358403,0.9849829642354321,1.424141878019752,2.530903240851944,3.475163505213644,-0.45044926246879147,-0.08174888784918544,0.4932579219034583,0.8103232004531673,RM,12,prenasal,short,FALSE
e,TRUE,Zardén,78.81483962305829,0.07338731371096684,ŋː,409.754498544886,1625.5005437311002,2336.48245671996,3063.2298827372197,0.3729174978772893,1.4793677622064525,2.1264322775915594,2.7878449836424943,-1.4217163984357049,-0.04370352050970361,0.31912725899918204,0.5899505607597373,RM,12,prenasal,short,FALSE
e,TRUE,l'é,8.18441731414186,0.07930312395122564,s,424.982477195129,2444.1619782225603,3162.3193773727508,4653.07190852462,0.3867764785990233,2.224431391387682,2.8780263154805374,4.234759934868714,-1.385226656809115,0.3641829992093779,0.621786422776049,1.008008311199168,RM,12,elsewhere,short,FALSE
e,TRUE,métt,80.06806282022337,0.08843585823545651,tː,396.7170389523149,2441.5905370435707,3119.3058470777,4055.3839021945905,0.3610521081690533,2.2220911232178078,2.8388797090382356,3.6908041842341817,-1.4540513164239721,0.3631303706088129,0.6080911763846562,0.8705260410979108,RM,12,elsewhere,short,FALSE
ɑ,TRUE,puSiziån,81.16043932360044,0.1520265341191447,n,1029.5026311625702,1653.22741528311,2780.2625474017696,4212.337469069751,0.9369501656103857,1.504601983184768,2.530316460956268,3.8336475981560647,-0.5004435125224287,-0.02678992909254596,0.4930260489823537,0.9084983961516873,RM,12,prenasal,short,FALSE
ɛː,TRUE,matarèl,81.9378567526488,0.17722200469852115,l,569.3856495934149,1750.2229419828,2634.86386780811,3441.4501985082607,0.5181977806897743,1.5928775951685026,2.397989147940107,3.1320632272604936,-1.0927166229091352,0.030223859467756853,0.43931220181551645,0.706373636111417,RM,12,prelateral,long,FALSE
ɛː,TRUE,dèr,82.91446419414311,0.1346031738607394,r,593.297990791291,1797.0784468269796,2551.7533226475707,2863.50178472857,0.5399603982560659,1.6355207819799211,2.3223502552408224,2.6060724763736896,-1.05157780799264,0.05664294540405557,0.4072613846337676,0.5225259603475072,RM,12,prerhotic,long,FALSE
ɛː,TRUE,stanghè,83.96232246710373,0.06630143950849288,a,494.4236024881319,2294.2129680180797,2652.9846244210994,4173.5238144143805,0.4499748346537117,2.087962823273828,2.414480845382738,3.7983232978031585,-1.2338819500899971,0.3008705355996719,0.4461659638222555,0.8992414026215183,RM,12,elsewhere,long,FALSE
oː,TRUE,sô,84.23456097858649,0.059362916769231326,n,432.0181710085249,1242.14806839358,2827.9130892331405,3057.5303621071303,0.3931796623152234,1.1304787410593837,2.5736832107914878,2.7826578509080866,-1.368806944875197,-0.3126771216586839,0.5100196995525597,0.5880882031278638,RM,12,prenasal,long,FALSE
iː,TRUE,nemîg,84.51381016678381,0.1603569699740319,g,297.14465217240206,2662.9870801993197,3695.831296842761,4213.18898099161,0.27043129627437396,2.4235840786472624,3.3635754206227513,3.834422559008087,-1.7430555301678199,0.449929139451525,0.7776861921717568,0.9087005228507863,RM,12,elsewhere,long,FALSE
o,TRUE,córr,86.14282582065402,0.0680582783166983,rː,493.82288071221603,1146.5966077769,2808.8779843267,3943.5526062900003,0.4494281178699046,1.0435173733667011,2.556359365125974,3.5890265412767217,-1.2350976829261207,-0.3927212327906373,0.5032657940004288,0.8425626779946302,RM,12,prerhotic,short,FALSE
e,TRUE,cuSéNna,86.89475697890722,0.06504936213245568,ŋ,406.7281508783239,2236.36254117395,2992.2421865498,4236.053949201,0.3701632193921746,2.0353131598620595,2.723239093685716,3.8552319625996754,-1.429129566439002,0.2753313646485598,0.5665036857665573,0.9141128477689033,RM,12,prenasal,short,FALSE
aː,TRUE,varslâz,88.29221816324387,0.23530316590222358,θ,1053.06254962206,1527.72008864772,2865.56736852526,3829.3990617701,0.9583920433037515,1.3903777870372052,2.607952363827892,3.485135420258262,-0.4778166830341686,-0.10574282986672845,0.523247049177451,0.8131885721776122,RM,12,elsewhere,long,FALSE
ɛː,TRUE,pèr,89.30337120550908,0.1557191804187426,r,613.346660756101,2210.7900834507195,2875.6007180812803,4136.658343678991,0.5582066893049621,2.0120396705347052,2.6170837135142198,3.764772039297075,-1.018344303561956,0.26383063969194964,0.5267422820705345,0.8903689827706138,RM,12,prerhotic,long,FALSE
e,TRUE,deléNna,9.564676828854584,0.0717040795393409,ŋ,404.73275422437996,1748.23500815598,2572.572317570371,3215.2962497481694,0.36834720924438125,1.5910683769383773,2.341297618900041,2.9262405578177484,-1.4340476115680056,0.02908739644941516,0.4153869843449822,0.6384001837834958,RM,12,prenasal,short,FALSE
a,TRUE,à,9.979240836051854,0.06537178823153766,b,980.6806722970272,1752.9043935993998,2862.9285308304707,4302.926506538511,0.8925173093360528,1.5953179838185174,2.605550758100707,3.916092665404695,-0.5490277006190691,0.03175474994556371,0.522325746996982,0.9297760583516226,RM,12,elsewhere,short,FALSE
aː,TRUE,kamikâZe,90.10602534341163,0.1831790468732493,ð,1023.5451384980499,1468.2067324547602,2213.5827925553704,2725.8292454062,0.931528252572299,1.3362146919142182,2.0145813146052496,2.480776722275002,-0.5062470885268331,-0.1454775695721553,0.26509306017675716,0.47325337629074404,RM,12,elsewhere,long,FALSE
e,TRUE,é,94.15118318756979,0.0645122318877611,u,332.844542957525,2492.7229962463803,2951.62390518657,4107.932106500451,0.3029217606703912,2.2686267654473355,2.686272402879777,3.738628295835825,-1.6295990517421535,0.38385636997888106,0.5528361794573398,0.8834004490153848,RM,12,elsewhere,short,FALSE
o,TRUE,tótt,96.22111834186829,0.10789114643297638,tː,537.266749071103,1103.7054230682902,2998.3146127090104,4117.628149868271,0.48896637490927614,1.0044821136213458,2.7287656076773352,3.7474526632189233,-1.1507798841549866,-0.430846230452933,0.5685310192657766,0.8857579900354491,RM,12,elsewhere,short,FALSE
ɑ,TRUE,cåntr,98.56016905380936,0.0985770604463454,n,1081.1984762196196,1522.3506398748398,2637.1014660176997,2756.30389132357,0.983998545207895,1.3854910526426505,2.4000255856815795,2.508511692225447,-0.45144918969496306,-0.10926370187113754,0.44016106868100824,0.48437129665721645,RM,12,prenasal,short,FALSE
oː,TRUE,pôrta,99.11861060068937,0.1530419252347741,r,362.923385621811,714.30695434134,3081.12675959102,4062.9994692454,0.33029651014902683,0.6500906349418385,2.804132928155216,3.6977351104829235,-1.543082841658732,-0.8659618167577463,0.5957760453493695,0.8724021706020721,RM,12,prerhotic,long,FALSE
æ,TRUE,däl,0.7986719108441358,0.0678067439423239,l,485.9724563937211,1720.40260641084,2394.54945221603,3505.1035068050805,0.46890219546929274,1.6599717712881459,2.310438545501065,3.381983295687979,-1.2035296062549117,0.06063206144887179,0.3912688175255026,0.7722937757557515,LL,13,prelateral,short,FALSE
a,TRUE,tragg',1.1455724241223206,0.08798521270962902,dzː,730.0492472588601,1416.2392382299397,2277.9070300765507,3957.931216568261,0.7044055487849392,1.366492440834467,2.1978933032625907,3.818904986379975,-0.796569560596958,-0.13392134092753682,0.3413307766296301,0.8937951932187262,LL,13,elsewhere,short,FALSE
ɑ,TRUE,leziån,1.7512456132620267,0.08164485495096142,n,624.8840510273021,1900.6999223511298,2193.6044713889696,2866.93546071899,0.6029343835961344,1.833935966520497,2.116551954936751,2.7662315304363236,-0.9521154402929488,0.16029592304164098,0.3036197927229596,0.5713174000825063,LL,13,prenasal,short,FALSE
æ,TRUE,äl,10.029557290705176,0.07472579944664308,l,461.73516466746696,1649.54300980316,2454.13577129967,4003.3790658633,0.44551626247422865,1.5916011877658347,2.3679318364698365,3.862756435229447,-1.2546900643940848,0.018572010315046406,0.41584839580600885,0.9052124954911092,LL,13,prelateral,short,FALSE
iː,TRUE,fotografî,10.824376373329816,0.16682886737994093,e,263.4805168956849,2245.2878101287693,2897.49409039276,3636.7548243519996,0.2542255043682492,2.1664198655259903,2.7957167581607423,3.5090102311078786,-1.815702128889451,0.3269074379997896,0.5819199811956155,0.8091654767461689,LL,13,elsewhere,long,FALSE
iː,TRUE,dîS,100.9448755217329,0.15392959836221115,z,258.2294199386619,2421.9128169479804,2923.38089336531,3058.850834272511,0.24915885736104648,2.3368407451101794,2.820694261695789,2.9514056875713703,-1.8358331400982477,0.4026313726972388,0.5908145112135434,0.6361130255942209,LL,13,elsewhere,long,FALSE
æ,TRUE,bä,101.8546536754633,0.34848478597511706,NA,701.1094011310951,1620.19893156629,2717.7204755988796,4102.281198316039,0.6380795440599949,1.4745427658971069,2.473396932283319,3.733485405279776,-0.8846106555156066,-0.046970376803833425,0.4702741527250387,0.8820238930437085,RM,13,elsewhere,short,FALSE
ɑ,TRUE,insåmma,102.63159369752792,0.09439079144851806,mː,697.8985899387301,1282.8041701791099,2658.394392541041,3903.5720357648597,0.6351573853521216,1.1674798522250818,2.4194042744080426,3.552640230993642,-0.8892007891679192,-0.2804708760995078,0.44820301294766995,0.8323727247831556,RM,13,prenasal,short,FALSE
iː,TRUE,î,103.82751481716394,0.07841696520338814,ɲ,292.0147043971,2322.9394152746004,3012.09384325909,3569.472518277321,0.2657625316960706,2.1141067579270114,2.7413060830050204,3.248576318221701,-1.7604704362297392,0.3133140572947273,0.5731161501405158,0.7428985151186076,RM,13,prenasal,long,FALSE
o,TRUE,vgnó,104.04316147147331,0.059538806913678854,g,423.699514702821,1153.7126874202204,2801.7246725826,3851.4034812644,0.38560885465785627,1.0499937162127377,2.5498491373514915,3.5051616386138797,-1.3882500825018091,-0.38653414972449784,0.5007158662805358,0.8189183066867702,RM,13,elsewhere,short,FALSE
ɛː,TRUE,è,105.0271851078543,0.04332746867139293,a,431.500858690652,1828.4716027497202,2477.99718947369,3524.57750860181,0.3927088564646779,1.6640916877265426,2.255224811264044,3.2077173777223957,-1.3700050942198372,0.07396111236149938,0.3779313332425982,0.7302412575928621,RM,13,elsewhere,long,FALSE
e,TRUE,dirétt,105.41334251378349,0.06389530498053377,tː,494.7134999080689,2247.9778237364503,2977.6654886773,3410.11022824491,0.4502386702451888,2.0458842265025177,2.7099728434865606,3.1035407257732355,-1.2332957878127253,0.28051175132456496,0.5616202846710072,0.6972252999991895,RM,13,elsewhere,short,FALSE
e,TRUE,té,106.00273319838087,0.11472111576051704,d,379.4606866935151,2363.75190096595,2620.6684314103595,3564.8372353330906,0.34534710497886667,2.151250194058204,2.385069883742827,3.2443577480201435,-1.4985235956602683,0.3307308294340663,0.433910095953979,0.7415990807636259,RM,13,elsewhere,short,FALSE
ɔː,TRUE,stòria,106.89562658163572,0.10746028564909692,r,550.2422185095479,1196.24931583623,2728.5753250965404,3809.2865031908295,0.5007753473890207,1.088706294337848,2.4832759289236908,3.4668309841924545,-1.1269160161842589,-0.35032822391117424,0.47426029826980276,0.807922586325466,RM,13,prerhotic,long,FALSE
ɛː,TRUE,bèla,107.92095312959074,0.18128330250640093,l,563.6025539045789,2015.1817445100396,2458.00679265879,3475.68305565439,0.5129345863089335,1.8340165552773133,2.2370315545987483,3.163218544596752,-1.1029252833268037,0.17119007134556963,0.36983145885787394,0.716271706706765,RM,13,prelateral,long,FALSE
iː,TRUE,mî,108.92199788385044,0.058086640891389145,s,332.92917682116394,2575.98378896297,3114.19921241997,3835.77009708692,0.30299878593497287,2.344402398421256,2.8342321617241812,3.4909336983922996,-1.6293448096127916,0.41671219934556714,0.606452728753224,0.814850906472369,RM,13,elsewhere,long,FALSE
ɔː,TRUE,sòzer,109.17746037863299,0.15369214808299608,θ,490.765607279305,988.9360455039999,3065.71239401267,3667.4960672390603,0.44664569385021324,0.9000305230562684,2.7901043167226205,3.337787533087374,-1.2413079591910785,-0.5406449310426709,0.5907606553238942,0.7699898429346685,RM,13,elsewhere,long,FALSE
ɛː,TRUE,pèvel,11.91895006561482,0.22671860493209375,v,584.711041704232,1933.6290183116498,2621.80425394473,3564.6835171615803,0.5641724907720387,1.865708395569845,2.5297107986083365,3.4394704995298606,-1.0185637750666654,0.1774722822158452,0.48193645182833045,0.7891489994555494,LL,13,elsewhere,long,FALSE
eː,TRUE,êra,110.01101740759802,0.11907761382737189,r,366.38322281494004,2289.09188611799,3063.0895716566397,3946.07528964616,0.33344530737689454,2.083302127527013,2.7877172865524558,3.5913224349605164,-1.5335947522633582,0.2986358668642586,0.5899047547642624,0.8432021716375253,RM,13,prerhotic,long,FALSE
oː,TRUE,pô,110.53747632050518,0.20911190720903505,NA,424.846751213809,1129.5092348226099,3103.4969775406003,3695.3418968718406,0.38665295440702413,1.0279661582121664,2.824492059621379,3.363130017794314,-1.3855460762358343,-0.40773608285270324,0.6030102172114429,0.7775537639472212,RM,13,elsewhere,long,FALSE
eː,TRUE,êra,112.50160693638549,0.13359927405022634,r,475.20723179830696,1954.5120190758698,2418.7465072616296,3514.2391321343307,0.4324860190302586,1.7788010487089716,2.2013007756853997,3.198308423096987,-1.273523608391021,0.14062123989730502,0.3537301179964114,0.7273037229391264,RM,13,prerhotic,long,FALSE
e,TRUE,acsé,112.97715631102844,0.07406046713653326,b,491.5295329502119,1956.2648574516302,2474.5092340166498,3687.58051373061,0.4473409424704736,1.7803963066099664,2.25205042360908,3.356066384347035,-1.2397525695864058,0.14151765436863784,0.3765227713002304,0.7754512398873032,RM,13,elsewhere,short,FALSE
ɛː,TRUE,brèv,113.36880117242434,0.1931380809639052,v,675.5259172524329,1854.6175368335398,2483.3473015779205,3691.12961073486,0.6147960198304993,1.6878870977899527,2.2600939473598225,3.3592964169134834,-0.9217830705810455,0.08815917942459972,0.38008805273171653,0.7764132230030736,RM,13,elsewhere,long,FALSE
e,TRUE,puvrén,114.0928383918465,0.09293862542624255,n,423.88951440733496,2000.30898290404,2908.51980766473,3210.9672016290897,0.38578177335589714,1.8204808575257798,2.647043371220122,2.9223006918773122,-1.38780175270713,0.16378234430708893,0.5381249788412745,0.6370528849039268,RM,13,prenasal,short,FALSE
ɛː,TRUE,dèri,115.15870698672173,0.13957539310780478,r,528.797353193796,2079.91260296406,2742.6404536270197,3264.369132802491,0.4812583791940037,1.8929280983008685,2.4960765999536254,2.970901780152658,-1.1666693115362277,0.2028065592524122,0.47940180980353997,0.6535472070927497,RM,13,prerhotic,long,FALSE
iː,TRUE,brîSa,115.50126444518602,0.11326894973822733,z,347.24171495127587,2614.66120578624,2936.25879382887,3168.2156516217897,0.31602462439851314,2.3796027087468565,2.6722886177048304,2.8833925136493392,-1.5872534724362195,0.4316152153344861,0.5476169361325036,0.6236492277134076,RM,13,elsewhere,long,FALSE
iː,TRUE,dspiaSîr,116.36926855343818,0.1873294168747748,r,321.38260759367,1868.8142788504297,3005.4945445034505,3731.2066616594193,0.2924902552887565,1.7008075502309843,2.7353000623550034,3.395770533991298,-1.6646422574340312,0.09578483850226505,0.5709228125520944,0.7872123673533693,RM,13,prerhotic,long,FALSE
o,TRUE,inción,117.27220831199148,0.10019945553766264,n,490.9252405456019,1332.5423494929398,2869.32934301187,3384.8642515559,0.4467909760581129,1.2127465605700876,2.611376136154021,3.080564366778356,-1.2409827381338427,-0.24243065723603063,0.5245590082991018,0.6897944868500971,RM,13,prenasal,short,FALSE
a,TRUE,à,117.9632506181488,0.055182308846823964,m,845.4325671199728,1718.3414958439898,2452.76770765919,3900.5295508052304,0.769428032331455,1.5638622965811406,2.232263464251588,3.549871265960913,-0.697426184628962,0.01184026326591514,0.3676977477754626,0.8315930104034752,RM,13,prenasal,short,FALSE
e,TRUE,détt,118.43186034044372,0.07841696520340237,tː,409.39498103120803,1925.2360759166502,2396.75902744398,3016.25702484283,0.3725903010506041,1.752157017930288,2.181289974126556,2.745094993840485,-1.4225941809301723,0.12552928128798246,0.3445981037310828,0.5744973511809572,RM,13,elsewhere,short,FALSE
i,TRUE,gnínta,118.81560207791928,0.10455595360451753,n,625.5280597321961,2750.6310244696397,3049.4311633846105,3546.66334568856,0.5692929783949957,2.5033488170880873,2.775286771559016,3.2278176942147456,-0.998678406169871,0.4823110330269751,0.5854357536446972,0.736487943106642,RM,13,prenasal,short,FALSE
ɑ,TRUE,såtta,13.875151571863034,0.03874671082418501,tː,595.515101303169,1359.13896524557,2291.788282116669,3729.1153183720708,0.5745970471419953,1.3113978711484537,2.2112869626600293,3.598126471855385,-1.000254806957205,-0.175074890023466,0.34740614655620217,0.8342447499827399,LL,13,elsewhere,short,FALSE
ɛː,TRUE,lèt,14.26931131999964,0.19212332741049745,t,604.5378867939269,1696.26664099093,2184.41643747961,2805.6925311674,0.5833028984103173,1.6366836054131695,2.1076866597632016,2.7071398190730647,-0.9852172117744313,0.046503467097493534,0.2994224407276196,0.5497241247034683,LL,13,elsewhere,long,FALSE
iː,TRUE,tîra,14.701202915599294,0.05454726896142681,r,331.649166368096,2146.2040012670695,2353.68094692007,3653.2765881751398,0.3199996629223989,2.0708164729891307,2.271005586684777,3.524951651712628,-1.5856038720833077,0.2817744253784946,0.374054187604421,0.8136981848170803,LL,13,prerhotic,long,FALSE
ɔː,TRUE,fòra,14.99255805473542,0.10516964366564532,r,512.4744855572382,899.8870789959099,2589.6285843981295,3273.8959649694702,0.4944733147697176,0.8682776594930552,2.4986653311284424,3.1588971463611486,-1.1504306289676496,-0.5874122667921275,0.46958818624062815,0.7040544268396642,LL,13,prerhotic,long,FALSE
ɑ,TRUE,scatlån,15.596830674593756,0.14114873228810154,n,708.7945013546281,1624.39115056004,2471.9382396217998,3857.45212051664,0.6838973967538664,1.5673328123382393,2.3851089755673165,3.7219553174892677,-0.8261159128841173,0.003206793514219264,0.42307627983133766,0.8680806176477853,LL,13,prenasal,short,FALSE
ɔː,TRUE,pò,16.146136648914656,0.049817199631096556,l,518.710257973441,872.06353274841,2717.3901066997905,3249.47082024682,0.5004900495412773,0.8414314426971302,2.621939104190207,3.1353299588911105,-1.1383360969877856,-0.6188192745510248,0.517745624598394,0.696565883064614,LL,13,prelateral,long,FALSE
iː,TRUE,dîS,16.418424539692026,0.1721712125348418,z,260.12044307651803,2226.949517975591,2657.8417248476903,3437.65388101557,0.2509834564496532,2.1487257239369946,2.5644824178703725,3.316902904402057,-1.8285367881085843,0.3187064443636567,0.4955881363289194,0.7528629518968595,LL,13,elsewhere,long,FALSE
uː,TRUE,l'ûltma,17.190887235742046,0.07610961054750832,l,318.9587209719849,1141.15117470304,2703.419232847571,3400.6075601521497,0.2902842764958281,1.038561485673037,2.4603813737420634,3.094892349194345,-1.6722129016844098,-0.39748176050225137,0.46499803858808963,0.6944347940483109,RM,13,prelateral,long,FALSE
oː,TRUE,vôlta,17.58068589314701,0.12273987311875345,l,349.652334527742,939.0639875751301,2795.2325821618297,3503.42877062205,0.3182185288558947,0.8546419718069939,2.5439406869883983,3.188469914964374,-1.5803352638708326,-0.592390973485438,0.498396001026304,0.7242228219295512,RM,13,prelateral,long,FALSE
eː,TRUE,avêrt,18.20046978398767,0.09409915485873911,r,424.380266509191,2207.88798794837,2646.52236807006,3428.5591360927106,0.38622840675846404,2.009398473922636,2.408599547001319,3.120331073597609,-1.3866446864820965,0.2625170812598858,0.4437271484519867,0.7026207802076119,RM,13,prerhotic,long,FALSE
ɑ,TRUE,scatlån,19.08020044264376,0.14806778779242796,n,1107.89968459474,1532.0542949439098,2614.17357561607,4039.2892929698196,1.0082993103072664,1.3943223474337325,2.3791589166137745,3.67615648317726,-0.4270532689153326,-0.10290980451799392,0.4314286995266743,0.8665494431437164,RM,13,prenasal,short,FALSE
e,TRUE,é,19.704311907855057,0.047049577429369556,s,443.55501448025996,2202.2711995962204,2374.7715721033906,3162.2173973757003,0.4036793415528147,2.0042866358199953,2.16127919484428,2.877933503502954,-1.3424527545191802,0.2599698755241189,0.33538193692170104,0.6217541737748373,RM,13,elsewhere,short,FALSE
ɛː,TRUE,stè,19.85860684560137,0.042898144126777296,k,442.24794574049196,1552.35521445004,2244.71074822258,3108.1237837232998,0.4024897785200259,1.4127982107463228,2.0429108616454257,2.8287029151237415,-1.3454039067440045,-0.08974604490925309,0.27905735445844027,0.604499943392808,RM,13,elsewhere,long,FALSE
ɑ,TRUE,leziån,2.500949095663403,0.16110078544584638,n,1030.6038762466799,1582.6124505938096,2298.5438207651796,2652.93565961066,0.9379524085699485,1.4403353160996173,2.0919043316059116,2.414436282517271,-0.49937439771206016,-0.07044238443361373,0.30275648525036747,0.44614750715203844,RM,13,prenasal,short,FALSE
iː,TRUE,mî,20.267472751365084,0.06323599578160712,m,435.742778649222,2425.8355780678403,3158.991212846581,3919.77524860609,0.3965694270813843,2.2077525377934792,2.874997353523974,3.5673867721830193,-1.3602224827251987,0.3566567175425286,0.6207334244187646,0.8365150018471201,RM,13,prenasal,long,FALSE
e,TRUE,maré,20.530266832826,0.07334198834578132,d,405.3317013488849,1855.3134289732996,2331.0979925585607,3118.4751750819605,0.36889231091824787,1.6885204291053457,2.1215318776945242,2.838123714599351,-1.4325688471819626,0.08853433042031167,0.31682008224737235,0.6078248406483748,RM,13,elsewhere,short,FALSE
e,TRUE,dulfén,21.032749583609174,0.15237860398253741,n,424.170704502309,2513.53138002682,2893.66578137302,3344.05742381167,0.38603768441243946,2.2875644719077366,2.633524724474866,3.0434260799438535,-1.3871386155878342,0.3921693728941804,0.5330048190273935,0.677665551495199,RM,13,prenasal,short,FALSE
oː,TRUE,tô,21.60577318417538,0.042898144126777296,p,401.06394626061893,1066.61250329067,2728.0806485447797,3687.16234241019,0.36500822775449737,0.9707238537814776,2.482825723879948,3.3556858067010324,-1.4431537131772894,-0.46503157408898144,0.47407898702148277,0.7753378335410694,RM,13,elsewhere,long,FALSE
oː,TRUE,pôver,21.80085703303616,0.08164485495096586,v,407.467088318473,877.4134743709101,3072.88742702395,3790.4227300803404,0.3708357262279673,0.7985338504596694,2.7966343130185862,3.4496630675646447,-1.4273144301978204,-0.6602962489816964,0.5930983337808495,0.802958235381876,RM,13,elsewhere,long,FALSE
i,TRUE,zío,22.330517061252635,0.12808221827366137,o,266.87675605945395,1792.21764043564,3087.6361759545302,4011.8663645915103,0.24288448928498377,1.6310969629283636,2.8100571468557844,3.65119888082848,-1.8504876307109344,0.053934442541805794,0.5978864907814891,0.8597372448472864,RM,13,elsewhere,short,FALSE
e,TRUE,é,22.8264666167465,0.06365531063973504,m,409.97512364673895,1870.1769080544198,2844.5295111874702,3379.09524573064,0.37311828874412317,1.7020476788326007,2.5888058135228476,3.0753139955799056,-1.421178110929172,0.09651371385724783,0.5158783642066576,0.6880886791123508,RM,13,prenasal,short,FALSE
oː,TRUE,môrt,23.0634673553108,0.2233722849847197,r,423.3887109676539,776.52392800314,2322.6811230011804,3268.3896914697393,0.38532599223252345,0.7067142918531099,2.113871686173884,2.974560889896623,-1.3889838992158072,-0.7824471374400366,0.31320285911504,0.6547780987521623,RM,13,prerhotic,long,FALSE
eː,TRUE,êra,24.046933571990127,0.11208869916996987,r,501.385670375049,2035.2446708602401,2843.82879676831,4294.8449890287,0.4563110114270255,1.8522758210600745,2.5881680934518103,3.908737677724236,-1.219898988666702,0.1810967272759978,0.5156319963146334,0.9278961479832137,RM,13,prerhotic,long,FALSE
ɑ,TRUE,bån,24.476380503198776,0.11070488806910815,n,798.1496360846179,1257.50828238246,2687.727922618,3633.8243715593403,0.726395845017769,1.1444580691398183,2.446100715030547,3.3071429287041196,-0.7549785009926628,-0.30038710641459154,0.45917688250144995,0.7607663237985989,RM,13,prenasal,short,FALSE
ɔː,TRUE,òmen,24.73146723569858,0.22948622713382608,m,594.540175331962,1057.72102186394,2891.6721473384805,3729.98533936075,0.5410909101905387,0.962631718081068,2.631710318486686,3.394659008779643,-1.0494863025520598,-0.4734027015456679,0.532315616723908,0.7868849874094117,RM,13,prenasal,long,FALSE
a,TRUE,à,25.714757373027787,0.08141843934139456,m,862.0668246932959,1397.98088925589,2948.9595999314406,4015.79262700633,0.7845668672565594,1.2723021642298473,2.683847619130355,3.6547721715695056,-0.6779418042494347,-0.19449034211428362,0.5519331143845774,0.8607154285822958,RM,13,prenasal,short,FALSE
o,TRUE,dSgósst,26.539907246361427,0.1453001655907009,sː,431.80397234599695,904.6479214033899,2664.5524870506297,3677.5379991627697,0.3929847201497017,0.8233199159683838,2.4250087551504453,3.346926693585043,-1.369302877211653,-0.6297287638724125,0.4505168054375215,0.7727241905468372,RM,13,elsewhere,short,FALSE
e,TRUE,puvrén,27.262881513840725,0.12370436936150143,n,413.04315315840796,2126.41749341882,2420.9712850024202,3532.1629552567097,0.3759105018692219,1.9352521910174412,2.2033255455204475,3.214620891404057,-1.413722520185435,0.22491931994780057,0.35464950131295847,0.73239110272754,RM,13,prenasal,short,FALSE
ɛː,TRUE,guèrda,27.967446860432755,0.12315918797688143,r,583.2945495263742,2121.4218476741203,2600.9357040359305,3762.7146981852197,0.5308562681002709,1.9307056546938364,2.3671111319905003,3.4244459925547885,-1.0685823052415309,0.22256723096952857,0.4263519506793072,0.7956213753152728,RM,13,prerhotic,long,FALSE
e,TRUE,qué,28.88680903471201,0.09825058816133136,NA,423.386520877896,2552.3265265439004,3312.11721836528,3596.7275227017,0.38532399903221565,2.322871928007203,3.0143573045208805,3.2733810930092084,-1.3889890719928921,0.4074859907981203,0.6680683121429318,0.7505050948074441,RM,13,elsewhere,short,FALSE
e,TRUE,é,29.168460707102614,0.051201010731961816,k,381.697584173634,2310.62771456616,2691.05699419722,3258.0973755182104,0.3473829049865696,2.1029018812530276,2.449130502495934,2.965193854938772,-1.4926459641465888,0.30799990975477165,0.4604147353086523,0.6516240820880483,RM,13,elsewhere,short,FALSE
oː,TRUE,tô,29.53179081252313,0.051201010731961816,p,430.4267051424159,1163.35997122503,2946.63481573138,3934.33863191108,0.39173126950720283,1.0587737075260182,2.681731833434115,3.580640904796599,-1.3724975405677382,-0.37820697058705566,0.5511444630097877,0.8402234787592562,RM,13,elsewhere,long,FALSE
ɛː,TRUE,pèder,29.75762461265624,0.18266306531402418,d,430.302080326692,1718.58730642214,2491.90987740194,3394.1613676351203,0.3916178484840824,1.5640860087455735,2.267886746128396,3.0890256705054653,-1.3727871203254933,0.011983304098420078,0.38353011973246787,0.6925373948815512,RM,13,elsewhere,long,FALSE
o,TRUE,nómmer,3.1156002370603035,0.10198270660580631,mː,465.85811028145395,1131.3745928979897,2324.35929125894,3209.70675094431,0.4239773851634027,1.02966382027222,2.11539898681347,2.9211535559282624,-1.2933934913681338,-0.40608596843658784,0.31392511163755366,0.6366602623505067,RM,13,prenasal,short,FALSE
oː,TRUE,sô,30.25307516184823,0.042898144126780835,k,408.79117555051187,1169.6937376609098,2735.3391483213204,3038.6231442880703,0.37204077778761263,1.0645380672579925,2.4894316832644647,2.765450395258561,-1.4240701423246618,-0.37277736391145044,0.4767361154564318,0.5818851839865946,RM,13,elsewhere,long,FALSE
ɛː,TRUE,cugnè,30.640202646675736,0.1411487322881122,NA,406.7244115186769,1932.97994119252,2374.3024185428003,3403.2043094914898,0.3701598162016101,1.7592047083713485,2.1608522182703638,3.0972556503165536,-1.4291387602379277,0.12954350736565878,0.3351843600622795,0.695198115996412,RM,13,elsewhere,long,FALSE
e,TRUE,qué,31.694332239218916,0.14391635448984283,i,437.37584383665904,2475.3486892188293,2585.8313764149807,3706.78375048828,0.3980556794245122,2.2528144116426185,2.3533646860490256,3.3735432467811175,-1.356481714747706,0.37686195485791885,0.42052775611529114,0.7806452712451009,RM,13,elsewhere,short,FALSE
eː,TRUE,invêzi,32.03848188847591,0.14468795148403404,θ,388.85250472479703,1858.6855191623802,2539.58856230494,3260.9527134857003,0.3538945969360802,1.6915893678000864,2.3112791089682116,2.967792497526496,-1.4740744882691885,0.0903502119877384,0.4024827687929138,0.652500080312052,RM,13,elsewhere,long,FALSE
e,TRUE,é,32.86818575178975,0.02947934797627027,m,458.200372095123,2276.63975449499,2867.5033137205605,3878.2806360117197,0.41700807897155606,2.071969444702107,2.6097142672135116,3.5296225324759964,-1.3099680126552267,0.293181248206384,0.5239224098615187,0.8258726046010043,RM,13,prenasal,short,FALSE
ɛː,TRUE,surèla,33.35592889030272,0.22694502054168456,l,525.5747054566982,1841.0426911842603,2430.7159170739405,3236.36744103498,0.4783254480488274,1.6755326331249474,2.212194133474334,2.9454174453440007,-1.1727822538244714,0.08081277533756559,0.3586665142691716,0.6449322248873184,RM,13,prelateral,long,FALSE
iː,TRUE,beatrîz,34.1636845826744,0.21445714255494158,θ,347.8803255678739,1723.66660412095,2646.0196338096002,3365.19370499302,0.3166058238096369,1.5687086766980685,2.4081420086382903,3.062662205771808,-1.5854160661707324,0.01493445268723903,0.4435371700779678,0.6839662103014952,RM,13,elsewhere,long,FALSE
ɛː,TRUE,guèrda,35.093408551170675,0.14945159889330742,r,607.6335008566301,1865.0545714717002,2561.99877182575,3992.73772156194,0.5530071434738622,1.6973858411993432,2.331674636756397,3.6337899061333703,-1.0277026891857064,0.09377099773812247,0.41126840832107625,0.8549578255939672,RM,13,prerhotic,long,FALSE
eː,TRUE,l'êra,35.84425193991581,0.09825058816134201,r,441.7895238584969,1845.7059198231202,2437.83322879789,3387.48960143124,0.4020725688449329,1.6797766366983282,2.2186715976367375,3.082953697243405,-1.3464410164567697,0.08334250091299644,0.3615903080241223,0.6905698007406116,RM,13,prerhotic,long,FALSE
e,TRUE,bléNna,36.2450246365034,0.11900775467429268,ŋː,463.74005055724194,2105.9915153149004,2578.36677335122,3032.22544037937,0.42204973937668716,1.916662511896748,2.346571152098648,2.7596278460436903,-1.297950435386947,0.2152670691160301,0.417636849126068,0.5797775029308525,RM,13,prenasal,short,FALSE
oː,TRUE,tô,36.620775525470656,0.06642293284146916,m,451.73165872029386,1167.59094716301,2855.60191085365,3806.519190872101,0.41112090405390866,1.0626243179914887,2.598882802533761,3.4643124537323615,-1.324186266614804,-0.3745767091764014,0.5197633320337678,0.807195857584821,RM,13,prenasal,long,FALSE
ɛː,TRUE,mèder,36.81370393537742,0.17551753248221053,d,523.177023721354,1916.1995238334398,2306.17670763774,3115.93662597207,0.47614331831840123,1.7439328534506406,2.098851020621417,2.8358133814958446,-1.1773547104814055,0.12082449396707418,0.30607173264333287,0.6070104737662394,RM,13,elsewhere,long,FALSE
e,TRUE,é,39.23164561067186,0.042898144126780835,k,385.27002444005996,2254.81922903999,3160.3809253250897,3201.7877692121697,0.3506341822518653,2.0521105882796804,2.8762621306090206,2.9139464920308,-1.483330144124193,0.2835504894634475,0.6211732505503882,0.6341900159097982,RM,13,elsewhere,short,FALSE
ɛː,TRUE,spuSè,39.96618937325996,0.07887723274924953,t,527.0054508889378,1820.5804452894397,2320.6137777781105,3426.10336490602,0.4796275692179296,1.6569099466940613,2.1119901956458396,3.118096076667613,-1.1700637030238008,0.0696360604535311,0.31231239430337077,0.7019042544001337,RM,13,elsewhere,long,FALSE
oː,TRUE,tô,40.12202750499465,0.04981719963110011,p,404.0714228556739,1170.5613810143398,2803.5286631984195,3976.8934226908104,0.36774533168071466,1.0653277093230826,2.55149094889727,3.6193700124857733,-1.4356829431719476,-0.37203586920323684,0.5013595448335062,0.8509816516759656,RM,13,elsewhere,long,FALSE
ɛː,TRUE,pèder,40.33511765634716,0.18816479335644234,d,476.1782324525779,2279.4967252851,2424.64164089173,3441.6848415360196,0.4333697265568723,2.0745695733214142,2.206665935777104,3.1322767758392573,-1.2714823726818203,0.29443536830451844,0.35616442074519217,0.7064418152264533,RM,13,elsewhere,long,FALSE
e,TRUE,qué,41.47318491782615,0.0650391217406039,NA,441.50623523242797,1755.1144585690297,2639.3677901435003,3490.7974651673394,0.401814747915606,1.5973293635630899,2.4020881668744005,3.1769741660663824,-1.3470824519733933,0.033014757576742326,0.4410200992770905,0.7206108943878231,RM,13,elsewhere,short,FALSE
a,TRUE,l'à,42.16471732848268,0.08302866605183112,v,870.9765058492079,1560.3794759048299,3020.68635480526,4405.4806805095,0.7926755665273331,1.4201010897010626,2.7491261262691173,4.009427201303498,-0.6676595920324297,-0.08459027030711308,0.5759647595956743,0.9533300592310745,RM,13,elsewhere,short,FALSE
o,TRUE,avó,42.3340077727289,0.11208869916998053,t,415.4360967611768,973.90418853225,3067.8956900595604,3824.21152272199,0.37808831942601506,0.8863500326400291,2.7920913340752622,3.4804142418725905,-1.4079457906958437,-0.5559616650138546,0.5914725678260222,0.8118329924064103,RM,13,elsewhere,short,FALSE
oː,TRUE,tô,42.532664357146615,0.062271499538880455,s,412.1817182692029,1084.9238873264,2818.67042822521,3529.8430478422206,0.37512651012634335,0.9873890412083988,2.5652714666152905,3.2125095440695177,-1.4158102788847389,-0.448009481170085,0.5067459786436208,0.7317340918167812,RM,13,elsewhere,long,FALSE
ɛː,TRUE,surèla,42.95419422024719,0.22694502054167748,l,512.4527976507189,2027.8378197832003,2272.25777543239,3417.2773264393404,0.46638320203625255,1.8455348471827693,2.0679814063191766,3.1100635005937662,-1.1980659901284767,0.17745079623771876,0.29125463614743907,0.6993248148633207,RM,13,prelateral,long,FALSE
e,TRUE,mé,44.182434572892014,0.1840468764149037,d,410.140006918329,1684.5865383842101,2609.69646343052,3190.8874907744203,0.37326834898092726,1.533141915666332,2.375084297592189,2.904026150519952,-1.4207760130586014,-0.00799915989156208,0.42971460126301864,0.6307797726052637,RM,13,elsewhere,short,FALSE
e,TRUE,dulfén,44.72030101808942,0.09583524809563218,n,425.565543340344,2271.8079154339503,3030.4554400044403,3211.4462022354905,0.3873071269963996,2.0675719888128183,2.7580169690102356,2.922736630245909,-1.3838556202010173,0.2910566372493104,0.5791936026860149,0.6372020502027542,RM,13,prenasal,short,FALSE
æ,TRUE,avän,45.56384299241191,0.0802610438501148,n,1096.09255981496,1457.2276896327803,2738.9585386709405,3904.7879535894804,0.9975536480982201,1.3262226669509782,2.492725689792312,3.5537468375944044,-0.437767678426467,-0.1529835278565752,0.4780584369975518,0.8326841647874854,RM,13,prenasal,short,FALSE
aː,TRUE,fât,46.116818121055054,0.1116693225939258,t,937.6566986919888,1463.9632393598497,3076.15057746034,4331.898196767251,0.8533611984391474,1.3323526895864017,2.7996041056633465,3.942459795644252,-0.5938907056056317,-0.1483720102753141,0.5941596870332866,0.9364865128057396,RM,13,elsewhere,long,FALSE
uː,TRUE,fiû,46.68470900303644,0.08994772155615749,NA,411.72970276548494,984.37034154542,2984.02296193608,4141.738943114759,0.3747151308950064,0.8958752766774528,2.715758778793934,3.76939589196015,-1.4169075219560883,-0.5452724051499418,0.5637530615584012,0.8915964184438785,RM,13,elsewhere,long,FALSE
ɔː,TRUE,purtròp,47.44272681235498,0.1406226538823887,p,481.18786693102203,844.09399587472,2447.3300913244802,3539.46608035151,0.4379289940246254,0.7682097988739022,2.2273146905708656,3.221267464282962,-1.261016825163356,-0.6990107368397949,0.3654783559225727,0.734456575238724,RM,13,elsewhere,long,FALSE
e,TRUE,siché,48.348368512046946,0.04937364475769357,d,456.0213199910539,2046.6448936903098,2154.5626458766196,2977.14076203519,0.4150249240305379,1.862651161875442,1.960867089375385,2.7094952898608162,-1.3147350319666575,0.18668249939999004,0.2380684386374341,0.5614440483263223,RM,13,elsewhere,short,FALSE
ɑ,TRUE,dånca,48.50331037352836,0.11326894973824865,n,978.125967708593,1537.72272158838,2262.2396768455706,4244.328723178401,0.8901922731343327,1.3994811815372346,2.0588639365372665,3.8627628329576837,-0.551636131675771,-0.09921674599522134,0.28683601424197924,0.9160643579597068,RM,13,prenasal,short,FALSE
e,TRUE,té,49.001975679388245,0.09584295747082194,e,382.9469143484419,2491.3906248982503,3071.65599450874,4415.104163625181,0.3485199201614278,2.2674141745150758,2.7955135865006167,4.0181855316137405,-1.489378220014685,0.38332172270510423,0.5926975122886038,0.9555121111253957,RM,13,elsewhere,short,FALSE
iː,TRUE,sufî,49.5365402305576,0.14521660222852265,NA,299.27944884723394,2649.8514370164307,3235.7415593851,4360.681576158111,0.27237417435693845,2.41162933207055,2.944847830563274,3.968655544222999,-1.7358968463119595,0.4449842611510917,0.644738816014943,0.9431090541780982,RM,13,elsewhere,long,FALSE
iː,TRUE,avî,50.33056759915744,0.043564980668556075,b,340.73954577874895,2487.15847694116,2811.73538756992,3599.86264220394,0.3101070013651983,2.2635624973952173,2.558959887320781,3.2762343647230603,-1.6061562046814561,0.3816215691503455,0.5042825525996495,0.7513763740184949,RM,13,elsewhere,long,FALSE
iː,TRUE,brîSa,50.49619825318215,0.05082581077998328,z,395.84435275241196,2369.4002973702504,2993.0626377180397,4145.10346586828,0.3602578766102649,2.1563907986436104,2.72398578615127,3.7724579435331034,-1.4562535093688274,0.33311756827066574,0.5667778409507847,0.8924084341121734,RM,13,elsewhere,long,FALSE
e,TRUE,cuSén,51.07338175055735,0.12444637501341307,n,474.1082445997061,1864.5182597989601,2226.7769394559095,3281.7913399372005,0.4314858309719046,1.6968977440392368,2.0265893054052224,2.986757727836571,-1.2758389349960808,0.09348339821898133,0.2710359055896294,0.6588700977682116,RM,13,prenasal,short,FALSE
ɔː,TRUE,però,52.02724860792049,0.23089439754335223,NA,551.5996528947159,1006.1883201164701,3001.2268325785903,3586.8784451506895,0.5020107481869304,0.9157318151812394,2.731416018474261,3.2644174492425986,-1.1244520781054028,-0.5233500646790521,0.5695018334937849,0.74776299459581,RM,13,elsewhere,long,FALSE
a,TRUE,stà,52.85717516011189,0.06825180304740996,b,972.7327605819379,1419.7949945491098,1666.45309537425,2959.3764489705304,0.8852839162661388,1.2921551776641542,1.5166386723360237,2.693327991629541,-0.5571652053989764,-0.17900682461732664,-0.018821842992747584,0.5554592712403386,RM,13,elsewhere,short,FALSE
æ,TRUE,bän,53.04737391137582,0.14957310029537751,n,964.8133008463061,1577.3939401855398,1733.27789011574,2855.7204530157896,0.8780764173377817,1.4355859506844493,1.5774559064107094,2.598990687734912,-0.5653399827588972,-0.07374523544523282,0.02049503416370424,0.519804843317706,RM,13,prenasal,short,FALSE
e,TRUE,parché,53.799847031654224,0.05808664089141047,v,449.34606868687604,2102.66310717878,2946.3659539069304,3328.40058328973,0.40894977897930324,1.913633328230811,2.6814871423344333,3.029176792107259,-1.3294812495769976,0.21368537181436054,0.5510532151599588,0.6729725675181051,RM,13,elsewhere,short,FALSE
iː,TRUE,avî,55.01061098927658,0.06679963702512026,m,365.0260724080309,2409.50679159357,3069.56657578006,4294.59719068507,0.33221016502754885,2.192891712062507,2.7936120068789543,3.908512156494786,-1.5373058124681576,0.34990275999538234,0.5920170553322279,0.9278384496278349,RM,13,prenasal,long,FALSE
ɛː,TRUE,dè,55.37539084097822,0.08567779531482245,d,498.79000490157887,2057.7742803571896,2317.4500828934006,3066.69127956787,0.45394869673095656,1.8727800147457834,2.1091109174813707,2.790995200296199,-1.2250894194380608,0.19210563649763124,0.3109481632490265,0.5910799055284208,RM,13,elsewhere,long,FALSE
e,TRUE,anvudén,55.89571991203273,0.13940793813937807,n,460.789104314857,2048.20216271035,2486.6337830717503,3218.0303587182,0.4193640837146053,1.8640684321398013,2.2630849735959013,2.9287288699159646,-1.3043341308023573,0.18744309879413912,0.3814105857220369,0.6392501667863915,RM,13,prenasal,short,FALSE
iː,TRUE,beatrîz,56.75416621600044,0.05663447486912076,θ,377.244866577974,2403.81955991465,2502.7611339285304,2904.3093608346303,0.3433304874770012,2.1877157635004223,2.2777624728064216,2.643211444292164,-1.5043801046795817,0.3475396398118713,0.3878752602131259,0.5366763047294416,RM,13,elsewhere,long,FALSE
eː,TRUE,frêdo,57.22721616384649,0.1431220806792908,d,416.81620357349396,2421.98732343079,2704.4885210357997,3158.9562400639497,0.37934435439593095,2.2042502419174372,2.461354532736242,2.874965524800582,-1.4046292289349163,0.3550690954187221,0.46539349215380454,0.6207223534869808,RM,13,elsewhere,long,FALSE
æ,TRUE,sänper,58.31103438137644,0.10617557459519845,n,830.84943006846,1383.1915914872302,2623.4794619247996,3221.18349863208,0.7561559218365997,1.2588424269021639,2.387628202125235,2.9315985420033166,-0.7148260075694655,-0.2051257394327317,0.434982159839608,0.6402295224145043,RM,13,prenasal,short,FALSE
ɛː,TRUE,sperè,59.06514462147325,0.17236785374881688,d,587.490991774041,2022.2823386945597,2639.89480018135,2950.930113862271,0.534675449460192,1.8404788048099887,2.4025677986182106,2.685640983516169,-1.0614136820042468,0.1747074284582446,0.44121975217579923,0.5526010977197551,RM,13,elsewhere,long,FALSE
ɛː,TRUE,dvintèr,59.66336699648492,0.12549357407011286,r,579.3021171585378,1877.8578618066301,2928.10752748092,3147.53244397673,0.52722275609651,1.7090381135069175,2.6648701516189095,2.864568729967982,-1.0754504619743708,0.10061237621048313,0.5448370035188939,0.6170994789669297,RM,13,prerhotic,long,FALSE
uː,TRUE,nûn,60.091822170856574,0.29745658428920063,n,364.59883640421094,814.09975288872,2239.8066898234697,3168.4149948753206,0.3318213376147604,0.7409120435477644,2.0384476789491166,2.8835739359097157,-1.5384769239460958,-0.7351916897137736,0.2768702471847071,0.6237121454577785,RM,13,prenasal,long,FALSE
ɛː,TRUE,pèvel,61.51318415474214,0.17135559062965908,v,606.5454861442339,1738.4174991766101,2459.0554285176,3378.97586598746,0.5852399788571545,1.6773538732115723,2.3726786858850524,3.2602860124147273,-0.9819018311258558,0.07104894068355794,0.4178510285805359,0.73564638987288955,LL,13,elsewhere,long,FALSE
e,TRUE,tuséss,62.49342745078572,0.11718554490197876,sː,475.1526798533401,1734.7708892236901,2445.883214156,3394.52230939426,0.45846247423093217,1.6738353540229887,2.3599691585196942,3.27528637169287,-1.2260453708055081,0.0689490768782699,0.41248001500138365,0.7402367714758062,LL,13,elsewhere,short,FALSE
iː,TRUE,dîS,63.372828874046725,0.1082700961444374,z,268.601708799681,2107.5898218603497,2562.13603505207,3428.7404109365702,0.25916680936529174,2.033558654646054,2.4721384846419596,3.308302528734045,-1.7964519085182662,0.2636187546052353,0.4589150237947166,0.750266691121019,LL,13,elsewhere,long,FALSE
i,TRUE,gnínta,63.69993607493521,0.13650360609481282,n,375.1708176137331,2218.26733578789,2702.6984230608896,3164.2048026056495,0.36199257332511237,2.140348511945418,2.607763480401686,3.0530589940558595,-1.4623001185701847,0.3148001362965296,0.5123244143949046,0.6699755013460296,LL,13,prenasal,short,FALSE
e,TRUE,é,64.91372308974174,0.07986913122569206,l,557.233304294249,2207.8111361116107,3001.3559286869004,4423.977317155839,0.507137933346062,2.009328531079364,2.731533508819987,4.026260987099122,-1.1142905838269348,0.26248227280278424,0.5695448470142868,0.9575198212094165,RM,13,prelateral,short,FALSE
a,TRUE,istàss,65.36652644076001,0.14086010416166067,sː,888.6512178016119,1409.8788349774898,2642.8893831855803,4007.2591569962606,0.8087613188019241,1.2831304825622518,2.4052931680896603,3.6470058619971475,-0.6475697671542688,-0.18601554771472273,0.44235346622545,0.8585881898562491,RM,13,elsewhere,short,FALSE
a,TRUE,và,65.88055821499348,0.07986913122567786,d,676.0354413262451,1316.04050635848,2453.2910166162906,3527.0919261141403,0.652289030957155,1.2698132880561006,2.367116754626291,3.403199350123303,-0.8734360517963067,-0.2072986631431446,0.415504119781839,0.7785474389764557,LL,13,elsewhere,short,FALSE
o,TRUE,lóng,66.13963353342717,0.11718548318410173,n,561.0087371803611,1025.23392809277,2700.89645866677,3323.6765676774703,0.5413027530272301,0.9892215771233533,2.6060248117807716,3.206929156394768,-1.0599450747644132,-0.457005466399135,0.5116574641514617,0.7191452946360437,LL,13,prenasal,short,FALSE
o,TRUE,carólla,66.65943894323544,0.07031132694118016,lː,555.3733348553791,1072.5001835002302,2344.42661478951,3060.90203649474,0.5358652997564299,1.0348275587804998,2.2620763220803113,2.9533848392963304,-1.0700409914455413,-0.41193373256443166,0.37011458257055896,0.636783380212246,LL,13,prelateral,short,FALSE
æ,TRUE,sän,68.90559350809279,0.08712996133711216,n,1038.9944159597599,1589.73182151061,2681.0331432051107,3748.3464646224097,0.9455886373038696,1.4468146543330758,2.44000779745097,3.411369465687634,-0.4912659781068429,-0.06595397948241999,0.456682905659906,0.7917954841988113,RM,13,prenasal,short,FALSE
o,TRUE,Zitlón,69.97375901542311,0.06825180304740286,NA,538.564996626009,1126.7992218914399,2581.4536066539404,3552.76323350797,0.4901479097832558,1.0254997759147277,2.3493804785507124,3.2333692010585375,-1.1483664060432357,-0.4101382492996368,0.4188333379352276,0.7382063605738622,RM,13,elsewhere,short,FALSE
uː,TRUE,incû,7.676541436769673,0.22694502054165436,NA,321.47155187691095,744.14689029237,2774.4040938723106,3341.06559009188,0.31017954715910884,0.7180079982291102,2.676950418938452,3.2237073722790353,-1.616772500308148,-0.7774431059279809,0.5385097077111061,0.7243635195759319,LL,13,elsewhere,long,FALSE
ɛː,TRUE,fradèl,71.30628502918378,0.10847254876829031,l,602.920862861751,1915.22867125841,2637.03913341562,3263.8461371840003,0.5487181724541595,1.7430492806909186,2.3999688567912654,2.970425801931208,-1.0354886456750876,0.12031771031023641,0.4401374316160087,0.6533869808753288,RM,13,prelateral,long,FALSE
oː,TRUE,tô,71.71533844573739,0.05663447486911365,b,419.458069111419,1137.07016810549,2823.3552364643506,3713.6168853905992,0.381748715762627,1.034847362278215,2.569535109779135,3.3797620816675678,-1.3983110282853417,-0.4010643895347519,0.5084066620911045,0.7824869876615264,RM,13,elsewhere,long,FALSE
oː,TRUE,bSnôn,72.05397930903786,0.18878158289707872,n,542.24200673503594,1068.8481252751099,3071.16282253296,3582.917126275881,0.49349435604412,0.9727584929607848,2.7950647507712123,3.260812253623432,-1.1415621860781204,-0.46293776559512523,0.5925369436664347,0.7466579925805021,RM,13,prenasal,long,FALSE
a,TRUE,à,72.61444539832908,0.058086640891403356,m,676.7139535749391,1568.93290610005,2291.65424877826,3917.57694953205,0.6158772514810356,1.427885565034456,2.0856341333385795,3.5653861005779772,-0.9200259316979054,-0.07912360514092942,0.29975462038260225,0.8359540217926025,RM,13,prenasal,short,FALSE
oː,TRUE,tôlt,72.97454757420034,0.08422562929254697,l,405.51249731696106,976.79717802453,2814.2768791877593,3699.1733705883507,0.36905685329735705,0.888982941873918,2.56127289840026,3.3666170413574905,-1.432122902149934,-0.5529955609623931,0.5051860315364927,0.7785900655628968,RM,13,prelateral,long,FALSE
eː,TRUE,mujêr,73.4354565017629,0.1974945790307885,r,396.00547022534204,2344.73102917952,2534.55218605988,3829.8690919774504,0.3604045095943634,2.1339393019527373,2.3066955038233115,3.4855631946682424,-1.455846569895007,0.32265137983720127,0.4004976532241029,0.8133113071957645,RM,13,prerhotic,long,FALSE
iː,TRUE,amîg,75.16884644289493,0.18152075278564436,g,314.8811853611949,1879.34045854027,2755.1744450534998,3656.75671216985,0.286573312045453,1.7103874245364081,2.507483783371445,3.328013647906252,-1.6850792164121327,0.1014015795924621,0.4839614442666429,0.7670572945671967,RM,13,elsewhere,long,FALSE
iː,TRUE,mî,75.58277998790271,0.06635973412201676,s,339.35824440814997,2410.3659732175006,2784.6537575879506,3691.93850105192,0.3088498792279979,2.1936736531090513,2.5343129005831644,3.360032587850389,-1.6102182771947584,0.3502592763081376,0.4946042258522034,0.7766323433763525,RM,13,elsewhere,long,FALSE
ɔː,TRUE,sòzra,75.84963985941198,0.21468312101892195,θ,616.5153139876751,1052.9285516371103,2967.79847733681,3738.90684708114,0.56109048006005,0.9582700917609485,2.7009928781812635,3.402778471404692,-1.013191432251455,-0.4779439371190035,0.5583011087562024,0.7892739660533046,RM,13,elsewhere,long,FALSE
e,TRUE,mé,78.04829528789136,0.11907761382738609,NA,486.69674123941803,2173.7788087729696,3057.8395692652402,3700.9583408314707,0.4429426195748095,1.9783557158860325,2.7829392602889174,3.3682415424653818,-1.2496333735622285,0.24694772385577757,0.5881893277243613,0.7790724813758434,RM,13,elsewhere,short,FALSE
ɔː,TRUE,ò,79.34566563818143,0.059538806913693065,d,538.268077392726,1167.91822900554,2958.01740019582,3806.9274065481404,0.48987768364067347,1.0629221771394672,2.6920911215759893,3.4646839707481445,-1.148917873578867,-0.37429644323010436,0.5549999309181466,0.8073030930323171,RM,13,elsewhere,long,FALSE
e,TRUE,détt,79.5015360352978,0.10165162155996654,tː,525.4871320317629,2052.4588847599694,2902.47050718273,3859.439416277981,0.4782457474900211,1.867942474136998,2.641537903903311,3.5124751416724456,-1.1729488918318935,0.1895192145858644,0.5360429575886299,0.8210026282141651,RM,13,elsewhere,short,FALSE
o,TRUE,carólla,8.566424324790585,0.07195817724491427,lː,536.0515895139379,1092.6724696186898,2410.2867189267495,2786.1754076368,0.517222249740525,1.054291273491354,2.3256230252267303,2.6883082537192267,-1.1054511489300518,-0.39329977302443986,0.39781943545492027,0.5427435582819582,LL,13,prelateral,short,FALSE
oː,TRUE,côsa,81.01316792815855,0.3020505326352776,s,515.352183526093,832.164552602,2663.3807329126903,3097.49569762925,0.49724993076459684,0.8029339535051088,2.5698268628244634,2.9886931120605165,-1.1448310360115572,-0.6656513536272559,0.4976699925600885,0.6486676700582796,LL,13,elsewhere,long,FALSE
oː,TRUE,vôl,82.25390380357948,0.053730142824534255,l,506.39747895241493,882.7798400449201,2677.5360232380203,3427.0293210835302,0.48860976900412306,0.8517713291506664,2.583484934642581,3.306651542596498,-1.1623596620168088,-0.6066057167192067,0.5029707018261744,0.7497675232797851,LL,13,prelateral,long,FALSE
ɛː,TRUE,pèvel,82.94901642769554,0.17280775665190617,v,612.014995491106,1722.82271266596,2477.8186352327502,3550.0100929924906,0.5905173663040066,1.6623068689286906,2.390782816493743,3.4253124938292987,-0.9729247698137815,0.062037782207390535,0.42545231506948333,0.7850241710995212,LL,13,elsewhere,long,FALSE
a,TRUE,vàdder,84.01106953028308,0.0765248962780163,dː,727.061803721337,1297.6992146227099,2420.9316217596497,3716.9420307956398,0.7015230421425253,1.2521162522478044,2.335894015368732,3.5863807829885186,-0.8006700685458332,-0.22133341392650152,0.40222615827659247,0.8309750200166368,LL,13,elsewhere,short,FALSE
o,TRUE,carólla,84.96679345891619,0.07551263315880874,lː,517.6755107468011,1055.65560871045,2517.69179010929,3018.44240193256,0.4994916488295833,1.0185746662620903,2.4292553875539213,2.9124166411956134,-1.140332935620071,-0.4277642715026113,0.4414162499929484,0.6228146619066282,LL,13,prelateral,short,FALSE
e,TRUE,l'é,85.4045864552618,0.04792147873540386,d,413.58403405589297,1675.22180641758,2557.93266953114,3864.5088815334198,0.3990564877255883,1.6163779913708436,2.4680827664727656,3.7287642028286236,-1.3648208343926154,0.034019302771645776,0.45727310580190306,0.8699083303180126,LL,13,elsewhere,short,FALSE
ɛː,TRUE,dvintè,86.01462864193458,0.16990342460735522,t,634.945363431346,1815.54147533361,2314.2071986873602,3353.4242726496,0.6126422824975823,1.751768793784848,2.2329183927168867,3.2356319439459695,-0.9361426011118947,0.11445748126112143,0.3571408906341542,0.728055719235928,LL,13,elsewhere,long,FALSE
o,TRUE,tótta,86.32660688644657,0.10310378758222784,tː,557.1923458723761,1087.1682230975398,2633.52770449628,3382.1894838520598,0.5376204162208119,1.048980369047666,2.5410224514186424,3.263386748788332,-1.0667710494199616,-0.3983499202557397,0.48639800443469916,0.7365970005857827,LL,13,elsewhere,short,FALSE
ɑ,TRUE,råssa,86.81179779285821,0.10891245167138663,sː,845.6925183361511,1455.0995647607203,2365.7860082674297,4345.233652917639,0.815986736125854,1.4039877601415636,2.2826854458360306,4.1926030433902195,-0.6495257144247519,-0.10685194780915452,0.37918404146634455,0.9871532569161756,LL,13,elsewhere,short,FALSE
ɔː,TRUE,a n l'ò,88.6299020577326,0.07115613509196805,m,463.6437058959681,986.8314154379099,2552.4864417840795,3599.3097524845707,0.4473577643133016,0.9521679905291115,2.462827842836613,3.4728804542509004,-1.2505651724275149,-0.4951823346451807,0.4551416838225064,0.7988158161772878,LL,13,prenasal,long,FALSE
o,TRUE,sintó,89.48774094211089,0.15392959836221115,NA,490.335268182549,960.2728541518301,2721.517212814501,3327.351129272851,0.4731117591992654,0.9265423248525794,2.625921241639895,3.210474645396855,-1.1945921765493095,-0.5224640873093964,0.5192632481445889,0.7202502552937586,LL,13,elsewhere,short,FALSE
oː,TRUE,vôl,9.33268253489375,0.12039156577514555,l,427.0616216843621,851.5102561015099,2823.7822639599494,3289.32058466128,0.41206066182120604,0.8216001201251958,2.7245941321936566,3.173779961102215,-1.3327532385677499,-0.642670009685828,0.5561509391810606,0.7087547587495822,LL,13,prelateral,long,FALSE
ɛː,TRUE,mustrèr,9.890404583624603,0.1245429990777378,r,606.740467320693,1779.1741670029598,2388.5672336644902,3754.5759371341505,0.5854281111278501,1.7166789229594634,2.3046664582650727,3.6226927613198923,-0.9815804210286219,0.0942230300432012,0.38876742687851884,0.8410490705047104,LL,13,prerhotic,long,FALSE
o,TRUE,carólla,91.24677273489334,0.08523789241174028,lː,558.9046362463462,1102.32566923742,2671.83605978384,3180.0448289641095,0.5392725607098094,1.0636053949708206,2.5779851880158,3.0683426238954814,-1.0637026929154452,-0.38450408278481785,0.500839623440557,0.6749690183710078,LL,13,prelateral,short,FALSE
aː,TRUE,tartâja,92.75138036057686,0.2476780342838083,j,750.416070132207,1360.09232810071,2580.0826614413595,3881.117272577431,0.7240569669556625,1.312317746194812,2.489454718112581,3.744789207787835,-0.7690537415782828,-0.174373689727239,0.46589516225839667,0.8741967935531809,LL,13,elsewhere,long,FALSE
uː,TRUE,sûda,93.70992477033452,0.26175979160359475,d,266.9283776109889,657.12263703059,2567.91722810281,3389.95430030065,0.25755225558183764,0.6340405575302392,2.477716607595758,3.2708788184154436,-1.8027011806952116,-0.9018108912499585,0.46116887778082116,0.7388901650839843,LL,13,elsewhere,long,FALSE
iː,TRUE,arîva,95.19251245540451,0.10600811962680723,v,354.75267381006006,2222.67814216627,2421.4158778920405,3649.34258340725,0.3422916369222613,2.1446043844077387,2.3363612615277685,3.5211558327348635,-1.518260701283439,0.31678656366910474,0.40242616710868884,0.812620761756663,LL,13,elsewhere,long,FALSE
iː,TRUE,dîr,96.81742997120412,0.19459024698619493,r,328.82784310998204,2060.6218599292197,2266.5539090340403,3738.04433908994,0.31727744142105024,1.98824048861324,2.186938971772765,3.6067418519307686,-1.5941472138741535,0.24108153551858624,0.33633430078194504,0.8366362951975885,LL,13,prerhotic,long,FALSE
i,TRUE,gnínta,97.3417943008441,0.10746028564908272,n,388.4461637722709,2304.99988447702,2973.7434769139,3799.63589425663,0.3748016098815176,2.2240344944819084,2.8692878099200683,3.6661699430912082,-1.4275269688457675,0.35315435084994284,0.6078953135967415,0.8529789693604437,LL,13,prenasal,short,FALSE
ɔː,TRUE,pò,98.30136859598447,0.18168820775409245,NA,538.057891923476,933.75891287077,1778.8223955020899,3250.3858087256594,0.5191580788029143,0.9009597118594665,1.7163395077788473,3.1362128074989117,-1.1017153942839624,-0.5504632728177761,0.09402529432545315,0.696847424193014,LL,13,elsewhere,long,FALSE
a,TRUE,fà,99.22600717910575,0.08858212735938763,b,747.4634251319719,1330.7538460648598,2510.09409964939,4010.6004651832795,0.7212080365176584,1.2840098072214123,2.4219245734506276,3.869724175789532,-0.7729961799839602,-0.1961806922653775,0.4383939668608807,0.9070146965690027,LL,13,elsewhere,short,FALSE
ɑ,TRUE,båcca,99.40325516130878,0.08132129724796755,kː,815.4985044296881,1311.7715890660902,2446.2552521463404,3916.431036537031,0.7868533166809865,1.2656943206859486,2.360328128309388,3.7788625410253167,-0.6858819663334748,-0.2105476938140347,0.4126321112650606,0.8832545137479189,LL,13,elsewhere,short,FALSE
e,TRUE,rédder,99.88003668880451,0.094355793793099,dː,521.655087157722,1759.24811219538,2424.1949297111896,4027.5389871141397,0.5033314387015566,1.6974527904423031,2.339042696416058,3.886067715463209,-1.132674937544338,0.08296023331017022,0.4035732060411137,0.9112292407688765,LL,13,elsewhere,short,FALSE
æ,TRUE,däl,0.882946491410612,0.06889698249928168,l,438.580551337927,1746.6355040261901,2419.7831269782005,3611.56893087864,0.4231749777314003,1.6852832125509676,2.334785862597065,3.4847090169358843,-1.3061380620565348,0.07576509281906674,0.4017516437213615,0.8022160093419215,LL,14,prelateral,short,FALSE
oː,TRUE,quatôrg',1.3697391904507126,0.17573274415482734,r,472.5075117441779,878.91182676933,2662.777333872501,3391.71021206506,0.45591022025552036,0.8480391836490722,2.5692446587695494,3.2725730520506007,-1.231627909783671,-0.6109969726512947,0.49744341308752915,0.7394080060359931,LL,14,prerhotic,long,FALSE
iː,TRUE,luzî,10.556707978846937,0.24721725025170654,NA,257.75543115137896,2245.6259090586195,2963.30268238926,3758.66305947427,0.24870151789651365,2.1667460883981033,2.859213758581074,3.6266363194644327,-1.8376703603949514,0.3270580082185157,0.6043781419232728,0.8421370494030596,LL,14,elsewhere,long,FALSE
ɛː,TRUE,vuèter,100.81222057225142,0.1146730618637406,t,775.713597655708,1778.18891019617,2722.3479537777303,2761.6806957087892,0.7059768103448129,1.6183294179767478,2.4776083993692617,2.5134051209615125,-0.7834912178821716,0.04607606437967515,0.47197541047759284,0.4863201263439052,RM,14,elsewhere,long,FALSE
o,TRUE,sóbbit,101.37940877445408,0.12360862512585412,bː,618.8804445819029,1315.2543444969997,3157.49042716144,3389.30461136404,0.5632429850026061,1.1970127502293333,2.873631488732885,3.084605537467651,-1.0093624835645443,-0.2554892509769564,0.6202582276877635,0.6911054551870084,RM,14,elsewhere,short,FALSE
æ,TRUE,bä,103.76412634527487,0.13420438148015992,NA,719.5214796098791,1405.71107443135,2509.5930796400703,3632.26882784349,0.6942475793382132,1.3563340891532771,2.4214411522623416,3.5046818096427668,-0.8110951750574484,-0.14138299792324194,0.43819434485533026,0.8079311989964557,LL,14,elsewhere,short,FALSE
e,TRUE,é,104.7420203601226,0.06650392682033157,m,478.8628166210681,1963.71124678384,2754.6617062881505,4128.43646992195,0.46204228879241743,1.8947339561538605,2.657901502152686,3.983421074863433,-1.2182673934335586,0.19290990062060764,0.5313683669491267,0.9359724811022998,LL,14,prenasal,short,FALSE
e,TRUE,mégga,104.855094128972,0.03098173871313747,gː,525.1156448448029,1744.3434110264698,2329.9857310525604,3932.6623325938403,0.5066704408932893,1.6830716315742096,2.248142688600297,3.7945236968299656,-1.1260630402330616,0.07445194061456384,0.36393586806684297,0.8873903593622154,LL,14,elsewhere,short,FALSE
ɑ,TRUE,biSåggn,105.2668127383968,0.08190932990267186,g,697.5275878674629,1476.1523575129097,2285.52125110038,3903.67328491325,0.6730262446941412,1.4243010528238629,2.2052400672774826,3.7665529179861124,-0.8421394890508793,-0.09248733138188125,0.3446678414943207,0.8799917023025605,LL,14,elsewhere,short,FALSE
ɛː,TRUE,stèr,105.6123211845317,0.06999524555320139,r,601.40098999017,1646.03116917289,2612.3098853395995,3986.54670352066,0.5802761881947687,1.5882127039947755,2.5205499290467626,3.8465153261839493,-0.9904196377666841,0.01644076290937857,0.4783085680008661,0.900999092831257,LL,14,prerhotic,long,FALSE
ɛː,TRUE,mèl,105.82156229091946,0.09233415370846389,l,649.8035862262791,1650.6933725577896,2405.3001518921405,3091.0700177490403,0.6269785955903383,1.5927111428962855,2.3208116162680126,2.982493140511569,-0.9130114122732618,0.019269149954721065,0.3957484235717601,0.6465910395481069,LL,14,prelateral,long,FALSE
e,TRUE,lé!,106.47382104434574,0.20998573665957568,NA,549.2047968665922,2095.2183752915603,2284.70754660392,3650.0361789970602,0.5299134377368374,2.0216217673165042,2.204454944952475,3.521825065096803,-1.081210146326673,0.2577315088776446,0.3443117523175747,0.8128108041190272,LL,14,elsewhere,short,FALSE
o,TRUE,tótt,107.45053029903914,0.05510264011634549,tː,523.088095452338,1188.1255691103702,2299.83497572225,3841.5541729873607,0.5047141111691641,1.1463914888989037,2.2190510082315105,3.7066158010169694,-1.1299316620348137,-0.30954936222106255,0.35091109519475605,0.8639507417860637,LL,14,elsewhere,short,FALSE
ɛː,TRUE,animèl,107.90624402540676,0.09978045642689891,l,637.5705361666752,1792.4470484800502,2274.27679895524,3095.9660730403903,0.6151752434563507,1.7294855814087833,2.1943905875830327,2.98721721704111,-0.9320166385831632,0.10165547697816457,0.3397358358156328,0.6481737218669119,LL,14,prelateral,long,FALSE
æ,TRUE,ch'avän,108.30120256987253,0.12211936458216144,n,699.2785170591802,1517.94694173696,2156.9587958700804,3650.2704919118996,0.6747156707743763,1.4646275611342559,2.08119349484464,3.52205114753985,-0.8396324408605356,-0.06456754986011148,0.2867729892269777,0.8128749967414697,LL,14,prenasal,short,FALSE
e,TRUE,qué,108.77634935107095,0.25615281351380764,p,579.0283681947238,1791.7222416151199,2351.48194340713,3537.88189429571,0.5586894267636029,1.728786234098487,2.2688838253349384,3.413610310050799,-1.02833008293464,0.1012510279601937,0.37311946813803853,0.7816019376469425,LL,14,elsewhere,short,FALSE
ɔː,TRUE,piotòst,109.35507393176911,0.23530316590222358,s,554.3102239955698,944.85267496811,2445.49615474772,3719.12374202758,0.5348395317121029,0.9116637946423852,2.3595956949541534,3.58848585946575,-1.071957053329272,-0.5386525386268683,0.41232175313703134,0.8315618118394079,LL,14,elsewhere,long,FALSE
a,TRUE,stà,11.452997164181387,0.0863771115337286,e,691.923423847762,1467.37011156924,2199.4322265844407,3939.08444296151,0.667618932452398,1.4158272919142492,2.1221750044941112,3.8007202242490146,-0.8502062641474186,-0.09845451668129002,0.3062729727507074,0.8890220459435119,LL,14,elsewhere,short,FALSE
a,TRUE,cà,11.928071277616889,0.22934612372748656,i,777.106646645561,1485.8342609929398,2429.1914706353405,3884.6453572772007,0.7498100106946544,1.433642869913245,2.3438637289216295,3.748193365039462,-0.7341039591431553,-0.08594986905713764,0.4056321983723272,0.8751054190444973,LL,14,elsewhere,short,FALSE
ɛː,TRUE,purtèr,110.97309255075247,0.1638186598053437,r,591.5362906154778,1790.1849226929196,2675.8898306751503,4225.757616561201,0.5707579960964695,1.7273029150167731,2.5818965662140014,4.07732372042358,-1.0069585193917874,0.10039264780343693,0.5023556965343561,0.9592722867827108,LL,14,prerhotic,long,FALSE
a,TRUE,cà,111.5845066716981,0.09680193533952772,d,757.283260143504,1485.82981591123,2252.15458935125,3655.6860057488593,0.7306829401577181,1.433638580969406,2.173045442368591,3.5272764361222286,-0.7599441832435794,-0.08595286070194952,0.3299610778014559,0.8143574897813712,LL,14,elsewhere,short,FALSE
aː,TRUE,salâm?,112.14082992021238,0.195093131222734,m,815.71736532796,1442.3258114282303,2120.2752504616296,3888.82778306279,0.7870644898747589,1.3916626974694206,2.045798495080118,3.752228879002132,-0.6856136255164893,-0.11566931801402358,0.2696196398992434,0.876181495622796,LL,14,prenasal,long,FALSE
e,TRUE,moché,112.70551503426546,0.0863771115337215,s,438.7327937685909,2111.40502825864,2309.10105556493,3982.99537992084,0.39929063932161596,1.9215893490855398,2.101512469161465,3.6249234026998107,-1.3533840372251928,0.21783430027915784,0.30733897958645784,0.8525148284769575,RM,14,elsewhere,short,FALSE
aː,TRUE,salâm,113.18282303851646,0.28147024275645555,m,923.3523407232879,1484.8903237272998,2437.479154277061,3685.45942824964,0.8403428047390848,1.3513984254304015,2.2183493544768975,3.35413598481962,-0.6092636988321551,-0.13417840232102485,0.3614450559895328,0.7748758773350382,RM,14,prenasal,long,FALSE
e,TRUE,mé,113.87215414067148,0.07297376664055832,ai,513.7164627259779,2033.8425814525901,2569.18814913154,3830.56358370333,0.4675332634015187,1.8509997797339686,2.3382176877923024,3.486195251467207,-1.1956031104402776,0.18040758527623169,0.41407063794984733,0.8134926263867772,RM,14,elsewhere,short,FALSE
ɔː,TRUE,ò,114.00590662458399,0.07836887877704157,d,556.1351049406611,1444.3383421144697,2621.1150540881504,3692.1183237196096,0.5061384623053174,1.314492074015773,2.3854763549642257,3.3601962444289857,-1.1162633355246445,-0.16186799380418115,0.43408050462503756,0.7766810490328737,RM,14,elsewhere,long,FALSE
o,TRUE,dSgósst,114.29322387704461,0.08190932990267186,sː,559.8626829479228,1328.3612868387897,2728.7332020400904,3487.1683317960997,0.5095309304015724,1.2089413761755516,2.483419612702564,3.1736712924162536,-1.1095830501154573,-0.24557324837539696,0.474318157173256,0.7195707248587517,RM,14,elsewhere,short,FALSE
e,TRUE,ninén,114.94180861150444,0.09084489316477115,n,488.972667567921,2098.84044459444,2876.4354346006803,3279.19006405812,0.4450139397306403,1.9101543236774905,2.6178433888733847,2.9843903071113314,-1.2449680013858533,0.21186570721475828,0.5270325154776634,0.6580771444415046,RM,14,prenasal,short,FALSE
e,TRUE,puvrétt!,115.9377073207173,0.16530792034903638,tː,533.630664671267,1977.2775192266802,2479.8268374296595,3523.21845351094,0.48565717512923035,1.7995199264377424,2.2568899735506314,3.2064805019205083,-1.157570634279356,0.15220159247802645,0.3786694183497348,0.7298555894733472,RM,14,elsewhere,short,FALSE
æ,TRUE,bän,117.10510282508018,0.13105492784427497,ŋ,756.934688252979,1462.5240982752498,2589.2782107458397,3775.1676098897997,0.7303466121979836,1.4111514996076489,2.4983272646955985,3.6425611312994586,-0.7604045818236536,-0.1017624980389531,0.4694528782821399,0.846518506205908,LL,14,prenasal,short,FALSE
a,TRUE,fà,117.47209551662789,0.07446302718425103,m,635.7977545572481,1191.41672669487,2498.44003982276,3666.8427562229203,0.6134647325460894,1.149567041333417,2.41067987394772,3.53804129475313,-0.934801037672865,-0.306783149837325,0.4337402775639383,0.8174047319213207,LL,14,prenasal,short,FALSE
e,TRUE,mégga,117.60166118392851,0.07446302718425103,gː,498.70338664701796,1992.78889013767,2730.04678467329,4159.66240593463,0.48118593926505426,1.9227902186607169,2.634151203890593,4.0135501691347075,-1.177670050982849,0.20760883446888645,0.5223924708127532,0.9435076430803386,LL,14,elsewhere,short,FALSE
i,TRUE,gnínta,117.88017644096774,0.0625489428347663,n,524.0458931760661,2194.5161074124203,3043.82445216349,4075.7329203546396,0.5056382653049856,2.1174315688474588,2.936907121925971,3.9325687893562993,-1.1281022915793741,0.3040352945398288,0.6311884927390965,0.9231243127958608,LL,14,prenasal,short,FALSE
uː,TRUE,vû,118.70189359747351,0.06594199678204403,b,453.05244582121105,1011.9759665553701,2678.09746252496,3573.02599052483,0.4371385326747572,0.9764293145361551,2.5840266528218834,3.4475199353038555,-1.2736736612409247,-0.47002145336003665,0.503180364899829,0.7914865776809057,LL,14,elsewhere,long,FALSE
aː,TRUE,salâm,119.51495512491009,0.22356001410122422,m,707.152853527739,1321.0557247857903,2411.7583163225904,3848.95877474881,0.6823134134229427,1.274652341999147,2.327042931315395,3.7137603088524225,-0.8284347117530162,-0.20349506704036635,0.39842979783468646,0.8658763881245752,LL,14,prenasal,long,FALSE
ɔː,TRUE,magnarò,120.55335969052204,0.08693904157199486,m,598.636678388312,1141.1734594893198,1889.22874231826,3552.3651385672606,0.5776089757591274,1.101088618348173,1.8228677229785661,3.427584816109937,-0.995026687301964,-0.3498691920624859,0.15424239745944845,0.7856873423863933,LL,14,prenasal,long,FALSE
e,TRUE,mé,120.75893854562838,0.15488309654323024,NA,536.3640291409758,1910.4300836064401,2639.49534919805,4021.08903409125,0.5175237146180962,1.8433243462832976,2.546780476725685,3.8798443233896127,-1.104868465070468,0.16540211589334852,0.48866146779862607,0.909626494465626,LL,14,elsewhere,short,FALSE
ɛː,TRUE,bèla,121.55458084410836,0.2784917216690843,l,727.126978572409,1709.8546906238098,2431.2499655444,3954.73103560367,0.7015859276627949,1.6497943614265536,2.345849917170616,3.8158172149220384,-0.8005804311453675,0.05448211518025925,0.40647923873241165,0.8929863172583774,LL,14,prelateral,long,FALSE
iː,TRUE,pîr,13.381404806367378,0.17839293551535643,r,257.255181103584,2242.1100402895904,2958.25294329098,3684.5605732634203,0.24821883962409602,2.1633537179806246,2.8543413965396085,3.555136756028579,-1.8396130396066805,0.32549112927196866,0.6026725967450854,0.8222249956321841,LL,14,prerhotic,long,FALSE
uː,TRUE,sû,13.983927348840913,0.060538651092574725,θ,312.29418984043997,1109.12821587627,2269.82272922601,3167.0068797159292,0.30132454899840777,1.0701689954625218,2.1900929714376494,3.0557626454492626,-1.6457358947638259,-0.37835195983962855,0.3377754601116898,0.6708606643871127,LL,14,elsewhere,long,FALSE
e,TRUE,zién,14.302921584280725,0.14452219972138816,ŋː,450.49537531046195,2139.16147154291,2484.89888665054,3646.48384055506,0.43467128178289055,2.0640213190542323,2.39761436711065,3.5183975060395167,-1.2793337431482241,0.27848764103823154,0.4283056937638712,0.8118370964575261,LL,14,prenasal,short,FALSE
ɛː,TRUE,mèver,14.89244026651688,0.24870651079539036,v,609.2603548408711,1910.4707011042503,2409.62061675512,3638.9793256135104,0.5878594851182926,1.8433635370515131,2.3249803205495936,3.5111565945727694,-0.9774358660557443,0.16542337658557837,0.3975430391968686,0.80977696179633,LL,14,elsewhere,long,FALSE
oː,TRUE,rôSa,15.720587389569445,0.24656413421184986,z,449.750903290165,839.1008812017801,2418.0641038453905,2855.6035171915605,0.43395296007516837,0.8096266367346667,2.3331272218440096,2.7552976325805143,-1.2809876732064787,-0.6573506154119775,0.40104098746326144,0.5673569348473269,LL,14,elsewhere,long,FALSE
iː,TRUE,sît,17.25803031372241,0.13105492784427852,t,339.2384335221879,2283.5533315510506,2395.0775622350407,3926.2857155821803,0.32732234959679263,2.2033412728395527,2.3109481051357843,3.788371064768012,-1.562978350588935,0.34380643306886505,0.3914893399250783,0.8857675929634796,LL,14,elsewhere,long,FALSE
e,TRUE,cuntadén,18.069138304620736,0.13935261016895592,ŋː,390.22024490201994,1997.4280001851102,2438.36225817939,4045.834326682361,0.3765133746651703,1.927266375400979,2.3527123835254278,3.903720413219077,-1.422970244220953,0.20993407756477023,0.4094003328013187,0.9157615149930267,LL,14,prenasal,short,FALSE
oː,TRUE,vôlt,19.002050484928127,0.1979833077131197,l,418.044791146889,810.6117968920499,2672.3989209686997,3318.8909960127103,0.40336055633257256,0.782138259556106,2.578528278147458,3.2023116826456723,-1.3540929718245955,-0.6918922870900159,0.5010502658202309,0.7177044142996882,LL,14,prelateral,long,FALSE
ɑ,TRUE,leziɑ̊n,2.0136360783382647,0.08637711153372839,ŋ,618.4758799587512,1753.5968395948298,2203.5153904135504,3757.9681619539897,0.5967513058446005,1.6920000243549869,2.1261147431742375,3.6259658309036125,-0.9624233610317292,0.07974274005134774,0.30812771432604436,0.8419521534032972,LL,14,prenasal,short,FALSE
ɑ,TRUE,leziɑ̊n,2.9932020539633597,0.09531267479583815,ŋ,861.1108251444189,1643.9062810286803,2265.0633784811203,2785.1914180445606,0.7836968122333564,1.496118820520577,2.061433786904793,2.5348022252712363,-0.6790513818336725,-0.03244402743680741,0.2880834244405852,0.49479728703840387,RM,14,prenasal,short,FALSE
iː,TRUE,lî,20.66464878401895,0.2896002756688817,NA,258.21474100735605,2390.04643877609,2922.42018527869,3948.54079997992,0.24914469404165274,2.3060937048409906,2.8197672994264376,3.80984441741827,-1.8358899862489828,0.38938652072465896,0.5904858280844589,0.8914198174546515,LL,14,elsewhere,long,FALSE
a,TRUE,và,21.382446769052464,0.1876468285043096,a,805.8844380130871,1351.8739136244299,2390.268168429889,3814.08091477265,0.7775769538114014,1.3043880116172575,2.3063076460224288,3.6801075680418562,-0.6977411993902125,-0.18043456136189917,0.38947928853271296,0.8567734466729116,LL,14,elsewhere,short,FALSE
ɛː,TRUE,salutèri,21.960279860002235,0.16977570198008962,r,561.3398801537279,1945.00092320243,2466.5679298246596,3917.62258797841,0.5416222642776787,1.8766808511067792,2.3799273031883597,3.7800122380493484,-1.059354985414524,0.18333617624426424,0.4209014068111543,0.883558711678563,LL,14,prerhotic,long,FALSE
ɛː,TRUE,respirèr,22.99701143401069,0.2576420740575003,r,594.6147951170841,1700.0928983785097,2393.2197477648697,3711.2569067304903,0.5737283650969623,1.6403754617434245,2.3091555482277193,3.5808953545026205,-1.0017677617372316,0.048756620193894484,0.39071335863439494,0.8294443326392562,LL,14,prerhotic,long,FALSE
aː,TRUE,dl'âria,23.3873921643748,0.2487065107953939,r,817.4579273548628,1339.3894451498397,2292.33492835478,3735.42228064654,0.7887439129470492,1.2923420723876076,2.2118144074109054,3.60421189587136,-0.6834821180246777,-0.18971240329981054,0.34764464199605083,0.8359345971277632,LL,14,prerhotic,long,FALSE
oː,TRUE,bôna,23.90320955161746,0.2466491324374972,n,394.682882967988,777.3587770693802,2602.17142903064,3234.1412733453603,0.3808192581760291,0.7500532847891385,2.510767595996,3.1205388774150435,-1.411598939929326,-0.7337795641168219,0.47441998600273916,0.691837168500828,LL,14,prenasal,long,FALSE
oː,TRUE,tôl,24.98591634124055,0.06993790499540606,l,425.98048082566703,900.4726930054599,2667.6064796618793,3190.50074415949,0.41101749709945284,0.8688427032340387,2.5739041760592416,3.0784312647767713,-1.3352880289008162,-0.5867617145643882,0.49925534531587257,0.6782516020882783,LL,14,prelateral,long,FALSE
eː,TRUE,trêno,25.42221056982211,0.11814551118046167,n,468.409436913878,2008.74347367309,2352.4815206654202,3622.28367567642,0.4519560943377991,1.9381843817436872,2.2698482914580427,3.4950473957749963,-1.2403387758156361,0.2155831136347679,0.3735444617762633,0.8051784010898286,LL,14,prenasal,long,FALSE
e,TRUE,matéNna,25.983023833186895,0.09680193533952418,ŋ,478.082404035779,2041.71978011585,2391.8707703134105,3968.2813906643,0.4612892889674285,1.9700023629606125,2.3078539549371824,3.82889160042213,-1.2198984434486597,0.2318662066946855,0.3901495333599936,0.8964068264140019,LL,14,prenasal,short,FALSE
iː,TRUE,l'arîva,27.304960568996073,0.17275422306745727,v,302.247697987969,2312.01092896405,2724.72987094128,3193.0325371390904,0.29163095006206924,2.230799269129626,2.629021051987415,3.0808741260356545,-1.678434681248027,0.35619140237929603,0.5204430177914672,0.6790448283473998,LL,14,elsewhere,long,FALSE
o,TRUE,córr,28.038969487461628,0.12509788566953972,rː,491.724623348133,949.8293424957699,2351.07680654793,3316.379552555431,0.4744523118969704,0.9164656518240808,2.2684929193067367,3.199888456112107,-1.1917627033074272,-0.5333992254830289,0.3729471632794521,0.7169474162062945,LL,14,prerhotic,short,FALSE
o,TRUE,sóbbit,28.424980700980257,0.10126971697058099,bː,489.693993182478,1000.5907862067902,2570.2443162030604,3208.2955178183906,0.472493009614846,0.9654440498549448,2.479961954435691,3.095600979493643,-1.195900862150597,-0.4813356637189159,0.4620746835789822,0.6838135293020295,LL,14,elsewhere,short,FALSE
o,TRUE,nómmer,3.73075142355457,0.10722675914531847,mː,492.92626755195494,1084.82947839623,3214.5749489627897,3925.03440968813,0.44861211038865473,0.9873031196574668,2.925584102098395,3.5721731337693168,-1.2369149906149124,-0.44809650389969224,0.638175824456189,0.8378558022231655,RM,14,prenasal,short,FALSE
i,TRUE,adío,30.024932694694524,0.206152552829721,o,347.795180089657,1804.3721589576799,2854.47170962418,3305.7477942334704,0.3165283329247169,1.6421587881218356,2.5978542065913404,3.00856049272604,-1.5856608512118893,0.06069338113165923,0.5193674698017379,0.6661433934308061,RM,14,elsewhere,short,FALSE
e,TRUE,ziéNna,30.440497286460474,0.10349184010105361,ŋ,400.7655198780419,1579.53594963571,2506.27148308187,3229.9560068371406,0.36473662995560463,1.4375353931125952,2.2809572409604937,2.939582400195372,-1.4438980769328236,-0.07238821463473766,0.3892768680669434,0.6429492011952487,RM,14,prenasal,short,FALSE
i,TRUE,adío,32.260126978053336,0.084887850990043,o,594.0983110534621,2183.7818035891,2928.02222473457,4055.3331833655607,0.5732300230445044,2.1070743180128324,2.8251725617317556,3.91288561321056,-1.0026367419704636,0.299131870629858,0.592400911004832,0.9181065747697845,LL,14,elsewhere,short,FALSE
ɛː,TRUE,stèt,33.445199141022,0.3003904999418055,t,766.1147826599381,1381.9500305592899,2350.06236028084,3937.2131713133504,0.7392042467519697,1.3334076753377078,2.2675141064634037,3.7989146828595852,-0.748349549133156,-0.15843070812615867,0.37251558861346723,0.8885468806374233,LL,14,elsewhere,long,FALSE
i,TRUE,gíssto,34.16488915177407,0.09553273973710932,sː,374.88377448066694,1309.55112719019,2875.16287167654,3918.5000871223897,0.3617156128646618,1.2635518547192728,2.7741699454848874,3.7808589141720814,-1.4630655112498765,-0.21224184798530032,0.5741830481823946,0.8837826742641512,LL,14,elsewhere,short,FALSE
a,TRUE,papà,35.43503186596617,0.043188555766867864,a,867.657397689227,1335.5233103583196,2576.8818685801803,3751.61967552014,0.7896548467680634,1.215459532535338,2.3452197405247204,3.41434841435651,-0.6714776611328794,-0.24019610795141766,0.41706077417207776,0.792668344434281,RM,14,elsewhere,short,FALSE
a,TRUE,stà,35.754721852897994,0.04594701191295058,b,829.423098407294,1431.8203932523297,2544.9649484738297,3709.02080023423,0.7548578176397841,1.3030994909329694,2.3161721570856684,3.375579185365927,-0.7165441977913733,-0.17057267880653182,0.4045975614335058,0.7812485907631679,RM,14,elsewhere,short,FALSE
æ,TRUE,bän,35.93928012784429,0.18615756796062038,ŋ,1016.5626481247298,1533.53714856106,2427.12953958674,2788.2885434434197,0.9251734892976607,1.395671892252861,2.208930171946835,2.5376209185582077,-0.5130923323753933,-0.10194238680423329,0.35718998391399115,0.49590866654960664,RM,14,prenasal,short,FALSE
o,TRUE,ló,36.365744384093205,0.14851152150858127,NA,494.6470341094331,1020.9914168933399,2695.79274321233,3334.6147911688095,0.45017817973340746,0.9292041109838953,2.4534405068511305,3.034832341617478,-1.2334301489408492,-0.5087451831938248,0.46217299865959216,0.6748378520271725,RM,14,elsewhere,short,FALSE
e,TRUE,qué,37.2208218618937,0.1530174721597249,NA,426.61553409597695,2116.2776070229597,2879.5455132268703,3361.315152089151,0.3882627234005279,1.9260238821716995,2.6206738708902977,3.0591323354484024,-1.3813913756530605,0.2201393838637946,0.5281131580152385,0.6828129959324603,RM,14,elsewhere,short,FALSE
ɛː,TRUE,vèla,38.006244840697185,0.09210153217231462,l,699.3783742741313,1963.6614738031499,2550.5581230739504,3151.9030156821204,0.6365041368184643,1.7871279658653554,2.321262504316693,2.868546386517099,-0.8870826910005034,0.1452915136226247,0.4067928912428034,0.6184870866135697,RM,14,prelateral,long,FALSE
e,TRUE,vétta,38.4253277234529,0.08042006935899337,tː,460.63167507831395,2172.82253865867,2754.4080364774604,3067.46906389397,0.4192208073938014,1.9774854146212855,2.5067862750596555,2.7917030616761407,-1.3046758405653573,0.24650771565015095,0.48368323495276044,0.5913334966596331,RM,14,elsewhere,short,FALSE
a,TRUE,và,39.573522005611345,0.06552746392213749,b,616.322727520487,1193.0027258784999,2239.6784780547396,3523.7248873407793,0.5946737850053038,1.1510973307344565,2.161007566762914,3.3999505819013853,-0.9659108198084212,-0.30545284747310486,0.3244060435016438,0.7775923612547144,LL,14,elsewhere,short,FALSE
oː,TRUE,quatôrg',4.696023057662555,0.18244618428648887,r,387.395722104047,815.8164230369799,3104.1535668400707,3990.9150216942903,0.3525687793262421,0.7424743847511999,2.825089621428659,3.6321310673007545,-1.477827886423702,-0.733085236868682,0.6032217591779965,0.8545012175830902,RM,14,prerhotic,long,FALSE
æ,TRUE,äl,40.839489670876716,0.06440360384559086,l,558.1842955636331,1694.9124682816,2280.8221532368507,4114.08752883934,0.5385775227026834,1.6353769993533087,2.200706029852224,3.969576154461515,-1.0649923678232236,0.04570482288692723,0.34260969601282554,0.9324907913723619,LL,14,prelateral,short,FALSE
aː,TRUE,cavâli,41.353308093818164,0.3133301795822661,l,788.142064336829,1349.27977631338,2690.46107107985,3766.4327046583803,0.7604577984761989,1.3018849959329393,2.5959559774554877,3.6341330482129752,-0.7200031961624207,-0.18235532441826763,0.5077863053343048,0.8442020458332946,LL,14,prelateral,long,FALSE
æ,TRUE,äl,41.99731501417636,0.12282663014629239,l,468.47180715973104,1547.82779600586,2048.3750642360405,2997.3936093295,0.452016273767369,1.4934588209821054,1.9764238736745878,2.8921072081532673,-1.240205631414807,-0.04507374939092301,0.23512055176352487,0.6158168386749532,LL,14,prelateral,short,FALSE
aː,TRUE,fât,42.61147582358288,0.18020052578588516,t,750.3006309923189,1355.49948355099,2398.1868280043896,3454.0454390249597,0.7239455827292018,1.3078862298311187,2.3139481548842085,3.3327186928004395,-0.769207586924348,-0.17775626652631704,0.39278668801703187,0.7576198596368586,LL,14,elsewhere,long,FALSE
e,TRUE,pulidrén,43.30679946064302,0.17812205587917873,ŋ,531.749420961518,1730.6834930828797,2199.73596374426,4095.1571512534706,0.513071199093584,1.6698915316952765,2.1224680725871914,3.9513107250235033,-1.113509189312536,0.0665901377116942,0.30641106120159645,0.927878817462914,LL,14,prenasal,short,FALSE
æ,TRUE,äl,43.53658442307689,0.12778793870718633,l,522.2312302382411,1662.8883260921898,2117.1658854051593,3269.65448065153,0.5038873441892144,1.6044777366830196,2.04279834953213,3.1548046483552135,-1.1315710948568372,0.026629770396490393,0.26815207232020644,0.7027580404368345,LL,14,prelateral,short,FALSE
aː,TRUE,vâc,43.90746053234821,0.23828168698959473,k,840.6608141402589,1379.0332183151197,2207.9221719728303,3702.505912371521,0.8111317754930761,1.330593318994938,2.1303667321931905,3.5724517474350304,-0.6554932883979827,-0.16054358826078197,0.31012560411266765,0.8270835885375929,LL,14,elsewhere,long,FALSE
iː,TRUE,pîguer,45.552126676254474,0.19211461013536282,g,345.649729912004,2414.5013869873906,3058.0505062096604,3505.16444858639,0.33350844288960574,2.3296896489228023,2.950633471819574,3.3820420968292284,-1.544255633462976,0.3995665252918892,0.6358513479823502,0.7723111621899639,LL,14,elsewhere,long,FALSE
iː,TRUE,agnî,46.33016704554429,0.20527435471710478,NA,347.13149399632,2446.6227965707003,2600.2970800571397,4222.32872621247,0.33493815855180453,2.36068276237403,2.508959085375312,4.074015273223765,-1.5399779010627759,0.4127823477603876,0.4736994245802819,0.9584605312210615,LL,14,elsewhere,long,FALSE
æ,TRUE,s'andän,47.54429155679975,0.084887850990043,n,807.8053685572561,1632.4149366484398,2690.00279482685,4016.1333140441707,0.7794304097792332,1.5750747550416309,2.5955137986070036,3.8750626778876214,-0.6953604054560918,0.00813419914285074,0.5076159571020593,0.9083933020863535,LL,14,prenasal,short,FALSE
o,TRUE,lóng,47.8548259155282,0.08042006935898627,n,562.3197901901771,1095.8907458490598,2387.53340492174,3772.50663784584,0.5425677540094694,1.0573965046010458,2.3036689437746176,3.6399936285180168,-1.0576108447094326,-0.3903587763675267,0.3883345093848867,0.8458133957130949,LL,14,prenasal,short,FALSE
e,TRUE,acsé,48.46946318869887,0.31955641909106447,NA,469.10237379380203,2037.3464556436402,2406.76122325076,4015.47259382676,0.45262469112768544,1.9657826558156104,2.322221366056875,3.8744251661182636,-1.2388605288256906,0.22972192861969098,0.3963556774239514,0.9082287720467876,LL,14,elsewhere,short,FALSE
æ,TRUE,andän,49.16821808556508,0.08190932990267186,n,699.3299662357529,1544.9796947345,2191.90614803794,3885.43734948476,0.674765312747975,1.4907107620715865,2.1149132868652636,3.7489575377410898,-0.8395588689106859,-0.04691550778356035,0.30284527701279185,0.875309275873362,LL,14,prenasal,short,FALSE
ɔː,TRUE,fòra,49.497527365953026,0.1638186598053437,r,574.790423092292,948.74585287943,2111.3876703256797,3572.5452884592996,0.5546003436547473,0.9154202208471073,2.037223099945419,3.4470561183715827,-1.0356760616832021,-0.534540596903665,0.26541911950322206,0.7913520322268104,LL,14,prerhotic,long,FALSE
æ,TRUE,äl,5.722012508964636,0.1193844438062346,l,469.0567689451849,1926.4607831367603,2426.69469679343,3425.7739300890403,0.4525806881942696,1.8587919517119182,2.3414546567187524,3.3054402484465024,-1.2389577508141043,0.17375825286238644,0.40460384886994927,0.7494011356972079,LL,14,prelateral,short,FALSE
a,TRUE,cà,50.13272052320481,0.24274946862065863,m,730.0284316379801,1523.89653428371,2191.73811140247,3690.8695911291097,0.7043854643332337,1.470368168385994,2.1147511526820306,3.561224163431109,-0.7965980736290827,-0.060655711410428026,0.3027686117427075,0.8239358163609802,LL,14,prenasal,short,FALSE
e,TRUE,mé,50.48716453260184,0.18913608904799875,NA,572.4399864176721,2036.90722646086,2613.8139885983005,4057.7124465003103,0.5523324683821045,1.9653588549902548,2.5220011991978555,3.9151813023855433,-1.0397736517467768,0.22950631652542608,0.47888417751051815,0.9186931025206446,LL,14,elsewhere,short,FALSE
o,TRUE,zío!,51.375019184634574,0.21445351829063952,e,405.57338187173104,1055.34593911953,2397.6683414446893,3861.7722841225395,0.3913272175851192,1.0182758741203914,2.3134478806753185,3.7261237310957203,-1.384379730887904,-0.42805765792239825,0.3925704652399036,0.8691999435879305,LL,14,elsewhere,short,FALSE
e,TRUE,pipién?,52.10364829487303,0.12283370259492446,ŋː,455.98929095184695,2026.1679954030901,3124.13258139127,3650.40070661786,0.41499577440752494,1.8440151403047813,2.8432725190977397,3.3222290483585732,-1.3148052702705444,0.17662700636140016,0.60963735493048965,0.7653176284314576,RM,14,prenasal,short,FALSE
e,TRUE,cunén?,53.476216352943176,0.06552746392214458,ŋː,486.385700365225,1953.68591002324,2459.43449212958,3324.993116874801,0.4426595413292904,1.7780492070038176,2.238330903638865,3.0260756575155248,-1.2502726634548162,0.14019848287224068,0.3704121264970883,0.6719482882205323,RM,14,prenasal,short,FALSE
iː,TRUE,mî,54.49439307023339,0.09084489316477824,g,320.50284282870206,1557.07426124571,2757.97486904033,2932.44724513449,0.2916895815291333,1.4170930144145109,2.5100324487549193,2.6688197279008303,-1.6673834484527017,-0.08671072897386445,0.4849773515342086,0.5463179958874163,RM,14,elsewhere,long,FALSE
e,TRUE,galéNna,54.72723051269373,0.05510264011634549,ŋ,532.634647674768,2070.706489758479,3074.2485018646094,4057.05039065575,0.4847507002339047,1.884549616273235,2.797873026994406,3.692320855092913,-1.1594388696512965,0.19837053267581695,0.5935411659806409,0.8709368890442715,RM,14,prenasal,short,FALSE
e,TRUE,preferé,55.496457118877174,0.16679718089271495,NA,438.138364822121,2418.0136732984806,2882.3132930200504,3138.4282499915,0.3987496496407934,2.2006338236229634,2.623192826798807,2.8562830046050673,-1.354739832843972,0.353427091201036,0.5290738827046626,0.6142028014996725,RM,14,elsewhere,short,FALSE
ɔː,TRUE,còca?,56.21590352931777,0.23850175193087608,k,753.6152740047349,1006.06700433932,3038.23596381307,3785.4717117877804,0.685865129832535,0.9156214057135496,2.7650980223755868,3.445157146677473,-0.8123926036446871,-0.523470641601695,0.5817577561596075,0.8016511899800687,RM,14,elsewhere,long,FALSE
i,TRUE,odío,56.84188015828831,0.2483646456983877,o,302.80129253142604,2324.832359886401,2670.57069404533,3666.63918147024,0.29216509905222626,2.243170334669352,2.576764269494487,3.5378448707640375,-1.6766047643103512,0.361721657684849,0.5003659171802592,0.8173492126592654,LL,14,elsewhere,short,FALSE
e,TRUE,pipién,58.323558769761526,0.17573274415482845,ŋː,578.665888317939,2078.60916057361,3157.08316495019,4204.201309093321,0.5583396793493169,2.005595967615712,3.0461875109336223,4.05652459947564,-1.0289562929837803,0.24977272177047194,0.6677222767800641,0.9541580615196272,LL,14,prenasal,short,FALSE
a,TRUE,cràssen,58.94357835655733,0.18168978632957078,sː,760.49284044381,1493.4536183088899,2295.3519997752705,3435.87040419404,0.7337797807904497,1.4409945898029406,2.214725501227732,3.3151820739595466,-0.7557148570824115,-0.08083497299056486,0.3489599330796471,0.7523440108740163,LL,14,elsewhere,short,FALSE
aː,TRUE,vâc,6.191373180536831,0.31572323526121515,k,859.5092013414239,1237.3872341187498,1775.37202940912,3944.6165321624303,0.8293180945393581,1.1939227894304465,1.7130103391914495,3.8060579933709375,-0.6333200242384569,-0.2689241881160136,0.09208371951868699,0.8904254705854102,LL,14,elsewhere,long,FALSE
ɔː,TRUE,Sbròzen,61.497290665204865,0.2489265757366823,θ,528.771081804758,1062.60186387729,2015.87508012605,3677.70712785919,0.5101974770315965,1.0252769273782683,1.9450654834996,3.548524044640737,-1.1191259538711682,-0.42120578637471073,0.21912710858583306,0.8203632194343937,LL,14,elsewhere,long,FALSE
uː,TRUE,fiû,62.964683027209645,0.11733677295404733,k,430.68161381573003,809.1486076360501,2214.4776049780803,3942.6751353782306,0.4155534981654222,0.7807264662630936,2.136691899160932,3.804184790059903,-1.3243124523877423,-0.693698961274551,0.31309025594754303,0.8899331858049715,LL,14,elsewhere,long,FALSE
ɑ,TRUE,kånt,64.00155287552148,0.09382341425215655,n,689.039175447834,1666.9146617114802,2268.1690641913697,3372.3636222243304,0.6648359961167853,1.6083626433001383,2.1884973930152265,3.2539060302229017,-0.8543834266502417,0.0290481342434612,0.3370466509013088,0.7336875946178525,LL,14,prenasal,short,FALSE
ɔː,TRUE,còca,65.31051359780876,0.22356001410126683,k,525.0843245268052,1036.49722280813,2285.02150961904,3698.3343062526906,0.5066402207322931,1.0000892375241954,2.2047578797076226,3.568426673087673,-1.1261226866221694,-0.4460793019841196,0.34444916222164146,0.8259562553058517,LL,14,elsewhere,long,FALSE
e,TRUE,puvréNna,66.07522328996832,0.18608490019768453,ŋ,474.0669984700999,1706.6583272413998,2140.6399922255705,3896.4087283887698,0.45741492847502824,1.646710273454466,2.0654479052424515,3.7595435361608183,-1.2283328957725095,0.052610988509138146,0.2791785706311094,0.8781290145481178,LL,14,prenasal,short,FALSE
ɑ,TRUE,insåmma,67.32081777138605,0.1934820705233449,mː,742.746020767962,1341.86293758013,1862.94587056986,3620.79008389434,0.7166563356257697,1.294728680961366,1.7975080629733127,3.493606267874561,-0.7793273975652282,-0.1878673750973956,0.14023276073582114,0.8047659817626664,LL,14,prenasal,short,FALSE
ɛː,TRUE,andè,68.8973197953798,0.05957042174740935,i,483.96501528559594,1894.56119308802,2232.0215331913105,3037.90014597767,0.4669652677062251,1.8280128661657484,2.153619579625346,2.931190912826843,-1.2076689328260235,0.15706097586419343,0.32098141647943645,0.6292402598113869,LL,14,elsewhere,long,FALSE
aː,TRUE,pgnâta,69.38180490501519,0.18615756796062038,t,946.8554181278039,1354.12042316711,2629.0476072003203,3566.4328572140203,0.913596189477085,1.3065556103007763,2.5366997219504324,3.4411583922909,-0.5365351465035779,-0.17877416612141062,0.4846953785859842,0.7896396211186074,LL,14,elsewhere,long,FALSE
uː,TRUE,sû,7.266141798487129,0.2502193067092308,NA,302.85559429086805,731.05994436926,2527.9211216015105,3427.3567104144504,0.29221749340891295,0.7053807441644013,2.4391254037076746,3.306967432054886,-1.676425449055233,-0.7951860948335563,0.44547099841944693,0.749863050240088,LL,14,elsewhere,long,FALSE
iː,TRUE,vidî,7.9556811978983495,0.2055179550285269,NA,251.91647840202003,2341.0325505693404,3045.8003620822606,3675.268269392839,0.24306766411036884,2.2588014777070082,2.9388136260637494,3.54617085347884,-1.8605839568002605,0.36866581748946814,0.6318374358344068,0.8196998529945452,LL,14,elsewhere,long,FALSE
oː,TRUE,côsa?,70.16842424059995,0.35581962009912615,s,475.4206712476599,1136.6697353263899,2821.28303585609,3886.27232355167,0.4326802702360017,1.0344829284755837,2.5676492003658726,3.536895765916505,-1.2730745589737769,-0.40141661344799306,0.5076724429608861,0.827931110841762,RM,14,elsewhere,long,FALSE
e,TRUE,é,71.87769245128179,0.05537183745038021,b,395.875217429302,1893.5720295751098,3169.9652561755706,3948.84677907183,0.36028596654733575,1.7233395748606197,2.8849848284495128,3.59384476700491,-1.4561755406585206,0.10894569230493278,0.624201311859844,0.8439042658483089,RM,14,elsewhere,short,FALSE
iː,TRUE,brîSa,72.02836416501673,0.07023884586462259,z,393.459521950516,1907.2209351850802,2677.3880742295,3244.61925338771,0.35808744251213553,1.7357614414829723,2.436690420810074,2.9529274183313894,-1.462296398895833,0.11612785897805367,0.4553224043517998,0.6474786941830839,RM,14,elsewhere,long,FALSE
iː,TRUE,avî,73.37990341146605,0.09382341425214236,f,298.92143184860987,2413.81628934091,2787.38389895218,3849.7296946326596,0.27204834314874293,2.1968137852130227,2.5367976017640306,3.503638325691372,-1.7370938256308586,0.3516897018285414,0.4955841695464107,0.8184836208762896,RM,14,elsewhere,long,FALSE
oː,TRUE,brôd,74.32251069751283,0.20735633402871656,d,425.9601243011019,1163.5261963124299,3053.17444730937,3862.05059978121,0.38766623506017533,1.0589249889491577,2.7786935336080547,3.5148515793247,-1.3829288577932735,-0.3780640971710705,0.5866625359842494,0.8216789701112184,RM,14,elsewhere,long,FALSE
aː,TRUE,ormâi,77.16927360917461,0.17104489758247618,i,832.370582055804,1448.16088389358,2401.4650490788,3679.2144091608193,0.8031327459715315,1.3972928072703519,2.317111225216284,3.5499783812028713,-0.6654038016824915,-0.11163188002740032,0.3941527127488804,0.8207729781398898,LL,14,elsewhere,long,FALSE
eː,TRUE,l'êra,77.53950018980619,0.052124119028974306,r,455.1569316347411,1783.15784779919,2371.2007592596697,4026.38292686598,0.4391690963524212,1.7205226730461718,2.2879099983693614,3.884952262969297,-1.2690392902856358,0.09645958881440642,0.381470200839944,0.9109421606932431,LL,14,prerhotic,long,FALSE
ɛː,TRUE,vècia,78.36284120552266,0.31677236592231856,ts,700.1582407331761,1907.8566416075,2794.63386509644,4069.6019731785505,0.6755644932883189,1.8408412989678788,2.6964695995340504,3.926653197735104,-0.8383751867760214,0.16405415929721112,0.5457748261583699,0.9216189239041688,LL,14,elsewhere,long,FALSE
oː,TRUE,intinimôd,79.97173921212874,0.30342412994770035,d,473.260213886062,847.51317982998,2634.65460081826,3762.0889355106597,0.4566364829937072,0.8177434450924443,2.5421097643979906,3.6299418582325953,-1.230036182173591,-0.6473751639068865,0.48682581663779256,0.8430480956057869,LL,14,elsewhere,long,FALSE
uː,TRUE,pû,80.79849916604427,0.07744154827162222,s,359.38225547333604,951.8370642272399,2392.03432319215,3214.03982616616,0.34675859997223246,0.9184028503533221,2.3080117628600543,3.1011435133559724,-1.5052949539713625,-0.5312876853408239,0.3902179096657967,0.6856023832225775,LL,14,elsewhere,long,FALSE
ɛː,TRUE,stèr,81.04023480705901,0.06760218987423627,r,582.525047442835,1613.07197488013,2288.99419582412,3799.61859030545,0.5620632817109764,1.5564112338467366,2.208591021399018,3.666153246958348,-1.022309370045126,-0.00378585558431066,0.3461862298050722,0.8529744152423495,LL,14,prerhotic,long,FALSE
e,TRUE,trancuéllaː,81.5101082762767,0.06403820337844478,lː,579.4676034042658,1614.51821570195,2371.5456890514597,3963.6621497400197,0.5591132334040244,1.557806674036004,2.2882428121626646,3.824434614882518,-1.0275717976382612,-0.002889681762223262,0.38161565655686136,0.895242107723571,LL,14,prelateral,short,FALSE
æ,TRUE,avän,82.37137630346434,0.11616232240743332,n,790.0837255563563,1511.8612474198396,2334.82449768323,3871.54244717609,0.7623312569340097,1.4587556328208107,2.2528114887897597,3.7355507075542196,-0.7175426329000665,-0.06858476951326953,0.36601045122408404,0.8717267173172365,LL,14,prenasal,short,FALSE
aː,TRUE,fât,82.82955575327387,0.21640644408701354,t,897.419241320017,1377.7059087714601,2243.7280666693396,3740.5190528541807,0.8658965070448793,1.3293126325056093,2.164914909590992,3.60912963893792,-0.590158419964685,-0.16150654455445856,0.3262125224258625,0.8372981105021777,LL,14,elsewhere,long,FALSE
oː,TRUE,brôd,83.6065561060304,0.26861409359580085,d,499.86854463442404,948.01499502329,2488.6143360930505,3525.88080526226,0.4823101699311656,0.9147150350926241,2.401199307733986,3.402030771083578,-1.17533640133842,-0.5353112347973328,0.42979978856860246,0.7782040034039932,LL,14,elsewhere,long,FALSE
a,TRUE,alàss,84.64864808102485,0.16772451139813427,sː,817.281052162509,1445.4905632809803,2527.1416731526197,3787.93574272286,0.7885732506699435,1.3947162842979461,2.438373334152844,3.6548807708977473,-0.6836985136636882,-0.11347752136973988,0.4451626151266117,0.8498949363213777,LL,14,elsewhere,short,FALSE
e,TRUE,tucén,86.03988456450818,0.13701197001901733,n,494.1573411744381,2013.0109651279802,2672.2078580507095,3791.24294558324,0.4767995781148476,1.9423019733602855,2.5783439265025456,3.65807180500203,-1.186827583584515,0.21770531832004725,0.5009787683552265,0.850767643828692,LL,14,prenasal,short,FALSE
ɔː,TRUE,pò,86.89675747782775,0.1533938359995517,t,590.0436806108861,919.11302958278,2452.96903326697,3919.9645332872005,0.5693178154876214,0.8868282796394443,2.3668060812590777,3.7822719202237454,-1.0094849853693555,-0.5662724477405439,0.41537286569155096,0.884156330650387,LL,14,elsewhere,long,FALSE
i,TRUE,zío,87.44922400714212,0.20998573665957568,o,269.752099124695,2264.72014201993,2904.5398477748,3821.0465457879495,0.2602767910976899,2.185169617630194,2.802515026378861,3.686828524410743,-1.7921781686131855,0.33552491821379427,0.584348702199498,0.8585980744826793,LL,14,elsewhere,short,FALSE
a,TRUE,à,88.08568635999644,0.07446302718425103,a,724.3723137796311,1600.59046865277,2504.0179037383004,4040.9616576710805,0.6989280231825685,1.5443681528124666,2.4160618099023514,3.8990189015034966,-0.8043760487036131,-0.01155367140610597,0.4359703277872846,0.9145564222442042,LL,14,elsewhere,short,FALSE
ɛː,TRUE,adruvé,88.81202994162858,0.24248027128656707,u,640.4138736262091,1851.4645755515,2455.57930492099,4124.324411777091,0.6179187058886235,1.786430059744714,2.3693246645516863,3.9794534568088413,-0.9275669095735255,0.13405071287082837,0.4164364273477599,0.9349759519300376,LL,14,elsewhere,long,FALSE
e,TRUE,métterla,90.17849812739605,0.084887850990043,tː,556.8010528659648,1707.00406662547,2363.7968600985796,4191.07466029929,0.5372428677664415,1.6470438684023232,2.2807661684547385,4.043859037142436,-1.067473554520884,0.05281355065229132,0.378342889787012,0.9510309077395478,LL,14,elsewhere,short,FALSE
o,TRUE,só,90.8032055607642,0.10573749860162708,l,570.3276441532869,1050.8397382010598,2468.7931988007804,3252.8234687725503,0.5502943242191555,1.0139279579451081,2.3820744074011286,3.1385648423370114,-1.0434705444722283,-0.4323366802732904,0.42180317228238184,0.6975971033305113,LL,14,prelateral,short,FALSE
ɛː,TRUE,capèl,91.41387505143796,0.2904058060185548,l,617.66307676424,1931.2518302173496,2429.70894659812,4116.739213326369,0.5959670531624238,1.8634147085474724,2.3443630280318106,3.972134695920607,-0.9637384289004824,0.17624213386859022,0.40584519963611143,0.933135121440734,LL,14,prelateral,long,FALSE
e,TRUE,sé,92.12703432229193,0.23381390535854507,NA,570.0962124571021,2100.9319757194103,2199.27892833405,4180.006203778141,0.5500710217891217,2.0271346719048307,2.1220270909956724,4.033179371052434,-1.0438764140934573,0.2604547687615746,0.3062032713108742,0.9483864552127761,LL,14,elsewhere,short,FALSE
e,TRUE,é,92.77798651540806,0.04021003467948958,b,512.8463528489899,1787.37722722869,2798.6714723105306,4064.0186017928895,0.49483211985677866,1.7245938426196332,2.7003653818201068,3.9212659477656615,-1.1497052612697987,0.09882303367906342,0.5472185549276203,0.9202460119982847,LL,14,elsewhere,short,FALSE
iː,TRUE,brîSa,92.94261070556311,0.067016724465816,z,332.7502458033161,1715.6261596072102,2346.1584411859094,3574.7950942321604,0.321062065858549,1.6553631018804504,2.2637473163697193,3.449226897501952,-1.5822893584847488,0.057851846144776786,0.37085300920792985,0.7919815827243939,LL,14,elsewhere,long,FALSE
ɛː,TRUE,stè,93.24180570849168,0.10842328698481654,u,600.8398078233749,1888.9650594251505,2678.95025034682,4164.76506532292,0.5797347181040126,1.8226133022066477,2.584849485632012,4.018473592588902,-0.9913531981791621,0.15410281600472509,0.5034987446771879,0.9447335916623869,LL,14,elsewhere,long,FALSE
e,TRUE,sacrifézzi,93.8273532686677,0.084887850990043,θː,503.1694420363901,1767.6324566722699,2400.1785624634,3971.7386529373803,0.4854951200624685,1.7055426265658538,2.3158699277096733,3.832227422954523,-1.1687545781927948,0.08771478062623572,0.3936168601324592,0.8972776711908628,LL,14,elsewhere,short,FALSE
o,TRUE,inóttil,94.25101052863836,0.1937256708347661,tː,578.175091072918,1154.4480774749702,2256.06152818375,3523.5458203268995,0.5578661218406705,1.1138969523094802,2.1768151461285905,3.3997778047926426,-1.0298048059310414,-0.3383039007155926,0.33169433091476463,0.7775415424281507,LL,14,elsewhere,short,FALSE
e,TRUE,mé,96.30798177820404,0.42592851549389377,NA,470.652564967191,2048.6399817867195,2687.89058143374,3513.83184980384,0.4541204303100935,1.9766794857355132,2.5934757787885996,3.3904050470466847,-1.2355613866440072,0.23524987398864372,0.5068304400402877,0.7747808616325882,LL,14,elsewhere,short,FALSE
iː,TRUE,zîga,97.04357822199889,0.1429690121937597,g,273.5814137306779,2182.11763055885,2472.35344674965,3276.1735685746603,0.2639715972585422,2.10546860069849,2.3855095981360694,3.1610947468976227,-1.7780823032923951,0.2983695199912555,0.423244233971249,0.7047498709674924,LL,14,elsewhere,long,FALSE
iː,TRUE,luzî,97.6487297695542,0.16489338748911567,NA,294.9555982084969,2174.1278653984396,2722.2073824108397,3680.2074325523404,0.28459499246572884,2.0977594839045017,2.6265871683497566,3.550936523670228,-1.7028567239984742,0.29470132721985554,0.5195168133600818,0.8210428426534078,LL,14,elsewhere,long,FALSE
ɔː,TRUE,pòs,98.39547110123019,0.14445827273731032,s,586.162019316663,1200.32619552721,2891.65089650566,3765.5617278985906,0.5334659518578149,1.0924166618357183,2.6316909781074314,3.4270370738018836,-1.0636783599164037,-0.34692596631131156,0.5323082677196558,0.796377731667766,RM,14,elsewhere,long,FALSE
iː,TRUE,brîSa,98.72775890270545,0.06552746392213749,z,334.53109785266093,1962.64070320256,2781.37882338827,3915.765899148609,0.30445669398719505,1.7861989627192507,2.531332383537483,3.5637378639389143,-1.6245447513380373,0.14477154823149085,0.4934274686090676,0.8354916265034671,RM,14,elsewhere,long,FALSE
æ,TRUE,däl,0.8380909195782027,0.08057747276450178,l,443.3083254625239,1759.6005904216702,2341.6445006126896,3686.5904079783404,0.4277366841358274,1.6977928875239137,2.259391932402678,3.5570952908009588,-1.2954160322368669,0.08316057055525139,0.368927185096136,0.8227757467350694,LL,15,prelateral,short,FALSE
e,TRUE,quénng',1.2218471323031304,0.0819204306439101,nː,487.5624464086789,1814.1530591821902,2249.356517631441,3150.69945390608,0.4704363355197814,1.7504291471175104,2.1703456556723757,3.040028034024092,-1.2002631770306724,0.11369244926962274,0.32871790766872877,0.6656982015671771,LL,15,prenasal,short,FALSE
ɑ,TRUE,leziån,1.8496146044404862,0.08594930428213532,n,608.767090858625,1867.77690907145,2418.9436802169,3618.8574267043805,0.5873835475189944,1.802169406491837,2.3339759022296103,3.4917414971709158,-0.9782458051272371,0.1428226295024153,0.4014046736182033,0.8042320725542309,LL,15,prenasal,short,FALSE
o,TRUE,cópp,100.19707346071777,0.1154943776291191,pː,518.258894020203,925.8622569216499,2170.7701723811906,3357.7480677022495,0.5000545401912216,0.8933404337240649,2.0945197331598124,3.2398038614410303,-1.1392066416532183,-0.5589560815052357,0.2931557472515971,0.7293442558526655,LL,15,elsewhere,short,FALSE
uː,TRUE,l'ûltma,101.11891612870427,0.17324156644369285,l,338.0212150511979,727.39084406444,2741.98702769512,2843.83260044383,0.32614788712283177,0.7018405246196678,2.6456720341222493,2.7439401808708945,-1.5665728945254234,-0.8002176091973396,0.5267565746841134,0.5632263741249677,LL,15,prelateral,long,FALSE
e,TRUE,tuchéNna,101.8807759399643,0.1526901826138243,ŋː,467.4068352051699,1632.1512931308598,2196.2107294076995,3581.4397517863003,0.45098871000107527,1.5748203722621377,2.11906666557696,3.4556381549184705,-1.2424815085767191,0.007972680889216655,0.30480720413129436,0.7938386093890157,LL,15,prenasal,short,FALSE
æ,TRUE,l'avän,103.01773995358475,0.1342957879408431,n,757.1948309710262,1418.7303194168098,2097.84457196334,3560.7122170731705,0.7305976171469738,1.368896020342416,2.0241557162449473,3.435638695266423,-0.7600609616546992,-0.1321639451055745,0.2589841478426269,0.788034310349782,LL,15,prenasal,short,FALSE
ɛː,TRUE,magnè,103.59410070840951,0.2108443870671267,NA,615.010188837866,1939.7801742042,3035.0537192507504,4083.1624676896595,0.59340735053597915,1.8716434860564424,2.9284444696407426,3.9397373665274946,-0.96804271957705,0.1806483789088027,0.6283028487924573,0.9249455273194469,LL,15,elsewhere,long,FALSE
æ,TRUE,avän,104.39567137133614,0.06983380972923213,n,728.8088727698301,1404.7293985214799,2180.41078605891,3580.5153492281,0.703208743670867,1.3553868955761077,2.1038217107918364,3.454746222910113,-0.7982700340986524,-0.14208159016117872,0.2975870175412858,0.7935804668705844,LL,15,prenasal,short,FALSE
ɛː,TRUE,invidè,104.87216889359188,0.056404230935143566,a,410.53200209028194,1763.7203495768397,2420.47640814548,3926.6998360353905,0.39611166138720416,1.7017679360832474,2.3354547915808745,3.788770638832641,-1.372227669801502,0.08549913755091954,0.4020381081834383,0.8858730612470707,LL,15,elsewhere,long,FALSE
uː,TRUE,sû,105.53696133113766,0.07345560872755642,a,395.44361686968597,1008.46547167203,2120.9407145849204,3173.97377072086,0.3815532705505598,0.9730421292413403,2.0464405841209916,3.0624848175494046,-1.4096733390618272,-0.473496434965047,0.2699334480779525,0.6730580827967847,LL,15,elsewhere,long,FALSE
iː,TRUE,amîg,105.8551160860903,0.26203133619034696,g,350.04148458770806,2212.1718563111203,2787.4546067302904,3710.26857190137,0.33774593285906146,2.134467142185689,2.689542519685308,3.5799417359072945,-1.5316298796092802,0.31204849788847344,0.5432025765923418,0.8291779898670564,LL,15,elsewhere,long,FALSE
uː,TRUE,ûltum,106.759016011153,0.17339611614937672,l,417.27384547262693,713.9259237826499,2309.83108964267,3131.14567234601,0.40261669088404156,0.6888485729177073,2.2286959988102537,3.021161098290155,-1.3559388444278504,-0.8189023457085796,0.3552481250131576,0.6594726916028852,LL,15,prelateral,long,FALSE
e,TRUE,cunén,107.57668573125895,0.1943218768754918,n,417.7325010122039,2018.59350294063,2324.6284838820197,3930.4645176175104,0.4030592356962882,1.9476884190367894,2.242973620010321,3.7924030822682187,-1.3548402765244205,0.22047470774046918,0.3616339589122983,0.8868313412831652,LL,15,prenasal,short,FALSE
a,TRUE,à,108.34786897282194,0.08729226216154021,m,684.8440562989679,1380.9007127110601,2219.9607398814705,3741.11258923192,0.6607882346577183,1.3323952158118506,2.1419824335532165,3.6097023267661115,-0.8604903971554947,-0.15919029885051295,0.3155632355094973,0.8374567754585351,LL,15,prenasal,short,FALSE
ɛː,TRUE,magnè,108.72631430951088,0.0711441288662087,l,450.4715195301389,1840.9728078871601,2263.92803725167,3641.23140161317,0.43464826396033507,1.7763068257477301,2.184405336321671,3.5133295641859865,-1.279386699101357,0.12836785636675963,0.33517509868929984,0.8103956461053086,LL,15,prelateral,long,FALSE
o,TRUE,ló,108.97511954522592,0.25725364975836834,l,507.19111768102096,935.9035196951199,2633.0042572895404,4250.635706460431,0.4893755303911251,0.90302898725795,2.5405173908103236,4.101327942924989,-1.1607936639512584,-0.5481691605464114,0.48619922192952814,0.9651422742611055,LL,15,prelateral,short,FALSE
ɛː,TRUE,stmèna,109.60098249413943,0.21062450087538312,n,642.847802340761,1719.06594873514,2203.995916088231,3476.71675765526,0.6202671404611056,1.658682065029117,2.126578389911563,3.3545936590460967,-0.9237735575569843,0.05985481477743981,0.3083457628541897,0.764162112523322,LL,15,prenasal,long,FALSE
iː,TRUE,indrî,110.22270668532006,0.19875776615245402,NA,364.44066869164806,2127.9129018325307,2376.6482111437094,3902.80885955003,0.3516393314467252,2.0531678664280752,2.2931661031434767,3.7657188564147197,-1.4913177907713804,0.273215365571545,0.38376490495052984,0.8797702388185593,LL,15,elsewhere,long,FALSE
a,TRUE,srà,111.36707334564966,0.10340775671444645,s,730.1282626042889,1441.77395009649,2341.42722641896,3341.29830854619,0.7044817886385768,1.3911302208102125,2.259182290178889,3.2239319162685485,-0.7964613335561053,-0.11605201028135603,0.3688343937802854,0.7244331711118059,LL,15,elsewhere,short,FALSE
ɛː,TRUE,stè,111.7929292237566,0.24878894584438174,u,593.2201834083071,1698.05516780789,2234.90759725463,3560.6583039585003,0.5723827404973185,1.6384093084650495,2.1564042678473863,3.435586675902978,-1.004115920151146,0.047557301756215864,0.32227360822039497,0.7880191691309646,LL,15,elsewhere,long,FALSE
ɑ,TRUE,dånndla,112.3378240626393,0.15578311401137063,nː,745.5945244860139,1382.23328769316,2376.73936313313,3407.417364878511,0.7194047828466444,1.333680982785911,2.2932540533295387,3.2877284756592826,-0.7754996348867174,-0.15822575997167743,0.3838032573836134,0.744028357861505,LL,15,prenasal,short,FALSE
e,TRUE,sé,113.2032624996907,0.15175424037315113,NA,486.70475634299794,1707.9282385306499,2428.84188468947,3413.24996380848,0.4696087726619717,1.6479355778595746,2.343526422526242,3.2933561988101987,-1.2020238650325474,0.05335480409169158,0.4054882776040225,0.7457386304992424,LL,15,elsewhere,short,FALSE
aː,TRUE,bâfi,114.35529621102923,0.2934809327611134,f,761.358673222014,1195.0190122459298,2073.1388789189195,3623.0279041666595,0.7346152003399894,1.1530427930583886,2.0003178349891138,3.4957654825068945,-0.754576989341901,-0.3037641803940936,0.24713754990157089,0.8053838383535412,LL,15,elsewhere,long,FALSE
iː,TRUE,luzî,12.013556112249455,0.17992371709827817,l,254.15300263499697,2249.27931446598,2627.70271214626,3658.92183970652,0.24522562822801736,2.1702711643441006,2.535402067659067,3.5303986082267564,-1.8517450962186475,0.3286835847458027,0.4841836955111942,0.8152422492208684,LL,15,prelateral,long,FALSE
e,TRUE,l'é,12.184981152622749,0.03937423874274871,i,504.051095564161,1828.1984534578598,2414.3688994909394,4040.18836638532,0.48634580464217253,1.7639811830928942,2.329561815180085,3.89827277283538,-1.1670039114419994,0.1214047548199213,0.399511652210351,0.9143650407487938,LL,15,elsewhere,short,FALSE
ɛː,TRUE,pulèr,12.897983148060684,0.21693233363486014,r,576.0926357926239,1767.7955679559402,2417.5142206351,3679.6648316221895,0.5558568148520756,1.7057000084051175,2.332596653822788,3.550412982131888,-1.0334130806687423,0.08780705306547087,0.4008135552201004,0.8208953941891801,LL,15,prerhotic,long,FALSE
oː,TRUE,sô,13.847262858351016,0.04715807548499207,θ,452.16713438865395,1219.3616352228998,2153.7540484633496,3455.1420756206094,0.43628431867777345,1.1765303574402988,2.078101317345339,3.3337768089561326,-1.2756296766302926,-0.28359880349532585,0.28528611310561214,0.7579373026364982,LL,15,elsewhere,long,FALSE
e,TRUE,zién,14.063633626641465,0.05640423093515245,n,384.25648942838893,2141.046489750609,2507.3952228671706,3900.3013750026303,0.37075910197329986,2.065840124141765,2.419320497372171,3.763299449730427,-1.4383712836283387,0.27936844792734306,0.4373181790040359,0.8791275503114546,LL,15,prenasal,short,FALSE
ɛː,TRUE,mèver,14.406836639683156,0.2539735889138797,v,599.1106352093822,1846.39681999423,2389.691330805401,3972.5975374849804,0.5780662843802921,1.7815403140901158,2.305751070387342,3.8330561383368984,-0.9942352735531248,0.1313097995764334,0.38923793183193744,0.8974938968213904,LL,15,elsewhere,long,FALSE
e,TRUE,é,15.223257055134944,0.05640423093515068,u,407.914015299433,1794.79441530073,2337.8621849486,3758.02807504752,0.39358563395954244,1.7317504946591278,2.2557424742996193,3.6260236394907537,-1.3786251490835593,0.10296420803484096,0.36731064013021975,0.8419680962248863,LL,15,elsewhere,short,FALSE
ɔː,TRUE,òmen,15.481572939101701,0.15671905625206334,m,575.6241193772321,963.26551943187,2576.86497452662,3623.54274883861,0.5554047555369842,0.9294298698186639,2.4863500556182276,3.496262242752927,-1.0342266773089452,-0.519352459555277,0.46464725843642896,0.8055259316822267,LL,15,prenasal,long,FALSE
a,TRUE,và,16.25275055409351,0.20627533368448783,NA,720.2072410931739,1369.9608931000303,2337.2958039209198,3830.7551726077704,0.6949092527743405,1.3218396681338687,2.2551959879630847,3.6961961261562997,-0.8101425490171472,-0.16714408123008528,0.36706834627328444,0.8611356812809143,LL,15,elsewhere,short,FALSE
oː,TRUE,pô,17.589491177531162,0.4109124723565253,i,423.333646803982,804.44388811217,2614.3641102505508,3297.71924807828,0.4084636357283355,0.7761870046438382,2.522531997285528,3.1818836131990085,-1.341520923196275,-0.699530337992341,0.47909462238974054,0.7113048171009799,LL,15,elsewhere,long,FALSE
e,TRUE,incucalé,18.563615549589365,0.11549437762912261,NA,438.85448521261503,1885.9511818806402,2625.5373978358907,3703.1731213774206,0.4234392894090781,1.8197052900777637,2.5333128121453954,3.573095520067794,-1.3055136650990917,0.152506023921279,0.48335932259555925,0.8272637770131306,LL,15,elsewhere,short,FALSE
ɛː,TRUE,adès,19.648892063225013,0.1947288925142168,s,593.5404274524128,1795.2618108929098,2466.531577970951,4092.39857752574,0.5726917356541253,1.7322014725210257,2.379892228229297,3.9486490489135124,-1.0035762257107539,0.10322459147474916,0.4208866688746289,0.9272049719530964,LL,15,elsewhere,long,FALSE
iː,TRUE,tîra,20.5529791767358,0.13295283006143072,r,295.09282186914203,2265.54852097742,2850.76591901454,3531.38768430027,0.2847273960102102,2.185968898961342,2.7506299598016164,3.4073442155743803,-1.7023915972107408,0.3358906267526667,0.5656614262091253,0.7797646299165999,LL,15,prerhotic,long,FALSE
e,TRUE,azidént,21.258044060793164,0.148848497423753,n,455.351407790216,2137.7614359250197,2390.3527024404707,4057.5131622279405,0.4393567413414918,2.062670461065622,2.306389210692673,3.914989018169417,-1.2686121087871003,0.27783294807406644,0.38951465381804873,0.9186439888466653,LL,15,prenasal,short,FALSE
iː,TRUE,drî,21.956410474824704,0.13023427556017356,a,341.50374679336005,2280.30972586899,2957.2010647597294,4313.610241490772,0.3295080915093297,2.2002116020000955,2.853326466277242,4.162090435419958,-1.5563229039352606,0.34238500293943996,0.602316959277224,0.9798489210455772,LL,15,elsewhere,long,FALSE
iː,TRUE,bîsti,22.37306909659397,0.12180215138744543,s,303.50828562900904,1851.9055650646105,2334.5027471670696,3609.6089520774603,0.29284725832128927,1.7868555590670643,2.252501040077212,3.4828178843195086,-1.674272644075141,0.13428886865782808,0.36587263671685566,0.8016731674728854,LL,15,elsewhere,long,FALSE
æ,TRUE,ch'äl,23.900504171337566,0.0590901466939684,l,410.0951132361969,1713.7135235331,2312.0501519891304,2897.9087129360405,0.3956901186841943,1.6535176490312515,2.2308371144073393,2.7961168166790333,-1.3732924381651141,0.0567363915971697,0.3562083671314449,0.5820630679000462,LL,15,prelateral,short,FALSE
æ,TRUE,sänpr,24.488186444412623,0.0922570190392804,n,759.1712667501221,1582.8396114691802,2278.9488644778394,3978.1372283845003,0.732504628673716,1.5272408119614789,2.1988985422049474,3.8384012421402747,-0.7574541546292775,-0.022705819064369415,0.341788036829886,0.898887401185223,LL,15,prenasal,short,FALSE
ɛː,TRUE,magnèr,25.1286183926797,0.18532818735835832,r,586.7664138872528,1816.52152550513,2064.6166016477796,2690.67830965125,0.5661556659838127,1.7527144187293275,1.992094911096493,2.5961655853082166,-1.0150547458792198,0.11499714711773201,0.24301826863325893,0.5078670460682444,LL,15,prerhotic,long,FALSE
æ,TRUE,äl,25.279778428965987,0.05640423093515068,l,427.955229734528,1624.95372269819,2300.06788605157,2971.59099973402,0.41292288100893787,1.567875623576238,2.2192757373562353,2.86721094062004,-1.3306629677758979,0.003553061556371695,0.3510123626938828,0.6071712240497593,LL,15,prelateral,short,FALSE
e,TRUE,galén,25.930095431881675,0.11240138723040971,n,409.014712934536,1981.27668901388,2470.3299400563,4087.62232861432,0.3946476685066805,1.9116823949340658,2.3835571691072728,3.944040570446868,-1.3759304261215082,0.20181515386813498,0.4224254452089333,0.9260371877850568,LL,15,prenasal,short,FALSE
e,TRUE,sé,26.91657169929313,0.17189860856427333,NA,556.8191576839138,1683.8844512814899,2056.5512495045105,3085.68672757725,0.5372603366348375,1.6247363523063598,1.9843128623868271,2.9772989437063995,-1.0674410392741613,0.039177022357168134,0.23910415363890003,0.6448479592369436,LL,15,elsewhere,short,FALSE
e,TRUE,té,27.75209062710007,0.20010072403185217,NA,541.1393891162271,1789.60953258017,2095.77901001503,2768.1206465956097,0.5221313353733297,1.7267477360481507,2.0221627091934207,2.6708876839328006,-1.096004657940389,0.10007118235345391,0.25799905126685196,0.5362423475231699,LL,15,elsewhere,short,FALSE
ɛː,TRUE,pièS,28.709708808337876,0.08460634640272958,z,644.0076768840488,1708.37735758186,2310.82904180011,2670.08202598508,0.6213862732692745,1.648368921161996,2.229658896915775,2.5762927663809,-0.9219709078016667,0.053617730835896715,0.3556800772210966,0.5001829178027561,LL,15,elsewhere,long,FALSE
æ,TRUE,äl,28.86575632664906,0.0617760624527861,l,521.3088861910079,1702.07246709164,2515.17606274914,2633.37290562715,0.5029973983846002,1.6422854961568092,2.42682802759379,2.5408730900121754,-1.133338816620272,0.04992033137420293,0.4404165306904648,0.48633922266506513,LL,15,prelateral,short,FALSE
iː,TRUE,bîsti,29.196091326241085,0.22405413867061694,s,348.31710562388605,2387.2452557604297,2637.7148387673196,4357.78150228027,0.33608212440383056,2.303390916136254,2.545062508476577,4.204710137191825,-1.5365682665424547,0.3882138130418147,0.4879866754614346,0.9900368226306844,LL,15,elsewhere,long,FALSE
o,TRUE,nómmer,3.5876132835789982,0.099378883076219,mː,529.9408783384421,1198.11868729911,3054.18732866643,3830.8544636758,0.48229910122930914,1.0904076089811674,2.779615356754994,3.4864599812795736,-1.1645091447352947,-0.34876674978501043,0.5869942279335731,0.8135685601031764,RM,15,prenasal,short,FALSE
iː,TRUE,ajîr,30.374219122004035,0.3405170972828771,r,371.91287043746996,2360.4861347236997,2588.7806805927594,4319.21364743027,0.35884906475055417,2.277571735567745,2.4978472107789162,4.167497016209811,-1.471021946876955,0.37694131163410294,0.46926070968574063,0.98114708414922,LL,15,prerhotic,long,FALSE
e,TRUE,é,31.014370376100675,0.049689441538113506,s,440.615801207001,1903.9812616966,2289.46040201957,3947.90776641065,0.42513873744531344,1.8371020455912916,2.2090408516429174,3.8092336197762817,-1.301508257807094,0.16202081929460377,0.34638988201439247,0.8912594837134007,LL,15,elsewhere,short,FALSE
ɛː,TRUE,stè,31.21693718870076,0.07654859912628,u,619.487616462142,1750.7606846199499,2294.4978226393605,2473.12876798726,0.5977275041073514,1.689263492115524,2.2139013279045767,2.3862576854519784,-0.9607888431617502,0.07812409493622319,0.3485877304243008,0.4235577812494702,LL,15,elsewhere,long,FALSE
e,TRUE,fajéNna,31.678100667939802,0.10072184095562878,ŋː,450.35151154273495,1786.6034694154798,2293.29218499219,2845.3613425223807,0.43453247137162515,1.7238472638113032,2.2127380394665983,2.745415224379035,-1.2796531398649131,0.09839003871296015,0.3480621450453194,0.5637637937069577,LL,15,prenasal,short,FALSE
ɛː,TRUE,pulèr,32.66804349150867,0.31496825883166935,r,741.1030305953351,1835.14452016908,2479.4348820424902,4283.123827418671,0.7150710571003236,1.7706832623731417,2.39234229104325,4.132674886653111,-0.7815418961930414,0.12519696051040974,0.4261043885861495,0.9727563341099641,LL,15,prerhotic,long,FALSE
ɛː,TRUE,guèrda,33.59994202421955,0.09400705155858446,r,601.841848254069,1760.96292830094,2183.76049664195,2569.11501742583,0.5807015608781652,1.6991073719440821,2.1070537594931755,2.4788723233896977,-0.9896868542094266,0.08393450230795185,0.29912211367929586,0.4616352129282282,LL,15,prerhotic,long,FALSE
ɔː,TRUE,mò,34.1527237413018,0.3194041481086174,NA,649.797546401326,1105.04528931353,2512.9859133470604,4180.816037709581,0.6269727679201823,1.0662294857145505,2.4247148093454522,4.033960758769827,-0.9130207071635192,-0.3820399555463174,0.43954537755299583,0.9485801763350716,LL,15,elsewhere,long,FALSE
e,TRUE,qué,34.860661670564916,0.22024509222297442,NA,527.9844731607151,2022.33647345509,2465.75196089773,4265.217990896189,0.5094384987905168,1.951299914027331,2.3791399959732322,4.115398010265071,-1.1206146780810897,0.22232723753275518,0.4205705406254845,0.9685670157390076,LL,15,elsewhere,short,FALSE
e,TRUE,é,35.326415470784255,0.056404230935157784,l,452.792631859208,1968.5071728401801,2039.68495709024,2745.03886439142,0.43688784493393157,1.8993614205863394,1.9680390150968665,2.6486166720503492,-1.2742473001015409,0.19534919972487774,0.23086908765101288,0.527868957629269,LL,15,prelateral,short,FALSE
ɛː,TRUE,pedghè,36.32825766781846,0.2860173895715406,NA,621.1745792982922,1695.0134073196598,1954.70198135768,2422.5998039696497,0.5993552107132276,1.6354743928082918,1.8860411500445584,2.337503601036439,-0.9580693859532232,0.045764375243995126,0.18831146713382196,0.40291498720298247,LL,15,elsewhere,long,FALSE
ɛː,TRUE,guèrda,37.52365810522986,0.23614075958529673,r,644.956782317014,1612.62837966435,2419.9323057995402,4290.4929911406,0.6223020404396029,1.555983220349588,2.334929801365453,4.139785201245067,-0.9204982440711493,-0.004060893665855936,0.4018132914870032,0.9744753672070994,LL,15,prerhotic,long,FALSE
o,TRUE,piómm,39.05371814025065,0.08997817792036499,mː,621.2677732783662,1215.98038499319,2496.0713058003307,4257.68733010595,0.5994451311630109,1.1732678769534262,2.4083943440396216,4.108131871348308,-0.9579193685619849,-0.2863756228285439,0.43279174264786313,0.9667998571313818,LL,15,prenasal,short,FALSE
æ,TRUE,däl,39.32216716379458,0.06983380972923925,l,563.3051303914779,1714.39742176256,2460.4401506549902,4262.321465364891,0.543518483166226,1.654177524662169,2.3740147682942396,4.112603228044414,-1.0558601008604551,0.057135385824279794,0.4184139814897012,0.9678876812938144,LL,15,prelateral,short,FALSE
iː,TRUE,mî,39.60952751124554,0.05640423093515068,p,340.186522896862,2360.03166739268,2389.3942583316502,3859.5920969821705,0.3282371363988776,2.277133231849107,2.3054644328766716,3.7240201251748433,-1.560187490520879,0.37674876185398354,0.38911360994290956,0.8686352280556227,LL,15,elsewhere,long,FALSE
oː,TRUE,pôvri,39.851337145390715,0.19472889251422038,v,473.22581155904396,858.7007910605502,2529.6732885374004,3366.77429988723,0.4566032890822915,0.8285380804654029,2.4408160240551,3.248513038335047,-1.2301088770176944,-0.6342610155539541,0.44616388395509876,0.7320288294513615,LL,15,elsewhere,long,FALSE
e,TRUE,quénng',4.165691373179424,0.11146550399089428,nː,439.72059020065495,2236.48814485845,2983.54283197997,3764.99329539794,0.40018963268267865,2.0354274717534833,2.7153218126043637,3.426519743481881,-1.3511350918254115,0.2753875273480775,0.5635921483908781,0.7962267647071712,RM,15,prenasal,short,FALSE
e,TRUE,galén,40.440643188517974,0.13907341537161955,n,463.504430226637,1648.67089206098,2179.62454663917,2637.4154671776,0.4472233808389594,1.5907597040178656,2.1030630888056923,2.544773652608649,-1.2508656113001226,0.018043167863674547,0.29722636017579784,0.48787317244911943,LL,15,prenasal,short,FALSE
ɛː,TRUE,magnè,40.99062907624611,0.21465343351476213,NA,650.6609503843019,2057.64717491877,2378.2064292957193,4185.598435918209,0.6278058439883172,1.9853702923420764,2.29466958734898,4.038575170533562,-0.9116928614660651,0.23963690647535785,0.38442032696681583,0.9497234136787602,LL,15,elsewhere,long,FALSE
æ,TRUE,cäl,41.632387751523154,0.09400705155858446,l,568.658933289508,1687.2403388175196,2391.17266420858,2512.36888958341,0.5486842284671538,1.6279743609891348,2.307180370496503,2.424119459148901,-1.04640071431053,0.04116798315127834,0.3898576246122083,0.43929981329297885,LL,15,prelateral,short,FALSE
o,TRUE,brótti,42.080605942459684,0.0899781779203579,tː,592.6657963698561,1185.4087943502202,2102.8559793928603,3669.25982632538,0.5718478268493344,1.14377014352661,2.028991093055252,3.5403734628888652,-1.005050895500026,-0.31183858624783234,0.2613701354871738,0.8180636840454829,LL,15,elsewhere,short,FALSE
e,TRUE,véggna,43.86702820310621,0.1396676194584785,ɲː,503.589282881191,2188.27199369484,2580.8098890428796,4400.416530650331,0.48590021358430247,2.111406785770944,2.4901564011287114,4.245847568220263,-1.167920533532942,0.30118591291416763,0.4661769846754371,0.9997729270203228,LL,15,prenasal,short,FALSE
æ,TRUE,azidänt,44.50054188365746,0.12489508278498111,n,765.2011166852149,1708.6106702135598,2478.36919516303,3941.70757530907,0.7383226741940258,1.6485940384578333,2.3913140374644977,3.8032512164906427,-0.749542857559633,0.05375429123948283,0.4256744857988357,0.8896877486897212,LL,15,prenasal,short,FALSE
o,TRUE,tótti,44.89485457096952,0.0590901466939684,tː,550.6158623105971,1188.96913532354,2367.957319851391,4093.4867613901297,0.531274938118062,1.1472054240184255,2.2847804879631557,3.949699009248452,-1.0786441530322701,-0.3088396166253089,0.380101417667686,0.9274708402924992,LL,15,elsewhere,short,FALSE
e,TRUE,fajéNni,46.183743694040054,0.1020647988350376,ŋː,442.657506845223,2027.8842738921198,2351.11800021991,3595.15923556908,0.4271087261631281,1.956652842512729,2.268532666010437,3.4688757283278546,-1.296885205675915,0.2250667444647183,0.3729646843195935,0.7976620083332788,LL,15,prenasal,short,FALSE
ɑ,TRUE,månnd,46.954910439228314,0.08863522004095616,nː,837.3531503288671,1339.2776195845902,2398.0213412849102,3988.15738809309,0.8079402966291394,1.292234174805419,2.313788481048657,3.848069433875207,-0.6594356490284206,-0.18979589674084796,0.39271768070387747,0.9014030412601466,LL,15,prenasal,short,FALSE
iː,TRUE,dîS,48.90410848380731,0.08997817792036499,z,316.031977103342,2135.06927896645,2535.97590548485,3575.6429543166296,0.3049310428042048,2.060072868770394,2.4468972553779444,3.4500449756663167,-1.63383815263016,0.2765728198385009,0.44865226005782866,0.7922187318564307,LL,15,elsewhere,long,FALSE
iː,TRUE,luzî,49.42812652007758,0.12892395642320764,NA,300.44269414691,2113.23890453505,2583.0989468031703,3192.3233243841305,0.28988934875778183,2.039009307730822,2.4923650534818123,3.080189825076865,-1.6844245203471653,0.2662955209058344,0.4670635448309275,0.6788226910779178,LL,15,elsewhere,long,FALSE
iː,TRUE,ît,49.81031988873133,0.08460634640272958,t,283.941063105098,2329.4858911954398,2506.7905976342504,3181.04207594031,0.2584147121600702,2.1200647045242613,2.2814296870243513,2.8950658401913567,-1.7885079024071988,0.3161282799034497,0.389483972844773,0.6276895241754783,RM,15,elsewhere,long,FALSE
oː,TRUE,môrt,5.870380568633718,0.19682060418617553,r,440.31509594576397,759.73713446171,2740.79943735098,3242.986103476,0.42484859475239306,0.7330506197248915,2.644526159058017,3.1290730241804514,-1.3021909566972987,-0.7567090567190737,0.5263233678210391,0.6945682667528148,LL,15,prerhotic,long,FALSE
uː,TRUE,sicûr,50.427937901920295,0.35641276464519933,r,376.96740670516,763.10125100873,2950.4167421779403,4021.02647726857,0.34307797129499806,0.6944983158544422,2.6851737640355253,3.6595354977831045,-1.5051158654067924,-0.7998838710830096,0.5524271131368623,0.8620178968683767,RM,15,prerhotic,long,FALSE
aː,TRUE,canpâgna,51.73476982691586,0.12758099854379878,ɲ,1053.73842158385,1613.34270112537,2135.4788831615497,3036.16999484513,0.9590071542586553,1.468302911764992,1.9434989602466983,2.7632177843770966,-0.4771750733195228,-0.051211077246060555,0.22917160700315087,0.5810775352255231,RM,15,prenasal,long,FALSE
e,TRUE,l'é,53.5023908542542,0.05640423093515068,t,423.16115244028686,2031.3677846298299,2387.2120247665994,3848.5846502921,0.3851188912563348,1.848747467575894,2.1726012486499116,3.50259622103613,-1.389521513224583,0.17919003592177152,0.34060685242671696,0.8181861416366267,RM,15,elsewhere,short,FALSE
o,TRUE,tótta,53.66220284190382,0.05909014669397551,tː,451.06569263621105,1232.2717993132,2918.6747324372704,3905.0528233999,0.41051480843658356,1.121490350286623,2.6562853664898656,3.5539878955628117,-1.325661605911887,-0.32065985866752644,0.5416103387284714,0.8327519945469106,RM,15,elsewhere,short,FALSE
e,TRUE,péNna,54.960195627087934,0.1839852294789494,ŋː,417.08046564404805,2450.4494579883203,3068.43043162839,3997.3702066431906,0.3795848592603921,2.2301536256292285,2.792578002284073,3.6380059300003165,-1.4039954283954605,0.366752144199161,0.5916468550329199,0.8561173807944567,RM,15,prenasal,short,FALSE
aː,TRUE,fâbric,55.466083731986174,0.20547255554949123,b,1051.5477721756702,1513.6025046789898,2586.693985883,3070.9728042334004,0.9570134446131827,1.3775293763220395,2.3541497467758785,2.7948918151498234,-0.47925616823698025,-0.11502674167556304,0.42086129125164984,0.5924750699758601,RM,15,elsewhere,long,FALSE
ɛː,TRUE,supermarchè,56.623770057514584,0.2108443870671267,NA,571.64172577848,1791.7426896812403,2420.1888063243996,3197.2423863587396,0.5202510352335138,1.6306647103293692,2.2026134118116385,2.9098097398862475,-1.088762153150089,0.05366940012312149,0.35432624049527295,0.6327693682468247,RM,15,elsewhere,long,FALSE
e,TRUE,én,58.16041858996473,0.040321375124705135,n,407.695266335114,2382.4512512066904,3022.9489071642697,3182.5885321467,0.37104339100123657,2.168268469460845,2.751185274777638,2.896473269715893,-1.4267545956537013,0.33861057937117156,0.5767134985141027,0.6281755537180693,RM,15,prenasal,short,FALSE
iː,TRUE,divîS,58.53122951438713,0.12657977881821833,z,330.87717931244396,2667.9454012715705,3022.6511785551806,4433.27552597314,0.30113126335908963,2.4280966457929614,2.750914312022275,4.034723285326968,-1.6355273477159997,0.4517893477806645,0.5766150042025,0.9596193914481059,RM,15,elsewhere,long,FALSE
o,TRUE,ón,58.700613076269505,0.080577472764503,n,477.06123581877495,1225.4355371867605,2861.6079343249,3362.60270001624,0.4341733477669109,1.1152686693140443,2.6043488834506134,3.0603041325929663,-1.2696297351271522,-0.32622299440455826,0.5218643658748467,0.6831959714449951,RM,15,prenasal,short,FALSE
ɛː,TRUE,èter,59.164462471267356,0.11012254611149076,t,745.0984606360001,1512.5774122022997,2168.1126112473003,3137.7081365349604,0.6781139794665592,1.3765964398372477,1.9731989105031635,2.855627629473485,-0.82375822317998,-0.11570422453782125,0.24433770891337758,0.6139733248231476,RM,15,elsewhere,long,FALSE
æ,TRUE,däl,59.69314816237194,0.06714789397042152,l,673.5521621386279,1766.8108657608802,1878.01912444108,3013.80000974323,0.6129997056446232,1.6079742617146133,1.70918487860249,2.7428588648255667,-0.9247091525509825,0.0396568349155606,0.10069824837037533,0.5736824284624884,RM,15,prelateral,short,FALSE
æ,TRUE,däl,6.250685792436057,0.06271200469347703,l,415.12315356913496,1685.7299593882503,2525.1112910803504,3715.32489604305,0.4005415441508111,1.6265170351241434,2.4364142712495807,3.5848204516860287,-1.3611063226666298,0.04027240483502492,0.4443588619511676,0.8305398540587854,LL,15,prelateral,short,FALSE
iː,TRUE,pîguer,6.684318605646642,0.2628126697241459,g,280.04010888762195,2274.9239389337204,2933.8351217480904,3398.9140615739902,0.2702034243901283,2.195014996132721,2.830781275015432,3.279523859254026,-1.754748715524637,0.34002034292803884,0.5943842069382992,0.7415297114701529,LL,15,elsewhere,long,FALSE
ɛː,TRUE,strè,60.10309205374533,0.09400705155859156,p,650.71143388864,1759.8593503540399,2060.6953556827502,2991.9833927312206,0.5922123628358719,1.6016476887515825,1.8754384848916574,2.723003565476426,-0.9592083167333136,0.03571457551285118,0.19352416137387074,0.5664171937667781,RM,15,elsewhere,long,FALSE
e,TRUE,péNni,60.29528958020641,0.0778915570056924,ŋː,497.20426330245505,2345.83766171749,2975.9465988001402,3715.9055572457105,0.4525055135773239,2.1349464480331215,2.7084084821082395,3.381845001524949,-1.2282736605318458,0.3231232341608141,0.561042857085984,0.7831030896910107,RM,15,prenasal,short,FALSE
aː,TRUE,mâchin,60.758764598308005,0.2079386441177036,k,1024.55984072578,1577.27171964553,1843.6980183994697,3075.8077161065507,0.932451732893319,1.4354747177922382,1.6779492459617993,2.7992920676048794,-0.5052562190928489,-0.07382272101945819,0.08225403152579336,0.5940482228985253,RM,15,elsewhere,long,FALSE
ɔː,TRUE,pò,61.94331002242341,0.14772536673492453,NA,621.8265505711721,1001.6927720799401,2767.5803516677597,3814.71140951266,0.5659242355511689,0.9116404176948827,2.518774396823935,3.4717681904926656,-1.004613398505887,-0.5278279748162014,0.4884541034331651,0.8093456998413711,RM,15,elsewhere,long,FALSE
e,TRUE,é,62.59372064906374,0.06043310457337726,l,448.33972482212397,2306.06812289477,2917.011312008711,2999.61268883042,0.4080339056029762,2.098752197665721,2.65477148784707,2.72994698652972,-1.3317233353793991,0.3060246472231185,0.5410402530655549,0.5689638608380125,RM,15,prelateral,short,FALSE
ɑ,TRUE,staSån,63.08394485215702,0.06983380972923925,n,882.601452800375,1666.13600417471,2368.0942847220394,3999.3838782657,0.803255428726236,1.516350087690458,2.1552021967595643,3.6398385721938236,-0.6544008518741471,-0.01901214020072839,0.33256621664010844,0.8566210030501082,RM,15,prenasal,short,FALSE
aː,TRUE,câzia,63.519482218092016,0.19204297675540263,θ,988.456561507675,1493.2042570399299,1973.7184555226402,3146.80066252094,0.8995941447545861,1.3589649346925934,1.7962808231795482,2.8639027357923097,-0.5411298969558862,-0.12859499676714226,0.15039998868523785,0.6168669582386155,RM,15,elsewhere,long,FALSE
a,TRUE,fà,64.48661101808098,0.06714789397041443,f,835.775369025588,1390.3115166799098,2954.9062991081196,3894.7384242684698,0.760639018024956,1.2653222695820039,2.689259709017034,3.5446007627067724,-0.7089147151131474,-0.1999914810198451,0.5539476253133389,0.8301072044964393,RM,15,elsewhere,short,FALSE
ɔː,TRUE,fòra,64.70835361788905,0.16921269280545917,r,548.0888116800411,915.37525722911,2977.5474254261594,3713.3937541739206,0.49881553220792246,0.8330828624380947,2.7098653941422266,3.3795590099860666,-1.1308372558279896,-0.6179404963637012,0.5615806342830671,0.7824269012478737,RM,15,prerhotic,long,FALSE
uː,TRUE,ûltum,65.20156089778578,0.08863522004095616,l,331.919089290646,1003.4478723930999,2766.3966090497597,3646.35985838795,0.30207950544908324,0.9132377341847112,2.517697072873123,3.318551473087158,-1.6323833624952009,-0.5260773736638864,0.48802629441102585,0.7642100551166973,RM,15,prelateral,long,FALSE
a,TRUE,faSàn,65.94223048501871,0.17723780133944447,n,973.3223759264761,1694.61104571162,2255.4536897107996,2978.04855968958,0.8858205250886803,1.542265218041939,2.0526880108258636,2.710321476348228,-0.5565592458333724,-0.002066072829079779,0.283831829722196,0.5617489244981373,RM,15,prenasal,short,FALSE
æ,TRUE,äli,66.55875374325915,0.061776062452778994,l,778.123009794621,1875.3462307115299,2853.0747398510302,3005.6288146263096,0.7081696159134873,1.706752278483991,2.596582824643703,2.735422261570471,-0.7803899727982966,0.09927398298266521,0.5188779530493424,0.5709674864391072,RM,15,prelateral,short,FALSE
uː,TRUE,ûltmi,66.77127454674914,0.1439328795080286,l,333.5124950982839,993.6062409919999,2708.2764949280095,3872.56098286256,0.3035296637975519,0.9042808671578402,2.464801967116886,3.524417077139484,-1.6275942635390424,-0.5359336024033237,0.46679313706705106,0.8243967250853004,RM,15,prelateral,long,FALSE
iː,TRUE,lîver,67.28636812859423,0.16343384564908092,v,356.804838546123,2006.2005056488101,2960.9277081303703,3382.39447762599,0.3247280215193406,1.8258427313513728,2.6947397923211773,3.078316625954191,-1.5600856331928785,0.16672332173798665,0.5559833183683844,0.6890645682409815,RM,15,elsewhere,long,FALSE
iː,TRUE,dîr,68.75493282483329,0.13370158385399125,r,301.370310695095,2236.16774914256,2750.4447332840805,3119.2340464093,0.2742770673611162,2.0351358796681622,2.5031792735125022,2.8388143632624097,-1.72893481807521,0.2752442586844328,0.48224330402492743,0.6080681579637996,RM,15,prerhotic,long,FALSE
e,TRUE,é,69.18192815300027,0.044317610020485176,t,424.163008205799,1949.6611299229498,2906.5592360693404,3146.371955831381,0.38603068001432395,1.7743862553343752,2.6452590553520636,2.863512569908686,-1.387156760090157,0.13813626217525066,0.53745067272955,0.6167307132263709,RM,15,elsewhere,short,FALSE
o,TRUE,tótt,69.35919859308218,0.06849085184983039,tː,469.63629999325394,1237.2805060902301,2938.4494654959094,3636.92485203507,0.42741591496315756,1.1260487734534803,2.674282347608088,3.3099646754459675,-1.2853160294127512,-0.3166034848592769,0.548362733769383,0.7616191879445946,RM,15,elsewhere,short,FALSE
e,TRUE,l'é,7.574133762846138,0.15712607189077854,NA,428.97263787383605,1997.8284136759498,2601.4032256764003,3342.17562495459,0.4139045516858113,1.9276527239737837,2.510026376540801,3.2247784160744692,-1.3282884187483335,0.21013452201724192,0.4741247261435859,0.7246957041663729,LL,15,elsewhere,short,FALSE
e,TRUE,féss,70.0644506065865,0.09132113579975965,sː,455.7614324263839,2079.7981019209797,2842.335256867531,3502.3273963739107,0.41478840040312126,1.8928238909214705,2.5868088230478095,3.1874675544526503,-1.315305096647128,0.20275150684553456,0.5151066720640358,0.7239084021207667,RM,15,elsewhere,short,FALSE
iː,TRUE,bîsti,70.6174195121169,0.13139004499144846,s,266.210919604266,2217.05184518103,2569.16671594123,2950.7611766549503,0.24227851164289332,2.017738498796661,2.338198181449528,2.6854872337931615,-1.8529856693332114,0.2666589998753297,0.41406229551695795,0.5525438472811768,RM,15,elsewhere,long,FALSE
aː,TRUE,salvâdghi,71.36305391522873,0.21849511870485122,d,1004.8848302506302,1465.6138476367098,2889.30600339492,2936.0915960601205,0.9145455092809903,1.3338549078921633,2.6295568912950786,2.6721364510445644,-0.5246463775935153,-0.14724515243713032,0.5314970202808862,0.5475599920614949,RM,15,elsewhere,long,FALSE
e,TRUE,qué,72.0548600895689,0.029545073346980637,d,405.612760751509,1900.5950705795399,2929.7994592787,3166.5871202338703,0.3691481030317052,1.7297312432575802,2.6664099784538746,2.881910387516364,-1.431875681553457,0.11264771640662818,0.5454146609820976,0.623135073924427,RM,15,elsewhere,short,FALSE
e,TRUE,parché,74.02702299708425,0.2910148441929011,NA,421.47135826711786,2051.6873059956397,2470.3342060732007,3783.16570144214,0.40666676190957446,1.9796197696817945,2.3835612852761305,3.6502782820126636,-1.3459297312459846,0.23673625522413388,0.4224271721091135,0.8486348708085751,LL,15,elsewhere,short,FALSE
ɑ,TRUE,sån,74.7830266863351,0.12220916702617048,n,746.1171349039839,1541.73862521226,2176.01980935406,3090.10715962359,0.7199090360592231,1.4875835383068394,2.0995849714662422,2.9815641037256175,-0.774798949286974,-0.049015518459882834,0.295571157035468,0.6462794943179313,LL,15,prenasal,short,FALSE
e,TRUE,mé,75.21388001906337,0.10337511797199286,NA,519.2163689302521,2008.22225672967,2471.58837351814,3851.0363814836496,0.5009783828525124,1.9376814730584935,2.3847713988549577,3.715764937605495,-1.1373608623540354,0.21532360584638877,0.4229347346828547,0.8664160265900813,LL,15,elsewhere,short,FALSE
oː,TRUE,pôver,76.0815200518814,0.1563446203546448,v,423.39925894685894,735.49463968581,2777.14327819525,3356.58316547274,0.408526943180105,0.7096596664424223,2.679593386715582,3.2386798775490675,-1.3413659460067437,-0.789138302434103,0.5394965261102458,0.7289972660480997,LL,15,elsewhere,long,FALSE
u,TRUE,turlurú,77.10436525499398,0.1705556506848751,NA,324.05175309750996,866.8521332519599,2494.4712438473907,3227.7339672349003,0.312669116271872,0.8364030987381194,2.406850485837887,3.114356634239096,-1.6087783196433705,-0.6248131421095175,0.4321505049500187,0.6898540574156522,LL,15,elsewhere,short,FALSE
eː,TRUE,pêrd,78.0269729371431,0.23595357113713084,r,374.66433849129095,2182.48721931688,2481.61008799855,3837.18433054883,0.36150388478042644,2.105825207287569,2.39444109074882,3.7023994535957856,-1.463651026687372,0.2985388772511337,0.4269813030703302,0.8628125749092392,LL,15,prerhotic,long,FALSE
æ,TRUE,äl,78.68206753798896,0.061776062452778994,l,746.002800939966,1500.45121711503,2202.4140354760802,3545.1771846646698,0.7197987181882421,1.4477463910625457,2.1250520744131247,3.420649346164031,-0.7749521996544484,-0.07616040119673428,0.30762777215541526,0.7836618648245386,LL,15,prelateral,short,FALSE
ɑ,TRUE,faravåNni,79.40182768386705,0.12892395642320764,ŋː,748.6904323187562,1563.9768319627303,2230.0886396480296,3630.23540850208,0.7223919438691352,1.5090406061538029,2.1517545808705223,3.5027198161574318,-0.7713559643660819,-0.0346944467898993,0.3201150579229193,0.8073712215208166,LL,15,prenasal,short,FALSE
æ,TRUE,äl,79.66136029274665,0.051032399417522356,l,522.9313355564601,1707.33961117991,2293.71701992199,3084.9196551875602,0.504562857618944,1.647367626623977,2.2131479516512798,2.9765588154895073,-1.1302313885836792,0.053010100611630584,0.34824737900149305,0.6445993378386374,LL,15,prelateral,short,FALSE
e,TRUE,tuchéNni,80.23273991232124,0.17246017390867507,ŋː,397.37661891115795,2087.9025799703604,2270.4376722997404,3669.91364412529,0.3834183739924687,2.0145629465076653,2.190686314030562,3.5410043146949324,-1.4047970612260983,0.2542337363493603,0.3380463446086601,0.8182418560983082,LL,15,prenasal,short,FALSE
æ,TRUE,äli,80.4736745007062,0.08192043064391896,l,462.9697574528819,1976.38092503023,2410.62057719494,3027.5544925583504,0.44670748897271684,1.9069585994797547,2.325945156394599,2.9212086606681873,-1.2520198211857796,0.19934108109158188,0.39795793978542005,0.6258289199963984,LL,15,prelateral,short,FALSE
oː,TRUE,ôc,80.85638485759509,0.25113312344937805,k,556.8536369910979,956.62092515651,2388.6247957239893,3697.96044322557,0.5372936048224152,0.9230186734581962,2.3047219984005674,3.5680659423674124,-1.0673791192787014,-0.5262743489451669,0.3887915255788217,0.825855160625312,LL,15,elsewhere,long,FALSE
æ,TRUE,äli,81.1919817161083,0.13004708711201834,l,466.212265059658,1950.9489841886302,2275.5759758024105,3020.35660990145,0.44983610030786503,1.8824199805955397,2.1956441295645304,2.9142636107252406,-1.2450405196275076,0.18638963727381874,0.34030692105587956,0.6234486316841457,LL,15,prelateral,short,FALSE
aː,TRUE,anâder,81.74495062163874,0.24844720769056045,d,944.651750681532,1537.5846303716899,2694.4957670744207,4280.574707779249,0.9114699280191642,1.4835754566242565,2.599848950781475,4.130215307350389,-0.5388652126853231,-0.05171351215238662,0.5092848119596436,0.9721610026175638,LL,15,elsewhere,long,FALSE
e,TRUE,cunén,82.56069961715198,0.1638408612878237,n,474.006749234804,1727.1821227447997,2241.82106482381,2903.82304503871,0.45735679555343167,1.6665131504370871,2.1630748930625483,2.8018234020445,-1.2284599939766787,0.06456497425899599,0.32536223546900533,0.5841018847216795,LL,15,prenasal,short,FALSE
e,TRUE,é,83.58774465148146,0.06983380972924634,i,394.364871409499,2251.18742239843,2818.2869835957395,3688.7113912409504,0.3805124170865841,2.172112248107073,2.71929187896182,3.5591417724385632,-1.4124050041350564,0.32953154481676794,0.5542029722700637,0.8233509051160608,LL,15,elsewhere,short,FALSE
iː,TRUE,gîr,83.90830456902138,0.12086620914675451,r,401.62052323812,2161.2918268828603,2329.38969094857,3914.5002942279298,0.3875132070022266,2.0853743238776397,2.247567584991704,3.7769996179404544,-1.3941738837100264,0.2887798354457676,0.3636800225711454,0.8827614070491956,LL,15,prerhotic,long,FALSE
ɑ,TRUE,dånndla,84.33645566661963,0.12892395642320764,nː,858.7888943706213,1390.31160290903,2457.6793215812404,3989.6980727824202,0.8286230890599785,1.3414755392274917,2.3713509160594786,3.8495560004981675,-0.6341584201079424,-0.1523983787063452,0.4172912640041515,0.9017892815764919,LL,15,prenasal,short,FALSE
ɛː,TRUE,vuèter,85.73201640588022,0.21796619210290663,t,652.1170710880771,1614.18056094911,2335.33464373583,3679.61947881493,0.6292108170189601,1.5574808797387463,2.2533037154600715,3.550369222386629,-0.9094574517705762,-0.0030988401739735494,0.3662289217468997,0.8208830688582518,LL,15,elsewhere,long,FALSE
e,TRUE,ecologéssta,86.6676020740755,0.15309719825256712,sː,479.949756787146,1708.5456892412503,2425.11761812151,3626.22271402756,0.46309104911517274,1.6485313400061437,2.339932974487667,3.4988480715264445,-1.2160001293991893,0.05371625904810351,0.40395375005115763,0.8062652563747976,LL,15,elsewhere,short,FALSE
iː,TRUE,vlî,88.0027460281339,0.06446197821159672,b,312.21604006047295,2082.8513234921706,2579.4717890891,3786.56956156818,0.3012491443063931,2.0096891203857528,2.48886530325304,3.6535625782010004,-1.6459861701848943,0.2518115081072576,0.46565836958144313,0.8495342048637804,LL,15,elsewhere,long,FALSE
iː,TRUE,brîSa,88.20348553336184,0.1087795882320819,z,314.75272241847694,2142.21712581302,2477.34254720973,3606.33412141715,0.30369672319945,2.066969640460104,2.390323451531195,3.4796580853099006,-1.6378942321123322,0.27991505733392064,0.425260156628231,0.800765502084789,LL,15,elsewhere,long,FALSE
iː,TRUE,capîr,88.80756411316261,0.33857993531661634,r,313.207886671237,2285.2605536136098,2583.94367385693,3987.3384114844002,0.3022061513285756,2.204988527046567,2.4931801086662557,3.847279224626102,-1.6428144097201143,0.34455377020490463,0.46739051215955296,0.901197668043948,LL,15,prerhotic,long,FALSE
e,TRUE,véggna,89.98233451422702,0.08460634640273669,ɲː,448.791622499714,1998.1976561031902,2194.25671771275,2754.9945665232804,0.4330273749668025,1.9280089963972833,2.1171812904663336,2.6582226703443874,-1.2831228668725965,0.2103193268317467,0.30391708851262855,0.5314891948988398,LL,15,prenasal,short,FALSE
æ,TRUE,azidänt,90.50745936181492,0.10434369895513387,n,708.937774382691,1673.0679386167499,2421.0487753628695,3445.2473155132,0.68403563717578,1.6142997802967953,2.3360070538363122,3.324229612037945,-0.8259137971095063,0.03273275455632696,0.40227454905624604,0.755069416107669,LL,15,prenasal,short,FALSE
o,TRUE,tótti,90.87433500682313,0.052375357296924115,tː,506.7119391026799,1159.8334146649497,2341.04067628575,4111.521297689911,0.48891318343205387,1.11909312422931,2.25880931799963,3.96710006470742,-1.1617388797898167,-0.3336498887220447,0.3686692884802092,0.9318668299643234,LL,15,elsewhere,short,FALSE
æ,TRUE,äl,91.07335723627658,0.042974652141069214,l,490.558425863662,1713.7677777217605,2532.951938574581,4354.891476909361,0.47332707824715187,1.6535699974881273,2.4439795082822062,4.2019216268070245,-1.1941371676399486,0.05676804993978113,0.44745912124739906,0.9893734153195632,LL,15,prelateral,short,FALSE
ɑ,TRUE,dånndel,91.42115068830095,0.13504454173340721,nː,818.272526186835,1447.40244961328,2404.0907246961,4199.995786334259,0.7895298981931533,1.3965610137407538,2.319644671392799,4.052466799843428,-0.6824861117480321,-0.11215573960862102,0.3952454795389011,0.9531572465548335,LL,15,prenasal,short,FALSE
uː,TRUE,pianûra,92.70554290761167,0.10837257259335334,r,477.02332442174395,983.4759495960701,2472.6667093850397,3205.0928987606994,0.4602674105673994,0.9489303887281029,2.385811857113014,3.092510855583027,-1.2221161666107179,-0.4985883708254297,0.42337093219528743,0.6828148000450822,LL,15,prerhotic,long,FALSE
ɛː,TRUE,padèna,93.1957671697061,0.2443856953099015,n,621.4010541249869,1904.1613788025998,2076.5555838450005,2823.05692781164,0.5995737303886918,1.837275835906635,2.0036145247912454,2.723894274191581,-0.9577048611337906,0.16211541507167304,0.24878427629496258,0.5558940393021494,LL,15,prenasal,long,FALSE
e,TRUE,puvrétt,95.42864248472532,0.1072821396481487,tː,482.552713146221,1593.3343270455198,2324.1669703618895,3337.2020599396596,0.4656025740697726,1.5373668903221516,2.2425283176069013,3.219979552426689,-1.2105913896067042,-0.016097393976441055,0.3614354070395862,0.7232064738312234,LL,15,elsewhere,short,FALSE
o,TRUE,nó,95.87033304521236,0.08863522004095616,NA,521.359123506285,1103.1212251998898,2540.04590730677,3469.1859008188,0.5030458710647243,1.0643730062469596,2.4508242943793404,3.3473273309694282,-1.1332424536075996,-0.3837826362616825,0.4502558791297018,0.7619936802380876,LL,15,elsewhere,short,FALSE
e,TRUE,biSbéjja,96.79572029634555,0.05178115321007227,jː,494.1446991126361,1644.6359263750398,2273.23050969437,3383.8100727447404,0.4767873801179112,1.5868664704736837,2.193381050262423,3.2649504129008418,-1.1868531669816695,0.015592762889353295,0.3392756763443803,0.7370760396132363,LL,15,elsewhere,short,FALSE
e,TRUE,ziéNna,97.74834108196319,0.051032399417522356,ŋː,412.9818619260739,2159.12991000101,2546.64771948341,3473.74971098599,0.39847546748461027,2.0832883464544656,2.4571942114044205,3.35173083281186,-1.3662778803203022,0.28777904561831225,0.4528515990089792,0.7633083433949084,LL,15,prenasal,short,FALSE
oː,TRUE,rôSa,98.1046765717555,0.1463824088555157,z,442.459877156799,804.2582409567901,2409.92436639514,3283.6521404656796,0.4269180384120576,0.7760078785275429,2.3252734006844955,3.168310626589028,-1.2973317672174236,-0.6997611416356619,0.3976690882913303,0.7070299849408732,LL,15,elsewhere,long,FALSE
e,TRUE,é,99.35177942135807,0.06692800777867093,f,422.49316072833494,1625.4991510808502,2210.27727571637,3452.2182552690497,0.40765267255347404,1.568401893250035,2.132639110599363,3.3309556906726443,-1.34350829542141,0.0038886630303567316,0.3111916963045127,0.7570907214865015,LL,15,elsewhere,short,FALSE
ɔː,TRUE,fòra,99.57057161260578,0.10206479883504473,r,555.9119593019349,808.76976271926,2358.7566722236497,3297.2310162966205,0.536385004489076,0.7803609286469425,2.2759030221405,3.1814125310392973,-1.0690716193291898,-0.694167272816907,0.3762083709280537,0.7111567547917952,LL,15,prerhotic,long,FALSE
ɑ,TRUE,secånnda,0.5478501609450857,0.11417001159076894,nː,708.6763755694022,1449.20300120576,2415.29942240351,3256.33029341802,0.6837834202531302,1.3982983191860765,2.3304596525593406,3.141948486314674,-0.8262825840833949,-0.1109125245039344,0.39989698837095844,0.6986746089826683,LL,2,prenasal,short,FALSE
ɑ,TRUE,leziån,1.209991754050856,0.13366403715171885,n,623.672232198045,1803.6198993006,2236.02954704281,3513.37019516108,0.6017651310961751,1.740265974845654,2.1574868080448035,3.3899596084777066,-0.9540565930083797,0.1078694251244885,0.3227754939662777,0.77464947089116,LL,2,prenasal,short,FALSE
e,TRUE,é,10.120137612257569,0.056861145645203955,b,467.4780042571649,1554.73894294875,2407.0291454003,3561.377613345521,0.4508161152886623,1.4993248113607136,2.3212376172441496,3.4344427034073184,-1.2418286038333788,-0.0401179735665087,0.39696764457185196,0.7887218172954036,NA,2,elsewhere,short,FALSE
ɛː,TRUE,bèl,10.319058719937752,0.19830189679606391,l,592.324688267204,1744.4570156445302,2397.4075866547,3324.82627670711,0.5712130036545909,1.682280937111849,2.3119589908762515,3.206322548708009,-1.0051259572922957,0.07501771865669227,0.39296235856441,0.7199918023801626,NA,2,prelateral,long,FALSE
e,TRUE,mé,11.370817642210907,0.20325518893636213,a,441.253482888259,2103.4098483280095,2517.96039072611,3633.1286273218393,0.4255262904387833,2.028439943800017,2.428215042120817,3.5036363619201416,-1.2995614002904166,0.2621341424364765,0.44202358229230043,0.808668535119871,NA,2,elsewhere,short,FALSE
aː,TRUE,fâg,11.746705806701646,0.17658347178094227,g,765.1102578978149,1177.34718806617,2402.41249077066,3773.4595036622604,0.7378401359890568,1.1353840840349783,2.3167855097935095,3.6389655537767074,-0.7491609503258561,-0.3181618608583303,0.3950478142061371,0.8465665981584181,NA,2,elsewhere,long,FALSE
uː,TRUE,dû,12.036643634546875,0.07476112018167672,p,320.520229079454,969.45557123246,2387.7036350877097,3587.0004335831004,0.3090962210610082,0.934902157081052,2.3026009083385897,3.459152273006428,-1.619235510116452,-0.5124462545803405,0.38890645916309463,0.7958906966705701,NA,2,elsewhere,long,FALSE
aː,TRUE,pâs,12.274997804240956,0.19987859577134692,s,788.182831397914,1308.3681099543799,2086.5484301968395,3772.5818121975303,0.7600903549518828,1.2617351475915195,2.01217950170236,3.638119145062397,-0.7194508192519447,-0.21264497968596796,0.25408560923771617,0.8463339751361083,NA,2,elsewhere,long,FALSE
ɑ,TRUE,bulåggna,12.94092995421714,0.13804849927200818,g,776.8772981424869,1420.4246896423301,2372.1205806260596,3681.2804166433,0.7491877744303089,1.3697977975716589,2.2875732663687907,3.5500719212585814,-0.7338984812891161,-0.13046971864441304,0.38235869209016204,0.8218350082134247,NA,2,elsewhere,short,FALSE
ɛː,TRUE,adès,14.403962879249045,0.17353109287186544,s,553.6457614649729,1860.5436688579498,2290.3092146844406,3719.4136372910207,0.5339126743006476,1.79423002040978,2.208677827771918,3.586845994561063,-1.0726558392449723,0.13944311734432713,0.34726121394131937,0.8321404087210755,NA,2,elsewhere,long,FALSE
ɑ,TRUE,sån,15.103238099659125,0.09179285662715664,n,700.750002524454,1484.3731464257698,2262.0211978100906,3475.54525772656,0.6757738140612266,1.4314669982683317,2.1813980546908742,3.351669591573529,-0.8370297080905527,-0.08643306323941857,0.33483312616303085,0.7643257526503469,NA,2,prenasal,short,FALSE
ɑ,TRUE,staziån,15.779131359736366,0.06510679503266915,n,661.868251916628,1688.3662336134398,2488.9557992512405,3662.7220757439995,0.6382778899642287,1.628189347286269,2.4002442346493233,3.5321750382518187,-0.8941143808387837,0.04233571292600935,0.4304376420353311,0.8167809847645682,NA,2,prenasal,short,FALSE
oː,TRUE,pôrta,18.258280130677925,0.15094651252388405,r,400.42943276775,797.7703261365101,2926.63965218396,3354.4804454731598,0.3861572944259716,0.7693361314248797,2.8223281241731555,3.2349197811841504,-1.396643348587535,-0.7073601575729365,0.5924292657194368,0.7288712759062665,NA,2,prerhotic,long,FALSE
iː,TRUE,Galîra,18.915868806104516,0.26808166107210957,r,275.69155000359495,2318.0359528118706,2654.18748623742,3144.1898607775397,0.2658653294030909,2.235416327248693,2.559586720437648,3.0321243905755497,-1.7698982334212987,0.3592946323140538,0.49471295355188083,0.664130638275866,NA,2,prerhotic,long,FALSE
ɑ,TRUE,leziån,2.4151833004333403,0.117501559824003,n,803.375326232275,1317.8848591062301,1789.50397067098,2727.8415183514608,0.731151744712505,1.1994067811177982,1.6286272525474013,2.4826080915325885,-0.7484525849858645,-0.253491243822058,0.05241915432092181,0.47399132807542177,RM,2,prenasal,short,FALSE
e,TRUE,lé,20.700324612097987,0.17295954560028193,NA,467.4969386829389,1338.01291672919,2153.12260390124,3483.5225709405104,0.4508343748520961,1.2903233517572732,2.076380833304392,3.359362576742465,-1.2417881013024399,-0.19024000733764002,0.28549353961642154,0.7666183920970511,NA,2,elsewhere,short,FALSE
e,TRUE,é,21.275683674482323,0.14176138871706107,g,386.32381285878995,2167.6015135952807,2518.9195544434306,4031.38981470948,0.3725544281666265,2.0903436845240013,2.4291400192470785,3.8877026917438178,-1.432504990530986,0.2921956402354011,0.44240443859197676,0.9126855609233289,NA,2,elsewhere,short,FALSE
iː,TRUE,galîra,21.773335115171204,0.1320781984583981,r,315.53418436896396,2219.82924920544,2397.5553007772305,3191.32495646899,0.30428788936075957,2.1407099149427125,2.312101440160038,3.0775794933608553,-1.634913875803714,0.31600465539795497,0.39302397077123796,0.6790105546637921,NA,2,prerhotic,long,FALSE
ɛː,TRUE,vècia,22.079945218735336,0.18239370263302487,ts,614.4965076371872,1836.34487838656,2253.77885060659,4447.8321426928605,0.5925945732391122,1.7708937251923584,2.173449481895354,4.289302148474529,-0.9683776560072692,0.1263514940608097,0.33118267385419653,1.0109911957764375,NA,2,elsewhere,long,FALSE
iː,TRUE,galîra,22.8913181850248,0.11838246850935616,r,315.4507205314,2125.3866842171797,2449.7372245335405,3675.0238478095503,0.30420740034806804,2.0496334795207733,2.362423491554712,3.5440383495589907,-1.6351784267855285,0.27252813210958404,0.41455514075612676,0.8201339990878065,NA,2,prerhotic,long,FALSE
oː,TRUE,nôva,23.222541573528897,0.2185579712585373,v,466.71414141707794,841.2575179322899,2858.8533731648104,3207.97597342809,0.4500794781099172,0.8112733492012302,2.7569578892123774,3.0936370334220937,-1.2434639483689978,-0.6542830841980969,0.5689950032128044,0.684214577640633,NA,2,elsewhere,long,FALSE
o,TRUE,tói,24.651271664912397,0.07547325626194026,i,436.2247390511879,1142.49201386911,2257.79401305922,3248.2430254859096,0.42067678149768867,1.1017712207855148,2.177321535601975,3.1324688839423724,-1.3110233346515852,-0.34821376904294343,0.33296261341586497,0.6966886198620887,NA,2,elsewhere,short,FALSE
iː,TRUE,galîra,24.984207261345478,0.10863048559472688,r,377.795842073285,1968.2331702355998,2456.0868958665296,3677.1056796033,0.3643304120079932,1.8980812438391894,2.368546847386708,3.5460459805349847,-1.4548269523603148,0.19571064966672047,0.41714376795633257,0.8207003198637466,NA,2,prerhotic,long,FALSE
o,TRUE,nôva,25.265753376654118,0.13254418838796417,v,492.10540782787604,865.90906023929,2509.8667166875307,3202.5732252343305,0.4745657469425327,0.8350462592365916,2.4204098434692076,3.088426850417946,-1.1904879646399245,-0.6254010099606155,0.43880402805667007,0.6825289967939643,NA,2,elsewhere,short,FALSE
e,TRUE,parché,25.84209595942411,0.18053976574260133,NA,404.8198501269251,2052.7937244427,2372.6472190176896,3670.7996855953797,0.3903912281733023,1.9796278839102595,2.288081134272124,3.539964745277293,-1.3857387480921508,0.237776035046795,0.38258067909396587,0.8189839135567372,NA,2,elsewhere,short,FALSE
e,TRUE,é,26.319473174596173,0.06656303975290356,p,339.346040726637,2238.032332502581,2855.25254568205,3620.8895134153604,0.3272510416015492,2.1582642024676044,2.7534854027150026,3.4918334755048503,-1.5621605458828967,0.3241714340816513,0.5677346737717546,0.8052940948351175,NA,2,elsewhere,short,FALSE
æ,TRUE,Zänt,26.73221339666019,0.14217285433766236,n,742.1205303190661,1577.9705020231702,2351.6087724628196,3624.19633908728,0.7156698101465286,1.5217283493211173,2.2677925417368545,3.495022439027788,-0.7796692319793781,-0.02528609377480784,0.3736740552062283,0.8062069414097124,NA,2,prenasal,short,FALSE
iː,TRUE,galîra,28.186194957022614,0.09949050942436698,r,331.841411104259,2086.3596302328806,2452.3770751035404,3561.0268393629694,0.3200138925972518,2.0119974309620394,2.3649692523564445,3.434104431739522,-1.5845237243424668,0.2539951208007061,0.4156321661634603,0.7886233185411804,NA,2,prerhotic,long,FALSE
ɛː,TRUE,vècia,28.454689289382127,0.1444318125940818,ts,612.452470635316,1805.9811202592798,2366.1024034880397,3744.52617980996,0.5906233899699569,1.74161219459659,2.281769589588763,3.6110634738013947,-0.9717095612927755,0.10967837828581928,0.3798184231351325,0.8388694654639384,NA,2,elsewhere,long,FALSE
e,TRUE,l'é,28.753889571810284,0.05496374418811811,p,455.9880539147939,1788.3044442447697,2543.317351900391,2591.7579253976696,0.4397356906889247,1.7245655521032375,2.452668228426939,2.4993822790721647,-1.2667142901220059,0.09984231033148205,0.4520436501962326,0.47091075839352214,NA,2,elsewhere,short,FALSE
ɛː,TRUE,bèla,29.092243794061613,0.1949673925009066,l,633.701715299916,1826.1122864510899,2535.6201104771203,3555.63380541557,0.611115267331621,1.761025844129135,2.4452453327071892,3.428903616745777,-0.9376025386109523,0.12076365065398598,0.4490126038904565,0.7871077102386526,NA,2,prelateral,long,FALSE
o,TRUE,nómmer,3.1247950819907646,0.117501559824003,mː,501.528186696554,936.98469410662,2422.37784074408,3663.6578989447,0.4564407155064463,0.8527496071828519,2.204605651656359,3.3342944167900597,-1.219614784153106,-0.5946076476477042,0.35523032080157435,0.7689427584885529,RM,2,prenasal,short,FALSE
uː,TRUE,dû,3.7708935930117478,0.19783425888735187,NA,367.7348863274461,940.48255263483,2899.00411575091,3984.2851082739203,0.33467545610459803,0.8559330076211655,2.63838314166395,3.62609718424969,-1.5299123337994196,-0.5908814973445669,0.5348479538802176,0.8528385847112858,RM,2,elsewhere,long,FALSE
aː,TRUE,fâg,30.835516216557707,0.08125423884695951,g,701.5657742164051,1371.63684903461,2097.9309159031004,3629.5878674487994,0.6765605099523246,1.3227488571385266,2.0231562919292694,3.5002218020978666,-0.8358662443436504,-0.16542081578054546,0.25952595812660917,0.8076934839372694,NA,2,elsewhere,long,FALSE
o,TRUE,tótta,31.100492988361218,0.09339153314126848,tː,455.88686558543503,1075.3879810071,2393.1419196698,3231.2335115431906,0.43963810892221333,1.0370589153089724,2.3078453611402305,3.1160656244761014,-1.266936224792234,-0.40874411372471897,0.3911814905839641,0.6914383336951477,NA,2,elsewhere,short,FALSE
e,TRUE,fén,31.6124987132625,0.11949026969102403,n,398.98086382625604,2057.6927662025105,2536.2059894470394,3696.98679130033,0.384760355496257,1.9843523136260581,2.4458103297313123,3.5652184880353475,-1.4002674463334213,0.2401597159520259,0.4492436366431498,0.8260924843765896,NA,2,prenasal,short,FALSE
iː,TRUE,Pîr,32.34241937272255,0.26129784163892816,r,268.559475684289,2315.3410668532406,2721.4861635185603,2907.59712070772,0.2589874570555167,2.2328174926341187,2.6244867328011363,2.8039643081492938,-1.7961085013905063,0.3581313830247881,0.5197524919854235,0.585901385607805,NA,2,prerhotic,long,FALSE
e,TRUE,lé,34.18708030546545,0.1986370486131434,NA,456.76428206100803,2082.40096796457,2504.7526477029396,4193.768592780059,0.4404842524485524,2.008179863655583,2.415478050546426,4.0442939522276555,-1.2650134380885492,0.2520959167735324,0.43676436347359804,0.9521741324220017,NA,2,elsewhere,short,FALSE
aː,TRUE,vâg,34.615256894998964,0.06903766115462415,g,729.4410882575601,1347.1415678684,2112.32060944131,3547.35342640871,0.7034422897880492,1.299126638771693,2.037033106842515,3.42091836767952,-0.796902293365676,-0.18344063220982676,0.26636153527992246,0.784776189010298,NA,2,elsewhere,long,FALSE
aː,TRUE,Piâza,35.08150575962097,0.11130911768847082,θ,836.2310761690501,1486.4824250138297,2387.25962269747,3593.13435926784,0.8064260602832645,1.4335010977777658,2.3021727214739993,3.465067572814079,-0.6602759199458239,-0.08501308243472572,0.3887204839555176,0.7975992794072209,NA,2,elsewhere,long,FALSE
oː,TRUE,tôr,36.06462945230675,0.17936085381019498,r,420.304366028719,884.6601239897099,2683.5871477678297,3432.1543886177296,0.4053238437025928,0.8531289960509725,2.587938516845698,3.309825263343102,-1.3482017718942814,-0.603977371182129,0.5057287647635142,0.7517625428865795,NA,2,prerhotic,long,FALSE
a,TRUE,cafà,36.74569051683552,0.15912324579309714,NA,799.821779082586,1368.62952579841,2265.08845559545,3642.26179196545,0.7713144663185544,1.3198487211611873,2.1843559890253075,3.512444001568272,-0.7047919750350857,-0.1676157297284524,0.33618818865964695,0.8111792373406264,NA,2,elsewhere,short,FALSE
ɛː,TRUE,pièS,38.02050715762384,0.18753811111329102,s,542.8431922819409,1909.41241124099,2509.48080648381,3839.7553966563605,0.5234951311651797,1.8413569791105902,2.4200376879082888,3.702898523172101,-1.0923604038370032,0.16536993387869448,0.438650258985013,0.8639830430275595,NA,2,elsewhere,long,FALSE
aː,TRUE,Piâza,38.53912123152366,0.1609710013446204,θ,788.871705817235,1400.43737690734,2168.32279573422,3646.7485790948494,0.760754676453241,1.3505228742593505,2.091039258666405,3.5167708702666554,-0.7185771976404176,-0.14464102284842273,0.292528340759735,0.8124103475922748,NA,2,elsewhere,long,FALSE
e,TRUE,parché,38.99438998066887,0.05682973064039487,l,420.835615091776,1847.4333944998598,2403.43616295364,3629.25803779188,0.4058361579434278,1.781587023514398,2.3177726961694622,3.499903728256348,-1.346938607270987,0.1323716987429746,0.39547382520740726,0.8076026073264551,NA,2,prelateral,short,FALSE
e,TRUE,l'é,39.08460717806049,0.055408987374384815,s,445.26939967995,1684.1082453243598,2471.3787426632402,3715.6344451120194,0.4293990715982509,1.624083122561369,2.383293660938796,3.5832015006564273,-1.2905014102086376,0.03981056969470753,0.4233505675611804,0.8311238201361508,NA,2,elsewhere,short,FALSE
æ,TRUE,sänper,39.334778418132146,0.18351673182311143,n,842.3083443268151,1655.17688819102,2608.18979080932,3706.91091372899,0.8122867219561161,1.5961829392070603,2.5152284786031944,3.574788894086958,-0.653034749868513,0.022482261444021212,0.47723079121038303,0.82877326921923,NA,2,prenasal,short,FALSE
e,TRUE,péNna,39.90532364160678,0.1118830060028699,ŋ,413.21413533294395,1925.0265444646202,2346.2380164945303,3502.8729932567003,0.3984863235847235,1.8564145921306123,2.2626132106886803,3.3780233097359704,-1.365214955656147,0.17351413422112927,0.37138757863540306,0.7721578642383609,NA,2,prenasal,short,FALSE
æ,TRUE,Zänt,40.50331088766715,0.17084775879514782,n,730.1355109857069,1632.1368476923599,2339.03140375369,3364.70779169357,0.7041119618449597,1.5739640937017958,2.255663456624042,3.244782603500516,-0.7959507533356396,0.008464483023325364,0.36831129090132464,0.731915499034935,NA,2,prenasal,short,FALSE
e,TRUE,é,41.9679360392113,0.32826780849418213,NA,410.90402927557096,2089.0297170584304,2698.874252570961,3038.11500361472,0.39625855451493686,2.0145723503362474,2.6026807574187263,2.9298302620808205,-1.3708212199205878,0.25527408521213246,0.5114091198171247,0.6298116357423336,NA,2,elsewhere,short,FALSE
e,TRUE,turéssta,44.923456805384305,0.11914022839312818,sː,473.368674102899,1721.3722894693399,2321.2130372956503,2562.1469554376895,0.45649682940166475,1.6600189986205636,2.2384801738294478,2.470826705706741,-1.2293063790002705,0.06169619267696813,0.3606642871815664,0.45941993872934095,NA,2,elsewhere,short,FALSE
e,TRUE,studént,46.28516319723407,0.11523670925625855,n,463.3151592108919,1933.0401286863498,2473.6007473766,3207.9182740014403,0.44680164270338735,1.8641425555331241,2.385436468779823,3.0935813905230916,-1.250773389775329,0.17766833705124885,0.42424925879635556,0.6841965912386048,NA,2,prenasal,short,FALSE
e,TRUE,aténti,47.78587669526136,0.1397569815300202,n,383.61553155037996,2038.04614444862,2496.3242954599496,2953.1100496801,0.3699426756404164,1.9654059383592501,2.4073501023181305,2.8478550616133864,-1.4395400706265828,0.2305659538142093,0.4333937453773897,0.601433246389151,NA,2,prenasal,short,FALSE
e,TRUE,é,48.87374052806202,0.056243330050286026,a,449.67429523784205,2091.61623405818,2600.3778934545403,2784.1209388775706,0.4336469675111648,2.017066678487169,2.507695013527951,2.6848890744133285,-1.2806573693951933,0.2565114620959976,0.47423115534661875,0.5425065594616205,NA,2,elsewhere,short,FALSE
o,TRUE,móccia,49.74609610762254,0.09159043409879784,ts,518.8481785326641,971.83535077748,2872.335339081421,3265.0888956907793,0.5003553496434029,0.9371971163303842,2.7699593298055847,3.14871433227418,-1.1375695882784234,-0.5099945038302325,0.5736997831326667,0.7018613664597524,NA,2,elsewhere,short,FALSE
o,TRUE,pizón,50.69009693215939,0.11637372803141949,n,517.7993910105131,1143.7831182297898,2482.5138562098805,3428.71822725221,0.4993439430912366,1.1030163074997845,2.394031895864675,3.306511573919853,-1.1395930105306844,-0.34708432973810943,0.42784607572063393,0.7507608739021201,NA,2,prenasal,short,FALSE
aː,TRUE,spâs,6.032881850667989,0.25065649680897817,s,833.884866812185,1397.9880864598,2506.2217252556097,3771.79254852704,0.8045938399851755,1.3488823787367739,2.4181882200194127,3.6393046222894925,-0.663586211019191,-0.14689215355056717,0.4368500548353431,0.8456240900391565,LL,2,elsewhere,long,FALSE
ɑ,TRUE,bulåggna,6.905874263584839,0.12527503576940546,ɲ,752.4945370769171,1418.0826834803602,2463.3004739593102,3363.4010391616,0.7260624257028869,1.36827113325577,2.37677461992678,3.245258266713059,-0.7662878175641454,-0.13262053914052796,0.41957583132873655,0.731026400587873,LL,2,prenasal,short,FALSE
uː,TRUE,incû,9.425396817294258,0.12651057911662278,a,333.268940404503,772.87101105425,2583.04787604883,3341.7188236119196,0.32139054178231746,0.7453242797516233,2.4909826740091288,3.2226130100850288,-1.5802311088718417,-0.7390687350509317,0.4675444262417985,0.7250596697103191,NA,2,elsewhere,long,FALSE
æ,TRUE,tänp,9.829567632997046,0.14279869253187455,n,676.5217857866321,1601.51582887258,2412.16131015407,3505.85887332401,0.6524091413907493,1.544434471720009,2.3261868609652367,3.380902766823585,-0.872216250969907,-0.010475048958265454,0.39909753204620646,0.7730099100306074,NA,2,prenasal,short,FALSE
æ,TRUE,däl,0.8317410990764788,0.06401720571737946,l,450.26320193084,1684.0017527726802,2445.80393136269,3564.2542419868096,0.4344472637217804,1.6248495334672,2.3598926606125454,3.439056303068184,-1.279849249501713,0.039246681178238596,0.4124475996849668,0.7890285677194919,LL,21,prelateral,short,FALSE
o,TRUE,ventión,1.502894970852232,0.17259310547039977,n,566.6424799496222,962.25239193022,2533.10371451477,3384.17991130582,0.5467386050358377,0.928452329417837,2.4441259529430868,3.2653072605183926,-1.0499529964389422,-0.5204047765336481,0.44751904002864684,0.7371853301300133,LL,21,prenasal,short,FALSE
a,TRUE,l'à,10.1112654554007,0.04178900928773466,s,612.7090959658251,1387.40729505199,2277.4974984375704,3785.0076549186197,0.5911870858162754,1.3386732480429449,2.1974981568255743,3.6520555350600543,-0.9717912891320921,-0.15448952545090933,0.34115097629026625,0.849121633842695,LL,21,elsewhere,short,FALSE
o,TRUE,sintó,10.42490922543332,0.04164339434384346,k,498.41984046248393,1156.65873038065,2283.5079729323706,3398.0179938017504,0.4809123529193762,1.1160299538556708,2.203297507487005,3.2786592667443792,-1.178238779469897,-0.3363908315554962,0.3437865696969249,0.7412660431650613,LL,21,elsewhere,short,FALSE
e,TRUE,é,10.712673882113688,0.08002150714672318,u,394.760448573245,2021.0880003125299,2454.72016148853,3704.38673448114,0.3808940992130455,1.9500952947329062,2.3684956993780357,3.574266503816559,-1.4114024328403243,0.22170970494851439,0.4160864920954994,0.8275914458104667,LL,21,elsewhere,short,FALSE
ɔː,TRUE,dl'euròpa,100.73329226846171,0.11888560315802009,p,706.398336692933,1024.6501169049197,2617.4205343913204,2758.77716197506,0.6428930033951795,0.9325338932282567,2.3821139732305463,2.5107626154153144,-0.8770953000924129,-0.505168110815938,0.432669988175558,0.48526820852247887,RM,21,elsewhere,long,FALSE
aː,TRUE,aciâpa,103.0953755638705,0.3089003035133544,p,818.8850808835109,1387.81046089178,2723.0111918104108,3653.862356277201,0.7901209363031068,1.3390622522857336,2.6273627431528936,3.5255168441334717,-0.6817377968361198,-0.1541989782736568,0.5198120483059165,0.8138585124385385,LL,21,elsewhere,long,FALSE
ɑ,TRUE,stariåNna,104.11563360060646,0.15130894947385798,ŋː,709.048519699312,1796.70073887574,2442.1072814591694,4133.886844975211,0.6841424924541364,1.7335898567419714,2.356325859175886,3.9886800001275726,-0.8257575962811794,0.10402578471653001,0.4109350310447635,0.9372918136038555,LL,21,prenasal,short,FALSE
ɛː,TRUE,fèla,105.39101517392216,0.25134216444220675,l,629.7971635482711,1618.75728122457,2323.78806697236,2965.6508293633697,0.607674918203313,1.5618968382091856,2.2421627235719233,2.8614794245811908,-0.9442837495396814,-2.675309708548568e-4,0.36127236613780234,0.6051702368831089,LL,21,prelateral,long,FALSE
e,TRUE,té,106.69742669386883,0.17347242421880082,NA,387.3742413913001,2193.5268903053898,2530.36487394742,3031.06453395607,0.37376733982938387,2.116477098965103,2.4414833168467927,2.924595408406511,-1.4302902966879714,0.30358442515486495,0.4464372358121871,0.6269876136772732,LL,21,elsewhere,short,FALSE
iː,TRUE,ît,107.41200601815821,0.0795845773206594,t,323.12839420301896,1929.25780883149,2353.3163001381404,4207.008492588119,0.31177819126750883,1.8614907291257152,2.2706537484800227,4.05923317788678,-1.6116318049515046,0.17520909846672605,0.3738992494289688,0.9548255478064318,LL,21,elsewhere,long,FALSE
ɛː,TRUE,andè,108.16010445097042,0.23717593136018425,d,637.5385609711391,1734.40737204842,2468.0637924761704,4363.121403115491,0.6151443914210343,1.673484605746348,2.3813706221917017,4.2098624687535855,-0.9320667914612413,0.06873950726309097,0.42150767807170997,0.9912614438793108,LL,21,elsewhere,long,FALSE
ɑ,TRUE,stariåNna,109.00548482269731,0.17164435056051278,ŋː,750.379379499904,1778.48918867756,2407.24393552625,4107.630176092391,0.7240215651179375,1.7160180051720393,2.322687122588504,3.963345622586451,-0.7691026364924021,0.09383795800833816,0.3965562224010286,0.9309199872395881,LL,21,prenasal,short,FALSE
ɑ,TRUE,stariåNna,11.370439626581623,0.10491708714792657,ŋː,668.0847957891381,1689.32832345678,2283.1711283542304,4109.279266815781,0.6446176596711921,1.6299890031125193,2.2029724949062635,3.9649367873748096,-0.8852664491778057,0.04240473271229206,0.3436390469254409,0.9313213767783166,LL,21,prenasal,short,FALSE
o,TRUE,dimónndi,11.79166789676465,0.07098467249283226,nː,490.723598679065,969.6763194471101,2275.92626895032,3483.65284386603,0.47348644920481686,0.9356154841725467,2.195982118320789,3.361286108400797,-1.1938005206560405,-0.5127192299439134,0.340460845246076,0.7661551355677245,LL,21,prenasal,short,FALSE
æ,TRUE,pänset,110.08606423338716,0.14767648436806272,n,840.9177154809528,1668.0020915186099,2395.7294022287097,4043.15265508852,0.8113796529212831,1.6094118760648215,2.311577048608001,3.90113293797982,-0.6551877405592501,0.02970028236356992,0.39176146109486343,0.9150984723405591,LL,21,prenasal,short,FALSE
e,TRUE,séppa,111.03740858556688,0.046428919553520125,pː,438.6744942788,1785.4750271321002,2404.44445822037,3367.23025475516,0.42326562083399727,1.722758459173971,2.319985979678812,3.248952977339397,-1.3059238873038188,0.09775822598991457,0.39539260689118283,0.7321642480911708,LL,21,elsewhere,short,FALSE
oː,TRUE,bôna,112.33659998190802,0.30412465291729524,n,512.406473235493,882.26443880537,2567.93207925384,2988.9509217097298,0.4944076914477254,0.851274031887019,2.477730937085489,2.883961078247163,-1.1505633513511846,-0.607189726152142,0.4611746611090073,0.6129961880513397,LL,21,prenasal,long,FALSE
ɛː,TRUE,brèva,12.263358032391427,0.13678007506272571,v,612.192401290475,1723.26642563224,2509.79953521724,4079.5155678618603,0.5906885405500337,1.662734996040237,2.4216403558841275,3.9362185676461725,-0.972634940163875,0.062295299033523044,0.43827660802664514,0.9240519725192771,LL,21,elsewhere,long,FALSE
ɛː,TRUE,dunè,13.22269154277895,0.17426906000842027,s,590.053573308429,1822.3104253229599,2290.256868765979,3085.0099352433904,0.5693273606944247,1.7582999777424355,2.209809341710813,2.976645924369504,-1.0094682194672053,0.11817888498290152,0.34673770556215544,0.6446286023722161,LL,21,elsewhere,long,FALSE
e,TRUE,siché,13.57760695069876,0.04178900928773466,d,427.9384085279729,1878.1245481955098,2348.9337486612703,3847.59513842915,0.4129066506638219,1.812153574605399,2.2664251384379823,3.712444571600861,-1.3307022745444153,0.14834742269970924,0.37203522573803394,0.8655220382819548,LL,21,elsewhere,short,FALSE
ɑ,TRUE,dånca,13.723970725520314,0.1127736817805687,n,750.353198369073,1567.3549715597899,2238.62566450154,3982.52432215303,0.7239963036250998,1.512300085272059,2.1599917343221655,3.842634234921509,-0.7691375276265315,-0.03253680836665129,0.3239358594591666,0.8999895945606893,LL,21,prenasal,short,FALSE
uː,TRUE,fûria,15.247638865623037,0.1963517003560309,r,319.688209435724,659.0671297118698,2188.6133777018304,3555.1485834328096,0.3084588463766994,0.6359167479919213,2.111736178328629,3.4302704897345473,-1.6223353791651123,-0.8988561591207427,0.3013419069504355,0.7864705825225977,LL,21,prerhotic,long,FALSE
e,TRUE,parché,16.83000019916457,0.18136045541306345,NA,389.1236304629729,2112.19698507624,2428.5825562640102,3824.6996624536696,0.3754552798878073,2.0380039867186723,2.3432762032670107,3.6903533217574345,-1.4257844452365802,0.26580235546342923,0.4053815015012301,0.8595536690954786,LL,21,elsewhere,short,FALSE
oː,TRUE,vôl,17.337937144832136,0.056015055002706766,l,402.0408420100521,848.7063605345201,2714.8114863602204,2816.6068327026196,0.38791876166353073,0.8188947141501646,2.6194510604284704,2.7176707450227693,-1.393127873964053,-0.6459682930709478,0.5167962413735347,0.5536066341676307,LL,21,prelateral,long,FALSE
oː,TRUE,sô,18.346566130136214,0.03378685857305897,f,488.3735780889989,1167.3128829171199,2212.7360939198597,4082.9729240424303,0.47121897540134833,1.1263098687962987,2.135011560392983,3.939554480787462,-1.1986009126060981,-0.327221849355519,0.3123035258430171,0.9248991054471238,LL,21,elsewhere,long,FALSE
uː,TRUE,futûr,18.702804445546313,0.21055605975630345,r,284.254244410269,690.5970678983899,2682.06572018427,3463.5844043512698,0.2742695342541273,0.6663391660614187,2.5878555215245385,3.34192259257946,-1.7398124899809622,-0.8521250152461795,0.5046610132491498,0.7603777323731249,LL,21,prerhotic,long,FALSE
iː,TRUE,l'arîva,19.9309944380999,0.10136057571918047,v,288.784100789969,2215.1121652321804,2842.4784286998197,3726.78229380547,0.2786402749692781,2.1373041698614426,2.7426335757424454,3.5958753970733266,-1.7240022016254697,0.3133767656657609,0.5627500822856115,0.8336189300576029,LL,21,elsewhere,long,FALSE
ɑ,TRUE,leziån,2.005384034473907,0.12447790000601566,n,644.3226987809147,1768.09119508761,2315.05176145575,3754.90744901021,0.621690229711904,1.7059852513427707,2.233733289386645,3.6230126285149633,-0.9214818687956869,0.08797426833686917,0.3575057709681486,0.8411373620313656,LL,21,prenasal,short,FALSE
uː,TRUE,stûdi,20.505626727920955,0.1738756466680016,d,254.82542730367607,716.41906676605,3044.54866631054,3473.3892411520096,0.24587443331827105,0.6912541417995537,2.9376058973381856,3.3513830248356458,-1.8491028425578335,-0.8154162699370042,0.6314263934512825,0.763204568348292,LL,21,elsewhere,long,FALSE
e,TRUE,métt,22.65981819592546,0.05992166600434246,tː,492.11979183560607,1894.9474302180997,2336.1522825894804,3576.08370960879,0.47483359970231526,1.8283855363364203,2.2540926339441,3.450470248994958,-1.1909593882656884,0.1572648213596448,0.36657897682567686,0.7923419902843394,LL,21,elsewhere,short,FALSE
o,TRUE,sóbbit,23.011745614405232,0.06579546143174754,bː,553.6424827818279,1163.10788365947,2289.9787700994602,3553.20893354297,0.5341952455658213,1.122252574276995,2.2095410115337173,3.4283989719564887,-1.0731624139741873,-0.3308306429961956,0.3466162713440113,0.7859248446546436,LL,21,elsewhere,short,FALSE
eː,TRUE,l'atmosfêra,24.0344443344777,0.10934109898101953,r,445.977739129656,1486.95116982199,2208.4608043237095,4045.59914999797,0.430312332020118,1.4347205462201846,2.130886444552513,3.9034934973472346,-1.2894125159533152,-0.08519844658982656,0.3103695287706696,0.9157033851980687,LL,21,prerhotic,long,FALSE
iː,TRUE,vî,24.509825812181628,0.17970612832788646,NA,287.9363039271679,2299.1835037732903,2809.43241379686,4111.27753456652,0.27782225780585823,2.2184224198760703,2.7107483346436068,3.9668648640037003,-1.7269422657069953,0.3506277860685927,0.5510561994904508,0.931807540389463,LL,21,elsewhere,long,FALSE
uː,TRUE,bûr,25.381642281243725,0.21870382541487035,r,351.22399273774397,637.72392822425,2514.44054321404,3672.0752718355807,0.3388869042462607,0.6153232474669033,2.42611834390641,3.543090013103982,-1.528257378583441,-0.9317760791475225,0.4401240553000063,0.8188306959338059,LL,21,prerhotic,long,FALSE
uː,TRUE,mûSica,26.024489558809716,0.16955393601126192,z,334.5031219325839,728.44483186536,2344.4369549913404,3309.5238243277495,0.3227533704882367,0.70285749006153,2.2620862990723736,3.1932735420872342,-1.5770353418058551,-0.7987696600881211,0.37011899310700436,0.7148780438402182,LL,21,elsewhere,long,FALSE
e,TRUE,sént,27.806996147667988,0.09714116623880642,n,448.78164889305606,1959.0112489072699,2331.5845917029396,3539.9811203191502,0.43301775169289647,1.8901990503294055,2.2496853876964056,3.415635798693678,-1.2831450903655996,0.19051360563376019,0.36462184322215485,0.7821951184080449,LL,21,prenasal,short,FALSE
ɑ,TRUE,tåcca,29.412482180758726,0.048902032145218044,kː,718.2527898261981,1530.5968570112302,2123.47845404914,3773.0238681972696,0.6930234535320883,1.4768331356818805,2.048889182988368,3.6404926906441886,-0.8128599724111485,-0.05626851352441964,0.27112924880629397,0.8459504915347411,LL,21,elsewhere,short,FALSE
o,TRUE,nómmer,3.4574369863495487,0.10667371540945682,mː,461.06438541426104,1117.9746670225502,3120.86249790777,4117.9743571583185,0.4196146169953069,1.0174685500629712,2.8402964166880107,3.7477677464133965,-1.3037368968369742,-0.4180006004888268,0.608590089483247,0.8858420658003876,RM,21,prenasal,short,FALSE
a,TRUE,và,30.501927395572856,0.048902032145218044,d,653.4949292039049,1385.6209272994597,2419.2519441953,3859.24805799629,0.6305402765120994,1.336949628216231,2.334273338132313,3.7236881708970153,-0.9073467808713476,-0.15577791334774904,0.40153210293390185,0.8685460853919063,LL,21,elsewhere,short,FALSE
æ,TRUE,dänter,30.66257920985492,0.11951485988861066,n,778.317613529042,1527.8113035744998,2425.3675023381606,3866.0687571594,0.7509784411742715,1.4741454275517272,2.340174081275221,3.730269286287692,-0.7325468699821398,-0.058090084786791785,0.40405678478301077,0.870311890238125,LL,21,prenasal,short,FALSE
e,TRUE,dal'indvéNna,31.486899910582093,0.10437811772548855,ŋː,418.45379398440195,2164.0577436833405,2596.7091631497897,3711.81856573906,0.4037551925427936,2.088043085127721,2.505497197581295,3.5814372846856144,-1.3531150792677495,0.2900587689203302,0.4723186613833654,0.8295956604848973,LL,21,prenasal,short,FALSE
e,TRUE,ch'l'é,32.25566108111619,0.055125927145510914,t,417.77805793007093,1637.48363099816,2458.98362453089,3450.43762985674,0.4031031923825687,1.5799654065126703,2.37260940408406,3.329237611480798,-1.3547312248375816,0.011234416660066415,0.4178218283298092,0.7565747967521839,LL,21,elsewhere,short,FALSE
o,TRUE,tótta,32.527960435220585,0.09780406429042897,tː,525.383843863078,978.4663700475501,2745.5909982142603,3493.9849496679494,0.5069292191570312,0.9440967755926786,2.649149411629139,3.37125528881545,-1.125552427849171,-0.503695137100312,0.5280700762034645,0.7691166287432276,LL,21,elsewhere,short,FALSE
eː,TRUE,sêria,33.173970869736756,0.19926694118598223,r,367.72664718027596,2135.8102470161402,2544.1551766173607,3546.4213045416104,0.3548098867062072,2.0607878095879264,2.454789221560212,3.421849765105576,-1.4823416988862785,0.27691980600498756,0.45187236523540975,0.784012736321734,LL,21,prerhotic,long,FALSE
ɔː,TRUE,bòcia,34.503262271868024,0.16004301429342863,ts,509.4950057295739,816.6557659672001,2697.1211083075805,3247.7973422159002,0.49159849210401424,0.7879699282677796,2.6023820743194217,3.1337152634234062,-1.1562615041448439,-0.6844638874760598,0.510258672492145,0.6960507502346056,LL,21,elsewhere,long,FALSE
aː,TRUE,cristâl,35.40593954494683,0.2012930541587466,l,783.39310485358,1369.6845886558897,2300.9335359969205,4009.57242351829,0.7558756508696973,1.321573069155324,2.220110980495105,3.8687322451000346,-0.7260469348348879,-0.16734578940504274,0.35138865032179645,0.9067583326015702,LL,21,prelateral,long,FALSE
a,TRUE,l'à,36.652362314134685,0.15247743233994984,NA,803.612348843747,1388.14505235895,2415.46918954927,3779.85646021903,0.7753846740107897,1.3393850908982459,2.330623456466986,3.647085281145148,-0.7005645547360482,-0.15395791427447225,0.399967274140975,0.8477597599432185,LL,21,elsewhere,short,FALSE
a,TRUE,fazulàtt,37.57373945812173,0.06327813442108267,tː,725.606442193546,1302.42525621733,2329.3518137146602,4006.9849202617797,0.7001188016210627,1.2566762869790755,2.2475310382329217,3.8662356304425596,-0.8026737772643315,-0.21769816734336178,0.3636637618561549,0.9061127928179937,LL,21,elsewhere,short,FALSE
ɑ,TRUE,råss,37.853498586999685,0.07895096761438224,sː,719.3688217083,1412.89281596102,2225.77346206052,3594.4154732551706,0.6941002836957042,1.363263564941977,2.1475909781436555,3.4681580913973846,-0.8113073634390249,-0.13628703030894673,0.3181782031289373,0.7974551081071359,LL,21,elsewhere,short,FALSE
oː,TRUE,cô,38.42952365165752,0.16486963331201568,NA,472.726812105567,917.13650846238,2219.06591536983,3852.933137672681,0.45612181747583536,0.8849211857690952,2.1411190406334164,3.7175950683662107,-1.2311638970837713,-0.5684252290949203,0.3151600730176911,0.8669084366970123,LL,21,elsewhere,long,FALSE
æ,TRUE,däl,39.10792114096278,0.05412948848068311,l,407.110856708969,1900.7333803018798,2514.6254440187995,4004.339712835141,0.3928106871052016,1.833968249227791,2.4262967498883845,3.8636833385307363,-1.3805960309008602,0.16031352584989023,0.4401975881609035,0.9054524257391607,LL,21,prelateral,short,FALSE
ɔː,TRUE,zòi,40.030582830317584,0.23784631471740175,i,562.5519470920839,926.3034316587501,2669.18185750278,4029.60775076023,0.5427917561716604,0.89376611176423,2.5754242172026713,3.8880638117497295,-1.0571980742619074,-0.558479693514502,0.4998457295646501,0.9117427634236952,LL,21,elsewhere,long,FALSE
oː,TRUE,ôr,40.53283425818915,0.2594057002246474,r,415.02402661184306,877.3077861504399,2572.3025205093904,3607.0333209301407,0.4004458991254751,0.8464914865359459,2.481947862289655,3.480332724751702,-1.3613451404573294,-0.6128236702386847,0.4628751447051833,0.8009593642499349,LL,21,prerhotic,long,FALSE
o,TRUE,dapartótt,41.309951674498976,0.09604230264123714,tː,454.06367708186804,937.6744276011601,2724.3265255535703,3255.7772580333403,0.43811424344192273,0.9047376902805003,2.6286318745035038,3.141414876842292,-1.2714441083666683,-0.5462787578161965,0.520294975503373,0.6985047606250854,LL,21,elsewhere,short,FALSE
æ,TRUE,sänza,42.49348152115231,0.09517364298971391,n,759.0715409612451,1516.11971010764,2370.57029147406,4116.020699250161,0.7324084058513439,1.4628645128146511,2.287301676385357,3.9714414203586337,-0.7575855246427086,-0.06577202692663597,0.3812042800341615,0.9329605714512619,LL,21,prenasal,short,FALSE
ɛː,TRUE,lasèr,42.98860578334399,0.1421228295456416,r,520.721748000965,1863.9010777586602,2270.92712091393,3463.27970480267,0.5024308840014642,1.7984297175692958,2.1911585702803626,3.3416285959024528,-1.1344657283115653,0.1407453695029428,0.33826189594107703,0.7602897561853448,LL,21,prerhotic,long,FALSE
iː,TRUE,dîr,43.29395801838384,0.10139749250606654,r,323.88550272068693,2208.4125748446304,2550.8700871107,3940.5272656119596,0.3125087056031925,2.130839909181364,2.4612682642122827,3.802112366333546,-1.6092914877903741,0.3103476900286726,0.4545082361226349,0.8893882626353848,LL,21,prerhotic,long,FALSE
i,TRUE,gnínta,43.53413539096479,0.09758555669756672,n,400.690215035661,2422.77219011225,2744.4738361084205,3983.86760928284,0.3866155767911788,2.337669931946083,2.648071490942007,3.843930337768546,-1.3964929567948552,0.4029861421701897,0.5276631002733172,0.9003268330882674,LL,21,prenasal,short,FALSE
e,TRUE,DeléNna,44.050756603690466,0.06402204184986715,ŋː,477.77914920208593,1687.11341374305,2146.8655914754004,3867.36207148716,0.4609966862582944,1.6278518942828517,2.0714548241901216,3.731517171676545,-1.2205329596980894,0.04109275388734446,0.2820826385109747,0.8706463638678708,LL,21,prenasal,short,FALSE
ɛː,TRUE,mèga,44.7172308489305,0.14027923775275045,g,649.8588334641271,1899.18940362275,2546.4375084101002,4267.9542499687,0.6270319022145712,1.8324785062494136,2.4569913842019933,4.118038155544075,-0.9129263944454866,0.15950088998758893,0.45276905137271406,0.9692083385880172,LL,21,elsewhere,long,FALSE
aː,TRUE,tâca,45.395256296228574,0.12198194587195846,k,829.6629709311361,1405.77111873012,2221.1873302126,3912.63862320459,0.8005202423530029,1.356392024336945,2.143165938691504,3.7752033399444476,-0.6686619952551727,-0.14134028429772005,0.316115610860626,0.8822857106093887,LL,21,elsewhere,long,FALSE
o,TRUE,sóbbit,45.790348431502856,0.0670900702295825,bː,517.444530581569,1025.71538332331,2496.1806058967395,4184.983946144109,0.4992687820700329,0.989686120764974,2.4084998048625486,4.037982265317684,-1.1407792223498108,-0.45653597138362745,0.4328355305409266,0.949576592407035,LL,21,elsewhere,short,FALSE
ɛː,TRUE,dmandèr,46.61776492075195,0.21453113017417993,r,602.42984087196,1903.9095126937802,2488.4162211520197,3358.63376049719,0.58126889967653,1.837032816842826,2.4010081517752844,3.2406584434046684,-0.9887103425635502,0.16198313491389094,0.429720176864854,0.729607996903348,LL,21,prerhotic,long,FALSE
ɛː,TRUE,stèla,48.04127465731474,0.16378848754269631,l,701.5322937938208,1998.5446528287,2992.96717396368,4235.121638574052,0.6384644185988086,1.8188751410309958,2.723898904605027,3.8543834668602006,-0.8840076609275096,0.16289992631906358,0.5667459454349348,0.9138927341327125,RM,21,prelateral,long,FALSE
a,TRUE,cà,48.606466834112176,0.30123066276645005,NA,984.23258921561,1476.79330438772,1790.80045602041,2744.98058528491,0.8957499083060452,1.3440293295373655,1.6298071836384838,2.4982063533685674,-0.5454123544793692,-0.1396462648814314,0.05314338625853754,0.48025468640822844,RM,21,elsewhere,short,FALSE
ɔː,TRUE,Brochindòs,49.81640522204119,0.2540689900927476,s,585.62391662045,937.74445578644,2708.0288455850596,3951.4307832104305,0.5650533000581861,0.9048052586568361,2.612906666587401,3.812632887142896,-1.0170037514258077,-0.5462040777690529,0.5142947315016331,0.8921514614432402,LL,21,elsewhere,long,FALSE
ɑ,TRUE,arspånnd,50.79694601843566,0.0663276830678825,nː,700.951631317145,1297.50105654691,2261.57946448831,3468.19698755699,0.6763300152470085,1.2519250546694847,2.18213925948857,3.3463731542594304,-0.8372426693559456,-0.22148612512831978,0.33413717179456004,0.76170858331193525,LL,21,prenasal,short,FALSE
e,TRUE,DeléNna,51.200593061089855,0.08996168508057423,ŋː,470.969641960203,1798.6613284225698,2459.66543835948,3529.2682088603297,0.4544263696615939,1.7354815786509552,2.37326726853074,3.4052991887956896,-1.2348879169601705,0.10511640630315622,0.4180990645482261,0.7791642677021899,LL,21,prenasal,short,FALSE
aː,TRUE,ân,52.489916717028066,0.1364673019442577,n,1102.23292692473,1726.72703478638,3014.7156880510497,4351.3867378100795,1.0031419951371303,1.5714939741145264,2.7436922234942944,3.960196313458649,-0.43218125993122136,0.01670841345131091,0.5739862108065221,0.9409752688266284,RM,21,prenasal,long,FALSE
ɛː,TRUE,nèda,52.97088365105244,0.20538242537193696,d,589.01961413935,2188.3254968856604,2725.0792923320305,3229.7389144476797,0.5360666484090617,1.9915946542080036,2.4800941901126032,2.939384824449472,-1.0588151109113833,0.25361732229605316,0.4729782100230624,0.6428819867548796,RM,21,elsewhere,long,FALSE
æ,TRUE,1933,54.690369281134096,0.2102941044063869,n,762.5791173361702,1563.6353492859798,2207.57414862189,3940.7099951047894,0.7357927751532248,1.5087111183922304,2.130030933505048,3.80228867727306,-0.7529752909226719,-0.03491281317186612,0.30996796686131844,0.889434633398456,LL,21,prenasal,short,FALSE
æ,TRUE,1933,55.20138816136519,0.09148645940397417,n,680.0925349477661,1423.21459469953,2292.901397343511,3907.09293120996,0.6562036151713978,1.3732227810414885,2.212360978618772,3.7698524458403346,-0.8674526847448369,-0.1290081633154312,0.3478917258763028,0.8808673261326883,LL,21,prenasal,short,FALSE
iː,TRUE,1933,55.814335896551476,0.15845177741079655,NA,317.58478788421104,2231.7126459012597,2685.96734594988,3885.44882313851,0.3064293095778015,2.153321542305428,2.591620098844352,3.748968608371457,-1.628936723326512,0.3208430178749717,0.5061146654173037,0.8753122288580011,LL,21,elsewhere,long,FALSE
æ,TRUE,patänt,57.08967078463082,0.1595329820419807,n,1119.2725590302803,1574.65407736444,2338.6875696987195,2955.27961417735,1.018649761353528,1.4330924020073756,2.128439150530102,2.6895994629966284,-0.41684034234818146,-0.0754837010370597,0.3200705886020927,0.5540739546962739,RM,21,prenasal,short,FALSE
e,TRUE,mé,57.671457678810775,0.06251574725938269,n,403.02342103564104,1711.13821018273,2403.05103979815,3405.333923130511,0.38886682663359046,1.651032796097464,2.3186415064503603,3.285718216853631,-1.3906868774906531,0.05523249359749727,0.3948129210810496,0.7434167277799508,LL,21,prenasal,short,FALSE
ɑ,TRUE,nå,57.83422733783367,0.14866549653145006,NA,689.5349231626179,1486.5325955368698,2389.95128011989,3383.12769639155,0.665314330205071,1.4343166747688756,2.3060018887262643,3.264292005688792,-0.8536642085296435,-0.0854799845573524,0.3893467053683315,0.7368743601006473,LL,21,elsewhere,short,FALSE
eː,TRUE,êla,58.77973298130197,0.05184232699558323,l,430.28669897127986,2328.47262580708,2679.79048787798,3274.9338079915606,0.3916038499151963,2.1191425318705024,2.438876857053822,2.9805166892052366,-1.3728228664467164,0.3156932114499016,0.45621929952961615,0.6567783418103765,RM,21,prelateral,long,FALSE
ɛː,TRUE,spuSè,59.2383342757099,0.16726312614879646,NA,692.3502949988269,1948.5729924995499,2587.3193605248002,2763.0009578020104,0.6301078830920573,1.773395941654545,2.3547189001286406,2.5146066912629848,-0.8971825605704273,0.13757799018978822,0.42110302802462485,0.4867980768218354,RM,21,elsewhere,long,FALSE
o,TRUE,ói,59.673717359336116,0.15182131766808027,i,537.664842164715,1060.0887582831201,2169.3431423139705,3921.8521600374806,0.5187788353038499,1.0228520970920068,2.0931428289284786,3.7840932422262332,-1.1024461583810616,-0.423573636632419,0.29249814685493725,0.8846377565394521,LL,21,elsewhere,short,FALSE
ɑ,TRUE,stariåNna,6.38461690062012,0.1478214540983869,ŋː,700.0131020606641,1745.05875867647,2340.12983499013,3123.9991949562805,0.6754244527545541,1.683761851933812,2.257930470901155,3.014265647953766,-0.8385825023646154,0.07486195220120884,0.36828013738865106,0.6571876988007146,LL,21,prenasal,short,FALSE
ɑ,TRUE,sån,60.568720507028225,0.10029780814197407,n,815.612376192877,1524.74211713252,2308.98021171355,3516.22807200144,0.7869631885863975,1.4711840493048436,2.2278750088060026,3.392717099580741,-0.6857423415357662,-0.06010098324013402,0.3548796847876403,0.7754625691335333,LL,21,prenasal,short,FALSE
ɛː,TRUE,avanzè,61.01173676099975,0.03430742227649119,v,467.65557231641003,1584.5690040361999,2281.7637475155,3860.2488734893395,0.4512287099764251,1.5289094579121596,2.2016145497049258,3.724653831760664,-1.241949486082592,-0.02161382687213731,0.3430224419040808,0.8688053809153162,LL,21,elsewhere,long,FALSE
ɛː,TRUE,pèz,61.8767318588636,0.25385638625125045,θ,662.242600918594,1806.8037105808098,2401.38767636466,3774.28040528623,0.6389806776465603,1.7433379516204874,2.3170365702948943,3.641705090630958,-0.8940495990134654,0.1096331029914186,0.39412049326659826,0.846283467934005,LL,21,elsewhere,long,FALSE
ɛː,TRUE,pièSla,63.019855097654066,0.19525890615203426,z,426.04546944074303,1698.3143966168495,2505.4460148134203,3249.2462002990897,0.3877439076569228,1.545635637056847,2.2802059824329106,2.957138401910899,-1.3827285184045328,1.1691199557795073e-4,0.3889474527412551,0.6489037152979709,RM,21,elsewhere,long,FALSE
ɛː,TRUE,ciocolèta,63.90555027896384,0.17543678108600608,t,707.2474726300411,1733.6593942695897,2879.0095760958,3207.8932998788905,0.6436658018638933,1.5778031132747918,2.6201861146004997,2.919503134428948,-0.8758939580962322,0.020715115534722273,0.5279270220403962,0.6360951130425629,RM,21,elsewhere,long,FALSE
e,TRUE,soncamé,65.05951555718835,0.19557766475965366,NA,502.6980094415469,1931.99460442537,2407.6257932820804,3852.28122856236,0.48504024700159964,1.8641313920802456,2.3230555672147584,3.716966058205132,-1.1696919435060265,0.17662666756569667,0.3967148384293484,0.8667392242440188,LL,21,elsewhere,short,FALSE
ɔː,TRUE,tròp,65.81978126538448,0.32086029275005507,p,613.3337984334539,934.1065858786401,2240.74735456119,3563.937066572461,0.5917898449947687,0.9012951725106841,2.1620388979298686,3.438750268752494,-0.9707722342123271,-0.5500910051013719,0.32488317517022214,0.7889395758838846,LL,21,elsewhere,long,FALSE
ɔː,TRUE,stròlga,68.56987653855826,0.135588539138908,l,544.112795739778,787.37759080706,2624.9838844406895,2970.3006036155202,0.5250002981621926,0.7597201778317143,2.532778741453082,2.865965870935475,-1.0905249839895728,-0.7209736360896768,0.4831484812838136,0.6067368855512045,LL,21,prelateral,long,FALSE
e,TRUE,métt,69.5234836089387,0.046178705358912,tː,492.709976516022,1725.8644191770998,2310.2648477399594,3402.16834320326,0.47540305356485096,1.6652417325043563,2.229114520727382,3.2826638310375373,-1.1897608364549423,0.06380176205454724,0.35543589518262664,0.7424867008680005,LL,21,elsewhere,short,FALSE
ɛː,TRUE,spargujèr,70.52560984555463,0.1726268762064791,r,571.749060575123,1532.0006877055303,2110.11020869998,2936.23835276007,0.5516658119899256,1.4781876554411055,2.035990510416861,2.833100090172364,-1.0409813646301425,-0.0553517552679903,0.26481390225507884,0.5952030147970717,LL,21,prerhotic,long,FALSE
æ,TRUE,däl,70.85690277247409,0.05993406440198612,l,419.0215814784729,1884.6058237484901,2490.7563696163998,4036.85956672274,0.40430303594220257,1.8184071889743825,2.4032661002211997,3.8950609005378345,-1.3517591287581556,0.15179241148299205,0.4306601517679223,0.913540779241715,LL,21,prelateral,short,FALSE
ɛː,TRUE,chèrt,71.255338016864755,0.1446814841469291,r,646.428759093139,2003.23798256639,2363.0724194913,3917.2469146240996,0.6237223125824456,1.9328722764317419,2.2800671745369323,3.7796497605914228,-0.9182185570738755,0.2128385872093297,0.3780363695216522,0.8834628138835905,LL,21,prerhotic,long,FALSE
ɛː,TRUE,tèvla,72.24659973537128,0.19017536019970294,v,604.011409451826,1859.74512062737,2407.0501109209904,2651.52591986174,0.5827949141031246,1.794419742523386,2.322500106263306,2.558388461751862,-0.9860884668850662,0.1385131709343712,0.39647570193281645,0.49320901761360325,LL,21,elsewhere,long,FALSE
iː,TRUE,dîS,73.16039077601879,0.17587209062220668,z,270.121277605128,2263.5595775143806,2729.84078682195,3755.64654621316,0.26063300182057664,2.1840498190953674,2.6339524419165667,3.623725764201089,-1.7908105199981943,0.33501233303671096,0.5223170121705225,0.8413341776606265,LL,21,elsewhere,long,FALSE
iː,TRUE,lî,74.23853755480454,0.35747867527570076,NA,317.857699652229,2211.84272749824,2714.75027602396,3555.07821952049,0.2892822371841646,2.012997681699319,2.470693754166645,3.2354760694260007,-1.6756707974960676,0.2643066656757451,0.46918065401821263,0.7388577499189033,RM,21,elsewhere,long,FALSE
e,TRUE,l'é,75.01595121487415,0.056986487464186546,u,536.448447273819,2094.56139430388,2995.13294773938,3088.457100530911,0.4882216385858549,1.9062599607520962,2.725869974941705,2.8108042701700056,-1.1523041281230357,0.20982485735578305,0.5674693047061972,0.5981523302189675,RM,21,elsewhere,short,FALSE
ɑ,TRUE,parsåNna,75.6866830702531,0.17710488932459614,ŋː,921.554050166993,1636.0587690265402,3093.6641332428403,3981.3090581353104,0.838706180816489,1.4889768012119604,2.8155431897357297,3.623388681536019,-0.6112131648155739,-0.03722915584907849,0.5998368762659823,0.852091358524536,RM,21,prenasal,short,FALSE
e,TRUE,sinsébbil,76.45373540443431,0.08547973119627271,bː,486.94909117591106,2021.1093388868596,2312.4450126268102,3131.00055100219,0.443172283208133,1.8394112578889628,2.104555803902032,2.8495230570464303,-1.24911501270915,0.17412722256470659,0.3087860960258917,0.611833302554766,RM,21,elsewhere,short,FALSE
oː,TRUE,bôna,76.98430853652869,0.22118156575804443,n,465.270496759535,819.14170192449,3020.36043122336,3734.69694847406,0.423442598199279,0.7455007204885209,2.7488295032739023,3.3989470434144087,-1.2946556448354052,-0.7290175076444747,0.5758568565802662,0.7881473612271659,RM,21,prenasal,long,FALSE
e,TRUE,témmida,78.95190058123127,0.0795845773206594,mː,469.82395655835296,2185.0862596346897,2569.9300258213502,3069.3528177702306,0.4275867011704243,1.9886466249491361,2.338892869638701,2.793417465751377,-1.2849165307297872,0.2521359900896929,0.4143593554572895,0.5919474150596624,RM,21,prenasal,short,FALSE
e,TRUE,acsé,80.41978878062605,0.08744478248813439,b,375.58908055594503,2374.8366757682797,2835.5779199502203,3367.6797932952504,0.3418235569062619,2.1613384456783757,2.580658971894336,3.0649247943033853,-1.5087789198452057,0.33540935125210325,0.5127264524667456,0.6847047028384026,RM,21,elsewhere,short,FALSE
æ,TRUE,bän,80.61485308684469,0.10120014153122273,n,1000.2844588110501,1565.52736498706,2709.8205336769506,3882.4279239664,0.9103587120337443,1.4247861826596817,2.4662071965138193,3.5333969785224175,-0.529234897411988,-0.08129657411069058,0.46736309319097735,0.826941395760322,RM,21,prenasal,short,FALSE
iː,TRUE,lî,82.39150461211923,0.11888560315803431,NA,366.90851326567883,2161.2896314415993,2601.57541010503,3321.09068781196,0.333923374124774,1.9669893177683797,2.3676933283727553,3.0225240575039902,-1.532162060430779,0.24118577935271546,0.42659787271898697,0.6707739336303664,RM,21,elsewhere,long,FALSE
æ,TRUE,äl,83.16225790022305,0.042248602775174504,l,961.701714864806,1593.2966613818503,2869.13072178213,3481.2287769210297,0.8752445634770634,1.4500590144800347,2.611195371007371,3.1682657045572267,-0.568570259877764,-0.06371407407104712,0.5244897837240154,0.7178660125064589,RM,21,prelateral,short,FALSE
ɔː,TRUE,pòr,83.95522202749328,0.28701078403564406,r,498.31933277836396,990.2565369791702,2988.4112289583704,3889.99906562329,0.4535203381134595,0.9012323021182128,2.7197525398478857,3.540287473227877,-1.2260334927515624,-0.5393105569319436,0.5652225688553312,0.8288896016583571,RM,21,prerhotic,long,FALSE
æ,TRUE,eSänpi,84.77526219887628,0.08940983377999598,n,852.519766179431,1561.9356627874104,2860.5124926563303,3421.5779124428404,0.7758780909631405,1.4215173751123082,2.6033519221785246,3.1139774631677626,-0.6890781997313304,-0.08359345419963304,0.5214814862427488,0.7005825068074163,RM,21,prenasal,short,FALSE
ɛː,TRUE,guidèr,85.4968562391827,0.36545217586602524,r,477.1453230103601,2043.20180665155,2817.73667731758,3870.8437509707305,0.43424987550535143,1.859517608960153,2.564421660076618,3.522854224693323,-1.2694534898665744,0.18499877474992843,0.5064146502286615,0.8239531910123681,RM,21,prerhotic,long,FALSE
ɛː,TRUE,zarchèr,86.39675500201541,0.08056710296659732,r,469.87299110241105,1890.9862603652402,1923.78129506773,2876.22393618695,0.4276313275004454,1.720986266752333,1.7508330221326445,2.6176509042038245,-1.2848121682664955,0.10757920807394328,0.12477335800784317,0.5269589848198599,RM,21,prerhotic,long,FALSE
e,TRUE,umarén,86.91933089244687,0.14246621866044515,n,447.20664176452397,2275.7702127311804,2750.47482621814,3308.7528338565603,0.4070026869092757,2.0711780748940605,2.5032066610865575,3.011295378764496,-1.3342538211353663,0.29279923438045774,0.4822542450807763,0.6670520152599657,RM,21,prenasal,short,FALSE
æ,TRUE,äl,87.42198231469243,0.051091333588573214,l,912.5923805646522,1635.8354659767801,2842.4394464455204,3618.4965499858,0.8305501668696603,1.4887735731452019,2.586903645964621,3.293193080955253,-0.6209852754471497,-0.03736565356817856,0.5151433277218018,0.7565393061136216,RM,21,prelateral,short,FALSE
uː,TRUE,trûp,89.05532201443236,0.06091659004792404,p,348.8746821916161,1043.5761483653698,2961.7468139612397,3099.7247853265394,0.31751078760000523,0.9497584711695402,2.695485260395425,2.8210589881432737,-1.582561813850381,-0.48686589690313387,0.5562599183513939,0.6017940128507941,RM,21,elsewhere,long,FALSE
uː,TRUE,dûlz,89.37594413688016,0.21542338951604742,l,320.643061726144,1020.8423144884698,2989.8116787323606,3738.0708899626693,0.2918171947233139,0.929068412911149,2.721027088943683,3.4020176669765285,-1.6669460475469755,-0.5088912307420106,0.5656910859451862,0.7890503577582546,RM,21,prelateral,long,FALSE
e,TRUE,deléNna,9.275768603851324,0.13564314880900954,ŋː,428.59838552133,1936.56884515234,2442.9508211249495,3715.8635141428804,0.41354344531560283,1.8685449580987765,2.357139768680521,3.585340150294884,-1.3291612382957654,0.17899149519142554,0.41128038606673023,0.8306848155564746,LL,21,prenasal,short,FALSE
ɛː,TRUE,st'ètra,92.53406629358966,0.07270689779912232,t,504.39496816972405,2010.1498861798298,2635.2995182324908,2980.85620137919,0.4590497728267004,1.8294370618859326,2.3983856333155846,2.7128767105617473,-1.2139149665863034,0.16868997375718298,0.4394775289196158,0.5626912593767601,RM,21,elsewhere,long,FALSE
oː,TRUE,vôlta,92.92563572899512,0.18411954647974935,l,369.5099653033481,749.97589951144,3139.83865955391,3902.7459887923396,0.33629095517191443,0.6825529357390043,2.857566618102574,3.551888445787585,-1.5250968850320277,-0.8172335227251359,0.6146521005200736,0.8321610892917484,RM,21,prelateral,long,FALSE
æ,TRUE,psän,94.40109833718478,0.11760544003413999,n,1103.4174503260401,1562.3996352391298,2914.4858539334705,3680.3474776315206,1.004220029678697,1.4219396363599421,2.6524730688919225,3.3494835994509393,-0.43110717899128215,-0.0832964486538943,0.5401741090338392,0.7734878552203774,RM,21,prenasal,short,FALSE
ɛː,TRUE,fèr,94.83594364875556,0.17303780910728508,r,627.5168872676722,2136.32066262612,2624.74736648445,3171.16422304323,0.5711030099892138,1.9442650635910346,2.3887821218445087,2.8860760079872922,-0.9955040121302661,0.22956571701062778,0.4354653343005337,0.6245794674820804,RM,21,prerhotic,long,FALSE
iː,TRUE,un'instariarî,95.98005668231437,0.18176724449782006,NA,360.397838101471,2333.2115961126,2872.9578378787105,3602.568415168649,0.3279980097899094,2.123455467921541,2.6146784287014073,3.2786968882277603,-1.550066067646818,0.31772637015923966,0.5258227888226017,0.7521277239642128,RM,21,elsewhere,long,FALSE
ɛː,TRUE,canbièr,96.86835870387903,0.051091333588573214,r,572.6667154217009,2005.3834576585998,2536.4783136356004,3404.34910856572,0.5211838781295832,1.8250991361175513,2.308448472195058,3.098297531754952,-1.0869706957415035,0.16631597740269122,0.40125731249590757,0.6955344480131362,RM,21,prerhotic,long,FALSE
æ,TRUE,äl,96.9523646466064,0.056003961818248627,l,689.6145724060241,1606.85673363489,2509.2892756107494,3856.96043744466,0.627618102436037,1.4624000338796908,2.283703733416291,3.510219023467287,-0.9011417439489566,-0.05523938443179244,0.39048024014765126,0.8203601060624894,RM,21,prelateral,short,FALSE
oː,TRUE,côS,97.29046676423063,0.21599498226117936,z,453.050183770787,793.48599496553,2747.49352042744,3852.6595838098,0.41232089347309636,0.7221514660462045,2.500493375204833,3.5063048173220364,-1.321271694456196,-0.7608387046406069,0.4811697331683975,0.8192443950237749,RM,21,elsewhere,long,FALSE
ɛː,TRUE,adès,98.62647921951442,0.31523007250049767,s,602.165986900534,1941.45259711847,2839.41708930848,3173.1161522976904,0.5480311599731144,1.7669156710563239,2.5841529992597305,2.887852458462374,-1.0367414617025803,0.13391713852224196,0.5140794650906066,0.6251948026187915,RM,21,elsewhere,long,FALSE
e,TRUE,én,99.4128962702418,0.07368942344506024,n,427.152021229182,2467.93872592129,2613.1720015297296,3348.9338875092503,0.3887509802471731,2.2460706053339776,2.3782473842119507,3.0478641487070983,-1.3801346232724612,0.37386396254014276,0.4310454939077557,0.6791227368802204,RM,21,prenasal,short,FALSE
æ,TRUE,"70 ""stanta"" Ed hears [a]???",99.818849246285,0.0982525645934231,n,943.1594200146629,1576.73333305428,2659.8527467011104,2948.8409569199403,0.8583692241580959,1.4349847322491565,2.4207315222755423,2.683739642146218,-0.588039270190218,-0.07416411970936743,0.4487514471059333,0.5518928814162454,RM,21,prenasal,short,FALSE
eː,TRUE,têrza,0.3239148891954641,0.1651045376111135,r,401.9992912821769,2058.2131518178003,2385.69000011527,3232.05797071166,0.38787867044587493,1.9859163887453781,2.301890290376631,3.1185287528371646,-1.3932312288245674,0.23991192888023427,0.38756211524294404,0.6911928015003221,LL,3,prerhotic,long,FALSE
ɑ,TRUE,leziån,1.1054811743805402,0.09220123528932311,ŋ,638.566630718977,1832.2227544446203,2238.3954978357906,3177.8455352317105,0.6161363492069426,1.7678641265459536,2.1597696524871277,3.066220582520428,-0.9304555293537717,0.12360357423418211,0.3238330381154171,0.6742771870577462,LL,3,prenasal,short,FALSE
a,TRUE,l'à,10.598138705074618,0.11260071078571876,NA,840.351690076297,1347.56678951342,2522.7963072032203,3681.2716834157995,0.8108335097161641,1.3002321794806002,2.434180603460016,3.551963391674455,-0.6558610715842121,-0.1836256874059412,0.4434416565569128,0.8213319831519703,LL,3,elsewhere,short,FALSE
a,TRUE,cà,11.002465350596937,0.06983011051685216,i,750.7510398902759,1533.1793066054897,2228.6695827558797,3549.9061172119405,0.7243801705712334,1.4793248741919658,2.1503853697486357,3.425212170300395,-0.7686074624646624,-0.05458271791277092,0.3194785322943563,0.7849948818015973,LL,3,elsewhere,short,FALSE
ɛː,TRUE,stêven,11.640188557208702,0.21222190083233103,v,395.8081546762139,2133.9027886261197,2407.25134847574,2887.8028158158,0.38190500360778074,2.0589473525515665,2.322694275150846,2.786365899143435,-1.4087519184838806,0.2760263227657198,0.39655930183056487,0.5785696661472652,LL,3,elsewhere,long,FALSE
a,TRUE,baracàn,12.909644350982344,0.09878486628136152,ŋ,654.372380031223,1599.4717551027704,2183.19863084192,3386.5054418805803,0.6313869060153411,1.5432887351771778,2.1065116297824753,3.2675511045424512,-0.9060049766183145,-0.01225285380779173,0.2988647877979549,0.7378722711248757,LL,3,prenasal,short,FALSE
oː,TRUE,sô,13.815677548642073,0.08031289941574113,m,515.7050972753981,1094.1779846768297,2319.1511143698804,3244.21958277282,0.4975904480710477,1.0557439058510407,2.237688648494244,3.1302631763027278,-1.1441464692669951,-0.39192289305257955,0.3592749442621157,0.6949485473763497,LL,3,prenasal,long,FALSE
e,TRUE,maré,14.143536345991992,0.1895384426211493,NA,476.441115813463,1739.8689822384897,2537.59401404069,3010.3749343047,0.45970565260961327,1.6787543715020563,2.4484585262778866,2.9046325513098354,-1.2233374154713434,0.07188353734710962,0.44929011806959096,0.6201383584151605,LL,3,elsewhere,short,FALSE
a,TRUE,banca,15.761070192806594,0.08065048928643927,ŋ,690.911151650721,1465.0244685071398,2376.63250151733,3397.1288909493096,0.6666422173127635,1.4135640418737674,2.293150945333189,3.2778013945048676,-0.851670318338412,-0.10005433109802997,0.38375829493638225,0.7410043555598937,LL,3,prenasal,short,FALSE
e,TRUE,é,16.361336671999688,0.05846335424065786,m,385.04777762604704,1690.04101347793,2378.15253779868,3460.5093862383806,0.37152259539406735,1.6306766591951007,2.2946175888438254,3.3389555875048487,-1.4363141301440852,0.042826521490408886,0.3843976661468842,0.7594895242095587,LL,3,prenasal,short,FALSE
oː,TRUE,môrt,16.54277488062586,0.11406725850721958,r,460.23068359415004,823.65917958073,2677.8854348707105,3268.39409695874,0.4440646277796303,0.7947273400839405,2.58382207284771,3.1535885368803607,-1.2579537046071128,-0.6759247271296918,0.5031011907656238,0.7023724869514352,LL,3,prerhotic,long,FALSE
ɛː,TRUE,pèz,17.346771925933897,0.2624052876382983,θ,534.019004774674,1644.33270896425,2110.3046824949297,3109.78939304918,0.5152610615411138,1.5865739038729365,2.0361781531283225,3.000554979326849,-1.1092501266697887,0.015408378393622968,0.2649060608698601,0.6526287291410595,LL,3,elsewhere,long,FALSE
ɛː,TRUE,sgnèra,18.743146062934024,0.10192259290362317,r,528.6972545596401,1337.4980797737703,2199.566985468719,3651.17185614906,0.5101262430411392,1.2905171430822415,2.1223050298399215,3.522920850470873,-1.1192655840476933,-0.19112551137640654,0.30633424072454574,0.813121897065753,LL,3,prerhotic,long,FALSE
o,TRUE,carólla,19.14138728651407,0.12360825096822484,lː,527.9960587889578,997.3012729486301,2319.3813412877703,3135.4807011551097,0.5094496774621626,0.96227008398819,2.237910788465007,3.025343854944912,-1.1205927351988247,-0.4846286506604711,0.35937421139898706,0.6608562205520245,LL,3,prelateral,short,FALSE
a,TRUE,fà,19.963252683991286,0.06420211373539786,u,652.193606198559,1178.56475679216,2396.4540995865805,3584.9988300146297,0.6292846637583448,1.13716650952508,2.312276290257781,3.459072217020456,-0.9093400945919488,-0.317628885108606,0.3920639108500197,0.7948318722155401,LL,3,elsewhere,short,FALSE
ɑ,TRUE,leziån,2.621399767191653,0.16163098976519574,ŋ,1069.00603560195,1641.0259369272,2843.2828900476393,3932.71542818353,0.9729022071217844,1.4934974198546562,2.587671263840251,3.5791636273663996,-0.46279003771918603,-0.03419769822727936,0.5154400160081405,0.8398108201609595,RM,3,prenasal,short,FALSE
e,TRUE,vétta,20.245974855238615,0.05665620860965959,tː,464.057034597603,1630.7229872122,2375.21600636318,3736.8146008772906,0.4477565744374088,1.573442236994902,2.2917842059657327,3.6055553094833988,-1.2496740903987034,0.007097191435947892,0.3831621079183165,0.8363072620389369,LL,3,elsewhere,short,FALSE
ɛː,TRUE,pensionè,21.0455057544579,0.1676700277697591,s,599.90517497222,1850.8137138135999,2529.69287286476,2758.21587988716,0.5788329151518116,1.7858020601660691,2.440834920463682,2.6613308319052846,-0.9929099534491028,0.1336991122110538,0.4461716257657269,0.5326577748983778,LL,3,elsewhere,long,FALSE
æ,TRUE,sänza,21.2467033600646,0.05396328327962863,n,630.2696900851239,1573.20284389015,2257.86664124157,3770.88772240266,0.6081308467804014,1.5179425453301418,2.178556852813293,3.6384315790734467,-0.9435337471764891,-0.028812706195860294,0.33249412793691047,0.8453841683942729,LL,3,prenasal,short,FALSE
iː,TRUE,pinsîr,21.980604138884267,0.1810302998142497,r,317.20772120779696,2190.75939531555,2616.2706822567097,3381.68558248727,0.3060654877395827,2.1138068149611167,2.524371599073132,3.2629005474550232,-1.6301247232331306,0.30232196409410506,0.47982362457254446,0.7364480027522093,LL,3,prerhotic,long,FALSE
ɛː,TRUE,sgnèra,24.255057197105682,0.05758638767240853,r,574.2491875165822,1606.99022738978,2495.73000160955,3211.38688748659,0.5540781195114292,1.5505431137238863,2.4080650284945233,3.098583761759088,-1.036618127754278,-0.007563270019159241,0.43265499674381225,0.6847766205305268,LL,3,prerhotic,long,FALSE
o,TRUE,carólla,24.58438883019899,0.09049289491377975,lː,496.222213838923,1042.15615150463,2204.40390134967,3219.8884783648496,0.4787919200943219,1.0055493907795547,2.1269720442890714,3.106786725888742,-1.1826577162927352,-0.44063448588652676,0.3085308573462955,0.6874204494281235,LL,3,prelateral,short,FALSE
ɛː,TRUE,pèvel,25.089187553710318,0.22385156829638928,v,604.2834213692091,1846.63616091165,2233.7471213656195,3097.1587152728002,0.5830573713341398,1.7817712479222032,2.155284554816355,2.988367966541064,-0.9856382259090406,0.13143941711247642,0.3217542233100943,0.6485588722676932,LL,3,elsewhere,long,FALSE
e,TRUE,é,26.07548033102932,0.121048937352203,NA,476.652126851186,1909.10730932132,2127.3197792144806,2713.23719505017,0.45990925167691593,1.8420480357470876,2.052595577825857,2.6179320676504254,-1.222894623451161,0.16470948000479702,0.2729365922745961,0.5162161834386882,LL,3,elsewhere,short,FALSE
æ,TRUE,studänt,26.66812655082622,0.15180876844871705,ŋ,639.743518873861,1570.5240105651199,2454.84504818856,3406.6573770901705,0.6172718980068521,1.5153578086627097,2.3686161993097885,3.2869951831901436,-0.9286142101906965,-0.030516947115906135,0.4161373669468249,0.7438052937419384,LL,3,prenasal,short,FALSE
ɛː,TRUE,universitè,27.82317199880229,0.20095662448355253,NA,602.064151504861,1832.17450910536,2398.7539192035006,2821.3681458475403,0.5809160555084367,1.7678175758717278,2.3144953264467034,2.7222648123564155,-0.9893175508695267,0.1235772422970074,0.39302312671062367,0.5552956499206081,LL,3,elsewhere,long,FALSE
a,TRUE,và,28.877031945458445,0.12254342389129037,NA,738.0969956415,1301.3417817272702,2380.22060240031,3508.04573866516,0.7121706120833972,1.2556308705970567,2.29661301064051,3.384822178757626,-0.7856063080895854,-0.21853040351257835,0.38526689799184854,0.7731328373327164,LL,3,elsewhere,short,FALSE
a,TRUE,dams,29.275772445189354,0.09806121583005024,m,714.1542551232259,1276.66673343141,2344.1095494128595,3152.9123842155705,0.6890688838951751,1.2318225576628234,2.2617703939371365,3.0421632329780426,-0.8185825718668944,-0.23767370865965098,0.3699793312400672,0.666400316626679,LL,3,prenasal,short,FALSE
o,TRUE,nómmer,3.2248552322402757,0.10471866942533792,mː,542.8637638140319,1035.2674005156898,2898.8421380882705,3512.9158080055204,0.4940602170536027,0.9421966811962775,2.6382357258213465,3.1971040660374577,-1.140416201670118,-0.4948595644374718,0.53479207876536,0.7269270913846135,RM,3,prenasal,short,FALSE
iː,TRUE,trî,3.9871104061772242,0.14693999328533375,NA,326.387389523544,1845.20135028903,2793.6610088733005,3388.9241708514905,0.2970451064528997,1.6793174280530876,2.542510398411774,3.0842592986233313,-1.6491896074490002,0.0830690887136063,0.49783360945296184,0.6909932015215823,RM,3,elsewhere,long,FALSE
o,TRUE,ló,31.11692843801671,0.1076744740250888,NA,515.6341032752521,1031.85635810468,2674.02440790251,3477.92825062255,0.4975219478050436,0.9956113877619436,2.5800966682525814,3.355762597130311,-1.1442841426924222,-0.45056680599146137,0.5016583310196756,0.7645105107458336,LL,3,elsewhere,short,FALSE
a,TRUE,stà,31.664779725093936,0.31791782668217294,NA,744.7260875708912,1347.7233657252402,2485.77563538599,3584.98253107597,0.7185668506330588,1.300383255798846,2.3984603191836915,3.4590564905980616,-0.7766650713792309,-0.1835095023549984,0.4286584622827734,0.7948273257773169,LL,3,elsewhere,short,FALSE
oː,TRUE,sô,33.241542909172644,0.04961291383498435,θ,439.76685271557693,1105.3262754409702,2506.0537976515607,3611.8205113720705,0.4243196091053596,1.0665006019276602,2.4180261910377645,3.484951760416826,-1.3034368481780598,-0.3817857122024071,0.43678304830174586,0.8022856665286318,LL,3,elsewhere,long,FALSE
e,TRUE,ziéNna,33.48305700731419,0.09405739622444993,ŋ,409.55048482974314,2120.1626050815,2511.2339429255003,3753.1111642900705,0.39516462088665205,2.0456898064798534,2.4230243786095973,3.62127944006389,-1.3746213746905918,0.26956651077249116,0.4388479675897816,0.8406588643485735,LL,3,prenasal,short,FALSE
iː,TRUE,sîra,34.84523730768912,0.19777131008542884,r,293.92977128051797,2380.9487118964303,2650.0704425408003,3176.1205908284,0.2836051987184241,2.297315544573825,2.556984109504599,3.0645562284873273,-1.706340688853957,0.38557275121979817,0.49265994625546305,0.6737342365882393,LL,3,prerhotic,long,FALSE
ɛː,TRUE,pèvel,35.26751250186771,0.17074777227013985,v,604.5713334920221,1809.3007878602002,2503.0889241748796,3704.0561078880505,0.5833351702602169,1.7457473166023043,2.4151654616605875,3.573947490808022,-0.9851618872470151,0.11101419011286584,0.43559926337583565,0.8275021891069061,LL,3,elsewhere,long,FALSE
a,TRUE,fà,36.09522085617518,0.12441119918179311,NA,757.321358503771,1319.78735417339,2301.1805559533,3666.4805741465602,0.7307197002755765,1.2734285241530972,2.2203493236323495,3.537691834678736,-0.7598938752492606,-0.20445564718239329,0.35149600096616584,0.8173059548565869,LL,3,elsewhere,short,FALSE
iː,TRUE,camarîr,36.80162092852971,0.22380508466097387,r,366.907729150621,2261.33034482777,2374.9404559347,3795.8511163113612,0.3540197339784907,2.1818988904013414,2.2915183345173062,3.6625181091970207,-1.4845711572270295,0.3340270127724727,0.3830460905066895,0.8519823832947315,LL,3,prerhotic,long,FALSE
iː,TRUE,ustarî,37.786909645273624,0.09989544150734986,d,289.23305448621187,2188.67196934127,2510.9004766133303,3709.4729977107,0.27907345872498834,2.111792711879055,2.422702625629908,3.579174107043239,-1.7224487744220491,0.301368677715784,0.4387151689488835,0.8289635419145904,LL,3,elsewhere,long,FALSE
ɛː,TRUE,pradèl,38.395861847243246,0.22703509433488023,l,608.9245702753541,1744.71833640064,2182.12588793822,2918.5817094596796,0.5875354953161873,1.6834333873255338,2.105476568029281,2.8160636538491834,-0.9779871527563069,0.07466685534107409,0.2983733040969474,0.5891715068632895,LL,3,prelateral,long,FALSE
ɛː,TRUE,sgnèra,39.703716847488906,0.11232880867809313,r,534.1902271222789,1897.4381936603302,2553.3813208464308,3101.94359070082,0.515426269535207,1.830788809260823,2.463691288390976,2.9929847685094204,-1.108929548371158,0.15857838176588945,0.45549221349272795,0.6501026042927807,LL,3,prerhotic,long,FALSE
o,TRUE,carólla,40.09047442115515,0.06274919657189315,lː,535.1947273308072,1035.65700042143,2338.5842617223693,3540.6702491021297,0.5163954856850759,0.9992785287759473,2.256439187415894,3.416300721149774,-1.1070508974704145,-0.4468902671365482,0.3676194544351592,0.7823897696482218,LL,3,prelateral,short,FALSE
ɛː,TRUE,pèvel,40.6697043759544,0.1984221677765845,v,573.3166686248528,1732.15858907897,2335.16536004335,3128.5919095498302,0.5531783562637478,1.6713148134924125,2.2531403780239336,3.018697038926127,-1.0382433400974218,0.06744209460162054,0.3661564311388634,0.658656758696929,LL,3,elsewhere,long,FALSE
aː,TRUE,gât,42.15160965045201,0.24307431910891353,t,799.7626967239228,1344.8572361975098,2336.4565308907104,2361.9341377212004,0.7716702447112902,1.2976178018922087,2.254386195224246,2.2789688760345372,-0.7053664998926559,-0.1856384121511887,0.36670920313556277,0.37755455779151514,LL,3,elsewhere,long,FALSE
ɔː,TRUE,mustazòt,43.1914575974483,0.24243931304222607,t,542.7584276656961,823.3019397329999,2933.93531176761,3524.62054317296,0.5236935035999593,0.7943826486375306,2.830877945761889,3.400814776940773,-1.0930172181125126,-0.6763585441143718,0.5944183562018619,0.7778465076627841,LL,3,elsewhere,long,FALSE
o,TRUE,tótt,44.662621658825124,0.0715784367162442,tː,456.21590181173804,1004.19308448549,2365.6027367371003,3469.6499941026696,0.4401908691594958,0.9689198138604856,2.2825086118986175,3.3477751225198467,-1.2667153881136244,-0.47774195747631154,0.379106570964427,0.7621274471383535,LL,3,elsewhere,short,FALSE
uː,TRUE,dû,45.09633845757187,0.23050683010315964,j,371.46190976408093,642.9226081006099,2307.74326325027,3315.54893537024,0.3584139445147458,0.6203393185950008,2.2266815093751533,3.1990870151732094,-1.4722352264788974,-0.9236571981209201,0.35434382921838825,0.7166969258124238,LL,3,elsewhere,long,FALSE
e,TRUE,én,45.41468928304949,0.12253257810747442,ŋ,373.146741775895,2191.8888757462696,2601.6973315344508,3805.9129467473904,0.36003959514358824,2.1148966212798412,2.510310151641068,3.6722265079340706,-1.4677098025969713,0.3028373969492497,0.47423777637397446,0.8546296204961381,LL,3,prenasal,short,FALSE
ɛː,TRUE,inamurè,46.0653426835683,0.13510227334120373,e,594.5354288345198,1738.75460128295,2433.6305028061206,3886.1983175611404,0.5736517866332017,1.677679134274582,2.3481468357176065,3.7496917760646866,-1.001901245768237,0.07124283508835383,0.4074579009902868,0.8755051080279843,LL,3,elsewhere,long,FALSE
ɔː,TRUE,mustazòt,46.879089344695416,0.18214169885294496,t,472.255055734583,852.6547855489802,2787.4264663587296,3461.301817538241,0.45566663201178137,0.8227044468491435,2.689515367772,3.339720183875228,-1.2321623425063342,-0.6413267951595589,0.5431924811764253,0.7597184906693473,LL,3,elsewhere,long,FALSE
e,TRUE,parché,47.399380691985556,0.17955268871193655,NA,434.32717164611597,1996.52278651229,2383.4950069026304,3608.4053718379105,0.41907100218831134,1.926392958249513,2.2997723984613474,3.4816565810206828,-1.3158834526462941,0.2094807852050664,0.38664162532091506,0.8013396740225565,LL,3,elsewhere,short,FALSE
e,TRUE,é,47.92284260551215,0.03639581527944813,u,431.77882694814593,1508.3578159217002,2364.3133282456706,3287.75598739388,0.41661217060646016,1.455375262802838,2.281264495149749,3.172270321854029,-1.3217680719791085,-0.07090475557788967,0.3785613568398398,0.7082789858800487,LL,3,elsewhere,short,FALSE
aː,TRUE,gât,48.250886478731594,0.15867827095313203,t,755.649693580726,1341.57704906495,2059.93934701672,3588.6582635617997,0.7291067542285483,1.2944528345617117,1.987581949638661,3.462603109361918,-0.762103653950561,-0.18808045123674244,0.2407502636920258,0.7958521144202786,LL,3,elsewhere,long,FALSE
aː,TRUE,senpâtic,48.92249562269112,0.2047796369737398,t,782.6850402537311,1200.2533902927098,2487.7240537684797,3631.514184551,0.7551924577359403,1.1580933084235288,2.400340297452464,3.5039536739388,-0.7269511868357315,-0.29939358239986014,0.4294419823808715,0.8077234165519878,LL,3,elsewhere,long,FALSE
aː,TRUE,gât,50.174186537397,0.2074561470928487,t,771.308868816643,1331.42533091164,2340.3057574523805,3563.5627485208597,0.7442158855193372,1.2846577055019364,2.2581002139137403,3.4383890989909354,-0.7415926530579409,-0.19567622970566134,0.36835531093130935,0.7888345410016226,LL,3,elsewhere,long,FALSE
e,TRUE,én,50.77879485675121,0.08613676282802629,ŋ,419.841203916506,1938.87936260159,2233.61867457794,2703.5418536452203,0.4050938683352595,1.8707743163481372,2.1551606198485365,2.6085772846564645,-1.3498050005905418,0.1801838825485227,0.32169671882374473,0.5126364355216042,LL,3,prenasal,short,FALSE
æ,TRUE,sänper,51.12921402524473,0.1415559755262166,n,802.757179258951,1569.0253841736,2488.8531018918807,3252.4361234021403,0.7745595430994927,1.513911822998447,2.4014296866490903,3.1381911028540417,-0.7016292782017546,-0.031471623291953854,0.42989572723700675,0.6974780165007308,LL,3,prenasal,short,FALSE
aː,TRUE,senpâtic,52.018672760733395,0.2121963527513629,t,810.8363195659449,1277.6588332035399,2545.975197888131,3668.5807084427697,0.7823548956500592,1.2327798089538295,2.456545312792209,3.539718199690409,-0.691615346159189,-0.23689690883822134,0.45258748300820706,0.8178785838429556,LL,3,elsewhere,long,FALSE
ɑ,TRUE,preSentaziån,6.646722604925075,0.11022158941787197,ŋ,636.8304494389249,1699.8157757956403,2282.2054812418896,3653.0028110967696,0.6144611530034575,1.6401080733640792,2.2020407670993314,3.5246874913236432,-0.9331781047453962,0.04859360253075007,0.3432160162713158,0.8136232418636178,LL,3,prenasal,short,FALSE
ɛː,TRUE,sgnèra,8.378790803100724,0.11418732207938831,r,492.98789955886394,1983.26158751863,2556.0766603849697,3645.33860799392,0.4756712142872243,1.9135975719248928,2.4662919514749184,3.517292500899459,-1.1891969252262529,0.20281648039452804,0.4565472529111778,0.8115229822347407,LL,3,prerhotic,long,FALSE
o,TRUE,carólla,8.771553934032863,0.1009844340797308,lː,593.339449097342,1106.2423430843698,2389.1534586391103,3166.59801504285,0.5724978168616204,1.067384491793304,2.305232091510377,3.0553681425503134,-1.0039148924300454,-0.38095727966984416,0.38901282631281653,0.670731554762992,LL,3,prelateral,short,FALSE
e,TRUE,l'é,9.063961972359754,0.07699309105250232,d,434.5971914027989,1764.1212196899498,2515.4006614273094,3732.8622360918803,0.4193315372352321,1.702154725239016,2.427044737022293,3.6017417754018024,-1.3152619491487352,0.08572639838843976,0.4405058241017903,0.8352490194293791,LL,3,elsewhere,short,FALSE
ɑ,TRUE,bulåggna,9.45296623758282,0.13831502197927392,ɲː,685.2526174365979,1546.0968194030602,2503.5554762107304,3625.00908222458,0.6611824446831996,1.4917886466364605,2.415615625596903,3.4976770697352495,-0.859893999605494,-0.04619270153008337,0.4357856365231543,0.8059305182645256,LL,3,prenasal,short,FALSE
e,TRUE,quénta,0.5029415645157516,0.06680258905454205,n,440.03955437394103,1853.1380843996699,2234.3171745226505,3239.9177190683804,0.42458273184952483,1.7880447849471819,2.1558345842950826,3.1261124197956818,-1.3028169352860877,0.13495418842036422,0.32200939115118743,0.6936216586522681,LL,5,prenasal,short,FALSE
ɑ,TRUE,leziån,1.1109418344100856,0.09409313905676452,n,646.6562493777179,1712.3746110791699,2253.21067404821,3425.573116957211,0.6239418120468362,1.6522257671952976,2.174064431050956,3.30524648907361,-0.9178667004125804,0.05595479318552066,0.3304298898309188,0.7493425156534395,LL,5,prenasal,short,FALSE
ɑ,TRUE,leziån,1.9753325097015546,0.10280578366891757,n,1107.3330083096898,1615.7192015203,2880.83088437219,3900.1186167697597,1.0077835783187763,1.47046576436119,2.621843686946152,3.5494972749666847,-0.42756488676859483,-0.04973913220712234,0.5285594382851144,0.8314876514571345,RM,5,prenasal,short,FALSE
ɑ,TRUE,ståmmg,10.481673126520255,0.07734292083210192,mː,673.001194420379,1420.07533898718,2374.23379710304,3753.18050436942,0.6493613649607844,1.3701937947763332,2.2908364977727467,3.6213463445046936,-0.8779344500489712,-0.1312163496496943,0.38274849820991363,0.8406773395377636,LL,5,prenasal,short,FALSE
eː,TRUE,arvêrs,11.090449417543153,0.2129451203480475,r,377.84615825991796,2218.84981562126,2461.8023608718404,3580.0060614846593,0.36457393999748194,2.1409105316012447,2.375329129536257,3.454254824400006,-1.4551944304155544,0.31506268507170976,0.41896747321565186,0.7934382180830761,LL,5,prerhotic,long,FALSE
e,TRUE,prélla,12.136649299188372,0.06799698859138203,l,501.24837617462396,1527.5713938050098,2439.3511968789812,3356.25763424091,0.4836415335302033,1.4739139448490588,2.3536665847796794,3.2383657809222104,-1.1725798153987155,-0.05824712552030764,0.4098058255479726,0.7289002784263756,LL,5,prelateral,short,FALSE
ɛː,TRUE,tèsta,12.6412032010559,0.21856174904372774,s,528.9701927132189,1858.6748243705497,2549.0242570395703,3925.0129905448202,0.510389593973392,1.7933870414761914,2.4594872707394457,3.787143045450466,-1.118749470669445,0.13793749830878888,0.4537843661648786,0.8854433854416053,LL,5,elsewhere,long,FALSE
aː,TRUE,vâg,15.172159559512602,0.15248543913052798,g,846.039396163936,1193.86014574817,2224.5624743608696,3852.97434113305,0.8163214295284698,1.1519246328871564,2.146422527579057,3.7176348245144735,-0.6491156283707236,-0.30473439823436266,0.31763398006495347,0.8669191306900244,LL,5,elsewhere,long,FALSE
iː,TRUE,tîp,17.679850937771686,0.061837749236648434,p,290.02296892847295,2158.3733112211708,2662.953376114511,3506.4353190921006,0.27983562664486944,2.0825583239515675,2.5694145173545118,3.3832683267573747,-1.719721431416632,0.28742856583922816,0.4975095231676896,0.7726736673419223,LL,5,elsewhere,long,FALSE
aː,TRUE,senpâtic,18.23123660696719,0.2017563992653564,t,774.5179430704429,1302.49887464486,2451.1641401484,3676.5613053332204,0.7473122378809445,1.2567473194868684,2.3650645867880424,3.5474184702589446,-0.7374407275782087,-0.21764164483149528,0.41463679546823595,0.8200516119521142,LL,5,elsewhere,long,FALSE
æ,TRUE,sänper,19.157545488369326,0.14188708633448854,n,742.3803529995901,1494.7940075239599,2249.9361592133205,3820.6893499037596,0.7163035122977269,1.4422878965273458,2.17090493677309,3.686483875383611,-0.7798198375113774,-0.07993786574056472,0.32897556665058136,0.8585045889476328,LL,5,prenasal,short,FALSE
o,TRUE,vójja,19.600458729414633,0.11380336815721391,j,481.849573426241,964.32581029677,2536.1545525096603,3164.2149603909797,0.464924132824631,0.9304529169231789,2.4470696272501473,3.0530687950389805,-1.2120495774487727,-0.5182523394670788,0.44872270265640246,0.669978711558282,LL,5,elsewhere,short,FALSE
o,TRUE,nómmer,2.6475610752734107,0.1197231911081067,mː,683.736838152049,1125.2351627620803,2935.4173093460204,3591.65752076733,0.622268777513519,1.0240763259730574,2.6715227828233075,3.2687668851303138,-0.9097014907069232,-0.4115272683940958,0.5473303111641554,0.7490944851240702,RM,5,prenasal,short,FALSE
ɛː,TRUE,scarzèr,20.41879018958094,0.2534235745005091,r,576.841374081649,1761.79582391557,2284.4793934274203,3481.2488576196392,0.5565792529716371,1.699911011280342,2.204234805880895,3.3589665645378064,-1.0321142406867976,0.08440736785948921,0.3442118863328014,0.7654648210608181,LL,5,prerhotic,long,FALSE
a,TRUE,dmanda,21.738382720995503,0.14912686301294897,n,805.014250486659,1529.02714074653,2458.6992939774605,3546.58691744422,0.7767373324784557,1.475318557246214,2.3723350609212157,3.4220095606919516,-0.698821574732599,-0.05729459803910064,0.4177061923449532,0.7840594338293227,LL,5,prenasal,short,FALSE
i,TRUE,andrícco,22.838172325797192,0.1104643429725556,kː,362.555776408841,1860.1469430082,2483.8980670054602,3377.1680671988192,0.3498206478608487,1.7948074504975335,2.396648702240815,3.258541714338143,-1.4965032260483744,0.13872921074172062,0.4279028519218926,0.7351112328810716,LL,5,elsewhere,short,FALSE
ɛː,TRUE,èt,23.743460957191388,0.1021795172496134,t,548.6906941588301,1771.55645032756,2460.8356361998704,3480.4268855564897,0.5294173933927705,1.7093287860812036,2.3743963620200383,3.358173465052528,-1.0821466703392781,0.08993223517093085,0.41857470629475557,0.7652286790463672,LL,5,elsewhere,long,FALSE
ɛː,TRUE,mèl,24.165987069061423,0.1104643429725556,l,634.136378062733,1599.7659722676701,2484.9563363189604,3457.8943311473504,0.611861713536411,1.5435726176745317,2.397669798802913,3.3364323887981637,-0.9374175158029505,-0.012068924265317804,0.4283288130161811,0.7587335535196731,LL,5,prelateral,long,FALSE
ɑ,TRUE,dscurdån,24.797043866667835,0.17494370119901964,n,641.444881053319,1631.8604802435698,2532.1424089060097,3536.13558808975,0.6189134981649276,1.5745397744637915,2.443198414140148,3.411925344569396,-0.925958296072749,0.007794487360362368,0.4471394708638412,0.7811082136080119,LL,5,prenasal,short,FALSE
eː,TRUE,spiêg,26.553978706332114,0.23668920118989692,g,375.610082450159,2303.44039840317,2807.80024314042,3945.1539198926703,0.3624164085517444,2.222529786891568,2.7091734955881908,3.806576504828146,-1.4611299639045265,0.35247755521512936,0.5504750696701084,0.8905616945058243,LL,5,elsewhere,long,FALSE
ɔː,TRUE,ò,27.311894012023192,0.06351699720921644,b,470.81850027237795,1135.35610870394,2602.9794865734807,3490.6939933745107,0.4542805369743383,1.0954756077357575,2.5115472697221928,3.3680799306014513,-1.2352088844524225,-0.3549799215947269,0.4747304698148067,0.7681742929354387,LL,5,elsewhere,long,FALSE
iː,TRUE,brîSa,27.55258037721008,0.17312147652927481,z,322.87080568376314,1631.8722163022298,2495.7662919129793,3510.2998504296793,0.31152965079856326,1.574551098281838,2.4081000440653204,3.386997112627458,-1.612429293657227,0.007801679161745234,0.4326695375954115,0.7737751858216599,LL,5,elsewhere,long,FALSE
ɛː,TRUE,mèl,28.12284031136691,0.13390451699121186,l,600.4865076876221,1734.66706759226,2439.00096061929,3583.431513451261,0.5793938279833184,1.673735179228565,2.353328650913384,3.457559953994249,-0.9919413816583331,0.06888922762732275,0.4096622376113155,0.7943945891526534,LL,5,prelateral,long,FALSE
ɑ,TRUE,dscurdån,28.810510084746777,0.13409698919466354,n,682.579085984829,1587.0429306568797,2495.8361952809105,3638.3480683156695,0.6586028236555111,1.531296485424943,2.4081674920086398,3.510547510808928,-0.8638031572156217,-0.020053782848239443,0.43269754598274357,0.80960347577179,LL,5,prenasal,short,FALSE
ɔː,TRUE,sò,29.739305846763834,0.04970895433764966,b,429.6699416208621,1166.89845308394,2098.3132151212903,3391.1668452600593,0.41457736195229394,1.125909996218976,2.02460789785064,3.2720487715395183,-1.326664218139208,-0.32757694131411075,0.2592075155917337,0.7392477888297639,LL,5,elsewhere,long,FALSE
iː,TRUE,brîSa,29.92673064189081,0.09272821398831967,z,425.560265159232,2019.4705575613502,2487.8380700143603,3803.3067017988396,0.41061204192196366,1.94853466625058,2.40045030876547,3.6697118099049377,-1.3362749827313323,0.2209091013614568,0.4294878128792403,0.853944597544813,LL,5,elsewhere,long,FALSE
e,TRUE,zénc,3.3137994134182462,0.1561291585378744,ŋː,418.38100043879496,2030.2501159391,2532.7366496416093,3076.9293502080704,0.38076847575095335,1.8477302774948017,2.30504318444473,2.800312866605642,-1.4008820930759134,0.17863967951390514,0.3997810820734058,0.5944128196956431,RM,5,prenasal,short,FALSE
ɔː,TRUE,ò,30.510882474492085,0.1159875601211837,NA,603.700823841831,1096.25177703609,2355.8694392772304,3502.2689380878496,0.5824952381184226,1.057744854212231,2.27311720609353,3.3792482939873034,-0.9866028040065755,-0.3900293897637592,0.3749835725075332,0.7714847510052811,LL,5,elsewhere,long,FALSE
i,TRUE,andrícco,31.451415072949974,0.10079871296245457,kː,339.441825409849,1951.0427345665798,2509.8471136202306,3272.2467093856794,0.3275185971441797,1.8825104378991755,2.4216862630488767,3.1573058225032735,-1.5623789758728641,0.18643768985041298,0.4382955649000353,0.703550540596809,LL,5,elsewhere,short,FALSE
a,TRUE,và,32.45529258074135,0.06367416644531688,e,635.168019486673,1342.310078384,2479.1732175974107,3598.321302998531,0.6128571175397823,1.2951601155043326,2.3920898178193877,3.471926725026092,-0.9357919929526508,-0.18753420670225385,0.42599884911214225,0.7985411565053395,LL,5,elsewhere,short,FALSE
o,TRUE,lóng,32.74366830449526,0.0937091506176344,n,497.738901022968,1060.0444286653596,2590.86840708898,3326.11433856591,0.48025533214799326,1.0228093245957084,2.499861603826789,3.2092812981809984,-1.1796059100630778,-0.42361545439937753,0.4700668363456497,0.7198784818992285,LL,5,prenasal,short,FALSE
iː,TRUE,ît,33.42487238760618,0.09250775125074284,t,305.066812589527,2001.5476131675402,2303.18679351001,3435.6034155103102,0.2943510404880977,1.9312412829220345,2.22228509011993,3.314924463516158,-1.6691507441740114,0.21199441242951877,0.3523674508446861,0.7522663015816944,LL,5,elsewhere,long,FALSE
o,TRUE,stóff,33.7390236846793,0.0648462910734864,fː,454.40768234073903,1059.6062730384099,2546.07241456723,3242.92803108386,0.4384461651774355,1.0223865596164778,2.456639114639754,3.129016991638252,-1.2706867806386226,-0.42402887688718494,0.4526256667356616,0.6945503595184794,LL,5,elsewhere,short,FALSE
ɛː,TRUE,tirèr,34.25376478447632,0.1432721955433323,r,589.7117515537911,1619.0959895637302,2328.3634535047204,3566.0739433340905,0.5689975457654095,1.5622236490845065,2.2465773951483023,3.4408120856143194,-1.0100476936338039,-5.831312676551903e-5,0.3632393648425669,0.7895389793974656,LL,5,prerhotic,long,FALSE
ɛː,TRUE,fiè,34.87573378703369,0.14420190456188214,NA,536.606111919041,1820.14746042038,2232.8107488192104,3591.42824664697,0.5177572940002744,1.7562129891112916,2.1543810732774085,3.465275794064437,-1.1044172264517798,0.11699124453534449,0.3213349418018989,0.7966236881941198,LL,5,elsewhere,long,FALSE
eː,TRUE,spiêg,36.260011181113555,0.33563416639189114,g,394.86914800098896,2166.6710672408703,2756.1734933421803,3556.5173040085506,0.3809989804663857,2.0905646131227247,2.6593601861982323,3.4315911326526902,-1.4111271153271456,0.29126564378542863,0.5319170268299578,0.7868555051593757,LL,5,elsewhere,long,FALSE
ɑ,TRUE,sån,37.78775236462453,0.07347960072763017,n,668.9056563056629,1566.87795506638,2182.7058323979,3387.17247030297,0.645409686654015,1.5118398244525575,2.1060361413689144,3.268194702934878,-0.8840385262433079,-0.03284119958980547,0.2986390391814826,0.7380692183175812,LL,5,prenasal,short,FALSE
iː,TRUE,brîSa,38.08140929359236,0.1510445450776459,z,367.174375925891,2061.74822828246,2456.0823071496397,3427.38434580003,0.354277014523291,1.9893272921692704,2.3698099983318968,3.306994096720343,-1.483844680487838,0.24162800192367317,0.41664124692619886,0.7498711133851002,LL,5,elsewhere,long,FALSE
o,TRUE,stóff,38.47055575734456,0.07507698335214742,f,513.4293459475191,1052.5813163080097,2568.8811216152803,3381.843316356441,0.49539463474882084,1.0156083614066338,2.478646643399742,3.2630527407667658,-1.1485691276520518,-0.43068073174012245,0.461544167390481,0.7364946452288104,LL,5,elsewhere,short,FALSE
ɛː,TRUE,tirèr,39.0502361248442,0.10223248796887675,r,630.3452325648279,1609.43638725593,2326.6087568343505,3675.5598844388596,0.6082037357561415,1.5529033498167262,2.244884333925811,3.546452225259302,-0.9434138969693606,-0.006042227800055144,0.3624854627034386,0.8197791950877269,LL,5,prerhotic,long,FALSE
ɛː,TRUE,fiè,39.50749398445112,0.14056967095720554,NA,489.98391998397886,1960.49961817935,2416.80017066572,3653.8850204875903,0.47277275245203887,1.8916351391656459,2.3319076855614966,3.5255387122411603,-1.1953089802553984,0.191273072513221,0.40051814622648685,0.8138647152283243,LL,5,elsewhere,long,FALSE
a,TRUE,anzi,40.041295483343795,0.1453618188307502,n,874.0983631584471,1506.6293905625098,2501.6254172803606,3824.17946252539,0.843394797685918,1.4537075500858594,2.4137533618864215,3.689851394363723,-0.6164886414798518,-0.07205131138736132,0.4350144120391217,0.8594176491844356,LL,5,prenasal,short,FALSE
ɛː,TRUE,pièS,41.34313785498149,0.10223248796887675,z,528.98535991508,1925.21204766834,2463.11062191948,3685.97823935823,0.510404228412357,1.8575870793060874,2.3765914366267396,3.556504625206251,-1.1187207980057883,0.17310984082583758,0.4194987561369876,0.8226096801575169,LL,5,elsewhere,long,FALSE
o,TRUE,dimónndi,41.723852157546276,0.10382987059339399,n,547.253024437563,996.6519319679301,2575.50986259484,3478.0167807253497,0.5280302232357119,0.9616435517486515,2.48504254332703,3.3558480175261005,-1.0847702914642348,-0.4852799608337026,0.4641212439262805,0.7645359652606141,LL,5,prenasal,short,FALSE
ɛː,TRUE,stèr,42.18647828370881,0.09717888671357144,r,658.5627247464099,1613.38208908978,2448.20739372532,3767.0551406591903,0.6354300607474118,1.5567104549894948,2.362211698993708,3.6347336205365277,-0.8996217838345313,-0.0035936233662434702,0.4134298052403702,0.8443672909402116,LL,5,prerhotic,long,FALSE
ɑ,TRUE,månnd,42.571742680019334,0.11612482333394782,nː,790.514412435681,1323.73828028095,2544.3197581171703,3792.02809610106,0.7627468155127279,1.2772406700918186,2.454948021972826,3.6588293763350057,-0.7169976659288526,-0.20146651100921797,0.4519370531829683,0.8509747181944389,LL,5,prenasal,short,FALSE
i,TRUE,andrícco,43.797921101771756,0.10135123952443335,kː,338.02807540889887,1955.98246303715,2483.58465210746,3279.7466782918996,0.32615450650371514,1.8872766535445247,2.396346296349634,3.164542347618658,-1.566552599088987,0.1889663303647664,0.4277766653134476,0.7058399117051737,LL,5,elsewhere,short,FALSE
a,TRUE,fà,44.74723551994673,0.05067561976221669,l,545.5244649740421,1130.6925266532098,2541.4214563574205,3288.5249614706195,0.5263623811249493,1.0909758385954116,2.4521515259154896,3.1730122849593414,-1.0879339014799054,-0.35909597502987634,0.45079727750375653,0.7085128487840882,LL,5,prelateral,short,FALSE
o,TRUE,ló,44.872953517561825,0.09940913594353161,NA,479.3998267297371,1030.87892834253,2598.332573572321,3301.8801148180705,0.4625604358923841,0.9946682911823754,2.507063584114642,3.1858983253985866,-1.21714659389366,-0.45151450862856457,0.47294364595813754,0.7125657625197244,LL,5,elsewhere,short,FALSE
ɛː,TRUE,èt,45.65283127785263,0.0972111620471452,t,553.218483112988,1795.5931296700398,2604.5259902153102,3380.41849305734,0.5337861393027367,1.7325211533999574,2.5130394509012173,3.2616779657886488,-1.073928543962765,0.10340912623516374,0.47532442163845356,0.7360732408643118,LL,5,elsewhere,long,FALSE
ɛː,TRUE,mèl,45.91126194778672,0.08280635234277865,l,559.7116342197621,1637.80994196776,2342.05974342535,3143.3392072177103,0.5400512120849965,1.5802802554882411,2.259792589402777,3.032926323246113,-1.0622598422530256,0.011433672673862638,0.369104498945223,0.6633594011753496,LL,5,prelateral,long,FALSE
e,TRUE,dént,46.28139727808812,0.156669948256905,n,471.194132723014,1895.30828989656,2658.95488983799,3700.1762771676695,0.45464297496537137,1.8287337204634426,2.5655564818445824,3.5702039429610184,-1.2344113739788085,0.15745523578347065,0.49600687155136214,0.826454185512822,LL,5,prenasal,short,FALSE
ɛː,TRUE,sè,47.635109603738975,0.24588974127309624,k,554.151915068477,1901.9030286299999,2544.31992531918,3105.9732055979202,0.5346867835419143,1.8350968125069784,2.454948183301701,2.996872839216488,-1.072242690380083,0.16092870344733878,0.4519371188987673,0.6514008225502961,LL,5,elsewhere,long,FALSE
ɔː,TRUE,ògni,48.168310292713635,0.08644664547672677,ɲ,478.31648461015607,1001.4030226490801,2279.88807198269,2661.8490154323104,0.4615151472312005,0.9662277556926299,2.1998047591216294,2.5683489484284117,-1.2194089393686571,-0.48052423614779904,0.3422000750454348,0.49709472441392233,LL,5,prenasal,long,FALSE
ɛː,TRUE,mèl,48.53674739234015,0.24890672059677862,l,620.6277636363651,1775.1639375293096,2660.014685927629,3628.7210067434303,0.5988276024897136,1.7128095567437642,2.566579051553305,3.5012586092513387,-0.9589500666837445,0.09196650235373749,0.4964053683235532,0.8069539709701887,LL,5,prelateral,long,FALSE
ɑ,TRUE,biSåggna,49.23675761875706,0.1620084720657502,ɲ,744.6045797696402,1431.29272790288,2235.12385840004,3694.0810726390105,0.7184496109129396,1.3810171618639182,2.156612932607175,3.564322838491577,-0.7768282423985156,-0.12334823404883632,0.32237036867844715,0.8248055531699476,LL,5,prenasal,short,FALSE
ɛː,TRUE,andèr,49.75016679292951,0.18183604738207748,r,611.6988060482341,1766.48702354636,2548.2882709594096,3510.07456631068,0.590212283326574,1.7044374279060612,2.4587771368948586,3.3867797418349093,-0.9734415400741323,0.0870665664544008,0.45349559199957845,0.773711005735044,LL,5,prerhotic,long,FALSE
oː,TRUE,sô,50.3249086412954,0.1500130262049737,s,493.28078180874303,875.1507750341801,2553.87434899676,3070.68632039431,0.47595380875976173,0.8444102425585166,2.4641669984421855,2.962825440592232,-1.1886030054069963,-0.6152853686243915,0.45568528318954016,0.6399748182653928,LL,5,elsewhere,long,FALSE
e,TRUE,spezialéssta,50.8429808976245,0.0953894019053507,sː,486.15996754491204,1697.35897439277,2332.8926564423805,3156.6203903782102,0.46908312010671127,1.6377375695289718,2.2509475053742083,3.0457409917740406,-1.203143833393316,0.04714722310558894,0.36518270554568755,0.6675756830831157,LL,5,elsewhere,short,FALSE
e,TRUE,mé,51.779210909440565,0.22589045520080475,NA,457.470619830855,1956.88901552707,2550.44060180911,3790.25822747603,0.4414015139730409,1.8881513624858215,2.4608538650046987,3.6571216760876966,-1.2639688907578748,0.18942969979108515,0.4543398537876646,0.8505078751917763,LL,5,elsewhere,short,FALSE
ɑ,TRUE,sån,52.21104292321329,0.08761367489561422,n,718.661880460204,1516.12008902901,2312.9145514825805,2954.5849959583797,0.693418174454864,1.462864878426035,2.231671151017663,2.8508022894678104,-0.8122905709657902,-0.06577177699826997,0.35658216436404544,0.6014319242149799,LL,5,prenasal,short,FALSE
iː,TRUE,brîSa,52.500572476432026,0.1611987298859319,z,407.0320194962499,2095.06252675047,2489.1766693183995,3641.5010336972605,0.39273461912718705,2.021471393108838,2.401741888451231,3.513589725177696,-1.3807897001332998,0.2576571231527707,0.43002572542578665,0.8104696930613402,LL,5,elsewhere,long,FALSE
e,TRUE,dintéssta,53.1855902271973,0.11820892644646364,sː,466.99455923036896,1845.6702571374099,2576.07242831651,3789.69258382424,0.45059091562573567,1.7808392724688735,2.485585348373934,3.6565759012259984,-1.2433639473316473,0.13091621904226614,0.4643396489491014,0.8503586278768749,LL,5,elsewhere,short,FALSE
e,TRUE,mé,54.341428898057664,0.13906932523113372,NA,481.79526861769597,1953.1124721104698,2585.04815800513,3740.0194186072804,0.464871735525944,1.8845074738743768,2.4942457967214904,3.608647554835785,-1.2121622845504625,0.18749796416238063,0.4678178620958411,0.8371645280737079,LL,5,elsewhere,short,FALSE
ɔː,TRUE,ò,55.34529453950825,0.08483228839099155,s,473.99112209696096,1393.21426789751,2345.36816213814,3407.64405006355,0.4573417173341888,1.344276245250854,2.262984796651457,3.2879471983040474,-1.2284929626959498,-0.15031277492512896,0.37051611287457664,0.7440948826281426,LL,5,elsewhere,long,FALSE
oː,TRUE,pôc,56.02935058152385,0.110632874317524,d,483.56495968907,819.9261593274599,2594.0718951829,3308.8139583786306,0.46657926445634373,0.7911254458418695,2.5029525662478815,3.1925886108783734,-1.2084958955655196,-0.6804672678594432,0.4713025259832495,0.7146635289649899,LL,5,elsewhere,long,FALSE
ɑ,TRUE,ingåssa,56.51893853690889,0.14123544176093367,sː,765.64050049781,1378.59601480056,2141.7725771964,4138.96065199077,0.7387466242176719,1.3301714726842124,2.0665407070512587,3.9935755846770307,-0.7489688153860614,-0.16086067477333632,0.2797075177976307,0.9385184305948213,LL,5,elsewhere,short,FALSE
oː,TRUE,bôna,57.683050332682654,0.09860478118664417,n,470.73079000266296,887.58293741806,2491.12954981659,3202.01084379255,0.4541959076141895,0.8564057130003829,2.403626172099498,3.0895370608296235,-1.2353951949746111,-0.6011795868671417,0.43080996659986504,0.6818527256571167,LL,5,prenasal,long,FALSE
e,TRUE,midgéNna,58.16286023228635,0.07189463496472116,ŋː,481.5094685149531,1803.36781943293,2026.8406395573497,2592.92794063003,0.464595974433153,1.7400227495314844,1.9556458668613261,2.5018487942247956,-1.2127556587966621,0.10772965205746576,0.22455197003237437,0.4708614407287186,LL,5,prenasal,short,FALSE
aː,TRUE,pâsa,58.71530257019581,0.24553743568427683,s,790.2952916880611,1260.0388157629602,2345.0922149091502,3828.78328226617,0.7625353915970716,1.2157787119710792,2.2627185423405294,3.6942935004040858,-0.7172748918953324,-0.25078374883027177,0.3703984496999091,0.8606207963706085,LL,5,elsewhere,long,FALSE
o,TRUE,ói,59.57552220263941,0.3347356596515779,i,428.39336153259393,875.4258267461901,2560.88823104317,3331.27631933502,0.4133456229962977,0.84467563280838,2.4709345109772163,3.214261959294115,-1.329639711964508,-0.6149711273464105,0.4584278880839481,0.7214292341590367,LL,5,elsewhere,short,FALSE
a,TRUE,fà,60.48854184565805,0.054237036840142146,l,517.5491516963871,1066.8276466514699,2529.20901791646,3213.89220921982,0.4993697282652035,1.0293542753726244,2.4403680613967507,3.1010010816001876,-1.1405770547096292,-0.4172368469940002,0.4459803372370219,0.6855564533821399,LL,5,prelateral,short,FALSE
o,TRUE,ló,60.62025314173053,0.11739980065225808,NA,465.517483358053,1009.7680551287,2582.83884215399,3433.12547699883,0.44916572349747536,0.9742989581718253,2.4921140852644825,3.3125335650341876,-1.2465319002162758,-0.472205619387724,0.4669628449541472,0.7515447885746296,LL,5,elsewhere,short,FALSE
o,TRUE,tótt,61.23377224469546,0.052846343587830795,tː,399.92657212830795,1085.1740485601597,2501.9792629533104,3326.9852376903605,0.38587875759268025,1.0470562418539862,2.4140947783817817,3.210121606116385,-1.398400593884599,-0.4001858879331701,0.43515584834200904,0.7201402844228317,LL,5,elsewhere,short,FALSE
ɛː,TRUE,mèl,61.62817708377001,0.2445007515539786,l,638.226364127412,1729.41584620098,2568.49645595717,3535.6523188766905,0.6158080348143664,1.6686684121579811,2.4782754895015393,3.4114590506631775,-0.9309885313376389,0.06585741485358287,0.46139441563366645,0.7809715383512961,LL,5,prelateral,long,FALSE
oː,TRUE,sô,62.318852876000626,0.04322448406801981,m,440.835178103032,1094.57725050415,2484.14089789814,3403.90882388892,0.42535040851191563,1.056129147073137,2.3968830034593456,3.2843431756257755,-1.3010104946740109,-0.3915580593559369,0.4280006091635675,0.7429981498806617,LL,5,prenasal,long,FALSE
e,TRUE,medgéNna,62.76147408447342,0.11620296321931535,ŋː,456.667314974455,1856.8373002683998,2388.3599715348405,3432.9878466696096,0.44062642599049906,1.791614062216997,2.304466476421757,3.312400769105765,-1.2657264046572303,0.13694838876462967,0.38868065053846745,0.7515046988403791,LL,5,prenasal,short,FALSE
e,TRUE,té,63.877871976827734,0.1766180430435469,t,401.91376880069595,2099.82220622779,2646.5872874618494,3953.6408967836196,0.38779615202574474,2.0260638841590657,2.553623303676631,3.81476536830118,-1.3934439943238486,0.2599264019639138,0.49134471851804484,0.8927106249069618,LL,5,elsewhere,short,FALSE
iː,TRUE,î,64.14790947658716,0.06636857051633172,s,278.23113096115384,2278.99116148977,2585.33454971299,3779.6624794726795,0.26845798859409387,2.1989393534926966,2.4945221286386863,3.646898114163469,-1.7612293798634528,0.34180659653523193,0.46792864372433574,0.8477084390197733,LL,5,elsewhere,long,FALSE
aː,TRUE,curâi,65.38633171053124,0.3106724602068028,ai,796.4983044280741,1365.55759425819,2413.3045493807,3733.3439242160803,0.7685205174083165,1.3175910394984764,2.328534851415219,3.602206543756464,-0.7094565538928501,-0.17036343629221484,0.39907071512595316,0.8353780509922695,LL,5,elsewhere,long,FALSE
e,TRUE,siché,66.28164320165025,0.05562773009245347,d,417.760725469967,1867.8476574597003,2523.93979615581,3388.98796488789,0.40308646874218806,1.802237669773305,2.4352839262374903,3.2699464264853217,-1.354772712941906,0.14286050717828847,0.4438948163610865,0.7386050659102468,LL,5,elsewhere,short,FALSE
ɑ,TRUE,dånca,66.46290111274077,0.1682738835296647,n,773.5479977547978,1607.4546718245601,2435.0918547714305,3689.3301258034107,0.7463763628493302,1.5509912440906934,2.3495568562565734,3.559738773340432,-0.7386938336856286,-0.007274296680014558,0.4080582030415716,0.8235186283695777,LL,5,prenasal,short,FALSE
ɛː,TRUE,curèr,67.45386276216,0.11681823319415229,r,647.36308911863,1615.37950928853,2351.52110545114,3513.0141987641,0.6246238233460323,1.5586377138374936,2.2689216117736013,3.3896161168046146,-0.9167742286230407,-0.0023563561399715383,0.37313612219656456,0.774548139572711,LL,5,prerhotic,long,FALSE
oː,TRUE,tô,68.08037131843105,0.3042837118587443,NA,454.4881518254749,788.9901703501201,2926.52638959323,3297.78559113822,0.43852380809230546,0.7612761139308936,2.823729269272262,3.181947625893659,-1.2705097097754479,-0.7189276920589736,0.5918899116870611,0.7113249347603725,LL,5,elsewhere,long,FALSE
oː,TRUE,vôl,69.22822281395086,0.17927814089362928,l,450.261123930853,713.2619291940898,2815.57585541211,3268.74230929094,0.4344452587135885,0.6882079017927099,2.716675981824488,3.15392451791161,-1.279853864590783,-0.8198328393854748,0.5532405319443479,0.7024790205499079,LL,5,prelateral,long,FALSE
ɛː,TRUE,bèla,69.8320999765123,0.2347996013045304,l,656.5844525445481,1537.1303785730497,2478.89436835593,3301.1050720577,0.6335212773040609,1.4831371608672113,2.3918207634320146,3.18515050677813,-0.9026302284072596,-0.052008987863549905,0.42588636607840336,0.7123310072561599,LL,5,prelateral,long,FALSE
e,TRUE,stamatéNna,7.355438054899779,0.19649879125653943,ŋ,478.719000317,2008.6467307993498,2536.6089364251297,3668.0899610554698,0.46190352417760316,1.9380910370586215,2.447508050483288,3.539244690288182,-1.2185677673600583,0.21553495158486236,0.4489018491581769,0.8177448045280213,LL,5,prenasal,short,FALSE
aː,TRUE,stâg,7.832786805126466,0.1340379204797282,g,689.7185422017061,1310.57505061487,2217.8998902403905,3631.817705872561,0.6654914994446558,1.2645398118257056,2.1399939732844895,3.504246533775153,-0.8533979499415247,-0.21146026465127843,0.31463447728070904,0.8078069928848093,LL,5,elsewhere,long,FALSE
ɛː,TRUE,riSèta,70.48396003070366,0.25566000008919326,t,631.015273017224,1718.9720223377199,2500.38827963416,3389.84679848604,0.6088502403780561,1.6585914378888678,2.412559679917888,3.2707750927078965,-0.9423514877493879,0.059800175242778586,0.43451975618794414,0.7388584527039148,LL,5,elsewhere,long,FALSE
iː,TRUE,mî,72.62668539824097,0.04959105988221779,d,321.12065583540806,1960.8621240220698,2459.9441570162603,3478.69758955162,0.30984097668648747,1.8919849116337877,2.3735361969203286,3.356504912272156,-1.6178646270789638,0.19145796024742356,0.41821237380648135,0.7647316923789651,LL,5,elsewhere,long,FALSE
e,TRUE,é,73.79455559308421,0.05006495708320813,b,451.69599431691603,1661.5927839826902,2362.99381196989,3188.8191233680304,0.43582972786484786,1.603227701765454,2.2799913281820934,3.0768087125710073,-1.276672179857706,0.025850375277561177,0.3780031040033256,0.6777243920203295,LL,5,elsewhere,short,FALSE
iː,TRUE,brîSa,74.06151809873379,0.1606412212365029,z,349.235090582456,2011.09792254021,2571.7814241381398,3707.47727588361,0.336967864237062,1.940456128276619,2.4814450699414143,3.5772484869099235,-1.533936247050553,0.21675452758088554,0.46267254444490735,0.8284253903019634,LL,5,elsewhere,long,FALSE
ɛː,TRUE,drèg,74.88702095754198,0.16228969636495091,g,590.996296761791,1681.1515696800502,2260.6208467511096,3204.6159584361203,0.5702369700584659,1.6220994658614325,2.1812143141430567,3.0920506682568507,-1.0078718031304081,0.037552741258683575,0.3337132110296306,0.6826659819517547,LL,5,elsewhere,long,FALSE
a,TRUE,almànc,75.6300683476694,0.2633888896282316,n,739.7036242537871,1515.1970464979897,2320.00499504028,3343.4526271989,0.7137208062841047,1.4619742586725641,2.2385125357655316,3.2260105623578603,-0.7834319562539687,-0.06638078128141167,0.3596430632302665,0.7250777183052621,LL,5,prenasal,short,FALSE
aː,TRUE,cârga,77.12647958927039,0.2141667608559459,r,762.097643998613,1334.1010397360599,2166.6106457749097,3599.21901094275,0.735328214040614,1.2872394274199181,2.090506314020235,3.4727929000950626,-0.7536068652547154,-0.19366858892400174,0.29123775662278106,0.7987906050418436,LL,5,prerhotic,long,FALSE
iː,TRUE,brîSa,77.62516191409568,0.13384318022522737,z,340.254818817949,2044.59690291255,2503.417382808561,3663.86977192828,0.3283030333585056,1.972778423986825,2.4154823828614242,3.5351727394584587,-1.5599867504507827,0.2332743810949145,0.4357304760874605,0.8165936281039992,LL,5,elsewhere,long,FALSE
ɔː,TRUE,tròp,78.0696899209428,0.13072516571726572,p,548.204685026498,902.2572224779599,2578.95602879593,3297.9304367913305,0.5289484558096413,0.8705645493521178,2.4883676595478845,3.1820873837006176,-1.0830328244308323,-0.5847819060084136,0.465458401562854,0.7113688558911564,LL,5,elsewhere,long,FALSE
e,TRUE,medgén,78.95922789085296,0.1537179785150045,n,457.7980713675899,1852.40544550536,2411.2824882874597,3545.2706758085997,0.44171746345220314,1.7873378807152478,2.3265838172084057,3.420739553339497,-1.26325335978024,0.1345587598426432,0.3982324832956019,0.7836882358368582,LL,5,prenasal,short,FALSE
oː,TRUE,pôc,8.157068925936835,0.14219290758370032,k,492.915841305082,874.7864773103101,2520.6734586460902,3131.54679246151,0.47560168715054096,0.844058741150814,2.4321323220481976,3.0215481286667334,-1.1893431022837557,-0.6157017238150067,0.44259983583385765,0.6596007898987226,LL,5,elsewhere,long,FALSE
æ,TRUE,bän,8.519148126568421,0.21254323710751957,NA,639.921144501194,1564.2389680456401,2148.5017784104302,3822.8058561292,0.6174432843591695,1.5092935344487524,2.0730335384483882,3.688526037244384,-0.9283365974167292,-0.03452685216070339,0.2828444764974707,0.8590583948237365,LL,5,elsewhere,short,FALSE
ɔː,TRUE,ò,9.870888671003312,0.26348833079160633,NA,554.970251755614,996.5629525715,2531.9708563442105,3769.771516875031,0.535476375347341,0.9615576978411128,2.443032887530959,3.6373545813637733,-1.0707670425928306,-0.485369243125521,0.4470717186028317,0.845088118539647,LL,5,elsewhere,long,FALSE
ɛː,TRUE,Sèsta,0.39019675019577127,0.19062534959167696,s,654.89895766254,1724.23175014733,2307.3016118663004,3075.71922665327,0.6318949870889926,1.6636664125814644,2.2262553714308093,2.96768156106443,-0.9052005938375265,0.06285531356643848,0.35415243286265685,0.6416124932757006,LL,6,elsewhere,long,FALSE
a,TRUE,leziån,1.0376024455327482,0.165234428271434,n,692.3657554889738,1753.1245733810001,2639.10481538044,3964.6998565175104,0.6680457267592789,1.691544346956819,2.546403660792862,3.8254358711879255,-0.8495671900827375,0.07947339090092065,0.4885134990924742,0.8955038785111809,LL,6,prenasal,short,FALSE
ɛː,TRUE,bèl,11.240701696811183,0.07595228772793307,l,574.4086105137429,1639.83168980773,2530.31108910903,3611.04018632248,0.5542319426188779,1.582230987445114,2.4414314212537973,3.484198845052758,-1.0363405463919992,0.012667332923220087,0.44641597982236103,0.8020695956156549,LL,6,prelateral,long,FALSE
iː,TRUE,sît,11.594705401552533,0.14743679382481117,t,266.9257749764879,2276.8654838380203,2881.76027557326,3664.2119936194003,0.25754974436743555,2.1968883423609915,2.780535609075219,3.535502940275794,-1.8027109310530136,0.3408734338080057,0.576475038753089,0.8166870281784844,LL,6,elsewhere,long,FALSE
e,TRUE,cuntadén,12.414078420675079,0.12734343056760805,n,464.5031374241219,1809.67825004063,2423.9927535156303,2924.9044447565398,0.4481870074630005,1.7461115200520712,2.338847621858391,2.822164296844611,-1.2487132418198357,0.11122279158739534,0.40348980324861206,0.5913355362106536,LL,6,prenasal,short,FALSE
e,TRUE,avSén,12.835746355427974,0.10871601968900181,n,464.40694663660696,1740.80997639305,2395.9228437474,3149.9137478910307,0.4480941954715877,1.6796623123106185,2.3117636953029224,3.039269926706274,-1.2489203464460195,0.07242423310714319,0.39184220214570153,0.6654487953605246,LL,6,prenasal,short,FALSE
aː,TRUE,>vân,13.619230785735274,0.23530316590222536,n,778.767434993897,1335.36782294771,2473.4593982858005,3756.2226155126095,0.7514124622173671,1.2884617136242316,2.3865767020358084,3.62428159849931,-0.7319690961761482,-0.1927194987701899,0.42369146138936387,0.84148755341523,LL,6,prenasal,long,FALSE
iː,TRUE,tîren,14.864200794504741,0.1326659186344319,r,299.978265236551,2248.1585769364106,2498.1379596579,3573.353382092391,0.2894412333700852,2.1691897938235165,2.4103884046460196,3.44783582692032,-1.6859715316422417,0.32818519540510316,0.43361936274373214,0.7915782021387523,LL,6,prerhotic,long,FALSE
a,TRUE,inànz,15.285722393490818,0.0699952455531925,n,642.4033229417211,1674.8340147180397,2398.6562287506795,3571.48950272945,0.6198382738385048,1.6160038212364938,2.314401067467205,3.4460374181548143,-0.9244652191443832,0.03378778919576675,0.39298240038128185,0.7910564609513626,LL,6,prenasal,short,FALSE
ɔː,TRUE,pròpi,15.805027267755152,0.17955346007359554,p,464.0780712529339,868.5985060160101,2430.6842442952898,3251.12758791458,0.4477768721595127,0.8380881284396946,2.34530406743728,3.1369285309636106,-1.2496287593791093,-0.622800554353911,0.40624652424996643,0.6970756108156939,LL,6,elsewhere,long,FALSE
æ,TRUE,bän,16.21414268484065,0.09351610302485368,n,681.9288768176211,1609.0272570710902,2416.2505666716,3525.53016415521,0.6579754537253705,1.5525085907323788,2.331377386948703,3.4016924465905864,-0.8647561882482675,-0.0062964672336836,0.4002907105853737,0.7781045506536541,LL,6,prenasal,short,FALSE
iː,TRUE,purzîl,18.04340167511175,0.16084013871797614,l,364.90470477539,2269.40239776483,2654.6770975090103,4169.924552734539,0.3520870678062264,2.1896874045328194,2.5614289511822377,4.023451847926164,-1.4900453177750839,0.33759026045729,0.4943967512933751,0.9459716672973792,LL,6,prelateral,long,FALSE
e,TRUE,ninén,19.181915457883303,0.14743679382481292,n,441.477511639949,2076.0566808977596,2458.5830155008302,4502.92783706909,0.42597017945103227,2.003133146301149,2.3722228668405423,4.344758064088445,-1.299554471978512,0.24854399238794933,0.4176588985475531,1.0228015401875998,LL,6,prenasal,short,FALSE
ɛː,TRUE,fèr,19.644171569492883,0.09084489316478182,r,573.8291892940119,1608.34969926603,2330.21858058924,3521.86347771217,0.5536728741398749,1.5518548328122124,2.248367359067782,3.3981545561183615,-1.0373497820555686,-0.006717653699721993,0.3640357991090468,0.7770639711258935,LL,6,prerhotic,long,FALSE
o,TRUE,nómmer,2.6181279288380197,0.1224612471564726,mː,535.5323601939298,1107.88798693114,2894.9219421891603,3049.40392448823,0.48738790789373754,1.008288664265658,2.634667956215213,2.7752619814441566,-1.1540132768251627,-0.42706382738512616,0.5334388319147667,0.5854268211531668,RM,6,prenasal,short,FALSE
aː,TRUE,salâm,20.184173554990224,0.2948735876496259,m,956.880762796054,1404.0344800490798,2549.94428750349,3876.4593466244805,0.9232693840448658,1.3547163867991316,2.460374984227638,3.7402948960692664,-0.5260027655514579,-0.14257641173865654,0.454145235413578,0.8729959220075019,LL,6,prenasal,long,FALSE
o,TRUE,parsótt,20.998590574140586,0.23083538427116684,tː,530.5093856411492,1089.87998969811,2540.8980639434203,3652.16220287165,0.5118747212345398,1.051596882176915,2.451646518175261,3.5238764102899296,-1.1158439044985835,-0.39585868649516165,0.4505913115412623,0.8133931010722142,LL,6,elsewhere,short,FALSE
aː,TRUE,stâla,22.439826994977768,0.24572798970801915,l,802.6396093926289,1297.14330776409,2528.0954187904804,3738.801507300511,0.7744461029904615,1.2515798721648308,2.439293578536303,3.6074724238625833,-0.7017757464983942,-0.22176188452718648,0.4455399448667725,0.8368388319968529,LL,6,prelateral,long,FALSE
æ,TRUE,däl,22.819083842140262,0.04991139710432436,l,450.81017115598394,1697.5850244358999,2521.82394419771,3646.6675183393504,0.43497502011445205,1.6379556793418117,2.433242395662273,3.5185747319608205,-1.2786352100934648,0.04728039174904275,0.44305615161537304,0.8118874663937286,LL,6,prelateral,short,FALSE
aː,TRUE,vâc,23.186871381899685,0.22780979964416662,k,812.5653499251971,1215.50511798581,2151.9423240936,3749.48415556562,0.784023192115877,1.1728093041675356,2.076353231577547,3.6177798335913303,-0.6894852128156908,-0.28676655011381946,0.28444456538839713,0.8396919965242065,LL,6,elsewhere,long,FALSE
aː,TRUE,lât,23.76447244283431,0.2204105604653748,t,822.090658709829,1358.03051988181,2431.16091829526,3784.7145819521998,0.7932139150526893,1.3103283610192547,2.345763997793761,3.6517727565700824,-0.6778308750864825,-0.1758907724565013,0.40644261194324205,0.849044200891421,LL,6,elsewhere,long,FALSE
ɛː,TRUE,NA,25.289827478869295,0.20534701374137046,r,567.9880473523962,1856.047900344,2504.51136930597,3604.38555096599,0.5480369080590063,1.7908523907420308,2.4165379420061868,3.4777779603140195,-1.0475811793563077,0.1365231669257403,0.4361673778761883,0.8002250371694624,LL,6,prerhotic,long,FALSE
æ,TRUE,däli,26.585837823698093,0.06883122587315073,l,388.8362425506779,1928.50295333243,2496.90796594356,3666.1352207372,0.3751779867588377,1.8607623886691431,2.4092016156717078,3.537358612147847,-1.4265232697835444,0.17481775459900994,0.4331268772861323,0.8172117583462901,LL,6,prelateral,short,FALSE
ɛː,TRUE,èv,26.924258017574402,0.24664522604544822,v,569.11440815483,1966.8744715051798,2575.2328143219197,3667.151102943551,0.5491237043294598,1.89778606949297,2.484775226647424,3.5383388104916604,-1.0456000717342588,0.19451944465854432,0.4640136678773237,0.817488818907683,LL,6,elsewhere,long,FALSE
eː,TRUE,mêl,27.68700300625673,0.26958896800316634,l,425.34894923054503,2173.6909471497997,2509.3693479244603,3693.1484436016494,0.41040814867329223,2.09733791283945,2.421225279343485,3.5634229689672376,-1.3367716654078334,0.29450034448853746,0.43810519028643835,0.8245530555210605,LL,6,prelateral,long,FALSE
ɛː,TRUE,pulèr,29.667451093833925,0.139990491106385,r,595.9596441084059,1769.37107671001,2196.2240610773697,3238.6373032330907,0.5750259749435882,1.7072201758632621,2.119079528958609,3.124876979827054,-0.9995086009170411,0.08869788407035806,0.30481327441818795,0.6932263804312582,LL,6,prerhotic,long,FALSE
e,TRUE,é,30.197871307878657,0.083398590446361,d,371.32611834761286,2154.36616331203,2612.42853973428,3601.3157753140404,0.3582829229054549,2.078691931057391,2.520664415589026,3.4748160135537463,-1.472600852775611,0.28557028105948046,0.47835398822482667,0.799372996348267,LL,6,elsewhere,short,FALSE
aː,TRUE,gâl,30.547468096112162,0.1623293992616617,l,849.528941863475,1464.4564913491602,2171.22381052513,4135.154321121501,0.8196884015001871,1.4130160154725813,2.0949574368173827,3.989902954926515,-0.6449995446388268,-0.10044209751322786,0.29336470108588397,0.9375983730055468,LL,6,prelateral,long,FALSE
æ,TRUE,däl,30.805497108030025,0.057534457542249846,l,457.69339535925195,1636.3149165918496,2443.9445138506103,3814.8997061294303,0.4416164642917016,1.5788377443503696,2.358098556970997,3.6808975985462076,-1.2634820369718875,0.010520435980455822,0.4116870625642788,0.8569880995605272,LL,6,prelateral,short,FALSE
e,TRUE,galén,31.16363086758273,0.06105968229108427,n,431.94538537047697,1982.6517490367198,2491.6077133605704,3655.3017231718404,0.4167728785002459,1.9130091546199877,2.4040875396782893,3.526905651849017,-1.3213823969638199,0.2025089403980811,0.43100189465875793,0.8142523651137834,LL,6,prenasal,short,FALSE
e,TRUE,tuchén,32.4002040398271,0.18913608904799165,n,463.820920221904,2117.085881154719,2391.19799439953,3983.138213142,0.44752875381158835,2.0427211555097426,2.307204810939561,3.843226562385174,-1.2501830245307604,0.26811428323497477,0.389868217764751,0.9001437288809582,LL,6,prenasal,short,FALSE
æ,TRUE,däl,32.73951787681173,0.07182561956386024,l,401.766477095324,1647.9141265249098,2461.1526811953995,3826.86921006121,0.3876540340865186,1.5900295206162136,2.3747022704979988,3.692446661869547,-1.3938105373806753,0.017584046958193156,0.41870353431120844,0.8601207548008629,LL,6,prelateral,short,FALSE
e,TRUE,tuchéNni,33.23789884685675,0.09655847484658152,ŋ,431.41840378079695,2090.1249298416997,2483.2104309025503,3757.31800176929,0.4162644076576666,2.016707234152082,2.3959852200329324,3.625338508235421,-1.3226031608219921,0.2552975637539001,0.42762597610667985,0.8417791300021511,LL,6,prenasal,short,FALSE
æ,TRUE,däli,34.18996762439055,0.08819852687847884,l,441.39855498620886,1878.6143344219397,2599.1551241729903,3730.14298600404,0.4258939962274801,1.8126261566084776,2.50785724181574,3.59911804165014,-1.2997333343510133,0.14860817344364374,0.47326016449762065,0.8345202914900964,LL,6,prelateral,short,FALSE
oː,TRUE,ôc,34.60206763790898,0.2767608946876337,k,421.593459539857,885.64744677745,2421.28116636093,3239.5690049325403,0.40678457425491155,0.8545382083738305,2.336231281871799,3.1257759545871386,-1.3456400707809433,-0.6033625986477871,0.40237053218876095,0.6935140223066645,LL,6,elsewhere,long,FALSE
o,TRUE,capón,35.8198945953635,0.13403344893164618,ŋ,500.88516467645604,948.2868958691902,2611.4583867287297,3452.2763131003403,0.4832910801934556,0.9149773851536516,2.519728340162819,3.3310117091654585,-1.1733046918732892,-0.5350244652180072,0.4779825586627551,0.7571075388887651,LL,6,prenasal,short,FALSE
o,TRUE,pavón,36.64631116950693,0.07797768029816865,n,511.87677795916295,978.13608480906,2306.79352102154,3588.9045541559,0.49389660223941106,0.9437780919483247,2.225765127777138,3.4628407487564505,-1.1515976264365797,-0.5040327480859341,0.35393219863159686,0.7959207423377075,LL,6,prenasal,short,FALSE
ɛː,TRUE,prè,38.65886030686165,0.14594753328113091,d,581.466763846842,1793.8374315372996,2399.84667958407,3635.78831920448,0.5610421713680721,1.7308271258924472,2.315549702543187,3.508077675405098,-1.0241277400324869,0.10243086617813368,0.3934785763263866,0.8088996810996862,LL,6,elsewhere,long,FALSE
ɛː,TRUE,dal'èra,39.531761234913276,0.14892605436849496,r,596.6079479123911,1644.71548853925,2172.6459847963797,2765.5947667976297,0.575651506438265,1.5869432379385544,2.0963296558173594,2.668450528149213,-0.9984213604584111,0.01564113848331683,0.2940194971037551,0.5353294418947785,LL,6,prerhotic,long,FALSE
aː,TRUE,canpâgna,4.837502224445682,0.17722200469851043,ɲ,867.423036433805,1375.1913883244497,2372.7176936792102,3637.233118251441,0.8369539483837024,1.326886437064606,2.2893736489741383,3.509471724463267,-0.6241547653854012,-0.16333336253925168,0.38210972889519645,0.8092969847728275,LL,6,prenasal,long,FALSE
e,TRUE,é,40.53819444211765,0.28147024275645555,s,400.279109524954,2109.9135911441304,2485.84169515331,4342.72840519244,0.3862189117662296,2.0358007992462124,2.3985240585366547,4.190185794957546,-1.3975194768729677,0.2647207191047851,0.42868503704222594,0.9865765398960322,LL,6,elsewhere,short,FALSE
a,TRUE,socuànt,41.0215320077492,0.08339859044635746,n,642.1511198524548,1449.37968115632,2162.9817267874505,3441.6402828502,0.6195949296310189,1.3984687930794484,2.0870048643845354,3.320749279948013,-0.9248578892938211,-0.11079061668198076,0.28956142336782786,0.7540219086694231,LL,6,prenasal,short,FALSE
e,TRUE,cunén,41.5073961357299,0.12211936458216853,n,446.450389821903,2061.89899999383,2537.815186330151,3663.7249208211697,0.4307683803915202,1.9894727678758581,2.4486719296729573,3.5350329763890778,-1.28835326934038,0.24170112734061178,0.44937727253571147,0.8165540923181913,LL,6,prenasal,short,FALSE
e,TRUE,infén,43.239270168995965,0.16428227262610312,n,366.918289839981,2248.7427811789394,2632.2891209915,3781.34056052572,0.35402992371324093,2.169753477316933,2.5398273743787354,3.6485172509676103,-1.4845423746843354,0.3284450206488838,0.48592758035096484,0.8481523169210812,LL,6,prenasal,short,FALSE
iː,TRUE,scuderî,44.34411630233,0.16084013871797256,c,329.829969889682,2083.1108150926198,2559.7285435649696,4263.12541599302,0.31824436751111485,2.009939497088291,2.4698155586632895,4.113378939115317,-1.5911042755435512,0.2519360851399588,0.4579749397189081,0.968076281525966,LL,6,elsewhere,long,FALSE
aː,TRUE,cavâl,45.24720518895286,0.23083538427116684,l,820.69711959925,1338.5638402690697,2521.8901858355807,3787.3023544704406,0.791869325375176,1.2915454676910039,2.433306310497405,3.6542696310312044,-0.6795274295206344,-0.19032899725716046,0.4430824186226481,0.8497277103554692,LL,6,prelateral,long,FALSE
æ,TRUE,däl,45.961316875500344,0.06431077031106723,l,430.9461357688679,1663.52661276887,2521.0994612229397,3837.1074461633298,0.41580872852455947,1.605093602911849,2.432543360865176,3.7023252698500113,-1.323698447182883,0.02701353892582059,0.44276882503056836,0.8627925380412806,LL,6,prelateral,short,FALSE
ɛː,TRUE,bèli,46.40142900492112,0.18317849030874808,l,677.648690297238,1820.9266707068602,2606.07166878876,3592.48508752261,0.6538456129699517,1.756964828869401,2.514530835993201,3.4662955123639607,-0.8710525567149192,0.11741925575967738,0.47591770429811753,0.7969179124794357,LL,6,prelateral,long,FALSE
aː,TRUE,cavâli,47.009693236652794,0.17871126524218542,l,830.468837706996,1376.5999652815801,2448.27960378632,3906.73103971889,0.8012978022650616,1.3282455363695074,2.362281372605232,3.769503266144136,-0.6676911484405244,-0.16230960971852415,0.41345929988052355,0.8807746976085058,LL,6,prelateral,long,FALSE
ɑ,TRUE,cåursa,47.51709077739364,0.13403344893164618,u,737.804260330837,1148.8144936935698,2429.46251574109,3787.11426614036,0.7118881593886912,1.1084612537041283,2.344125253301222,3.654088149488873,-0.7860029949455889,-0.3431957398712866,0.40574377046895727,0.8496780462454678,LL,6,elsewhere,short,FALSE
a,TRUE,lagàtt,49.77826095490018,0.102758977514263,tː,807.986826445816,1489.6403584585698,2388.4566072755806,3657.499732288401,0.7796054937808294,1.4373152744586544,2.3045597177369745,3.529026453731628,-0.6951357999778827,-0.08339155481936977,0.3887211108488682,0.8148535052366599,LL,6,elsewhere,short,FALSE
ɛː,TRUE,prè,50.81196446471161,0.1429690121937597,NA,631.2411309372111,1584.15455358951,2192.1742810204696,4134.1157009482995,0.6090681648162681,1.5285095654453966,2.1151720014128306,3.9889008173093194,-0.9419936239719657,-0.021875415137264653,0.3029675982097695,0.9373471730384653,LL,6,elsewhere,long,FALSE
e,TRUE,é,51.48311980013465,0.10573749860163416,d,340.8698340890281,2099.77066667583,2494.7343810091197,3484.40305972418,0.32889644561276404,2.0260141549846042,2.407104380047777,3.3620099721884134,-1.5581808682657945,0.2599018569408491,0.4322559875385341,0.7663704656027948,LL,6,elsewhere,short,FALSE
uː,TRUE,bût,51.92400113802448,0.2381715939125613,t,338.864032483673,670.7046355783002,2445.05473374471,3558.56434821344,0.3269610997633177,0.6471454750087772,2.3591697792984108,3.433566272414763,-1.5640826116566329,-0.8813526998280112,0.4121412331856913,0.7874309150735348,LL,6,elsewhere,long,FALSE
uː,TRUE,ranûc',52.6470035275665,0.21548577476752942,ts,307.211070880648,632.7095134017,2484.33040071086,3301.91950432807,0.296419979595925,0.6104849689012091,2.397065849799221,3.1859363313132723,-1.6621465158152695,-0.9396701422258031,0.4280768913040589,0.7125776918671525,LL,6,elsewhere,long,FALSE
a,TRUE,socuànt,53.90931688053919,0.07595228772793662,n,797.034949732592,1572.1658272473298,2282.8207619081,3760.6525802912,0.7690383125182371,1.516941954917745,2.2026344354264555,3.628555956404174,-0.7087830250243385,-0.029472098965878324,0.3434855790896503,0.8426662254501016,LL,6,prenasal,short,FALSE
e,TRUE,péss,54.25340858533617,0.046167076854231916,sː,460.418397394053,1583.7193791312402,1811.7537120182099,2463.49420185127,0.4442457479475253,1.5280896769183614,1.7481140793845937,2.376961542935828,-1.2575459188255804,-0.02215015742199533,0.11236900238276704,0.419654473896494,LL,6,elsewhere,short,FALSE
o,TRUE,róss,54.585623762741854,0.13701197001901733,sː,562.8341046897909,1150.2742222122297,1678.6058131351,3323.6827347260096,0.5430640027059908,1.1098697078216064,1.6196431315211786,3.2069351068196568,-1.056696632817574,-0.341925907433148,0.0360373002657246,0.7191471501242939,LL,6,elsewhere,short,FALSE
ɛː,TRUE,sgnèra,56.341543522324194,0.06403820337845191,r,505.909703164676,1826.8041989316398,2487.88276764429,3599.06005420481,0.4881391268210973,1.7626359031294185,2.4004934363471477,3.4726395268690204,-1.163323353343129,0.12064182536325685,0.42950577917252364,0.7987464398360986,LL,6,prerhotic,long,FALSE
oː,TRUE,rôSa,56.618364570673734,0.14018970045698612,z,479.840647947808,943.6158462903501,2345.90259241925,3154.9925765187204,0.4629857728312238,0.9104704107894717,2.2635004545428474,3.044170356478793,-1.2162274891212075,-0.5399624136294756,0.3707439531811305,0.667059867584249,LL,6,elsewhere,long,FALSE
ɛː,TRUE,sgnèr,57.31399310039223,0.08042006935899337,r,486.4581120261859,1801.1493655154497,2483.8423509142604,3730.8423361684604,0.46937079196958553,1.7378822209917122,2.3965949432321656,3.599792826451592,-1.2025307572087893,0.10649872204172972,0.42788042076143906,0.8347077600713275,LL,6,prerhotic,long,FALSE
ɛː,TRUE,mèver,57.59592695596948,0.19267664503749418,v,653.277954790827,1783.91433208073,2456.6340139847603,3633.88042074807,0.6303309235388715,1.721252585072636,2.3703423259213308,3.5062367937601135,-0.9076788575737789,0.0968837373904563,0.4168658505065306,0.8083747882693624,LL,6,elsewhere,long,FALSE
ɛː,TRUE,pièS,58.73816389010026,0.30073220774300324,z,576.1119860403261,1870.9065524906205,2451.5511226996805,3827.6211553030403,0.5558754854032788,1.8051891181050732,2.3654379761962616,3.6931721942945397,-1.0333794924547437,0.1444968253429355,0.4147946600519763,0.8603172264686956,LL,6,elsewhere,long,FALSE
ɛː,TRUE,stèr,59.629399557496875,0.16679718089271495,r,546.1132789625672,1823.1652068370497,2467.9520448563703,3580.9750245920804,0.5269305124424961,1.759124734214392,2.381262799817052,3.455189751724427,-1.0868551296091118,0.11864783971803394,0.42146239960279885,0.7937088410889723,LL,6,prerhotic,long,FALSE
ɛː,TRUE,sgnèra,6.634877818758362,0.20253943394115484,r,488.004059405888,1625.14841732479,2098.7999522575706,3068.06796677004,0.4708624364257376,1.5680634793624204,2.025077537865862,2.960299059216535,-1.1993578301891379,0.0036728698691232964,0.2594394546026928,0.6391217612246427,LL,6,prerhotic,long,FALSE
aː,TRUE,canpâgna,60.45018802060207,0.23679242644590917,ɲ,843.1584383975121,1322.2036006277701,2505.1727638712305,3669.3353435130207,0.81354166823962,1.2757598975722027,2.4171761044362623,3.540446327460951,-0.6525266682156161,-0.20262653635697703,0.43643142429169934,0.8180842648748898,LL,6,prenasal,long,FALSE
oː,TRUE,rôSa,7.013100785813667,0.2412602080769642,z,456.51292626279195,881.0631867943499,2551.8379583848205,3270.25799399676,0.4404774603343142,0.8501149750354042,2.462202138055123,3.155386962700091,-1.2660645388089833,-0.6085522094245759,0.45488759205564033,0.7029426035634154,LL,6,elsewhere,long,FALSE
ɛː,TRUE,sgnèr,8.122902381069544,0.15339383599954992,r,448.07388206174005,2032.2414296842999,2467.76523168508,3662.14143070594,0.4323348458682595,1.9608569489185037,2.381082548642303,3.5335051079229407,-1.2847234203280422,0.22721306099920824,0.4213867011132324,0.8161217911912244,LL,6,prerhotic,long,FALSE
ɛː,TRUE,mèver,8.511257500397013,0.21525901368570644,v,586.025150642299,1853.9238693971602,2411.6007778101202,3631.9088600423397,0.5654404403400409,1.7888029684731048,2.326890926498257,3.504334486064986,-1.0163188466215534,0.13537812792774329,0.39836447468148517,0.8078320913432817,LL,6,elsewhere,long,FALSE
aː,TRUE,canpâgna,9.854898144582119,0.15786161763060488,ɲ,803.2319455168551,1427.80730210702,2445.2036992570897,3783.3744540101,0.7750176327252257,1.3776541650802077,2.3593135122505258,3.6504797019411774,-0.7010380335109776,-0.12578636317049074,0.41220215655588355,0.8486900486213456,LL,6,prenasal,long,FALSE
ɛː,TRUE,sètma,0.50616722287512,0.15914828977456824,t,649.064851523488,1817.9251738031803,2455.14819735025,3381.611352084151,0.6262658096711966,1.7540687624991507,2.3689087000587525,3.2628289244678865,-0.9141489174446491,0.11576956090391022,0.4162608494637716,0.7364260518002288,LL,7,elsewhere,long,FALSE
ɑ,TRUE,leziån,1.3171885923343576,0.1132633699333159,n,676.6388897356061,1754.8827281259698,2489.99897533506,3603.4581352877603,0.6528712826470997,1.693240744785636,2.4025353101595743,3.47688312102444,-0.8725438215890255,0.08047575762428583,0.4303560234842694,0.7999677020429763,LL,7,prenasal,short,FALSE
ɛː,TRUE,marchè,10.83622158369285,0.2109117154859224,NA,577.011247116664,1925.0206564241603,2449.08192949628,3581.8332623633705,0.5567431590490735,1.857402410867766,2.363055515834816,3.456017843049147,-1.0318197957410193,0.17301042281189005,0.41378695619574035,0.7939484783209112,LL,7,elsewhere,long,FALSE
o,TRUE,carólla,11.888003571812655,0.0847652546310478,lː,599.518161940678,1101.1874625419598,2570.1062893901794,3950.0658484187593,0.57845949633398,1.0625071689059946,2.4798287759504865,3.8113158970294303,-0.9935552853066092,-0.38553716652756975,0.46202098031105177,0.8918059737796034,LL,7,prelateral,short,FALSE
e,TRUE,léssta,13.230298389960245,0.0713488323664979,sː,488.251688867891,1749.37900892066,2507.58787973246,3802.69853743093,0.47110136765912014,1.6879303491353,2.4195063869754145,3.669125007909131,-1.1988505256887505,0.0773345974349624,0.43739501151231863,0.8537846806501816,LL,7,elsewhere,short,FALSE
o,TRUE,lónga,13.751177551773209,0.113500362507013,ŋ,539.3396979473571,981.6840712910802,2491.18975860631,3267.3068667047496,0.5203948601283908,0.9472014519125093,2.403684265996209,3.1525394966593163,-1.0993359446904103,-0.5004120175336331,0.43083413558061334,0.7020397819301794,LL,7,prenasal,short,FALSE
eː,TRUE,invêzi,14.522999970177446,0.2072879965489385,θ,372.061801671517,2170.4456893170295,2545.96384231205,3691.115917880461,0.3589927646283967,2.094206647882703,2.4565343560919164,3.5614618377128338,-1.470621580462291,0.2930062577651942,0.4525830227913854,0.8240025536232372,LL,7,elsewhere,long,FALSE
e,TRUE,deléNna,15.255266458649277,0.06692804653942551,ŋː,520.12598175555,1932.15086212419,2462.60145535031,4046.16137894678,0.5018560446318945,1.8642821610735738,2.3761001550345378,3.9040359774507567,-1.1356104996233434,0.17670754324714188,0.41929201787742443,0.9158423485170415,LL,7,prenasal,short,FALSE
oː,TRUE,prôva,15.781440550907313,0.0896482348081342,v,447.9888719604989,903.2593904553601,2601.61990999448,3168.7626452940494,0.4322528218305088,0.8715315151927728,2.510235449608903,3.0574567380330673,-1.2849131617297784,-0.5836717881915616,0.474208017842491,0.6714149034944965,LL,7,elsewhere,long,FALSE
ɛː,TRUE,fèr,16.137427737641676,0.11460551362754855,r,584.4355253034119,1629.8527000022,2217.0049714594898,3872.3946500771603,0.563906652156017,1.572602519479868,2.1391304894067305,3.7363729759894775,-1.0190350870709857,0.006563367158181066,0.3142308975778949,0.8719468128303616,LL,7,prerhotic,long,FALSE
oː,TRUE,incôsa,16.586495895406244,0.18898859410730043,s,436.57694620213994,835.0763367235701,2516.2803769322604,3197.9939151951003,0.4212417511983662,0.8057434583430346,2.4278935516541362,3.0856612308034426,-1.310716914759121,-0.6621584125643531,0.44085549472169117,0.6805974362390019,LL,7,elsewhere,long,FALSE
æ,TRUE,mänt,17.1869492021065,0.14364879640642067,n,760.706835143988,1606.7641905536598,2383.1098448275598,3393.8857376741807,0.7339862587161265,1.5503250166541465,2.299400765583319,3.274672160181103,-0.755433507164943,-0.007703938413254008,0.386480016759732,0.7400492247881205,LL,7,prenasal,short,FALSE
e,TRUE,cunbéNna,18.318305561794773,0.05415462638162438,ŋː,433.26400121158497,1783.92446119768,2258.7413702012004,3433.1755639341104,0.4180451766618833,1.721262358394382,2.179400856057129,3.312581892616561,-1.3183343096858096,0.09688941540313412,0.33288146682855224,0.7515593777792047,LL,7,prenasal,short,FALSE
e,TRUE,pastézz,19.286672141746934,0.11190622872683421,θː,443.389475500265,1735.2968658423201,2417.9600521722105,3643.35888751212,0.4278149836986084,1.6743428551951154,2.333026825088279,3.5153823200484284,-1.2952329934656426,0.0692522275138101,0.40099795555529827,0.8109797519712538,LL,7,elsewhere,short,FALSE
o,TRUE,carólla,21.230724240896134,0.18346261182345813,l,511.49735406838386,1206.3158376416502,2175.15098211306,3101.56503474278,0.49353050598630227,1.1639428063414357,2.09874666263736,2.9926195097020587,-1.1523391419709084,-0.2943553228703255,0.2951718037146325,0.6499805585340441,LL,7,prelateral,short,FALSE
ɛː,TRUE,bèla,21.758325007996188,0.059653820355830334,l,602.1888942912581,1598.9429607490101,2328.6505814267994,3265.6154949795805,0.5810364165816642,1.542778515245641,2.246854437419468,3.150907536030988,-0.9891103804790866,-0.01258351409143632,0.3633626747232288,0.7015219824924026,LL,7,prelateral,long,FALSE
uː,TRUE,frûta,22.220243618310228,0.25699509413009375,t,458.8280810622799,720.3878655919499,2169.6553573316105,3122.13819833676,0.44271129304242074,0.6950835326597894,2.093444077086278,3.01247002067248,-1.26100596562617,-0.8098917852891789,0.2926420579524889,0.6565918115963809,LL,7,elsewhere,long,FALSE
e,TRUE,é,23.289491250731185,0.04862864409778211,d,354.69783892393804,2158.50005366213,2461.206805221729,3460.1221130259,0.342238728165494,2.0826806144395222,2.3747544933646236,3.33858191764519,-1.5184152853883113,0.2874872853940005,0.4187255254016531,0.7593776057486705,LL,7,elsewhere,short,FALSE
iː,TRUE,fîg,23.741154986035767,0.30467260655444767,g,398.242825217178,1977.3571329570998,3494.20651727467,4073.7302847120495,0.3842541539492922,1.9079005171422094,3.3714690736418724,3.930636498262059,-1.4026196216105786,0.19983489627730666,0.7691800407455593,0.9226328360856746,LL,7,elsewhere,long,FALSE
o,TRUE,limón,24.45819319277456,0.10388846693617636,n,624.4679811542849,1060.5728175375098,2478.3289687099395,3752.20353589665,0.602532928586988,1.0233191532885757,2.3912752240051716,3.620403693011262,-0.9527814973812347,-0.42311711941315444,0.42565825464988905,0.8404170014996177,LL,7,prenasal,short,FALSE
e,TRUE,mandarén,25.119971576674967,0.11051964567678496,n,457.69878113521804,2178.6064488366296,2579.83808617993,4218.78548142285,0.4416216608869851,2.1020807526906866,2.48921873379797,4.070596488395367,-1.2634702698274785,0.29675915326449953,0.46580036418936555,0.9576210105344396,LL,7,prenasal,short,FALSE
æ,TRUE,däl,25.35249828397282,0.07736375197374915,l,522.269696577903,1991.0815367180298,2618.6263044980797,3956.8975756396903,0.5039244593608293,1.9211428377106685,2.526644477764388,3.8179076531065412,-1.1314974398916924,0.20675170140920596,0.48072359353327965,0.8935340022412381,LL,7,prelateral,short,FALSE
æ,TRUE,däl,26.185183585227186,0.058575412208696775,l,462.59962499388,1947.4967086676002,2509.5050305810405,4189.07507679667,0.44635035778069754,1.8790889696506223,2.4213561960131864,4.041929690978745,-1.2528196153141327,0.18461853325162636,0.4381592592454835,0.950553688691369,LL,7,prelateral,short,FALSE
ɛː,TRUE,banèn,26.837581170731767,0.371627396067268,n,699.0662635384579,2033.93441578398,2430.785781762759,3994.1731030281603,0.6745108728675128,1.962490467214849,2.34540203830125,3.8538738409012847,-0.8399360190986025,0.22804577766560374,0.4062882965809447,0.9029102993423939,LL,7,prenasal,long,FALSE
æ,TRUE,däl,27.544351108306266,0.08620532362789037,l,461.235872536332,1935.1448314765198,2584.8544532130004,4159.39029627013,0.44503450847070536,1.8671709643051253,2.4940588960008685,4.01328761759004,-1.2557719882242235,0.1782558965087908,0.46774292652866034,0.9434422246548673,LL,7,prelateral,short,FALSE
o,TRUE,próggn,27.94492498925269,0.08914669078695071,ɲː,603.4683713960841,1064.9729711008902,2651.50360309329,3154.1218343697797,0.5822709507936599,1.0275647471265104,2.5583669288818727,3.0433302000049967,-0.9869879239210615,-0.4189768558888982,0.4932006010025498,0.6667838408401581,LL,7,prenasal,short,FALSE
æ,TRUE,däl,28.515557666455802,0.06631178740606812,l,492.295281435052,1832.9838380797698,2509.3674332226,4083.61118155272,0.47500292505682784,1.7685984763692042,2.4212234318974124,3.9401703188743995,-1.1906028524789658,0.12401887614247897,0.4381044272650074,0.9250554149893597,LL,7,prelateral,short,FALSE
a,TRUE,mlarànz,29.04916000434453,0.17020025434224453,n,746.4657770775141,1729.1769068445299,2234.6647200632397,2672.42239272442,0.7202454318332029,1.6684378657816392,2.1561699219564328,2.5785509254346533,-0.774331783038356,0.0657192434215057,0.32216492793763596,0.5010590488100979,LL,7,prenasal,short,FALSE
ɔː,TRUE,pò,29.657580828753403,0.10388846693617636,NA,645.621772680938,1009.5677860711801,2099.44689857798,3486.09426152058,0.6229436723623744,0.9741057237620966,2.02570175955991,3.363641768856888,-0.9194677133526596,-0.4724039708001939,0.2597476529285734,0.7668557112751317,LL,7,elsewhere,long,FALSE
o,TRUE,tótt,30.028103028363894,0.19672496930467173,tː,546.1143318220211,1038.1646900921999,2418.5114477415805,4076.0604599235,0.5269315283192253,1.0016981333784496,2.333558852345478,3.9328848237753715,-1.0868532016969379,-0.44447184234671777,0.4012259711951165,0.9232046729212362,LL,7,elsewhere,short,FALSE
eː,TRUE,sparvêrs,31.045161958655065,0.18042840904643498,r,488.2996504201939,1638.7783215592299,2148.36289315559,2834.7047843665196,0.4711476445146849,1.581214619793283,2.0728995316748433,2.735132988318765,-1.1987522993069684,0.012024762882201223,0.28277983156889874,0.56001152377873,LL,7,prerhotic,long,FALSE
ɛː,TRUE,ètra,31.47449066764927,0.15914828977456713,t,672.7148317156681,1346.0379877025102,2023.51465080195,2630.60129331529,0.6490850610279734,1.2987570783382585,1.952436706735079,2.5381988333111583,-0.8783600416351183,-0.18476082199435595,0.22290965015446496,0.48528617321488365,LL,7,elsewhere,long,FALSE
uː,TRUE,frûta,32.17297163179803,0.2817983535024098,t,421.822176934954,645.30309873806,2325.2867108313703,3130.58623634824,0.4070052577263552,0.6226361921554442,2.243608726090114,3.0206213130325184,-1.3450977109032927,-0.9199614275205503,0.3619170724428393,0.6592940074920302,LL,7,elsewhere,long,FALSE
o,TRUE,ói,33.2217603803558,0.2043875858983313,i,395.507093032237,1061.1115916072802,3059.6015227718103,4088.8603408144404,0.35995093659757665,0.9657174750149271,2.784542813868877,3.7212710852011996,-1.4571058733656086,-0.4702022857923689,0.5887653703960556,0.8787469701759587,RM,7,elsewhere,short,FALSE
e,TRUE,é,33.54112527705985,0.09836248465234118,v,476.102896982522,1963.1843476808497,2601.70330634677,2944.10039779716,0.4333011637586738,1.7866937334644128,2.3678097267201244,2.679425260112868,-1.271640593753066,0.14504850631022226,0.4266470325848086,0.5502839870254732,RM,7,elsewhere,short,FALSE
e,TRUE,mé,35.106385196352726,0.07779920335035942,a,538.235132504868,2058.4923198059905,3006.6499567656897,4278.39729494286,0.4898477005039624,1.8734335023232838,2.7363516028539636,3.89376863419665,-1.1489790808053115,0.19245451548231873,0.5713071720019443,0.9240591598939307,RM,7,elsewhere,short,FALSE
oː,TRUE,vôl,35.34144377494937,0.07402137429380673,l,462.4347252020319,979.6655297841498,2911.1739665100804,3584.25600418932,0.42086176299788147,0.8915934283115968,2.6494589207237684,3.262030766179648,-1.300769182460706,-0.5500633774832258,0.5390371089747008,0.747031606529724,RM,7,prelateral,long,FALSE
uː,TRUE,verdûra,35.983432375324924,0.25290918084310476,r,306.87622486929797,910.7022687303499,2976.7535163217904,3878.18439814012,0.27928799889368594,0.8288299764179158,2.7091428576043857,3.529534946405787,-1.7108301047861714,-0.623058568989797,0.5613139668381928,0.825847789721756,RM,7,prerhotic,long,FALSE
ɔː,TRUE,mustazòt,37.273371009736415,0.2077769338723599,t,520.9523138289509,1015.4463059539199,3171.8845109350505,3696.13546885172,0.47411861023215934,0.9241575064821171,2.886731541872394,3.363852247515215,-1.1816160853494324,-0.5141910896233659,0.624806578426714,0.7777684901632842,RM,7,elsewhere,long,FALSE
a,TRUE,à,37.57534419538145,0.07073257323314411,l,892.7331821069,1620.65627505379,3030.99463065161,4331.6389930428095,0.812476313806392,1.4749589941255574,2.75850768632447,3.9422238943797088,-0.6429868467581912,-0.046688140504228315,0.5793715108242665,0.9364266749545607,RM,7,prelateral,short,FALSE
ɔː,TRUE,cagaròt,38.31798268304639,0.24093282757539927,t,710.903827762992,985.8496941553899,3218.0604255489397,3976.9548634203798,0.6469934500346222,0.8972216352305554,2.9287562337333926,3.619425929683071,-0.8707374374432977,-0.5437706917766363,0.6392595099829848,0.8509971009848698,RM,7,elsewhere,long,FALSE
e,TRUE,puvrén,39.143946265673094,0.14367553937982788,n,444.26445998724597,2278.31121945769,2814.1115041401804,3020.84932508888,0.40432500778536373,2.073490644674025,2.5611223905982143,2.7492744454959026,-1.3408545790378081,0.2939151595249836,0.5051272669181461,0.5760187095488956,RM,7,prenasal,short,FALSE
uː,TRUE,frûta,4.409248690576457,0.159148289774568,t,352.41548846294893,831.3067346088301,2752.32002621864,3251.6802007892397,0.3400365475112038,0.8021062672133891,2.655642075900778,3.137461732767053,-1.524870709995727,-0.6666827126603856,0.5305179264267537,0.6972455721290052,LL,7,elsewhere,long,FALSE
a,TRUE,à,40.25517799196453,0.044207858270716834,m,804.9580040959419,1488.8649748506598,2480.82887286121,4053.98687854386,0.732592139561031,1.3550157547266561,2.2578019258226507,3.6895327532525672,-0.7464844875216325,-0.13150524794811158,0.3790734114924561,0.8701814955832656,RM,7,prenasal,short,FALSE
ɛː,TRUE,magnè,40.50479849007572,0.0463644379074779,u,513.897351699841,2032.9156849055703,2771.2359508028503,3936.0038769767502,0.46769789042517845,1.8501562113476953,2.5221013569611426,3.582156444041311,-1.1952510541070671,0.1799517447750949,0.4897740965386408,0.8406466484214761,RM,7,elsewhere,long,FALSE
iː,TRUE,purcarî,41.139563058025296,0.13483396772567602,NA,366.15274956944205,1931.07977437674,2914.0612464702003,3345.5496244108995,0.3332355537162417,1.7574753668827094,2.6520866337134312,3.044784131449747,-1.5342239998683667,0.12855999928927453,0.5400284097860828,0.6781116765405777,RM,7,elsewhere,long,FALSE
e,TRUE,siché,41.82983208113995,0.05286862216811984,d,382.5549553633611,1678.4410205690099,2197.8301689602004,2944.00585860523,0.3481631983572599,1.5275488809713054,2.0002448546103633,2.6793392200107307,-1.490402277655412,-0.011653917129242686,0.25795127105479043,0.5502518751077119,RM,7,elsewhere,short,FALSE
ɑ,TRUE,dånca,41.99275815463484,0.14478073583659073,n,887.3891287225239,1574.9162213282702,2351.6058835291797,2879.5366257627193,0.8076126917504991,1.4333309791832758,2.1401961057009578,2.620665782410719,-0.6489910065917641,-0.07531723771693954,0.32557913369653146,0.5281100715983635,RM,7,prenasal,short,FALSE
oː,TRUE,tôr,42.995372453260096,0.12709759252830113,r,418.09496102878603,926.8665390274199,2952.14440887151,4071.98489778323,0.38050815133364096,0.843541076004624,2.6867461131929353,3.705912747432809,-1.4015660085363324,-0.6054650103975874,0.5530125087638442,0.8746112546731766,RM,7,prerhotic,long,FALSE
ɔː,TRUE,ròba,43.44955466570864,0.12709759252830113,b,469.09887857282695,953.57244729306,2931.54723212545,3511.49653949331,0.42692680782187414,0.8678461184735403,2.668000626217798,3.1958123900112785,-1.2864610200158761,-0.5770591922195614,0.5460110334509416,0.7265229953659542,RM,7,elsewhere,long,FALSE
ɛː,TRUE,sèna,44.10731079722703,0.24278160497545545,n,582.805639453145,1737.3408410287998,2665.8097294238596,3124.5529066302206,0.530411311127637,1.5811535973302162,2.4261529712157115,2.843655057024622,-1.0694208439991737,0.022836376203180464,0.4509885341289257,0.609771887302264,RM,7,prenasal,long,FALSE
ɔː,TRUE,pòst,44.88980006357682,0.12488719961476842,s,552.74613653597,970.61245033202,2936.2065045988297,3776.1638658721,0.5030541627494843,0.8833542222763696,2.6722410292856633,3.436686077728067,-1.122375764573702,-0.5593473304062693,0.5475991278603782,0.7991893282515736,RM,7,elsewhere,long,FALSE
ɛː,TRUE,chèren,45.452278157301926,0.2530632456264357,r,551.892974837241,1994.67036582221,2680.2618451064195,3076.8013469188004,0.5022777004358194,1.8153491531000532,2.439305839185465,2.8001963708343345,-1.123920453440113,0.16095949075321236,0.45639517737571556,0.5943712178461027,RM,7,prerhotic,long,FALSE
æ,TRUE,bä,46.070422333349626,0.07782888500956629,a,834.6472603828919,1423.8197302392398,1715.49620171481,3841.1523961114704,0.8053294537312075,1.373806660599668,1.655237708886952,3.7062281369493557,-0.6626723615207748,-0.12858306443726075,0.057776093735636636,0.863846149251482,LL,7,elsewhere,short,FALSE
e,TRUE,é,47.261946723884265,0.15693789629867894,NA,568.3022555439449,2116.6901640925203,2655.1442059119095,2979.27483056347,0.5483400793785188,2.0423393383988993,2.561879651942661,2.874624869327606,-1.0470281372353707,0.26792734984070776,0.4945726925830769,0.6097536499752669,LL,7,elsewhere,short,FALSE
ɔː,TRUE,fnòc',48.28626646381134,0.2729300396787906,ts,607.114469671734,886.94544650088,2394.9950660074005,3268.84981622283,0.5857889762781411,0.855790614579218,2.3108685066693493,3.1540282485566875,-0.9809641985271051,-0.6018980774254015,0.39145489525834787,0.7025119093963932,LL,7,elsewhere,long,FALSE
a,TRUE,sàrrel,48.99826762507486,0.21011464886117895,r,809.4080159276841,1464.4354554090503,2280.8061117115603,3542.0194692028,0.7809767625831212,1.4129957184405757,2.200690551801301,3.417602548566229,-0.6933784185266747,-0.10045646194898872,0.34260266276752027,0.7827707605346363,LL,7,prerhotic,short,FALSE
aː,TRUE,âi,49.60566028559685,0.29426364418461054,ai,841.898808722962,1390.77011516601,2345.3573576236704,3758.54192060988,0.812326284297374,1.3419179457900838,2.262974371656194,3.626519435721904,-0.6540217271061435,-0.15206864207318294,0.3705115061183619,0.8421048196408742,LL,7,elsewhere,long,FALSE
uː,TRUE,verdûra,5.5253767231954445,0.20111901215834932,r,309.9385791112219,733.6404586298501,2773.5149472789403,3301.5324782350103,0.2990516814149279,0.7078706153213176,2.676092504494454,3.1855628998927217,-1.653307408513185,-0.791662484236821,0.5381891743383633,0.7124604725417081,LL,7,prerhotic,long,FALSE
a,TRUE,dl'arvajja,50.25813490331885,0.11933447482088864,jː,811.4299189139639,1393.8828135551098,2302.8471466077103,3684.596712530541,0.7829276442366371,1.3449213075841113,2.221957373649424,3.5551716258683665,-0.6908835311704644,-0.14983303155711258,0.3522199717304062,0.822234803881817,LL,7,elsewhere,short,FALSE
ɛː,TRUE,dl'insalè,51.076208181969555,0.3106607839843179,d,644.718227290154,2028.8462896625401,2464.79779626081,4197.660305826,0.6220718648928961,1.9575810665322002,2.3782193473084683,4.050213355387079,-0.9208681900308742,0.22554102579712776,0.42018349873529903,0.9526010245464915,LL,7,elsewhere,long,FALSE
oː,TRUE,côl,51.670248081561645,0.28827546719037406,l,502.3317686762899,863.3486887432499,2371.7403257542396,3494.5777811045996,0.4846868708037515,0.8330227161665853,2.288430612059658,3.3718272964643017,-1.1704207592872944,-0.6288629024059809,0.3816977248539377,0.7692862863569347,LL,7,prelateral,long,FALSE
e,TRUE,radiSén,52.75142177739443,0.0926556950434119,n,408.9103517319969,2173.9285297942897,2576.8906014465997,3700.8452182204705,0.39454697309411424,2.0975671501596747,2.4863747823674163,3.570849386800831,-1.3761856113642983,0.29460963769875814,0.46465720338612737,0.8266349554389842,LL,7,prenasal,short,FALSE
oː,TRUE,pundôr,53.46594139337936,0.24959354600586894,r,482.96603521582097,895.17526667515,2844.09196970049,3572.29853096227,0.46600137779480166,0.8637313542183926,2.74419043952709,3.4468180284745453,-1.2097352237465406,-0.5926620266721354,0.5633175740885541,0.7912829593391821,LL,7,prerhotic,long,FALSE
uː,TRUE,faSû,54.21005689052007,0.26457740486887366,NA,316.487982029293,860.0364907799,2325.1599541226396,3442.25507967702,0.30537103010823835,0.8298268624172415,2.2434864218355575,3.321342481431082,-1.6323962850705067,-0.6327067349755788,0.3618625586647468,0.7542005275461134,LL,7,elsewhere,long,FALSE
æ,TRUE,däl,54.62832026374305,0.05728940855358645,l,464.01405000677,1892.9301419672101,2387.8827429974904,3486.06214762929,0.44771509972264306,1.8264391073211714,2.304006011006567,3.3636107829976423,-1.2497667225075508,0.15619969272063017,0.38848081624717956,0.7668464992352968,LL,7,prelateral,short,FALSE
ɑ,TRUE,zivåll,55.08012469282544,0.16937644501735608,lː,809.6432522667811,1360.0418908443298,2306.8435073146,3922.8007166990405,0.7812037360142398,1.3122690805967128,2.2258133582524477,3.785008479901292,-0.6930878331136325,-0.1744107741152332,0.35395386756339864,0.8848795917566603,LL,7,prelateral,short,FALSE
æ,TRUE,däl,55.59691798629953,0.06631178716845199,l,499.7671850580749,1753.48103638171,2259.3900539594006,2914.21669089456,0.4822123707097146,1.6918882888437252,2.180026754159755,2.811851960858109,-1.1755391943632905,0.07967670033551766,0.3331686137491525,0.5876747915371725,LL,7,prelateral,short,FALSE
ɛː,TRUE,patèt,56.13264026800403,0.2915910565487891,t,660.5802106333971,1605.95735495665,2147.7165076822903,4096.107687417,0.6373766804565959,1.5495465219517346,2.0722758511275985,3.9522278726685767,-0.8965629986098644,-0.008206213884403901,0.28247891279256,0.9281109027846606,LL,7,elsewhere,long,FALSE
æ,TRUE,däl,56.472615500070084,0.04862864392353573,l,517.9977612283731,1652.51659855319,2423.093557931091,3610.1962180775104,0.4998025799457651,1.5944703262838051,2.337980011403931,3.4833845220231994,-1.139710634165179,0.020373061723272023,0.4031187780441581,0.8018358494255162,LL,7,prelateral,short,FALSE
ɛː,TRUE,pistinèg,57.15272002911227,0.14367553886498283,g,713.241392745491,1823.2394218959498,2210.7960849194696,4263.53628098882,0.6881880867070842,1.7591963423962906,2.133139696118486,4.1137753720736825,-0.8198616320959919,0.11868854560038411,0.31142639460655896,0.9681726533560502,LL,7,elsewhere,long,FALSE
æ,TRUE,däl,57.35793832639083,0.05934573654913322,l,505.342393766073,1766.7004415364797,2332.76541318794,4260.03619537552,0.48759174472358224,1.7046433493791882,2.2508247316643386,4.11039823041305,-1.164445347472662,0.08718737407782218,0.365128160933728,0.9673513813319685,LL,7,prelateral,short,FALSE
ɛː,TRUE,mlaranzèn,58.469169984768996,0.4650801122210098,n,678.411575156613,1271.33749952767,2043.55756721658,3572.42726954371,0.6545817007476538,1.2266805183460756,1.971775595980303,3.446942244986581,-0.8699274076941981,-0.24185677994795718,0.23276591903656652,0.7913189967141774,LL,7,prenasal,long,FALSE
ɛː,TRUE,bèla,60.13713611916865,0.1447807353177879,l,651.5037301519171,1560.3632765721197,2487.4665367573903,3547.9846948136797,0.6286190202869585,1.5055539804534885,2.40009182597989,3.42335823975533,-0.9103984324312604,-0.03700761173119549,0.4293384619200431,0.7844534752074184,LL,7,prelateral,long,FALSE
e,TRUE,rubéNna,60.671445074600186,0.14902071413661133,ŋː,529.3245098646089,1948.88678404814,2488.2228703527994,3436.583438592,0.5107314653860479,1.8804302172650238,2.400821592613222,3.315870062322364,-1.1180798704838528,0.18533205410608744,0.42964247350089213,0.7525515159127769,LL,7,prenasal,short,FALSE
e,TRUE,deléNna,62.54650789786004,0.10499366301672097,ŋː,452.819171480496,1495.1124163084996,2239.3846403786497,3515.5131101012907,0.43691345232489615,1.4425951208898855,2.1607240504244523,3.3920272514211467,-1.274188688627623,-0.07972487660939631,0.3242748385292016,0.7752592163979601,LL,7,prenasal,short,FALSE
a,TRUE,fà,63.50035290425487,0.12234193435917008,u,738.2032677765811,1196.56893910541,2223.91609404997,3609.6596296099597,0.7122731513051187,1.154538277211174,2.145798852012878,3.4828667817537915,-0.785462337194371,-0.3024680314687789,0.317343372700881,0.8016872069927965,LL,7,elsewhere,short,FALSE
oː,TRUE,cariôl,64.43350730786645,0.1431866020524382,l,483.07671232271895,1049.6417339612901,2329.4300669888403,2373.4309448728004,0.4661081672593688,1.0127720347835816,2.2476065427838132,2.2900618465174256,-1.209506088736389,-0.4334773752858849,0.3636973557337777,0.38241028888742523,LL,7,prelateral,long,FALSE
e,TRUE,pén,64.75122454596631,0.09504689494144714,n,386.00552354375304,2104.2991176731107,2432.7016876058797,3459.38497340831,0.37244669954360426,2.0303835396827767,2.3472506460656044,3.3378706707823116,-1.4338298754010852,0.2620561754850135,0.4070761698732248,0.759164544439197,LL,7,prenasal,short,FALSE
ɛː,TRUE,pèra,65.14919580438618,0.2153325013050704,r,560.1478169737729,1661.8044433851899,2308.5262194747697,2923.4759024446803,0.5404720734903923,1.6034319264230823,2.227436963491521,2.8207859334877194,-1.0614808466824588,0.025977750603654037,0.3546830452173406,0.5908470104118981,LL,7,prerhotic,long,FALSE
ɔː,TRUE,pò,65.90025063273197,0.06613098017604102,l,649.170634033703,1016.0759817685902,2494.0610167356504,4202.246861879761,0.6263678764666075,0.9803853126789364,2.4064546683572763,4.054638804144425,-0.9139859539274351,-0.4659781439149162,0.4319860368895805,0.9536930738794203,LL,7,prelateral,long,FALSE
a,TRUE,và,66.09080661734508,0.06520659071564695,d,701.3135520870729,1265.00612274148,2395.4907621774405,3560.67409490632,0.6766792231936162,1.220571537402138,2.311346791023451,3.435601912178211,-0.8367264748696988,-0.24684931320062553,0.3916618455300265,0.7880236039605544,LL,7,elsewhere,short,FALSE
iː,TRUE,casîr,66.53884663337999,0.08823490923219877,r,313.10706390127797,2125.4429051202396,2318.6130272138503,3465.19156939647,0.30210887005766174,2.0507846307817803,2.2371694621792653,3.343473304370347,-1.643136365217865,0.2720539311174104,0.3590428983270417,0.7608416426164686,LL,7,prerhotic,long,FALSE
ɛː,TRUE,paghèr,67.25026840899856,0.30595861043528316,r,570.6234899650811,1990.25645822299,2442.9195929231405,3076.6629168346603,0.5505797781555785,1.9203467409099781,2.3571096374000415,2.9685921031992253,-1.042951949399086,0.20633722843157898,0.4112676030008027,0.6419192655687018,LL,7,prerhotic,long,FALSE
ɛː,TRUE,budghèr,68.58395266154305,0.24848839488930716,r,623.759981409928,1824.05207960936,2266.50995490121,2756.3738741524003,0.60184979803061,1.759980454707533,2.186896561572119,2.6595535284352376,-0.9539159052642763,0.1191341681817013,0.33631490810001985,0.531989726726013,LL,7,prerhotic,long,FALSE
o,TRUE,cónt,69.38062867427409,0.09615209139425926,n,568.0103346380622,1056.8452469965798,2268.20336029978,3591.0845320471603,0.5480584124818236,1.019722517332334,2.1885304844390676,3.4649441527783,-1.047541941121426,-0.42663798707184064,0.33706177140077465,0.7965279794607936,LL,7,prenasal,short,FALSE
uː,TRUE,incû,7.907681643737321,0.23884971113555853,NA,270.397189692431,650.8836525964,2755.08169444905,3374.7804434780896,0.260899222224204,0.6280207235659861,2.658306737815995,3.256237958250992,-1.7897896034968683,-0.9113506492763923,0.5315208198425436,0.7344039929438955,LL,7,elsewhere,long,FALSE
ɛː,TRUE,pinsèr,70.78604694438181,0.11460551385329155,r,584.754190411057,1793.83339966859,2577.8015570379807,3303.5678840914597,0.5642141238380607,1.730823235647095,2.487253739746901,3.1875268101148,-1.0184899828654785,0.10242861855347751,0.46501065052626966,0.7130767859386955,LL,7,prerhotic,long,FALSE
o,TRUE,nómmer,71.23984401737779,0.07625855524372582,mː,509.60321008096605,966.1216787361201,2569.339473075531,3338.79903312818,0.49170289567104686,0.9321857037157354,2.4790888948137475,3.2215204303598948,-1.156049151007295,-0.516391766757776,0.4617225760255401,0.7236848959275415,LL,7,prenasal,short,FALSE
e,TRUE,prémma,71.75954099585279,0.07625855524372582,mː,498.418062304371,1668.54102526069,2449.05241986106,3361.7573485312505,0.4809106372208174,1.6099318792286823,2.3630270427545828,3.2436723123341573,-1.1782423470672123,0.03002333153626502,0.41377490685894536,0.7305375821635858,LL,7,prenasal,short,FALSE
a,TRUE,franc,72.68678420958894,0.08399493041336825,n,785.700122850149,1454.94330692008,2305.65356197493,3697.70080183309,0.7581016325880974,1.4038369910113966,2.2246652109142215,3.5678154211344353,-0.723106357923033,-0.10695933993200679,0.3534379017651794,0.8257849461079134,LL,7,prenasal,short,FALSE
ɔː,TRUE,dl'euròpa,73.21136412326916,0.17683143244920535,p,559.2097912063352,896.86895594627,2435.29611445199,3102.0774675133202,0.5395669968014329,0.8653655509865887,2.3497539411147788,2.9931139427670925,-1.063156854385733,-0.5907717945517081,0.40814208123853213,0.6501457623708289,LL,7,elsewhere,long,FALSE
o,TRUE,pò,73.94657423394966,0.1381495566009363,NA,588.3156163432349,905.5170850552299,2704.52607786377,3414.2304355832703,0.5676504511784861,0.873709906047337,2.609526937030463,3.2943022305487184,-1.012417988080709,-0.5811754092271997,0.5130004192000195,0.7460258438559064,LL,7,elsewhere,short,FALSE
a,TRUE,franc,74.694648344839493,0.15693789629867186,n,790.7136642241671,1526.3474777660902,2344.62405757562,3887.5715092419405,0.7629390683859991,1.472733020065835,2.262266829494196,3.751016733035922,-0.7167456443609561,-0.059048663580692384,0.37019879696704283,0.8758583965162403,LL,7,prenasal,short,FALSE
aː,TRUE,dl'itâglia,75.27172499935561,0.20158120705883675,ʎ,837.3845752580802,1394.48950811232,2286.90154005799,3811.4875160461906,0.807970617726779,1.3455066913977665,2.2065718722266934,3.677605264998618,-0.6593981208486506,-0.14939787118626136,0.34527158662576696,0.8560932616217967,LL,7,prelateral,long,FALSE
ɛː,TRUE,vèlen,75.89042746385311,0.0828897339605561,l,645.148898151402,1624.6625412990597,2451.301116667431,3499.2935148447905,0.6224874080161883,1.5675946702103927,2.365196751872002,3.3763773854146777,-0.9202004144611937,0.0033738518428219066,0.41469267613720184,0.7706348197386026,LL,7,prelateral,long,FALSE
ɔː,TRUE,pò,76.81458623093216,0.1535955648579375,NA,558.9600979166361,984.1569748668701,2799.9234143824606,3421.67528813035,0.5393260742343337,0.9495874923158615,2.7015733481943425,3.3014855753213337,-1.0636034650417319,-0.4978961428295188,0.5476657893205834,0.7482040059872803,LL,7,elsewhere,long,FALSE
ɛː,TRUE,pinsèr,77.65728196136479,0.12928124289616966,r,553.6722695036079,1773.82538721369,2316.1118565408606,3622.851118906781,0.5342239859996766,1.711518024325656,2.2347561475883286,3.495594907003297,-1.0731086140555535,0.09121217470909926,0.35796358036166964,0.8053350422697667,LL,7,prerhotic,long,FALSE
oː,TRUE,vôl,78.93151674815904,0.15914828920428195,l,501.046611320698,791.46811364586,2766.0170678357904,3424.0330980195104,0.48344685586538977,0.7636670170290714,2.6688579954476928,3.303760564817098,-1.1729824211368838,-0.7157919619340358,0.5354821283274518,0.7488928492301978,LL,7,prelateral,long,FALSE
ɛː,TRUE,paghèr,79.6257443626814,0.1479155176838418,r,608.6704413210952,1881.55813330758,2317.2601525844707,3651.47224574839,0.5872902928916125,1.8154665516603703,2.235864108603019,3.5232106885898213,-0.9784045804815005,0.15017395241380438,0.35845924359132475,0.813204165787961,LL,7,prerhotic,long,FALSE
o,TRUE,carólla,8.833819638489194,0.059680608665464874,lː,563.6427328149709,1101.08085089423,2525.0461493827697,3013.3599986396903,0.5438442269722564,1.0624043020973404,2.4363514177182535,2.9075127623215473,-1.0552609561358155,-0.3856339863811389,0.44433306406333806,0.6211294593226766,LL,7,prelateral,short,FALSE
o,TRUE,tótt,80.0189867508062,0.14478073531778082,tː,569.9849328761202,1021.81507770052,2411.86739598182,3505.0043330053004,0.5499636510129658,0.9859228172166637,2.3271481794442157,3.381887605465543,-1.0440716275338184,-0.4603457416552468,0.3984750250831315,0.772265481241015,LL,7,elsewhere,short,FALSE
oː,TRUE,cariôl,81.02296408555746,0.18091734635797257,l,471.07582553072206,913.30688524372,2566.0745978182304,3453.07447331704,0.4545288234296709,0.8812260818358899,2.475938701513819,3.331781833218834,-1.234662485015252,-0.5726096019300035,0.4604510619267339,0.7573387104092104,LL,7,prelateral,long,FALSE
e,TRUE,pén,81.38684173522775,0.1414651459593728,n,407.597620848308,2103.6511468439808,2504.1684296264293,3723.688585313749,0.3932803531749734,2.0297583294668855,2.4162070484204814,3.5928903581378386,-1.379401090107514,0.2617482009161529,0.43603043972328415,0.8327884567305537,LL,7,prenasal,short,FALSE
ɛː,TRUE,rèS,81.78909308558997,0.28542207256215596,z,620.7286555303341,1581.7816398198197,2368.6541177802405,4314.44548685922,0.5989249504565884,1.5262200026077744,2.2854528101788234,4.16289634197262,-0.9587875156345325,-0.023374443588296323,0.38039563556714917,0.9800425325375182,LL,7,elsewhere,long,FALSE
e,TRUE,deléNna,82.82094253334553,0.08620532331899257,ŋː,468.51417942095196,1842.61814104317,2469.7364741899196,3591.8648230966196,0.4520571576612031,1.7778943649569614,2.38298454931366,3.465697035336525,-1.2401151876688878,0.1292611875146754,0.4221851788564308,0.7967452414833831,LL,7,prenasal,short,FALSE
e,TRUE,vén,83.60071909842317,0.10969583656573435,n,406.545021054999,1875.32747432906,2475.6993460505105,3649.2321578524707,0.3922647269855886,1.809454750711961,2.388737969430268,3.521049285986399,-1.3819868787043328,0.14685702166757952,0.42459664468752223,0.81259050227212,LL,7,prenasal,short,FALSE
e,TRUE,Smalvén,84.50657846261709,0.1166618871850602,n,456.992153223346,1871.6897103018898,2519.44560140623,3601.2751787133,0.44093985397612545,1.8059447667272774,2.430947594502596,3.474776842948571,-1.265015333905195,0.14491533579274574,0.44211260239769423,0.7993617235712902,LL,7,prenasal,short,FALSE
aː,TRUE,câsca,85.20332459986524,0.11936121690321501,s,767.498042280523,1294.03373511215,2190.23641520881,3685.02724568921,0.7405389180166941,1.2485795263133683,2.1133022050454495,3.5555870361260182,-0.7465456257788388,-0.22416200933011243,0.3020832146718986,0.8223516438078695,LL,7,elsewhere,long,FALSE
ɛː,TRUE,tèra,85.88531795294735,0.1616400245114562,r,581.691111524927,1719.00476695978,2513.4782686256895,3505.91748395612,0.5612586386131154,1.6586230323238442,2.4251898701602426,3.382768681090305,-1.0237419838327186,0.059819224017140904,0.43974128277081004,0.7725259750761557,LL,7,prerhotic,long,FALSE
ɔː,TRUE,patòca,87.58041160014102,0.20726125423296085,k,472.3341207397531,784.0902893608901,2877.2372452594,3226.96963732741,0.4557429197808129,0.7565483460848764,2.776171454653626,3.1136191521720162,-1.2319949363845533,-0.7251573757418113,0.5749042684141612,0.6896172285981299,LL,7,elsewhere,long,FALSE
e,TRUE,deléNna,9.540911077117075,0.08399493071435593,ŋː,475.7610815937261,1660.65772976646,2237.59734919111,4225.473152427329,0.4590495052612735,1.6023254922490406,2.1589995395992925,4.077049248372439,-1.2247657556646407,0.02528747116358776,0.32347640275856193,0.9592049677988248,LL,7,prenasal,short,FALSE
æ,TRUE,äl,9.899276115703135,0.06852218031960612,l,452.665558893899,1899.6828207356298,2238.2098953051996,3655.9501773596603,0.43676523553162033,1.8329545916004812,2.1595905694281314,3.5275313284451486,-1.274527982230083,0.15976066030178426,0.32375011701141254,0.8144297503819535,LL,7,prelateral,short,FALSE
ɛː,TRUE,utèva,0.8356178529138991,0.21445351829063652,v,671.3522327158178,1809.08339512321,1867.7053548882202,3225.997037801411,0.6477703246593417,1.7455375599992033,1.8021003657197314,3.1126807161617993,-0.8803876182385784,0.1108940299937311,0.14278431895604804,0.6893157859958885,LL,8,elsewhere,long,FALSE
ɑ,TRUE,leziån,1.408983162232614,0.09829119588320845,ŋ,665.8000664746199,1761.74828639401,2355.79272300294,3012.67096685596,0.6424131837229449,1.6998651435610228,2.2730431845538934,2.9068479334575072,-0.8886921294797316,0.0843803850716629,0.37495100808688697,0.6209007742094803,LL,8,prenasal,short,FALSE
iː,TRUE,al'ustarî,10.497463926910534,0.1586062479024495,NA,319.10950539293106,2236.9328060037,2394.45459591068,3439.98258423618,0.30790046988308856,2.15835833914552,2.3103470211168173,3.319149809629657,-1.6241472334898042,0.32317936902798206,0.3912292033157794,0.7535401331702127,LL,8,elsewhere,long,FALSE
ɑ,TRUE,pistån,11.230533851352352,0.07744154827161867,n,705.420334198987,1507.3149305569095,2258.44628251534,3822.1425550457598,0.6806417505411134,1.454369009813107,2.17911613361672,3.687886035264456,-0.8308877105959054,-0.0715963991971007,0.33275081576467525,0.8588848681890413,LL,8,prenasal,short,FALSE
uː,TRUE,vûd,11.569091148694447,0.24038145465876862,d,277.229239333259,697.6109951671601,2939.36804705424,3492.70061517448,0.26749128939589567,0.67310672223033,2.8361198508735654,3.3700160678353686,-1.7648368117091433,-0.8420199205710004,0.596268332783743,0.7687489767296904,LL,8,elsewhere,long,FALSE
ɛː,TRUE,pradèl,12.574589176865222,0.20402869448484218,l,603.2222164007349,1814.1863063788296,2413.8801079464806,2972.4272357607097,0.5820334422348384,1.7504612264736392,2.3290901929197942,2.868017803033098,-0.987395907543795,0.11371077566817078,0.3993091806537361,0.6074525946644096,LL,8,prelateral,long,FALSE
o,TRUE,dapartótt,14.169584903989003,0.11765158295111358,tː,488.96874201196397,1090.5183560513099,2392.01402518426,3139.9427107075903,0.471793233605637,1.052212825283548,2.3079921778396724,3.0296491320194385,-1.1973829892965409,-0.3952731362697328,0.39020942396230396,0.6622782792758999,LL,8,elsewhere,short,FALSE
e,TRUE,é,14.827141446240452,0.12963826441309756,d,312.732055174037,2308.8876029895605,2490.9212542451205,3722.5371150038904,0.3017470338811255,2.2277856530546076,2.4034251931150235,3.5917793343561266,-1.6443347843025578,0.35483957592020765,0.4307263481946002,0.8324791804970966,LL,8,elsewhere,short,FALSE
e,TRUE,studént,15.435637858902503,0.0963874648181999,n,429.4995313282919,1995.77713390984,2471.4871698750603,3566.7870824929396,0.41441293748900293,1.925673497428748,2.384673750089467,3.4415001750581964,-1.3270609042417059,0.2091072398172038,0.42289378704116665,0.7897389381962272,LL,8,prenasal,short,FALSE
a,TRUE,cànten,16.33440543943498,0.10871601968900536,n,746.3941678970089,1572.0854590409601,2224.8852662422205,3299.9312771810005,0.7201763379956554,1.5168644097237387,2.146733981077818,3.184017942601964,-0.774427718602575,-0.02952321969324334,0.31777907307457376,0.7119753676786855,LL,8,prenasal,short,FALSE
o,TRUE,fómmen,17.246479182850127,0.10756863255412341,mː,508.7931661902839,954.90595698818,2490.5281274259696,3316.1151787144704,0.49092130536943596,0.9213639452350016,2.403045875262391,3.199633368662561,-1.1576399737564502,-0.528068693188489,0.4305685118743465,0.7168676954219402,LL,8,prenasal,short,FALSE
o,TRUE,tótt,18.619708569531575,0.084887850990043,tː,452.29118933745696,1053.47530295335,2424.9723323128005,3476.2353965226903,0.4364040160743795,1.0164709458910117,2.339792791986009,3.3541292061971624,-1.2753553578555588,-0.42983176434688275,0.4038938394885747,0.7640236501485882,LL,8,elsewhere,short,FALSE
aː,TRUE,fâm,19.30023975454138,0.20849647611589725,m,797.5330252609521,1336.39157282296,1829.5574496344498,3940.9907737791004,0.7695188926533555,1.289449503277329,1.765292443190979,3.8025595933200362,-0.7081583096752668,-0.19195314987891354,0.12214783132646101,0.8895058816436405,LL,8,prenasal,long,FALSE
ɑ,TRUE,leziån,2.3441170712607677,0.14892605436849765,ŋ,901.1717463374641,1578.26983268746,1787.86183568035,2887.1230924054203,0.8201562496453246,1.436383100298146,1.6271327457779645,2.627570224383101,-0.6335787378446369,-0.07319011133350539,0.051501084883876835,0.5307412207870428,RM,8,prenasal,short,FALSE
o,TRUE,nómmr,2.980981772478732,0.06552746392213882,mː,541.8857413608681,993.00615223279,2399.6804689871497,3584.85058345363,0.49317011898903756,0.9037347264824271,2.183948777567012,3.2625718926647105,-1.1422194248354867,-0.536537735126454,0.34581627479593813,0.7471974791551084,RM,8,prenasal,short,FALSE
a,TRUE,cmànden,20.84540613690594,0.11914084349479735,n,828.1172726568021,1557.5153197660102,2467.195336836071,3690.6311700019605,0.7990288382521477,1.502806060933736,2.380532671910873,3.5609941170807535,-0.6705267764627321,-0.03883446772329169,0.42115573884164803,0.8238712167260429,LL,8,prenasal,short,FALSE
e,TRUE,vén,21.779013274750287,0.06999524555319071,n,455.6434866613211,1741.2726218637201,2288.4965306560402,3374.6553102530106,0.43963856065472545,1.680108706903701,2.208110837209871,3.2561172204536257,-1.2679708782316013,0.07268996228520663,0.3459687896398034,0.7343669133331963,LL,8,prenasal,short,FALSE
e,TRUE,bérra,22.478256240985232,0.13298440138866854,rː,488.41495058471804,1812.61501891126,2335.51875992834,3587.7432945663,0.47125889464742804,1.7489451320251508,2.253481364390075,3.461720279553085,-1.1985162013415218,0.11284428896269638,0.36630775795805626,0.7955971206067227,LL,8,prerhotic,short,FALSE
e,TRUE,panén,23.40214572915798,0.07446302718424748,n,449.73679627482596,1988.42582059989,2504.7938521095602,3427.4782207147296,0.4339393485826301,1.9185804062354779,2.4168105023232234,3.3070846741862523,-1.2810190399841392,0.205417005290351,0.4362801611031646,0.7498985026766567,LL,8,prenasal,short,FALSE
e,TRUE,acsé,24.550571686018344,0.11467306186374417,a,457.111238344315,1870.42900533632,2407.6880865047096,3525.6572925881205,0.44105475611499245,1.8047283452646672,2.3231156723266206,3.4018151095121447,-1.2647547832437676,0.14424154369310038,0.396740711393889,0.7781406093838195,LL,8,elsewhere,short,FALSE
ɛː,TRUE,pèvel,24.92664627185505,0.1255123561908569,v,601.307959628065,1846.25125499644,2567.90216265881,3547.48372645389,0.580186425615712,1.781399862206168,2.4777020713403095,3.422874868402334,-0.9905743391386492,0.13123095913731753,0.46116301096859313,0.7843122672332923,LL,8,elsewhere,long,FALSE
ɛː,TRUE,pèr,25.83494878436243,0.049145597941606674,r,583.849453027756,1732.9471537660104,2411.1796745165902,3489.8452892806,0.5633411662459759,1.6720756790685538,2.3264846148724483,3.3672610380743073,-1.0200383907780237,0.06789724071211456,0.39818984376110045,0.7679311300324807,LL,8,prerhotic,long,FALSE
ɛː,TRUE,dandèr,26.373620888175694,0.12063010403848298,r,575.935389466798,1806.7214274447601,2499.5710808040903,3271.2535215830903,0.5557050919582384,1.7432585587605913,2.411771186001179,3.1563475213999492,-1.0336860711227152,0.10958756123763536,0.4341928739961354,0.7032469759066098,LL,8,prerhotic,long,FALSE
aː,TRUE,mât,27.010595901530433,0.22338908155274598,t,939.077726818082,1365.32604361079,2523.5102520673304,3741.6372048481803,0.9060916972310135,1.317367622295506,2.4348694703079636,3.6102085147424168,-0.5447833025157784,-0.17053301557764744,0.4437246139478228,0.8375969954663018,LL,8,elsewhere,long,FALSE
ɛː,TRUE,lavurèr,28.215491992142336,0.15339383599955525,r,618.2699969206361,1778.30952713042,2478.35944552936,3674.6139196931003,0.5965526546508714,1.7158446544136023,2.3913046302963084,3.5455394884564497,-0.962756304191462,0.09373693371000336,0.42567055190034075,0.819521795799985,LL,8,prerhotic,long,FALSE
iː,TRUE,stasîra,29.918922749000515,0.2347177586765099,r,342.8186689081729,2067.2113216893404,2369.6221262355107,3702.80381105575,0.33077682569044414,1.9945984890423392,2.28638681638419,3.572739182134723,-1.5524799091627983,0.24427423593431374,0.3808042265478715,0.827164043966337,LL,8,prerhotic,long,FALSE
ɔː,TRUE,òt,3.406910287972635,0.42294999440653314,t,671.3282072884729,972.7858984123601,3042.4631760643006,3702.988841724849,0.6109756847222001,0.8853322769963664,2.7689452075104004,3.3700895009753804,-0.9280164457911564,-0.5571105795230542,0.5831481268505332,0.7796209728478161,RM,8,elsewhere,long,FALSE
ɔː,TRUE,però,30.459072399699163,0.11765158295114021,NA,638.353548372417,1081.3775418288599,2422.7943105843906,3765.09177101771,0.6159307515875648,1.0433930911589226,2.337691275414864,3.632839216186455,-0.9307892735486352,-0.40369054541196014,0.40299527236049393,0.8438459602468589,LL,8,elsewhere,long,FALSE
e,TRUE,lé,30.988076023636726,0.06999524555319427,t,402.067696700509,1869.99278367401,2568.0357024032605,3727.8153396129505,0.38794467305654945,1.8043074463176647,2.477830920369779,3.596872156129884,-1.3930610802684908,0.1440082963809557,0.4612150130558419,0.8338960867506637,LL,8,elsewhere,short,FALSE
o,TRUE,tótt,31.204189739175483,0.07893080881530422,tː,459.9803772910199,1061.1730889825099,2375.98670161442,3428.825012387251,0.44382311373180033,1.0238983396081602,2.2925278297875966,3.308384158475488,-1.2584977239521153,-0.4225512915643339,0.38348652904086933,0.7502913650236254,LL,8,elsewhere,short,FALSE
ɛː,TRUE,bèla,32.94032334454053,0.09084489316477824,l,637.6763161606781,1614.8495657269202,2730.6545834505996,3176.4357422559106,0.6152773078239339,1.5581263850651643,2.6347376531375297,3.06486030991071,-0.9318507412997432,-0.002684471300883118,0.5226150791331303,0.6738334569371025,LL,8,prelateral,long,FALSE
aː,TRUE,ragâza,33.35417855263882,0.19956091285378363,θ,894.8933048794551,1389.64154812678,2296.0776847981097,3866.52038286712,0.863459296608336,1.3408290207790734,2.2154256958497758,3.7307050481978465,-0.5929770557190759,-0.15288044063963824,0.3492760372470789,0.8704287012311989,LL,8,elsewhere,long,FALSE
o,TRUE,nómm,34.25698657304132,0.07446302718424393,mː,509.24508994467794,1005.66289171062,2830.58579991898,3270.7375358264803,0.49135735485708104,0.9703379926599478,2.731158687254693,3.155849660150979,-1.1567521411404238,-0.47627935766363283,0.558557411191904,0.7030892301215266,LL,8,prenasal,short,FALSE
iː,TRUE,Luzî,35.0988695493009,0.19240731374821254,NA,246.20605926800596,2233.8914097104903,2988.4592865028503,3148.4630272524105,0.23755782906980077,2.1554237748910743,2.883486712210894,3.0378701640581816,-1.88351272985319,0.32181881597752593,0.6128316903204274,0.6649881304253951,LL,8,elsewhere,long,FALSE
iː,TRUE,luzî,36.57546906320165,0.18461913762099164,NA,278.13177756784893,2183.3748828771404,2366.1593021091003,3535.22160060936,0.26836212508653273,2.106681690791455,2.2830456273640403,3.4110434617989878,-1.7615865330555076,0.29894551564314664,0.37934181752585516,0.7808497094874918,LL,8,elsewhere,long,FALSE
a,TRUE,và,37.23623594669907,0.23828168698960184,a,763.50014591948,1278.74736654372,2509.6740257905994,3713.30344822339,0.7366814517008811,1.2338301064888786,2.42151925509965,3.582870009210957,-0.7517682386845443,-0.23604529659750995,0.43822659902664096,0.8299956222636622,LL,8,elsewhere,short,FALSE
ɛː,TRUE,al'universitè,38.32593445167575,0.16679718089272208,NA,589.2733639862352,1841.5252162067998,2462.8002925559003,3558.355338696581,0.5685745569927148,1.776839830181349,2.3762920078875456,3.4333646045629336,-1.010791363052495,0.12866787462619556,0.419372757364628,0.787372179124243,LL,8,elsewhere,long,FALSE
ɑ,TRUE,secånnd,39.12106378627391,0.052124119028974306,nː,659.0903929673673,1453.4231679820202,2184.03459425289,3359.01961926832,0.635939194102669,1.4023702484499683,2.107318229155709,3.241030748506621,-0.8988208624963265,-0.10800469586607342,0.29924762213635336,0.7297228759391485,LL,8,prenasal,short,FALSE
aː,TRUE,ân,39.41826844674953,0.16401302382629984,n,802.6047545477281,1294.4283773805003,2249.05851141737,3679.011553548281,0.7744124724562991,1.248960306383555,2.170058117219933,3.549782651093415,-0.7018191727152239,-0.22385708520585812,0.3285854137958504,0.8207178410420015,LL,8,prenasal,long,FALSE
ɔː,TRUE,stòria,40.000714513555366,0.24248019232434365,r,487.844429202078,814.60117503504,2992.4073635420905,3341.94036670827,0.4707084133899772,0.7859875068646607,2.887296109157625,3.2245514215056406,-1.1996849920530899,-0.6869829167803578,0.6141519262807718,0.724625310939591,LL,8,prerhotic,long,FALSE
ɛː,TRUE,adès,41.50861308377155,0.18317904687325637,s,609.1601683951769,1747.7392942581298,2570.26518604478,4441.58225589708,0.5877628178201275,1.686348231064434,2.479982091203676,4.285567306843984,-0.9776003190405866,0.07639684546860703,0.46208280333509233,1.0090844014221316,LL,8,elsewhere,long,FALSE
a,TRUE,stà,42.406648905271865,0.0893556326210998,a,830.2546659982879,1438.71049908767,2405.79643983997,3760.6037410170798,0.8010911535484535,1.3881743765337533,2.321290471613126,3.628508832657635,-0.6679490742293952,-0.11817904982478034,0.39595473327273023,0.8426532384511125,LL,8,elsewhere,short,FALSE
eː,TRUE,sêder,42.681647588984966,0.10613463213270082,d,444.668648842352,2109.9869410011297,2236.59574495572,4071.4496893494397,0.42904922481783025,2.0358715726172787,2.158033117698655,3.92843601105659,-1.2923521589983924,0.26475548288959416,0.32302867766889953,0.9220728495833592,LL,8,elsewhere,long,FALSE
ɛː,TRUE,tèvel,43.230037891643796,0.1478512643461514,v,610.2939815232162,1459.6015713007603,2173.7894461077494,4261.01558809815,0.5888568046459134,1.4083316292700878,2.0974329519245387,4.111343221002179,-0.9757407764660133,-0.10376277337232498,0.2945456576120282,0.9675812573500542,LL,8,elsewhere,long,FALSE
ɑ,TRUE,fånnd,43.7982750998304,0.09125936368608477,n,785.209427613526,1342.6830973148396,2258.30364570636,3774.5928365585405,0.7576281735047035,1.2955200317780249,2.1789785070660677,3.6420065474472696,-0.7237310854924051,-0.18725635204205116,0.3326876567183277,0.8463662435383847,LL,8,prenasal,short,FALSE
iː,TRUE,al'ustarî,44.52002906850642,0.17871126524219255,c,435.48085031862996,2369.8122285042405,3349.644664157829,4321.12370541042,0.4201841567617665,2.286570241123593,3.2319850979231366,4.169339981523139,-1.3132307308504254,0.38088444804883625,0.726927994330226,0.9815892099443735,LL,8,elsewhere,long,FALSE
uː,TRUE,sû,45.090194592656,0.09033208305157106,a,310.061262576969,848.65694700205,2238.3157888553105,3130.52119212491,0.29917005550317044,0.8188470363166654,2.1596927433630526,3.0205585535515627,-1.6529116552916543,-0.6460265169435448,0.32379742760788854,0.6592732302656126,LL,8,elsewhere,long,FALSE
iː,TRUE,amîg,45.4307587456029,0.22785686318380272,g,285.680126724616,2448.9528139912004,3284.40345501247,3864.5995502462406,0.2756453310485375,2.3629309356389543,3.169035550472765,3.728851686713652,-1.7348088075868935,0.41373423484447525,0.707258763318019,0.8699317919406893,LL,8,elsewhere,long,FALSE
ɛː,TRUE,pèvel,46.49779989633207,0.13552270947533174,v,631.077411771844,1720.6093908360397,2470.991157655481,3697.72378604936,0.6089101964477505,1.6601712922068508,2.384195160787377,3.5678375980074835,-0.9422530183494473,0.06075224959446057,0.42269307307202997,0.8257911619014751,LL,8,elsewhere,long,FALSE
ɛː,TRUE,guèrda,47.37834276327324,0.13947768099318836,r,644.9067362388802,1800.02905800095,2381.4161388297803,3702.42438535112,0.6222537522792292,1.7368012653814955,2.297766552676004,3.5723730841314763,-0.9205758430999449,0.10587653262544006,0.3857690515661609,0.8270615688784941,LL,8,prerhotic,long,FALSE
æ,TRUE,sänper,47.814451411174616,0.12360862512585412,n,841.9271354803469,1524.8764307959198,2335.46518039584,3816.20425108018,0.8123536160495207,1.4713136450685975,2.253429666891398,3.682156320071362,-0.6539880813988956,-0.0600128976901706,0.36628481652507894,0.8573300015895837,LL,8,prenasal,short,FALSE
eː,TRUE,vêrs,48.44209294031764,0.15187147631246492,r,405.91418234839193,2094.1434125589903,2377.766605653629,3548.1937976398303,0.39165604710955176,2.0205845637081143,2.294245212945283,3.4235599976388706,-1.3835397907293032,0.25721832199591965,0.3842353706434256,0.7845124091326108,LL,8,prerhotic,long,FALSE
iː,TRUE,lî,49.11684489760196,0.2040286944848404,NA,247.53539220231698,2479.2420941470796,2757.51686766257,2868.7370162287302,0.23884046787619245,2.392156275012447,2.660656373173194,2.7679698045353245,-1.8781279838797431,0.4260266307904983,0.532404313659292,0.5719455934028979,LL,8,elsewhere,long,FALSE
iː,TRUE,amîg,51.53903823080911,0.21892129992169634,g,267.96772641778495,2428.4363778927404,3195.14777588979,3795.8518695831604,0.2585550962386551,2.3431351595549303,3.082915064942984,3.6625188360094065,-1.7988150050172838,0.40532130887143225,0.6797070635143347,0.8519825817407982,LL,8,elsewhere,long,FALSE
e,TRUE,é,51.86014481467764,0.11914084349479735,u,322.557120992138,2113.02429957018,2362.54944666238,4217.77303120952,0.3112269845905241,2.038802240976601,2.279562571643445,4.069619601492441,-1.6134013145548627,0.26619396312077015,0.37781503449067966,0.957380995552815,LL,8,elsewhere,short,FALSE
ɛː,TRUE,spomèti,52.7275524554405,0.28891654547489065,t,639.3336215752429,1998.0941686854098,2578.4178704633,3827.04601214979,0.6168763987543527,1.927909144076926,2.4878484045564537,3.6926172536107207,-0.9292551368395863,0.2102675351096499,0.46524970684918987,0.8601669539247032,LL,8,elsewhere,long,FALSE
aː,TRUE,antepâtic,53.72531840599038,0.28703624172645453,t,829.9413824938049,1216.5420893817902,1857.86564819775,3685.01065126464,0.8007888744354633,1.1738098509224324,1.792606288413018,3.5555710245969467,-0.6683264796671287,-0.2859137940853351,0.1375020523925894,0.82234714059505,LL,8,elsewhere,long,FALSE
o,TRUE,tótt,54.566114878569316,0.07297376664056543,tː,474.26741521398395,1058.97765223504,2553.8481307368,3206.3582103005306,0.4576083053834921,1.0217800197376437,2.464141701124416,3.093731721809443,-1.2279102247316276,-0.424622311788978,0.45567501706405533,0.683209503688528,LL,8,elsewhere,short,FALSE
ɛː,TRUE,tirèla,55.38390156741504,0.2877925856565753,l,631.739051691049,1787.0647129919798,2158.8870931824804,4222.57782209797,0.6095485956134719,1.724292305753128,2.083054058815717,4.074255619371075,-0.941205138473169,0.09864817324337416,0.2876665787991186,0.9585195243867402,LL,8,prelateral,long,FALSE
ɛː,TRUE,Zdarinè,56.69241016148188,0.24294383264164315,k,580.4880630798641,2061.64157336506,2932.18965485017,3810.69674890192,0.5600978484289719,1.9892243836108359,2.829193606762107,3.676842274328725,-1.0258123167057693,0.24157627025504436,0.5938231909168046,0.8558857706665473,LL,8,elsewhere,long,FALSE
ɛː,TRUE,pèr,57.19078676226341,0.0866206453506351,r,605.732379852712,1832.4239336598298,2456.2071339922004,3729.8650181756702,0.584455433724548,1.7680582391431872,2.3699304405087323,3.598849837715375,-0.9832432833395108,0.12371336883788242,0.41669206919312085,0.8344457693640228,LL,8,prerhotic,long,FALSE
ɔː,TRUE,banbòz,57.98069197130044,0.18913608904799165,θ,542.590029303746,810.6878851991801,2733.0349089843003,3104.3904624686497,0.5235310203962448,0.7822116751865466,2.6370343673936554,2.995345691497693,-1.0933275301827425,-0.6917984262103447,0.5234864045214387,0.6508911122505028,LL,8,elsewhere,long,FALSE
e,TRUE,mustrén,58.83194956624139,0.0893556326210998,n,446.067545617944,1928.1861592773798,2352.20304337725,3539.27069163344,0.4303989839670989,1.8604567223171302,2.269579595958754,3.4149503245149027,-1.2892111663354715,0.17465347168871403,0.3734260787966157,0.7819944111279638,LL,8,prenasal,short,FALSE
e,TRUE,difézzil,6.186427062663707,0.11020528023268829,θː,416.04442142841106,1834.5795653458201,2425.38656364718,3574.7117295033104,0.40143045156962964,1.770138152144193,2.3401924730369967,3.4491464610412677,-1.3588895176220994,0.12488906007181644,0.40406464389471175,0.7919582623105788,LL,8,elsewhere,short,FALSE
ɔː,TRUE,banbòz,60.914287078217335,0.27551320058172024,θ,453.8711472406899,793.93917175471,2542.9007569009605,3095.1244341667993,0.4379284764009433,0.7660512767893266,2.4535788645712073,2.9864051415614674,-1.2718682133550576,-0.7126747060306444,0.4513791842056669,0.6479018347485459,LL,8,elsewhere,long,FALSE
a,TRUE,fà,61.95016381077932,0.20849647611589725,NA,801.106768222098,1390.53449742753,2487.3027179595306,3820.5286984340596,0.7729671043749816,1.341690604356611,2.399933761478569,3.68632886695493,-0.7036873226162799,-0.1522380717271492,0.4292726020622162,0.8584625402929005,LL,8,elsewhere,short,FALSE
o,TRUE,móccia,62.596172726988094,0.084887850990043,ts,448.44650604227786,1213.9232302422997,2429.75433438969,4330.955882312939,0.43269438106466807,1.171282981788234,2.344406821532522,4.178826793533115,-1.2838921531155183,-0.28806882187517857,0.4058638798026015,0.9838620002106291,LL,8,elsewhere,short,FALSE
e,TRUE,zriSén,63.50759902214188,0.10773956925853413,ŋː,460.962572289878,1938.70694006252,2524.1432178584805,3944.8266816678492,0.4447708081644461,1.8706079503204858,2.435480202552605,3.8062607611681067,-1.2563647028530287,0.18009494962699613,0.44397541000513563,0.8904787441814728,LL,8,prenasal,short,FALSE
iː,TRUE,luzî,64.22012356636155,0.2273206257540181,NA,270.22312370728486,2365.9681437086397,2808.71831026285,3761.72251856632,0.2607312704781375,2.282861183590573,2.710059314699196,3.6295883120441284,-1.7904335526302875,0.3792610257877822,0.5508019864680778,0.8429506936581541,LL,8,elsewhere,long,FALSE
ɑ,TRUE,cånta,65.47060016902066,0.1131838013200621,n,738.203094414054,1628.35147526173,2223.7569887488894,3861.5318167973805,0.712272984032121,1.5711540267362198,2.1456453354421217,3.7258917104220743,-0.7854625720382886,0.005641862693789079,0.31727182728907266,0.8691376730047464,LL,8,prenasal,short,FALSE
æ,TRUE,däli,65.83421648087722,0.08660705611160324,l,430.91147165549796,1779.74371955504,2531.9351460449006,2691.55520818677,0.41577528202229513,1.7172284694174815,2.4429984315910658,2.597011681919453,-1.3237788876479666,0.09454310067989269,0.44705761474731176,0.5081928953798265,LL,8,prelateral,short,FALSE
ɛː,TRUE,ufèl,66.30735620172955,0.16828644143639343,l,634.982607214846,1726.8722801745198,2414.8130808403707,3872.1325096445203,0.612678218056524,1.6662141913920987,2.3299903942223636,3.736120043497586,-0.9360839461576429,0.06438556621559677,0.39969560939088034,0.8718791158806747,LL,8,prelateral,long,FALSE
ɛː,TRUE,fèr,67.1162799244257,0.10424823805794858,r,588.4588693037899,1763.67106126425,2288.1123162639406,3183.7456406807896,0.5677886722377828,1.701720379071157,2.207740118726516,3.071913440957516,-1.0121745209372417,0.08547119150986404,0.3458008861086723,0.6761321025899276,LL,8,prerhotic,long,FALSE
ɛː,TRUE,pèvel,69.13412730636415,0.23769627976388108,v,552.2804190241991,1734.63697093911,2392.83862462755,3709.7221019886197,0.5328810256385013,1.6737061397499842,2.3087878124157775,3.5794144612881773,-1.0756256316977577,0.06887187737331413,0.3905540947439574,0.8290306932092149,LL,8,elsewhere,long,FALSE
e,TRUE,vén,69.74772607767893,0.07148450609687985,n,441.3360859691919,1914.3650558747702,2357.9487160411104,3132.788129363689,0.42583372149618065,1.8471210987770972,2.2751234462142285,3.0227458623882457,-1.299874869562668,0.16745972866116787,0.3758657774760845,0.6599971087207264,LL,8,prenasal,short,FALSE
o,TRUE,só,69.91756266311327,0.05510264011634549,l,380.8092218703561,1095.69355906755,2409.3525608890304,3375.9213875260502,0.3674329230817495,1.0572062441993482,2.324721680409676,3.2573388255161175,-1.4473830347418701,-0.3905387254405328,0.3974317889962613,0.7347420152969457,LL,8,prelateral,short,FALSE
o,TRUE,fóttaː,70.18562956097657,0.06999524555320139,tː,523.2870050403671,896.84734352179,2717.3114203710006,3287.9391368334914,0.5049060338621061,0.8653446977197939,2.621863181796175,3.172447037989281,-1.1295514741073083,-0.5907958924812275,0.5177166675973872,0.7083346908469599,LL,8,elsewhere,short,FALSE
e,TRUE,acsé,71.50501490550819,0.20490680532343222,NA,461.29607467774395,2022.62176866458,2273.99427994662,3333.08365194209,0.4450925959526369,1.9515751879617416,2.1941179923327034,3.2160058075642146,-1.2556414731961443,0.22246829966140336,0.33961160443008787,0.7219716216228482,LL,8,elsewhere,short,FALSE
oː,TRUE,spôl,72.213245359838,0.14085068470205897,l,421.950336813844,864.0177722615301,2700.8583398965106,3221.0510513738304,0.40712891586333805,0.8336682974676369,2.6059880319698423,3.1079084623763404,-1.34479393262707,-0.6280882161227321,0.5116433506747562,0.6877814442849255,LL,8,prelateral,long,FALSE
iː,TRUE,brîSa,72.61556190051506,0.21364800456456126,z,299.952142556913,2297.2150038844006,2429.8718593032904,4194.71778642671,0.2894160282752848,2.2165230654835786,2.34452021826784,4.047374194878319,-1.6860586173419003,0.3497712458856812,0.40591224768479606,0.9518997883801701,LL,8,elsewhere,long,FALSE
æ,TRUE,pänsa,74.6630727264187,0.08283661053717141,n,784.257330306483,1570.6623941926898,2367.8661767869603,3820.3227304311204,0.7567095195528195,1.5154913314291358,2.2846925463885848,3.68613013378085,-0.7249443605350683,-0.030428837968706546,0.3800629267634088,0.8584086279756926,LL,8,prenasal,short,FALSE
o,TRUE,trócc,75.55167188820202,0.10573749860162708,kː,573.9992366363022,1077.94417109993,1891.07352132363,3193.2762551999895,0.5538369484018718,1.0400803209566727,1.8246477023053633,3.081109283259747,-1.037053488045606,-0.4068705936667074,0.1552183930403066,0.6791211535201844,LL,8,elsewhere,short,FALSE
ɛː,TRUE,dèr,76.61044950882841,0.16977570198008607,r,513.2313351454479,2057.61361581879,2295.6673810547395,3778.5343342556803,0.4952035792710952,1.9853379120385193,2.2150298044292964,3.6458095961577683,-1.148954865234435,0.23962059688931348,0.3490973236039743,0.8474099166993883,LL,8,prerhotic,long,FALSE
ɔː,TRUE,òt,76.88819660022568,0.09382341425215655,t,475.21722019160103,1389.21851489683,2359.5182079445603,3457.0820222408,0.45852474752627786,1.3404208470077612,2.2766378081695544,3.3356486130415965,-1.2259095492935739,-0.15318490594096623,0.37653117353996723,0.7584986115997667,LL,8,elsewhere,long,FALSE
e,TRUE,dé,77.27199732115399,0.2025394339411691,a,411.361042365671,1932.4238271865102,2370.8882717057595,3377.86490938787,0.39691158080680894,1.8645455379693718,2.287608487248397,3.2592140792593285,-1.3702102769980087,0.17684880850126117,0.3813384076355897,0.7353175508054806,LL,8,elsewhere,short,FALSE
e,TRUE,Sgaligén,78.27491595773395,0.07893080881531489,n,409.38693002425896,2014.21088662981,2464.2009892603896,3589.10265884444,0.39500681110471464,1.9434597464381551,2.377643503741437,3.463031894822791,-1.3750208064534881,0.21830122367689508,0.41994133718107474,0.7959759400221662,LL,8,prenasal,short,FALSE
ɑ,TRUE,ghignåuS,79.22739409984956,0.08042006935899337,u,726.9941183887129,1227.3897971967,2271.38316006108,3675.17099969902,0.7014577343238393,1.1842765223218084,2.191598590603542,3.546077000478769,-0.8007631672109454,-0.27703647707516854,0.3384626920648435,0.8196733866323962,LL,8,elsewhere,short,FALSE
iː,TRUE,sîra,8.2499281526931,0.2323246448148559,r,294.128773144162,2075.1266459375697,2391.45945933494,3396.75774009369,0.2837972104457092,2.0022357797344665,2.3074570916617274,3.277443280688414,-1.7056638791276901,0.24809591052669422,0.3899775565322452,0.7408950953157527,LL,8,prerhotic,long,FALSE
ɛː,TRUE,pèvel,8.88733166539027,0.1906253495916772,v,664.14707523279,1853.6273103113297,2616.87172076162,4225.157535179491,0.6408182554256967,1.7885168263170983,2.524951525508892,4.076744717491126,-0.8911779306686256,0.13521815220679567,0.4800533291978981,0.959130271066793,LL,8,elsewhere,long,FALSE
a,TRUE,và,80.67895717446237,0.14560565987231658,a,872.2760043998671,1363.87085297593,2537.3333915592107,3870.04285487071,0.8416364510726718,1.315963546664192,2.448207058417627,3.734103789904772,-0.6185756618277187,-0.17159940311061117,0.4491874082332208,0.8713393051101432,LL,8,elsewhere,short,FALSE
iː,TRUE,luzî,82.02986168180969,0.2650883767759354,NA,276.9631974017879,2445.35467898982,2771.24552735708,4140.454135025951,0.2672345924491605,2.359459188671519,2.6739028001813767,3.9950166076504083,-1.7657969184672764,0.4122638999075017,0.537370592522624,0.9388792007917006,LL,8,elsewhere,long,FALSE
e,TRUE,pén,83.29402146173507,0.09233415370846389,n,396.2210559801049,1980.33477750144,2515.330380874311,3236.9312714921502,0.38230340134691054,1.9107735689907221,2.426976925142903,3.12323087413044,-1.40770927678395,0.20133963448005243,0.44047788360868445,0.6926994670766318,LL,8,prenasal,short,FALSE
e,TRUE,scalfétt,84.13248686148796,0.1295656673005965,tː,364.04136569013605,1772.0511738652801,2491.8187554342603,3118.8346766600803,0.3512540543562171,1.7098061319676532,2.4042911686913904,3.0092825384466964,-1.4924140512765298,0.09021145544213471,0.43108659223587154,0.6555331555017672,LL,8,elsewhere,short,FALSE
e,TRUE,vén,84.61089308307795,0.06850598500950865,n,449.97436686958895,1748.7114412150397,2497.9530616700804,3764.95909182079,0.4341685742763864,1.6872862304024963,2.410210001382037,3.632711197476937,-1.2804909358324599,0.07695292193329006,0.43354534568234726,0.8438107203263465,LL,8,prenasal,short,FALSE
e,TRUE,lé,85.92551678478421,0.09233415370846389,l,486.605521243888,1712.65359747813,2524.90918800194,3798.47044421606,0.4695130232934055,1.6524949539223586,2.4362192672407508,3.665045430630588,-1.202227777601312,0.05611770360995383,0.4442788214525768,0.8526721955413388,LL,8,prelateral,short,FALSE
a,TRUE,là,86.11688676464772,0.17722200469852115,NA,849.290114060923,1412.0199448469198,2511.63450467068,3430.8106604732902,0.8194579627593029,1.362421354285018,2.423410870229163,3.310300058717824,-0.6452807138466863,-0.13690501126325394,0.4390074628065914,0.7508703019340386,LL,8,elsewhere,short,FALSE
e,TRUE,véssta,86.86884041471878,0.06926232893962948,sː,430.62308762191503,1734.9372579962703,2383.6141457724802,3482.5375700023806,0.41549702776177844,1.6739958789286578,2.2998873524611128,3.360210009629489,-1.324448353640359,0.06904497472653137,0.3866916090179773,0.7658349393609258,LL,8,elsewhere,short,FALSE
ɛː,TRUE,caschèr,87.45775749139399,0.195093131222734,r,594.711486621493,1876.52169131769,2276.26097655703,3616.62376626502,0.5738216602170954,1.8106070196532726,2.196305068993326,3.489586296253314,-1.0016051629515044,0.14749362350109418,0.3406078987784822,0.8036146539055613,LL,8,prerhotic,long,FALSE
e,TRUE,lé,88.84940913947415,0.12895213007215037,a,503.9332732179249,1637.62253316692,2439.56900974858,3413.7615830905997,0.4862321209218329,1.5800994296060167,2.3538767467578174,3.2938498469613933,-1.1672376895647991,0.011319239662364033,0.4098951128740689,0.7458885113891638,LL,8,elsewhere,short,FALSE
e,TRUE,arabé,89.41067775026093,0.2829829306167255,a,481.11416061757103,1895.53720230112,2373.13659641396,3540.6137578123207,0.46421455211480944,1.82895459209445,2.2897778373379603,3.4162462141721295,-1.2135769723560639,0.15757600694405216,0.3822862630701769,0.7823738145503158,LL,8,elsewhere,short,FALSE
ɛː,TRUE,spomèti,90.2885347997276,0.23332452256190095,t,657.769103314977,1865.11298962085,2544.5863954164697,3624.5622725814806,0.6346643160500027,1.7995990598343143,2.4552052933745085,3.497245954720705,-0.900827591535406,0.1413953600274942,0.45204184477923626,0.8058072531439278,LL,8,elsewhere,long,FALSE
e,TRUE,véggna,91.51346215298533,0.07297376664057253,ɲ,465.07725047785397,1692.86725339884,2297.13176236086,3432.6455130044005,0.4487409542305606,1.6334036246566248,2.2164427479004956,3.3120704602475417,-1.2474780326131878,0.04449741549964248,0.3497350093855722,0.7514049749991658,LL,8,prenasal,short,FALSE
ɔː,TRUE,muròid,92.25458822238755,0.37685551466482536,i,583.7038360298702,775.4107623063901,2619.3133652706006,3185.0910026789206,0.5632006641884869,0.7481736959623334,2.5273074048509283,3.0732115457910822,-1.02028783035394,-0.7362886496386212,0.480985933621092,0.6765545854053867,LL,8,elsewhere,long,FALSE
oː,TRUE,nôna,0.5634845109347779,0.1667305444948832,n,455.64726108193906,768.36884724254,2797.05690437597,3156.03972166027,0.43964220249510366,0.7413791350971958,2.698807527173636,3.045180719616431,-1.2679625945512782,-0.7454116667602957,0.5466414833220385,0.6673917135015843,LL,9,prenasal,long,FALSE
ɑ,TRUE,leziån,1.1405067540694236,0.13338443559590643,n,633.3930039632451,1619.8568641841402,2108.9877723759205,3785.3476711207695,0.6111444511839486,1.562957797234866,2.0349075007736164,3.6523836078583902,-0.9385904656300044,4.1151441859366145e-4,0.26428182816930335,0.8492114621764353,LL,9,prenasal,short,FALSE
ɑ,TRUE,leziån,1.8243098937858888,0.15056273411962187,n,984.884320143593,1676.7250661082903,2232.4039894837897,2898.66757092221,0.896343048510279,1.5259871911149758,2.031710482657161,2.6380768522738687,-0.5447504019577254,-0.012676790254448456,0.2735597112411092,0.5347318573341333,RM,9,prenasal,short,FALSE
eː,TRUE,stêven,10.635476555148276,0.1690102820591655,v,421.48252278451497,2127.0339238162906,2578.38340037171,3138.28563355061,0.40667753426230757,2.0523197633799257,2.4878151452607637,3.0280502613288314,-1.345903242211059,0.2728022097485656,0.4652363380611444,0.6617503987642026,LL,9,elsewhere,long,FALSE
eː,TRUE,Svêlta,100.08033077403717,0.14556479540785008,l,443.968890657626,2042.23171754594,2617.63979514739,3524.4947517734604,0.428374046328188,1.9704963180845168,2.5256926205257657,3.4006934040880106,-1.2939270605713213,0.23211691360590336,0.4803467947443769,0.7778108176806375,LL,9,prelateral,long,FALSE
ɛː,TRUE,pèga,100.90112016742296,0.1891013610369043,g,618.625082431044,1727.57015139393,2291.46469356031,4046.84289598427,0.5968952674331783,1.6668875491979394,2.210974740470254,3.9046935555314164,-0.9621821479415251,0.0647896089766089,0.34726494180114553,0.9160107697895254,LL,9,elsewhere,long,FALSE
eː,TRUE,prêzi,101.53055586686756,0.12586028110000316,θ,380.44103832499894,2140.53475341272,2192.4012226811406,3250.40382791197,0.36707767234586464,2.0653463630465,2.115390971524268,3.1362301937435646,-1.448350347577919,0.2791294071098216,0.3030711164001536,0.6968529678845714,LL,9,elsewhere,long,FALSE
ɛː,TRUE,cuntratè,102.3784926829284,0.16498623162524953,NA,588.064886431624,1823.2838460264798,2488.11250174225,3203.96685818538,0.5674085284018403,1.7592392060855044,2.4007151008087657,3.091424368291395,-1.01284426157779,0.1187129107982825,0.42959811611646526,0.682463409785167,LL,9,elsewhere,long,FALSE
ɛː,TRUE,adès,102.96228478551237,0.24817005438727338,s,609.251603617378,1883.42932097008,2478.1059325604906,4110.938880431489,0.5878510412901395,1.817272012014219,2.39106002222003,3.966538105428535,-0.9774502298433667,0.1511679465980027,0.42556825603029935,0.9317251650010947,LL,9,elsewhere,long,FALSE
e,TRUE,l'é,103.36325158580266,0.0718307402994327,t,481.86288073769003,1659.06415050217,2269.7684537009695,3820.98991108863,0.46493697270366563,1.6007878890251357,2.190040602393855,3.6867738790609885,-1.2120219606811515,0.02432740315538151,0.3377515480355333,0.858583252595964,LL,9,elsewhere,short,FALSE
o,TRUE,tótta,103.61703335396658,0.06734131903071724,tː,536.8390671695779,1118.27938767488,2499.20538437109,3960.5581463065805,0.5179820664683139,1.0789987233432485,2.411418335015381,3.8214396426252737,-1.10398319356639,-0.3701350324367132,0.434046559618527,0.8944586858912063,LL,9,elsewhere,short,FALSE
æ,TRUE,cuntänta,104.31172184018,0.10170074832089426,n,670.785121812676,1615.40063587041,2328.5172955782605,3014.3347328188606,0.6472231340849395,1.558658098327388,2.2467258333675666,2.9084532580031417,-0.88123270452573,-0.0023432778239422802,0.3633054357092629,0.6214528778868518,LL,9,prenasal,short,FALSE
iː,TRUE,ZîZla,105.88642592711525,0.23086526790159215,ð,362.084098980491,2267.6848569201998,2741.3678929853904,3716.58901801597,0.349365538566491,2.1880301940011124,2.6450746471286783,3.586040170130242,-1.4978050519924988,0.33683314875532666,0.5265307513619621,0.8308800415258988,LL,9,elsewhere,long,FALSE
a,TRUE,fà,106.74950103041076,0.054655420295318904,l,654.5197882586523,1260.00264996871,2365.5751293973503,3763.35762963807,0.6315291363836726,1.215743816535954,2.282481974293853,3.631165988229872,-0.9057797354080392,-0.25081245136929287,0.3790949005768276,0.8433852700521003,LL,9,prelateral,short,FALSE
e,TRUE,deléNna,107.10172358578721,0.10307324731924442,ŋː,487.55497447240396,1906.62273702929,2405.54863650498,3751.5456196365403,0.47042912604262355,1.83965073650264,2.3210513726142166,3.619768886707445,-1.200278502233802,0.16340720095833028,0.3958517253482201,0.8402416448217336,LL,9,prenasal,short,FALSE
ɛː,TRUE,st'ètra,107.64953555357599,0.06846367434789613,t,560.005019313326,1554.0758195388098,2243.80811913909,2909.6246903009096,0.5403342917383392,1.4994873765378762,2.1649921501389384,2.807421258805698,-1.0617358077138377,-0.041045234802957964,0.32624820011912004,0.5860978249803219,LL,9,elsewhere,long,FALSE
oː,TRUE,vôlta,107.9498951302121,0.06379081121801279,l,546.9173238546279,1058.1649152690397,2374.7919114084702,3974.15656566143,0.5277063144662176,1.0209958309576361,2.291375007763788,3.8345604041139354,-1.0853839081537977,-0.4253900796458989,0.38298354191877326,0.8978862653724269,LL,9,prelateral,long,FALSE
uː,TRUE,vû,108.69184761158758,0.05387305522457099,k,476.71843758002893,982.3790422419501,2279.4887779823503,3889.8025905328905,0.4599732331761317,0.9478720113245971,2.1994194907161186,3.7531694454002404,-1.2227555154664511,-0.4997043305198243,0.3420249221618281,0.8764321329274081,LL,9,elsewhere,long,FALSE
ɛː,TRUE,cunprèr,109.07148972366075,0.09652255727735337,r,659.9891300322021,1674.22624440845,2334.7409484830896,3863.9395147859004,0.6368063621433804,1.6154173994573202,2.25273087433752,3.7282148356485982,-0.8974581892257083,0.03342483943121355,0.36597466665221656,0.8697609872241978,LL,9,prerhotic,long,FALSE
aː,TRUE,scrâna,109.66619240826445,0.14253912528168655,n,896.8573861652388,1629.1264617951501,2773.98909978603,4144.621313270931,0.8653543876055056,1.5719017911047533,2.676550001927974,3.999037409657344,-0.5907846948261364,0.006117682676619829,0.5383601169836396,0.9398851490470657,LL,9,prenasal,long,FALSE
e,TRUE,parché,11.556198345208744,0.04038807153274781,i,346.76880366867493,2166.53408053093,2599.62092455624,3600.2660313051797,0.33458820807895207,2.0904324382058217,2.508306680501992,3.47380314283657,-1.5410232684214424,0.29120241727973006,0.4734393606700005,0.7990814648363065,LL,9,elsewhere,short,FALSE
uː,TRUE,incû,11.907781631785854,0.24310104900066068,NA,335.914478789553,714.57201302925,2546.1027696313,3388.8853902359506,0.3241151520462584,0.6894719676435073,2.456668403452317,3.2698474548690064,-1.5728249543088149,-0.817997774166674,0.45263758897437967,0.7385747984069839,LL,9,elsewhere,long,FALSE
e,TRUE,gigén,110.53712399878029,0.14235562061125503,n,453.97458019915905,1843.6322279076799,2163.198316882461,2837.0946171648397,0.4380282761749263,1.7788728310220834,2.0872138465392465,2.7374388758874817,-1.2716403487393189,0.12981138719651675,0.28966155331757815,0.560854230923522,LL,9,prenasal,short,FALSE
oː,TRUE,quatôrg',111.13503723235485,0.29768321763393146,r,430.5680371337411,833.4121133039198,2414.10951756667,3707.8972455311905,0.41544391097619354,0.8041376924092689,2.3293115443012424,3.5776537047102126,-1.3245762009594193,-0.6641533007777314,0.3994042138406968,0.8285386602782312,LL,9,prerhotic,long,FALSE
ɛː,TRUE,fè,112.23915707559928,0.10690976999877932,u,610.114390497928,1656.01235605123,2279.7574053969497,3686.4275320443808,0.5886835219321787,1.597843291858486,2.1996786823283423,3.5569381360445154,-0.9760350894692698,0.022486241838587162,0.3421427606834193,0.8227315651162774,LL,9,elsewhere,long,FALSE
e,TRUE,féssti,112.60861974702988,0.1000191525197209,sː,562.414469009074,1620.1012333373096,2083.67340499294,2693.08653615753,0.5426591071416503,1.5631935826809722,2.0104823254645465,2.598489220487794,-1.0574424870403272,5.623615260423875e-4,0.25220612067528947,0.508761671571353,LL,9,elsewhere,short,FALSE
e,TRUE,mé,113.77878859026922,0.1099908210835139,NA,434.89702116313305,2274.50992596257,2716.4522442054204,3090.7019856681495,0.41962083518008064,2.1946155257747386,2.621034185039188,2.982138035919812,-1.3145722843576761,0.3398383365577571,0.5174004314760623,0.6464719694558676,LL,9,elsewhere,short,FALSE
aː,TRUE,vâg,114.19210136185774,0.07407545093379043,g,772.349148372633,1373.1032952074697,2234.2289427524897,3752.2740988323703,0.7452196242318668,1.3248716902738888,2.1557494517527043,3.620471777354403,-0.7402448419470771,-0.1648529183068952,0.3219699010047927,0.8404358070552229,LL,9,elsewhere,long,FALSE
ɛː,TRUE,granèr,115.15424313186055,0.21016645917920587,r,744.1665620668721,2100.5347904187797,2635.0090925757804,4304.124521133412,0.7180269790131679,2.026751438128876,2.542451804283565,4.152937910327938,-0.7774166709394752,0.26026569893243057,0.4869603572000294,0.9776474784508435,LL,9,prerhotic,long,FALSE
o,TRUE,tói,115.8635690662499,0.08080958283684936,i,437.9811900189809,1158.3284680361398,2255.61927345742,4104.64935569881,0.4225966695687963,1.1176410403323138,2.1763884260348805,3.9604695064435287,-1.3075055901702433,-0.3349482853969832,0.3314982821483774,0.9301940449447725,LL,9,elsewhere,short,FALSE
ɑ,TRUE,Zå,116.23624222384214,0.18260392645366605,NA,773.254177498555,1440.2357040656102,2244.62178505454,3724.6592020812104,0.746092863318826,1.3896460071854242,2.1657772352381315,3.5938268810358633,-0.7390737403918353,-0.11711949190809534,0.3266107616124394,0.8330490827917059,LL,9,elsewhere,short,FALSE
o,TRUE,brótt,116.87816198034146,0.10886846576633502,tː,614.2844567294791,1207.4911334389699,2501.3217052468403,3713.69806647991,0.5927071104823135,1.1650768187169076,2.413460318037054,3.5832507661127524,-0.9692234490226994,-0.29338151187029204,0.4348929987895094,0.8301018880981603,LL,9,elsewhere,short,FALSE
oː,TRUE,banzôl,117.62965445050835,0.21000991079397124,l,506.347072162944,941.5577137219399,2725.4849738309704,3651.0834569344606,0.488561132802753,0.9084845721535624,2.6297496311447786,3.5228355563657066,-1.1624592069404667,-0.5421459084861517,0.5207201088478861,0.8130976855829131,LL,9,prelateral,long,FALSE
ɛː,TRUE,vèc',118.08937494123197,0.27239235182796057,ts,616.654645822595,1777.0224800854899,2564.8636614938896,3282.17707217964,0.5949940443503082,1.7146028161631006,2.4747703005199218,3.1668873715286003,-0.9653724185087675,0.09301292419497642,0.45997904831611347,0.7065806682550191,LL,9,elsewhere,long,FALSE
ɛː,TRUE,scalastrè,119.1515629142535,0.20875808899522502,NA,617.0618019953149,1711.3206674419002,2221.17715194978,3056.0775777837102,0.595386898761655,1.651208844365794,2.143156117950185,2.9487298444467456,-0.9647123702647447,0.05533911709006034,0.31611102849785055,0.6352059809022608,LL,9,elsewhere,long,FALSE
e,TRUE,acsé,119.77223625672829,0.08193193815404241,a,450.79174712659096,1702.5973576137999,2243.81924198783,3118.0433662174705,0.43495724324722823,1.6427919493826735,2.165002882286667,3.008519023562353,-1.2786760796369343,0.0502286670151566,0.3262531572369216,0.6552794034029086,LL,9,elsewhere,short,FALSE
e,TRUE,é,12.346378476921272,0.22297535841298635,a,413.779336595052,2092.5227526008903,2465.44441101124,3487.3429362779207,0.3992449300708026,2.019020831026428,2.3788432490792584,3.3648465826841756,-1.3643487261274583,0.25644412124758365,0.42044580420710087,0.7672138344603754,LL,9,elsewhere,short,FALSE
a,TRUE,almànc,120.12559473977839,0.18967804860318435,n,815.515398841643,1556.78913490516,2427.46297874536,3840.98431563366,0.7868696176600906,1.5021053840309828,2.34219595201082,3.706065960463788,-0.685861249879836,-0.03930082217551778,0.40492039481249975,0.8638023904681793,LL,9,prenasal,short,FALSE
o,TRUE,tótt,120.65432666717517,0.08255788045805446,tː,486.113527860058,1086.1062096394198,2245.9934986297,3546.62212064224,0.46903831166150317,1.0479556598577136,2.1671007660236428,3.422043527342987,-1.2032393614214048,-0.39932725981917194,0.3272216861878787,0.7840693597169812,LL,9,elsewhere,short,FALSE
o,TRUE,góbbi,121.08550540290796,0.12794850615836142,bː,553.0676301446479,1062.45382838305,2356.1196913915996,3425.1963896268694,0.5336405851934098,1.0251340917764904,2.2733586678560322,3.3048829946615985,-1.074201263591923,-0.4213451102475094,0.3750897918164764,0.749232534627116,LL,9,elsewhere,short,FALSE
e,TRUE,én,121.6576044955921,0.09988962322888996,n,488.03513527858587,1999.1990860961998,2261.82064424491,3153.5076572725807,0.47089242072781573,1.928975250175976,2.182371967568801,3.0427375964829353,-1.1992941526793048,0.21082036792350944,0.334243808285267,0.6665890998205866,LL,9,prenasal,short,FALSE
e,TRUE,marcadén,13.042727550272568,0.08579931335521175,n,422.97456865845896,2037.08908764593,2356.0605462719905,3750.5125885088,0.4081171705561522,1.965534328122174,2.273301600266972,3.618772141814987,-1.342369498598261,0.22959559553854714,0.37506468873610643,0.8399662454298307,LL,9,prenasal,short,FALSE
ɛː,TRUE,anticuarièt,13.94612656783001,0.1924504484320924,t,554.1187684994429,2018.3842060928896,2404.73347155666,3591.6147440575,0.5346548012787472,1.9474864739468587,2.3202648411371585,3.4654557405698334,-1.0723025071189642,0.2203710178699705,0.3955127992986407,0.7966756153260635,LL,9,elsewhere,long,FALSE
æ,TRUE,äli,15.268468209904936,0.05657097583859993,l,448.064565865114,1805.9952713982602,2377.5396825604503,3615.533732280601,0.4323258569122108,1.7425579096600563,2.2940262607491357,3.488534550785632,-1.2847442121970838,0.10918556123773904,0.3841399306950404,0.8033132130166178,LL,9,prelateral,short,FALSE
iː,TRUE,arîven,15.552923159367284,0.08459362573649012,v,310.562632167123,2210.1988317012597,2874.0667801113195,3702.7977457243196,0.2996538139929197,2.1325634220075043,2.773112355214893,3.57273332985403,-1.6512959595265775,0.31115620509803943,0.57380174785352,0.8271624059275142,LL,9,elsewhere,long,FALSE
aː,TRUE,palâz,16.151093044576633,0.15179878516691409,θ,805.8917400298951,1439.21197358937,2504.9287851719696,3981.07769538614,0.7775839993376809,1.3886582362499271,2.4169406957289867,3.841238422343872,-0.697732138557936,-0.11783055224603345,0.4363340295794105,0.8996262848976455,LL,9,elsewhere,long,FALSE
æ,TRUE,däl,16.42045105213702,0.06288526268986769,l,456.49064725530496,1768.85997473617,2470.5687354762,3688.59069888785,0.44045596389889674,1.7067270268493846,2.3837875766029772,3.559025319523176,-1.2661133425774187,0.08840898152557575,0.4225221059323232,0.823318185199855,LL,9,prelateral,short,FALSE
ɛː,TRUE,tèst,16.809462536658128,0.2451181986106086,s,588.4861004855209,1984.1261473323998,2458.8848246267794,3693.7537527828504,0.5678149468974489,1.914431763224127,2.3725140746238402,3.5640070160675794,-1.0121282465872348,0.2032523136859714,0.4177816483595054,0.8247169426733381,LL,9,elsewhere,long,FALSE
æ,TRUE,äl,17.15000572022005,0.08014221577135316,l,548.3222613558228,1785.94797223205,2342.15600251161,4162.20131113067,0.5290619021546559,1.7232147916117158,2.2598854672938744,4.015999892786426,-1.0828183721911246,0.09802307566064705,0.36914559828457616,0.9441178201659364,LL,9,prelateral,short,FALSE
a,TRUE,vàdden,17.431006517581856,0.13305054694605187,dː,799.8023936363111,1321.8334804436,2366.3671395644205,4018.94767867262,0.771708547230553,1.2754027782238495,2.2832461643241464,3.8777781851880224,-0.7053168652605484,-0.20290650231451846,0.379429651142007,0.9090938214080859,LL,9,elsewhere,short,FALSE
ɛː,TRUE,umarèl,18.369773994620427,0.27811793451645883,l,603.3642253249868,1794.84920549347,2362.93436118421,3318.8536690388,0.5821704629558317,1.731803360292412,2.279933965663784,3.2022756668184655,-0.9871605179852905,0.10299473484949573,0.3779779445918807,0.7176931674151534,LL,9,prelateral,long,FALSE
ɛː,TRUE,genèSi,19.494709664129083,0.20131624058157274,z,592.5382326821571,2080.2606679831697,2583.68707065636,4046.249492075,0.5717247439617401,2.007189464201759,2.492932518905707,3.904120995518609,-1.0052661558013147,0.25056693152670473,0.46729120041942807,0.9158641252482598,LL,9,elsewhere,long,FALSE
ɛː,TRUE,caramèla,21.20065913780711,0.20217467486223129,l,599.093484393422,1308.6328460979396,2126.3940463162703,3364.1350420754106,0.5780497360036259,1.2626658291543478,2.0517023622069925,3.245966487051966,-0.9942639010894192,-0.21294331215991313,0.2725013336037989,0.731244609128967,LL,9,prelateral,long,FALSE
ɑ,TRUE,zivålla,22.142064785877892,0.07627102501934857,lː,761.1476315462411,1326.22693391746,2376.6679014016695,3940.44962851921,0.7344115717108285,1.2796419073195038,2.293185101761743,3.802037456320105,-0.754854218640018,-0.199588256642099,0.38377318980156616,0.8893685602320422,LL,9,prelateral,short,FALSE
e,TRUE,bisachén,22.88384794118885,0.11365025793463701,n,445.01038633905404,2116.2931636594003,2336.9517094143903,2700.71445135539,0.42937895844855256,2.041956282996802,2.254863980114825,2.605849197655373,-1.2915839324807488,0.26773977507201874,0.36692111636893365,0.5115900741396748,LL,9,prenasal,short,FALSE
e,TRUE,deléNna,24.016278963722755,0.09416175928314276,ŋː,463.0656836278911,2140.0249299644397,2325.825358986541,4221.370274198141,0.44680004564639864,2.064854447648713,2.244128453698586,4.073090487779943,-1.2518126451510474,0.27889120300176007,0.3621486936764251,0.9582335093865799,LL,9,prenasal,short,FALSE
o,TRUE,ló,26.963368789789598,0.08656363158145912,l,627.4625289743459,1244.6346510241801,2336.06133102016,3612.11283802846,0.6054222899670223,1.200915633682682,2.2540048771381853,3.485233818811642,-0.9479976000213535,-0.2630842416219483,0.3665400438586275,0.8023665993507967,LL,9,prelateral,short,FALSE
ɛː,TRUE,anticuèri,27.581977713459914,0.19475213264275482,r,683.4781379483632,1429.0397818462202,1996.5593456144097,2867.877192506301,0.6594702955337951,1.3788433527553094,1.9264282331771818,2.76714018296756,-0.8624868842548858,-0.12492353797933209,0.2094990964247767,0.5716458264331896,LL,9,prerhotic,long,FALSE
ɛː,TRUE,anticuèria,29.113275892232267,0.18711823803340621,r,698.2147178671352,1601.2786869087702,2364.1088475241895,3859.35692177173,0.6736892385761609,1.5450321967247396,2.281067197014902,3.723793210725177,-0.8411548802841162,-0.011123786090272425,0.37847486679558884,0.8685742935398109,LL,9,prerhotic,long,FALSE
a,TRUE,srà,29.854878276408268,0.06259793579661022,p,906.7342803408831,1256.2567736868302,2384.44722123667,3540.06309817,0.8748843461503687,1.2121295178459337,2.3006911653295394,3.415714896991817,-0.5798321127155512,-0.25378979068000973,0.38704104893015234,0.7822182758484013,LL,9,elsewhere,short,FALSE
oː,TRUE,nôv,3.016915154972501,0.2517032473694396,v,523.2730465590913,859.1280744107501,2949.6610509032203,3637.77941830826,0.47623070868632944,0.7818923111354065,2.6844860095378027,3.310742416062605,-1.177171189373741,-0.6813565867818969,0.5521709499792387,0.7618541298048722,RM,9,elsewhere,long,FALSE
iː,TRUE,lî,30.217841967827262,0.1859106626985962,b,426.79941829638295,2329.50260537745,2568.3474711181498,4267.948244278,0.41180766858534396,2.247676533190116,2.478131737901651,4.118032360809172,-1.3333673979776384,0.36372849522160333,0.46133640926198094,0.9692069314279168,LL,9,elsewhere,long,FALSE
o,TRUE,brótta,30.63694023920453,0.1297762083588232,tː,642.818993167446,1191.93130127672,2169.2118979713505,3640.68699688708,0.6202393432383634,1.1500635409765296,2.093016194672591,3.5128042822118153,-0.9238183734819501,-0.3063513416550485,0.29243764544769846,0.8102461237686631,LL,9,elsewhere,short,FALSE
ɛː,TRUE,vècia,31.09962342873479,0.15725822895245403,ts,693.091140665258,1716.6070366397598,2217.9710921034207,3781.67452547001,0.6687456320671734,1.656309524641652,2.1400626741119892,3.6488394850644754,-0.8485200478084742,0.05842341398598627,0.31466658004624026,0.8482406322135168,LL,9,elsewhere,long,FALSE
ɛː,TRUE,meleduchè,31.90360165577045,0.14023227732936053,m,620.3651423699159,1974.6325864979399,2449.6606283029396,4256.225049923781,0.5985742060537741,1.905271673059484,2.3636138872762182,4.106720955197013,-0.9593733104736142,0.19845607341377836,0.414023220421722,0.96645635343266445,LL,9,prenasal,long,FALSE
e,TRUE,mé,32.275272575705806,0.35886222284319297,NA,563.4411180307449,2091.55654778126,2606.6404277256393,3748.8385830882503,0.5436496941057969,2.018088565102224,2.515079616712534,3.6171569374827333,-1.0556187197329523,0.25598227300454646,0.4761359242683003,0.8395198053552031,LL,9,elsewhere,short,FALSE
ɑ,TRUE,sån,32.89775155306474,0.06323634297071125,n,720.8524881632428,1553.9528954115501,1935.66970128476,3324.2225738815105,0.6955318349058889,1.4993687702415937,1.8676773975446668,3.2074559835934005,-0.8092470315030704,-0.041124335827174896,0.17852708997828692,0.7193095589227445,LL,9,prenasal,short,FALSE
a,TRUE,elegànt,33.27292031093162,0.14580738703842405,n,660.9719297724389,1646.0872024773498,2329.1663366384805,4045.6757143346504,0.6377546400752686,1.588266769074257,2.2473520762216275,3.9035673722862185,-0.8959701818173418,0.016474803790136328,0.36358413263918443,0.9157223103583112,LL,9,prenasal,short,FALSE
a,TRUE,fà,34.4784766538832,0.057541771853720995,l,624.5541694555309,1177.95039942942,2413.8198404596196,3339.5732285818003,0.6026160894393086,1.1365737320694824,2.3290320423877366,3.222267431436085,-0.9526434881372179,-0.318150296884836,0.3992842132831429,0.7239167474706258,LL,9,prelateral,short,FALSE
o,TRUE,ló,34.625927444258366,0.11076791081841009,t,485.128144738828,919.4273870724099,2757.1231158851406,3423.0763164059103,0.4680875410924222,0.887131595012796,2.6602764523145583,3.302837391099536,-1.2052684824674342,-0.5659304835499874,0.532261511307996,0.7486133790006706,LL,9,elsewhere,short,FALSE
o,TRUE,tótt,34.84354870401244,0.04827410379191121,tː,487.0638832538211,1029.1662078365398,2467.01329470565,3591.2741624375803,0.46995528488652594,0.9930157316701684,2.380357024189486,3.4651271222145836,-1.2012862628701813,-0.4531773080211954,0.4210819510697492,0.7965807839498291,LL,9,elsewhere,short,FALSE
e,TRUE,arabé,35.22420941012401,0.08343556918789118,NA,466.02946073461004,1828.03017695562,2405.5380948256998,3618.3604136908402,0.44965971716468783,1.7638188174684477,2.321041201221798,3.491261942228738,-1.2454327018745222,0.12131270559687302,0.3958473431036795,0.8040947233614117,LL,9,elsewhere,short,FALSE
a,TRUE,và,35.628688966989635,0.05898031615006259,v,597.355452572614,1339.1914322874095,2462.77326625896,3483.76314963666,0.5763727542614505,1.2921510149218949,2.3762659309158902,3.361392539572648,-0.9971692203047269,-0.18986025238247883,0.4193617834966634,0.7661867988904651,LL,9,elsewhere,short,FALSE
iː,TRUE,vî,35.81979742501292,0.15348837292810205,NA,258.2614190729709,2330.02228698283,2605.2373475894506,3387.51325445969,0.24918973249426277,2.2481779604675296,2.5137258211473275,3.268523516712624,-1.8357092303134728,0.36395155728030737,0.47559750789302413,0.7381698234735543,LL,9,elsewhere,long,FALSE
ɛː,TRUE,marchè,36.95026848287842,0.20018064445908829,NA,611.831708277218,1688.42739719645,2123.27575449678,2879.6104770515203,0.5568279313173518,1.5366374806035001,1.9323928949707803,2.6207329944558158,-1.0208173365329598,-0.005721754256323486,0.22344074758451438,0.5281357182045312,RM,9,elsewhere,long,FALSE
e,TRUE,é,37.37864811099537,0.059172894902999935,p,525.012695428781,1967.3940421708496,2994.4790902188,4385.46239634154,0.47781396282014255,1.7905249756877772,2.7252748993259184,3.9912085643630304,-1.1738521506860824,0.1471905300441687,0.5672509741969645,0.9487757540572055,RM,9,elsewhere,short,FALSE
iː,TRUE,cîsa,38.444896871779484,0.330353289884016,s,318.73537525346796,1912.7503416135098,2864.26023282373,3182.6724684003398,0.29008100959624133,1.7407937533120288,2.6067627398532154,2.8965496600857357,-1.6729133808921404,0.1190228599556038,0.5227907926143747,0.6282019269504122,RM,9,elsewhere,long,FALSE
e,TRUE,rédd,39.16477603240426,0.09442483229202024,dː,563.4579027902388,1587.3587516458801,2345.34877694368,3831.1485464060197,0.5436658892840905,1.531601212890809,2.2629660923810357,3.696575682312646,-1.055588930445385,-0.01985480299524678,0.37050784753061716,0.8612383643249784,LL,9,elsewhere,short,FALSE
o,TRUE,carólla,39.689293470703646,0.09708766605289297,lː,532.3798686772161,1059.02051758586,2428.03451045403,2970.01875126591,0.5136795017126525,1.021821379400819,2.342747408105605,2.8656939189271013,-1.1123242810582488,-0.42458183455775433,0.40515581114731614,0.6066419908719851,LL,9,prelateral,short,FALSE
ɛː,TRUE,afèri,4.703529174831831,0.2300850345994681,r,597.7012907766231,1905.7557271699502,2403.5968335714006,3506.838402278521,0.576706444558099,1.838814181218098,2.319168128680043,3.383657251250075,-0.9965904390617641,0.16295236160676652,0.39504002062733434,0.7727886159958262,LL,9,prerhotic,long,FALSE
e,TRUE,deléNna,43.082862300843665,0.07518239015185912,ŋː,527.0324279477389,1898.7857710932003,2202.63362974722,4303.533607220189,0.5085198951028443,1.832089051709802,2.125263955219321,4.152367752847616,-1.122419474706433,0.15928833855557478,0.3077274733564055,0.9775101788728771,LL,9,prenasal,short,FALSE
ɛː,TRUE,guèrda,44.041405977862944,0.19145174624513572,r,651.073667817264,1766.0739662290598,2205.4997256573,2485.6953309722307,0.6282040643151654,1.7040388796336468,2.1280293766891614,2.3983828355415175,-0.9110587576464075,0.08683270930635523,0.30902784069235967,0.42862615618491606,LL,9,prerhotic,long,FALSE
eː,TRUE,sêna,45.9431007542436,0.258574822641755,n,425.9929487490779,2170.87974246709,2544.6915488770105,3672.88926210569,0.41102952707478047,2.094625454488584,2.4553067532162345,3.543875411164558,-1.3352587605622057,0.29320622119034034,0.4520831683075279,0.8190523417347295,LL,9,prenasal,long,FALSE
aː,TRUE,piâza,47.96852269902257,0.21379992199434386,θ,830.494865154624,1509.37079280616,2325.37802958165,3844.01256036284,0.8013229154729701,1.4563526578770518,2.2436968371793955,3.7089878351158365,-0.6676598082642329,-0.0702334050001232,0.36195634371066454,0.864590483146622,LL,9,elsewhere,long,FALSE
eː,TRUE,stêven,48.64324923385415,0.11042413553553845,v,454.82918171837997,2050.6128913636394,2482.18915134732,4325.442505405131,0.4388528589745108,1.978583094921402,2.394999813927432,4.173507079416588,-1.2697596307957255,0.2362124443839333,0.42721461764389623,0.9825881730584163,LL,9,elsewhere,long,FALSE
ɛː,TRUE,arziprès,49.74215832814868,0.25843946614700997,s,621.3841331206071,1853.7423825858998,2375.02274129423,3356.97774950684,0.5995574037512479,1.7886278565647464,2.2915977295225805,3.2390606014305394,-0.957732091912777,0.1352802297896316,0.38308073724230507,0.7291148144071746,LL,9,elsewhere,long,FALSE
aː,TRUE,palâz,50.766859384148404,0.155207191315391,θ,855.710752743428,1373.6197782259999,2420.0491027195003,3940.354318889561,0.8256530701875776,1.3253700313179646,2.335042495678624,3.801945494535021,-0.637749141097185,-0.16447684615778613,0.4018615548624691,0.8893443724384378,LL,9,elsewhere,long,FALSE
a,TRUE,vatta,52.4662399192248,0.08530715440917902,tː,794.50044383425,1372.6355535855103,2376.28981760514,3863.0539849731904,0.7665928336345539,1.3244203785368478,2.2928202985307538,3.7273604109422793,-0.7119680098523435,-0.16519362195880305,0.3836140956880989,0.8695317829892995,LL,9,elsewhere,short,FALSE
ɛː,TRUE,salghè,53.454333764354395,0.24815630568519967,NA,554.5972849398711,2048.871910490591,2455.6948637813,3902.7018516684298,0.5351165093581515,1.9769032677153493,2.369436164293271,3.7656156072902998,-1.0714393168212215,0.23536307864074235,0.4164834859546964,0.8797428202714412,LL,9,elsewhere,long,FALSE
eː,TRUE,sparvêrs,54.660463672328405,0.160234764009715,r,427.84979650746607,2089.72472756853,2488.1707758481803,3896.4682795697195,0.41282115122776547,2.016321089377718,2.4007713279793594,3.759600995547915,-1.3309093632149578,0.2551060725246961,0.4296215368514531,0.8781442980386425,LL,9,prerhotic,long,FALSE
ɔː,TRUE,ròba,55.30813643080579,0.17340389650409097,b,622.0863475976272,956.14750807881,2274.6315005441907,3908.73432819215,0.6002349522534993,0.9225618856213844,2.1947328299295017,3.7714361871377258,-0.9566026488539237,-0.5267693561599884,0.3398917860200843,0.8812873448848562,LL,9,elsewhere,long,FALSE
iː,TRUE,antîga,55.90756690356317,0.20504213076945638,g,264.7975662782299,2303.8243970351004,3166.9484883588893,3841.28224624953,0.2554962910947226,2.222900297193542,3.0557063051461193,3.706353425973491,-1.8107159212339408,0.3526442478841503,0.67084222682207,0.86387995367524,LL,9,elsewhere,long,FALSE
ɔː,TRUE,però,57.30134820523296,0.16149949020137916,NA,612.5335738669361,1014.8737806906602,2211.53936306209,3674.2179588646,0.5910177291038947,0.9792253400973211,2.13385686588466,3.545157436141836,-0.9720777990691216,-0.46716202471843626,0.31176254194696806,0.8194140342304115,LL,9,elsewhere,long,FALSE
iː,TRUE,lî,57.96750778987197,0.165022451371236,NA,326.19302845036896,2336.96249651218,2710.5341411741,4017.7900667961,0.31473517722008015,2.2548743883051863,2.6153239612026513,3.876661235568224,-1.6021922365137513,0.36692573224218883,0.5152194400539498,0.9088057413633743,LL,9,elsewhere,long,FALSE
ɛː,TRUE,pèr,58.57350259925511,0.06646699760464968,r,605.6567355866991,1591.73980288666,2324.2101268965907,3814.00767632542,0.5843824465378434,1.535828375394029,2.242569958225838,3.6800369021671817,-0.983368171808702,-0.017098641813710458,0.3614539754705888,0.8567542443664982,LL,9,prerhotic,long,FALSE
a,TRUE,vàdder,58.843999227495495,0.08030444380980838,dː,677.7223845737451,1293.0477559241504,2296.68728708303,3546.7298600273994,0.6539167186624516,1.2476281806149498,2.2160138852543425,3.4221474822761833,-0.8709438126551614,-0.22492424216982254,0.34954149924752187,0.7840997372833156,LL,9,elsewhere,short,FALSE
o,TRUE,Sbagiózza,59.830940008980534,0.09034249928603799,θ,513.558902334281,1134.9748305772996,2157.7164613578593,3087.61021461503,0.4955196403399618,1.0951077223786472,2.081924546586311,2.9791548663684875,-1.1483168241078463,-0.35531580049557654,0.2871241931764743,0.6454711228780381,LL,9,elsewhere,short,FALSE
eː,TRUE,invêzi,60.87980699735851,0.09855545376658625,θ,446.74073662679604,2105.54344154819,2622.2801330361503,3592.14580748642,0.4310485284790726,2.0315841554568252,2.530169961978213,3.465968149873031,-1.287703135664569,0.262647325341006,0.4821179436036749,0.7968234664205083,LL,9,elsewhere,long,FALSE
o,TRUE,carólla,61.39312529861977,0.0711789388314159,lː,551.9399866495471,1124.23323377516,2696.76523165628,4363.99575047894,0.5325525512861321,1.0847434347382618,2.6020386981858246,4.210706103805181,-1.0762422339334865,-0.36482504217589984,0.5101267169300927,0.9914618187226827,LL,9,prelateral,short,FALSE
e,TRUE,l'é,61.705969949752124,0.15850737092632988,a,409.65528500041404,2034.93197605812,2193.4185924981803,2725.5909895686896,0.3952657398481623,1.9634529872023567,2.1163726052249805,2.6298519229753476,-1.3743655166995907,0.2285361158571586,0.30353505239303935,0.5207590060265144,LL,9,elsewhere,short,FALSE
iː,TRUE,alîgra,62.0772485035599,0.2133876277566955,g,273.660632815389,2337.57178109892,3206.6279814241393,4301.894187470851,0.26404803369491914,2.255462271171034,3.0939920169567707,4.150785919330826,-1.77779278209875,0.3671864147204875,0.683293636451551,0.9771291589379496,LL,9,elsewhere,long,FALSE
ɛː,TRUE,entuSiaSmè,63.39302553166695,0.19303510110662364,NA,617.347886030632,1828.4213696639001,2416.66184807619,3704.6564016201496,0.595662933813609,1.7641962691477577,2.331774221689089,3.5745266986318494,-0.9642488547184653,0.1215266795575749,0.40046091081674007,0.8276642398634015,LL,9,elsewhere,long,FALSE
o,TRUE,córr,64.05482481974497,0.08172036150723727,rː,471.63815560387695,1022.5341614007399,2291.8713793678803,3515.7713193135405,0.4550714011054458,0.986616642394044,2.2113671410384903,3.3922763907806335,-1.233469482363116,-0.4596422574206338,0.3474424045933855,0.7753326622142849,LL,9,prerhotic,short,FALSE
a,TRUE,bancàtt,65.19312430829801,0.11239371677559973,tː,791.8442022832438,1487.1911444538296,2141.54029261018,3760.858206157,0.7640298951828437,1.4349520915068485,2.0663165816897915,3.628754359459019,-0.7153168962875762,-0.08503707258212856,0.27959905755038417,0.8427209021956878,LL,9,elsewhere,short,FALSE
a,TRUE,vànnden,66.2557025738258,0.10643344391628774,nː,724.350473106366,1372.0367615991702,2442.92378534794,3756.77481055882,0.6989069496844519,1.3238426197084816,2.357113682561793,3.6248143971509386,-0.8044062003288435,-0.16562995236701017,0.41126931915274323,0.8416345506830014,LL,9,prenasal,short,FALSE
aː,TRUE,scrâna,68.93187511324648,0.20991541812465186,n,823.687471734009,1514.8936610641501,2275.3769048693603,4068.84197146092,0.7947546384474847,1.4616815299507424,2.19545205119397,3.9259198918259544,-0.6758903783746693,-0.06658102969912161,0.3402194356705559,0.9214321555919449,LL,9,prenasal,long,FALSE
eː,TRUE,quêrta,69.43078394679797,0.11868967485514759,r,362.02506228688,2203.7848358826595,2545.3055452718804,4304.94426292879,0.34930857559485906,2.1263747241060007,2.4558991823833134,4.153728857885795,-1.4979681121964008,0.3082499866722017,0.45232442439726217,0.9778379152607739,LL,9,prerhotic,long,FALSE
uː,TRUE,vlûd,70.20338926912459,0.2297177868493066,d,400.481790655316,680.1525243405499,2451.8233338147506,4207.54915371642,0.38641447352236735,0.6562614973777062,2.3657006256279494,4.059754847760719,-1.3970132555161445,-0.8673644809430101,0.41490569016716083,0.9549540539387253,LL,9,elsewhere,long,FALSE
o,TRUE,tótt,70.60602992610441,0.07554643710588493,tː,507.96291914091995,1073.1216569726,2350.03136012185,3732.833040575591,0.4901202215649801,1.0354272023853712,2.267484195215515,3.601713605406763,-1.159273103365158,-0.41135443804195226,0.37250239731949186,0.8352411981842822,LL,9,elsewhere,short,FALSE
ɑ,TRUE,råss,70.98745844035047,0.15439058897685243,sː,888.7385385735981,1397.65600444543,2215.0574899857597,3707.98879024804,0.8575207225277535,1.348561961430062,2.137251415136875,3.5777420338287658,-0.599878469547801,-0.14712972457544282,0.31335208252688407,0.8285633490925983,LL,9,elsewhere,short,FALSE
aː,TRUE,tâca,71.68113896887968,0.09744324058375753,k,851.6796552068112,1331.54927279702,2186.45069843723,3771.5324839705504,0.8217635689201661,1.2847772938065836,2.1096494653021494,3.6390536927565584,-0.6424710898769037,-0.19558314441277336,0.3003532679713876,0.8455551378051025,LL,9,elsewhere,long,FALSE
ɛː,TRUE,cuntratèr,72.52631095416754,0.2274059700116169,r,616.2293705769363,2037.7583518326,2340.06572426163,2538.02639370986,0.5945837073162963,1.9661800837454604,2.2578686121251046,2.44887571818554,-0.9660623054030228,0.2299240810598473,0.36825274078622616,0.44946049317075243,LL,9,prerhotic,long,FALSE
e,TRUE,deléNna,73.60420791373555,0.0468233753454399,ŋː,512.315715360784,1898.33185929505,2493.2012600938397,4005.3859967182902,0.4943201215327081,1.8316510840103946,2.405625111513858,3.8646928706625228,-1.1507404878979601,0.15904925625974098,0.43164125588444957,0.9057136791021447,LL,9,prenasal,short,FALSE
e,TRUE,l'é,74.18166968579237,0.04302688545257638,t,444.874332795808,1684.3914822325796,2499.7066550913396,4078.0765913699897,0.42924768391994483,1.625225573296169,2.4119019981081284,3.934830136620114,-1.291889710389686,0.0394780849571017,0.4342471115458153,0.9236991780969257,LL,9,elsewhere,short,FALSE
o,TRUE,tótta,74.30695385225718,0.05061986523831765,tː,529.2641298252869,1161.7361928498199,2366.23295391197,3601.6225702773204,0.5106732062550454,1.120929065457333,2.283116692074831,3.4751120320419306,-1.1181939469761248,-0.33201067135395057,0.37937294419452083,0.7994581824067177,LL,9,elsewhere,short,FALSE
ɛː,TRUE,maraviè,74.83639971272557,0.1366736361434704,NA,555.655287052115,1921.25947262901,2424.01547570644,3688.8221389120104,0.5361373481047005,1.8537733423559475,2.338869545909881,3.559248629988657,-1.0695334397997431,0.1710546708292897,0.403499177073793,0.8233809280690219,LL,9,elsewhere,long,FALSE
oː,TRUE,sôrbla,75.51429203976768,0.16557312507977426,r,532.4547590570121,989.55789228089,2638.42619551009,4285.5392107253,0.5137517614941357,0.9547986971890251,2.545748878113495,4.13500542724338,-1.112183620005407,-0.49242328453100725,0.48825632585268064,0.9733201054614229,LL,9,prerhotic,long,FALSE
o,TRUE,carólla,76.09885996407077,0.07951935417464995,lː,597.5474539749299,1104.1627533827802,2229.8180675316303,2304.95800873869,0.576558011425503,1.0653779497271407,2.151493512866064,2.22399408967011,-0.996847852931837,-0.3828389169484492,0.31999372259709524,0.35313618333548824,LL,9,prelateral,short,FALSE
e,TRUE,mé,76.93473243640683,0.10377072373854904,s,495.87723745843795,1977.96436391444,2397.86541531272,4224.87960091324,0.4784590613487978,1.908486418514412,2.313638032129734,4.076476545939577,-1.1833531634960126,0.2001419413367751,0.3926526558272867,0.9590644880975878,LL,9,elsewhere,short,FALSE
æ,TRUE,sänza,77.17732442879921,0.17210754181029134,θ,700.600501835792,1525.3649411946799,2261.06142532656,2733.73662773537,0.6759912195343415,1.4717849960587093,2.1816394169623368,2.6377114375828183,-0.8377437274049377,-0.059692588348475795,0.33390808477366374,0.5237431259703635,LL,9,elsewhere,short,FALSE
ɛː,TRUE,ucèl,77.7364364997071,0.22272740704860897,l,626.3998660508801,1851.8351463243898,2406.18781989815,3409.57657212798,0.6043969541248336,1.7867876138544145,2.321668104061486,3.2898118386285806,-0.9496926236253955,0.13425084291806044,0.3961174021585441,0.7446618357086701,LL,9,prelateral,long,FALSE
aː,TRUE,fâg,78.0817982971616,0.09199789330834558,g,749.635694012727,1323.33826700967,2121.8175828919907,3616.06748305047,0.7233040023155851,1.2768547076804675,2.047286651565583,3.4890495530342824,-0.7700942072589125,-0.20176874123730393,0.2703467963094912,0.8034608292235808,LL,9,elsewhere,long,FALSE
iː,TRUE,fadîga,78.5035157700226,0.12092788864451619,g,376.96741639471804,2257.50114911592,2773.39598515959,4242.358103511951,0.3637260648053348,2.178204198958348,2.6759777210366527,4.093341098928587,-1.4575227994107616,0.33233223985008387,0.5381462812323381,0.9631929956545937,LL,9,elsewhere,long,FALSE
ɛː,TRUE,lèZer,78.89315475916999,0.23861907532362636,ð,619.012481101394,1939.8549978678398,2448.09763948378,3697.45803197977,0.5972690583438751,1.87171568146524,2.362105799977945,3.5675811788111975,-0.9615561186508561,0.1806869514344811,0.41338497378448036,0.8257192896808201,LL,9,elsewhere,long,FALSE
o,TRUE,carólla,8.026555642060782,0.06222807342246116,lː,622.735936999485,841.3858014568701,1385.8808392194296,2759.8160325797708,0.6008617241881581,0.8118312969165103,1.3372004104741535,2.6628747776593693,-0.9555589826714357,-0.654631258351035,-0.1555903529977094,0.5332377471648844,LL,9,prelateral,short,FALSE
e,TRUE,deléNna,8.511057805336232,0.1229419765878017,ŋː,453.35974839232404,2028.44078488501,2535.02151072803,3693.8286764107797,0.43743504094054975,1.9571898055091619,2.4459763846764684,3.5640793079293225,-1.2729955975854512,0.2253411361805293,0.4482758470211987,0.8247372263395176,LL,9,prenasal,short,FALSE
e,TRUE,é,80.29942530530477,0.13287714625059266,s,419.55223198558895,2217.0450267225,2503.7362199269796,4287.551170760731,0.4048150468278813,2.139169137689197,2.415790020512194,4.136946715201983,-1.3504935262090978,0.3142489647007407,0.4358578287289596,0.9737894718119078,LL,9,elsewhere,short,FALSE
e,TRUE,scrétt,80.7224234651874,0.10250522710759925,tː,484.12162111771204,1959.5306165551099,2121.6097983246896,2562.00156714483,0.4671163726043246,1.890700174677347,2.0470861656357524,2.472008740052332,-1.2073453960110463,0.19077868773251705,0.27024886388421354,0.45886253968218504,LL,9,elsewhere,short,FALSE
eː,TRUE,cus'êl,84.13299812324719,0.3285644873849095,l,392.45756585865195,2194.2050025264202,2487.4264646126894,3596.0188644566992,0.3786721075207712,2.117131391826833,2.400053161408719,3.4697051619045736,-1.4172531355465185,0.3038935198046717,0.4293223521686613,0.7979010870710761,LL,9,prelateral,long,FALSE
eː,TRUE,XIV,87.02875857864406,0.37842441125044973,dz,360.51281694495896,1409.96478155606,2482.5925303810905,3232.58727369607,0.3281026520153752,1.283208702528464,2.259407030224828,2.941977115706157,-1.5497470854160573,-0.18595458931398579,0.37978407353414934,0.6437635143503364,RM,9,elsewhere,long,FALSE
ɑ,TRUE,l'arspånnd,88.21074731325,0.10544084454414815,nː,724.125820806239,1353.2443052965898,2353.8458148082304,3556.52909275213,0.6986901885175156,1.3057102669329126,2.271164663426069,3.4316025073050467,-0.8047163915316577,-0.17942137696218996,0.3741242319808311,0.7868588198414175,LL,9,prenasal,short,FALSE
o,TRUE,carólla,88.69705120239458,0.08353612926536869,lː,564.4709175370381,1047.39828723024,2260.579096841481,3665.3687160070203,0.544643320890692,1.0106073913274192,2.1811740307401024,3.536619031650866,-1.0537926911775957,-0.43561700787683133,0.3336947425212031,0.8170026594384572,LL,9,prelateral,short,FALSE
e,TRUE,l'é,89.20243300544871,0.04538011301850987,u,379.62950746425895,1787.9961399030701,2447.94376708287,3141.4208708054002,0.34550074873296605,1.6272549760277093,2.2278731967718697,2.859006588287439,-1.4980787979937293,0.05157620208579061,0.36572907765106244,0.6151558884235371,RM,9,elsewhere,short,FALSE
aː,TRUE,scrâna,89.70439216880511,0.0947940138609056,n,978.701967162752,1619.6533375333095,2308.1067699760697,2856.70535995431,0.8907164901374077,1.4740462208625595,2.10060757001993,2.599887051368403,-0.5510474243494601,-0.04730717860392897,0.30690829262507435,0.5201496729857062,RM,9,prenasal,long,FALSE
æ,TRUE,äl,9.312520595300489,0.07097655781966239,l,486.59286092646005,1951.47053565401,2350.8711084941106,4034.83461913281,0.46950080768209007,1.8829232120522803,2.2682944465995476,3.8931070812253687,-1.2022537955595425,0.18665693373737557,0.37285966845489593,0.9130390388175149,LL,9,prelateral,short,FALSE
aː,TRUE,piâza,9.971252037712741,0.13559487689318497,θ,759.9216391862038,1475.4517291232403,2163.22016500219,3730.0226341377797,0.7332286435393103,1.4236250346960824,2.0872349272222626,3.5990019172616576,-0.7564662328317642,-0.09296207554286173,0.28967165318185195,0.8344880262905283,LL,9,elsewhere,long,FALSE
oː,TRUE,vôlta,90.9426191407943,0.20572317901725515,l,443.62782057302707,907.06275816159,3109.3890363390606,3444.0599152588,0.4037456023651825,0.8255176584821281,2.829854421309342,3.1344383300213803,-1.342288625796094,-0.6270629539111061,0.6049069397818272,0.7071316676391852,RM,9,prelateral,long,FALSE
oː,TRUE,banzôl,93.87119244714904,0.09757312554198452,l,551.9399578486671,1048.8273706365399,2642.7506378624103,2991.23356268768,0.5325525234969114,1.0119862767722763,2.549921420171188,2.8861635392137206,-1.0762422861146685,-0.43425352525525795,0.4898940075494975,0.6137595896135357,LL,9,prelateral,long,FALSE
ɛː,TRUE,chèSo,95.09976533972508,0.18004801337052356,z,705.6950935684212,1477.2521440499497,2486.15672452507,4060.53278460786,0.6809068587172218,1.4253622082761541,2.398828022191615,3.917902573340711,-0.8304982890539119,-0.09174257285842646,0.42881175847115216,0.9193879172597237,LL,9,elsewhere,long,FALSE
ɛː,TRUE,sèlta,95.85292034991745,0.0711548516469094,l,627.5881127643321,1549.2964880151499,2607.1720615998597,4095.20254923928,0.6055434625027599,1.4948759237387816,2.5155925764235794,3.9513545283603713,-0.9477974745662863,-0.044125326283101174,0.47633985713974614,0.9278899031752568,LL,9,prelateral,long,FALSE
ɔː,TRUE,fòra,96.2057035336176,0.09869866518765492,r,575.555933365467,1050.29645008795,2261.9385900369102,3584.15649763486,0.5553389646260051,1.0134037533617868,2.182485770398751,3.458259472394722,-1.034345140118794,-0.4328538177422896,0.33429595332036666,0.7945968843138571,LL,9,prerhotic,long,FALSE
e,TRUE,cantéNna,96.9261895923043,0.0688595338518496,ŋː,575.875371888759,1810.4408141032702,2242.15604020774,3795.71366743292,0.5556471825567095,1.7468472983013392,2.1633981021063664,3.6623854883457403,-1.0337902854261527,0.11164408384900693,0.32551164541321675,0.8519461723468256,LL,9,prenasal,short,FALSE
oː,TRUE,nôra,97.64929083074979,0.3229441151736126,r,552.614462814055,814.61923277531,2437.1451951686795,3553.75662755708,0.5332033358114041,0.7860049303090276,2.351538071051051,3.4289274276792003,-1.0750209700136022,-0.6869607494416918,0.40890107685816357,0.7860789734485669,LL,9,prerhotic,long,FALSE
o,TRUE,carólla,99.24788204695784,0.06261336720339725,lː,597.6046513060111,1137.4012744667302,2466.003518932531,4278.628462677641,0.5766131996440246,1.0974489350378587,2.379382717784426,4.128337426023868,-0.9967521373641324,-0.3531801990814847,0.4206725562408362,0.9717062301121357,LL,9,prelateral,short,FALSE
a,TRUE,và,99.80992512628345,0.0700071927493724,z,638.9376136932627,1243.4029084866602,2237.67699522627,3564.74655249299,0.6164943010390592,1.1997271573143256,2.1590763879890638,3.4395313206832023,-0.9298747360040247,-0.26407437348988605,0.32351199656981855,0.7891666825889265,LL,9,elsewhere,short,FALSE
