phoneme,stress,word,time,duration,nextSeg,F1,F2,F3,F4,speaker,lesson
s,0,secånnda,0.2733901455,0.1137129745,e,1580.668094,2575.858513,3056.838167,3628.762276,LL,2
e,0,secånnda,0.3602887391,0.06008421263,k,466.9259165,1710.146035,2379.617606,3242.630652,LL,2
k,0,secånnda,0.4405480003,0.1004343098,ɑ,418.546883,1758.92868,2127.734537,3215.066575,LL,2
ɑ,1,secånnda,0.5478501609,0.1141700116,n:,708.6763756,1449.203001,2415.299422,3256.330293,LL,2
nː,0,secånnda,0.6660867021,0.1223030708,d,339.3141618,1294.376641,2183.222952,3188.454556,LL,2
d,0,secånnda,0.752751792,0.05102710899,a,243.9119568,1248.011009,2523.966798,3658.354302,LL,2
a,0,secånnda,0.7792930432,0.002055393326,a,412.4308524,1376.459536,2537.623477,3672.075358,LL,2
a,0,secånnda,0.8104762764,0.06031107322,l,550.1743917,1417.983364,2506.669599,3707.822334,LL,2
l,0,leziån,0.8676563143,0.05404900241,e,308.1722236,1371.876806,2766.318447,3568.281184,LL,2
e,0,leziån,0.9311519647,0.0729422984,θ,404.0118505,1752.3797,2532.564588,3631.699751,LL,2
θ,0,leziån,1.022120233,0.108994239,i,971.6841355,1884.700543,2998.097251,3934.021074,LL,2
i,0,leziån,1.109888544,0.06654238264,ɑ,350.912206,2065.044754,2713.423622,3618.027088,LL,2
ɑ,1,leziån,1.209991754,0.1336640372,n,623.6722322,1803.619899,2236.029547,3513.370195,LL,2
n,0,leziån,1.349015302,0.1443830588,NA,410.7586,1350.104812,2178.379639,4449.927952,LL,2
l,0,leziån,2.035101724,0.06474575745,e,380.5466177,1880.815556,3363.805072,4490.297782,RM,2
e,0,leziån,2.097449491,0.05994977542,θ,475.7574983,1925.473511,2274.422544,3000.565478,RM,2
θ,0,leziån,2.202961095,0.1510734341,i,438.1088675,1608.230009,2639.289517,3578.174061,RM,2
i,0,leziån,2.317465166,0.07793470805,ɑ,406.4327436,1965.766337,2417.686626,3026.110592,RM,2
ɑ,1,leziån,2.4151833,0.1175015598,n,803.3753262,1317.884859,1789.503971,2727.841518,RM,2
n,0,leziån,2.526689883,0.1055116047,NA,462.170337,947.7659393,2069.491601,3271.541559,RM,2
n,0,nómmer,2.97851763,0.1750533442,o,285.2344561,1998.061867,3086.277638,4136.346834,RM,2
o,1,nómmer,3.124795082,0.1175015598,m:,501.5281867,936.9846941,2422.377841,3663.657899,RM,2
mː,0,nómmer,3.251289108,0.1354864925,e,267.6583068,1263.182958,2078.857211,3059.437426,RM,2
e,0,nómmer,3.366992175,0.09591964067,r,537.2071591,1388.239668,1865.564375,2889.179609,RM,2
r,0,nómmer,3.458715331,0.08752667211,d,438.6294984,1749.216265,2607.133846,3903.366956,RM,2
d,0,dû,3.587227565,0.1694977964,u:,196.6150066,477.2454623,2138.173726,3500.808333,RM,2
uː,1,dû,3.770893593,0.1978342589,NA,367.7348863,940.4825526,2899.004116,3984.285108,RM,2
a,0,a,5.684761655,0.09852105327,s,758.6352225,1237.999393,2318.889538,3538.269956,LL,2
s,0,spâs,5.77562913,0.08321389773,p,1476.763265,2199.553628,3410.342459,3736.499769,LL,2
p,0,spâs,5.862394841,0.09031752314,a:,426.430531,1799.786624,3129.583717,3663.517362,LL,2
aː,1,spâs,6.032881851,0.2506564968,s,833.8848668,1397.988086,2506.221725,3771.792549,LL,2
s,0,spâs,6.240916595,0.1654129918,p,1296.440497,2110.286298,3184.296064,3538.339763,LL,2
p,0,par,6.398314179,0.1493821769,a,323.2484344,1789.753368,3091.066939,3906.476753,LL,2
a,0,par,6.518387747,0.09076495919,r,664.5425576,1259.585796,2338.652811,3704.438724,LL,2
r,0,par,6.586003058,0.04446566183,b,460.8648762,1259.934424,1813.57484,3166.572526,LL,2
b,0,bulåggna,6.661329869,0.1061879603,u,225.412452,885.0729737,2292.475511,3249.926801,LL,2
u,0,bulåggna,6.747887698,0.06692769718,l,348.2638021,862.8596497,2546.662327,3191.80474,LL,2
l,0,bulåggna,6.812294146,0.06188519945,ɑ,408.6686493,1187.479453,2110.393153,3608.136009,LL,2
ɑ,1,bulåggna,6.905874264,0.1252750358,ɲ,752.4945371,1418.082683,2463.300474,3363.401039,LL,2
ɲ,0,bulåggna,7.019968179,0.1029127946,a,276.6131486,612.0550473,1858.077655,2908.864034,LL,2
a,0,bulåggna,7.154396584,0.1659440163,NA,515.853738,1728.708862,2559.079206,3507.220838,LL,2
h,0,incû,9.077531126,0.08291989467,i,627.2357455,2090.986385,2694.766274,3407.678702,LL,2
i,0,incû,9.155241735,0.07250132463,n,325.031935,2292.66356,3041.481982,3497.141086,LL,2
n,0,incû,9.231154887,0.07932497871,k,352.3705553,2038.975966,2544.375439,3130.138048,LL,2
k,0,incû,9.316479452,0.0913241514,u:,853.3837515,1107.873922,2172.99151,3630.36626,LL,2
uː,1,incû,9.425396817,0.1265105791,a,333.2689404,772.8710111,2583.047876,3341.718824,LL,2
a,0,al,9.52019914,0.06309406606,l,567.4609664,1120.580427,2507.231262,3420.142471,LL,2
l,0,al,9.5952165,0.0869406547,t,433.7335396,1236.557604,2530.282469,2999.887177,LL,2
t,0,tänp,9.698427557,0.1194814591,æ,443.7873761,1305.535815,2689.877047,3929.06031,LL,2
æ,1,tänp,9.829567633,0.1427986925,n,676.5217858,1601.515829,2412.16131,3505.858873,LL,2
n,0,tänp,9.931325618,0.06071727822,p,261.5706951,914.4847291,2438.440029,2911.672096,LL,2
p,0,tänp,9.996548252,0.06972798941,l,460.6332766,1028.674936,2620.757892,3772.105997,LL,2
l,0,l,10.06155964,0.06029479254,e,300.5275486,1342.546922,2565.898497,3686.488382,LL,2
e,1,é,10.12013761,0.05686114565,b,467.4780043,1554.738943,2407.029145,3561.377613,LL,2
b,0,bèl,10.18423798,0.07133958646,ɛ:,221.2012555,1337.733249,2220.246273,3408.505696,LL,2
ɛː,1,bèl,10.31905872,0.1983018968,l,592.3246883,1744.457016,2397.407587,3324.826277,LL,2
l,0,bèl,10.48138645,0.12635356,NA,345.6670494,1437.789822,2237.874086,3338.00043,LL,2
e,0,e,11.1222336,0.07215825425,m,406.2884932,1929.557978,2214.673359,3615.68749,LL,2
m,0,mé,11.21375139,0.1108773175,e,303.1659123,1292.522037,2354.678294,3860.242038,LL,2
e,1,mé,11.37081764,0.2032551889,a,441.2534829,2103.409848,2517.960391,3633.128627,LL,2
a,0,a,11.50471112,0.0645317721,f,654.4394104,1457.09827,2348.395907,3765.401234,LL,2
f,0,fâg,11.59769554,0.121437062,a:,1035.333904,1913.742907,2516.642594,3481.219096,LL,2
aː,1,fâg,11.74670581,0.1765834718,g,765.1102579,1177.347188,2402.412491,3773.459504,LL,2
g,0,fâg,11.86553408,0.06107308236,d,308.0328054,1221.285333,2337.870896,3682.735318,LL,2
d,0,dû,11.94766685,0.1031924495,u:,228.2439169,1086.381209,2516.697983,3573.876099,LL,2
uː,1,dû,12.03664363,0.07476112018,p,320.5202291,969.4555712,2387.703635,3587.000434,LL,2
p,0,pâs,12.12454135,0.1010343117,a:,342.7351641,847.6900773,2568.77873,3780.454019,LL,2
aː,1,pâs,12.2749978,0.1998785958,s,788.1828314,1308.36811,2086.54843,3772.581812,LL,2
s,0,pâs,12.41306951,0.07626482157,p,1214.586538,1763.962029,3340.962585,3602.245064,LL,2
p,0,par,12.5057606,0.1091173601,a,209.7461743,1667.747343,3021.316317,3533.508929,LL,2
a,0,par,12.59740183,0.0741650957,r,586.044809,1248.092579,2354.597285,3901.194688,LL,2
r,0,par,12.65003067,0.0310925811,b,408.4248769,1207.722188,1945.267979,3629.095078,LL,2
b,0,bulåggna,12.70693596,0.08271799878,u,228.5859141,855.1745405,2515.029466,3907.287445,LL,2
u,0,bulåggna,12.78701402,0.07743812652,l,342.5777239,836.175874,2473.662054,3515.411963,LL,2
l,0,bulåggna,12.8488194,0.0461726187,ɑ,415.6664451,1165.732726,2099.062387,3682.91254,LL,2
ɑ,1,bulåggna,12.94092995,0.1380484993,g,776.8772981,1420.42469,2372.120581,3681.280417,LL,2
g,0,bulåggna,13.04445951,0.06901061319,ɲ,287.1515775,1362.495161,2250.724026,4015.127268,LL,2
ɲ,0,bulåggna,13.1200078,0.08208596198,a,425.3310629,1968.360798,2708.340759,3736.095967,LL,2
a,0,bulåggna,13.19040505,0.05870854313,NA,464.1213771,1629.243873,2264.774391,3753.49486,LL,2
a,0,adès,14.20836503,0.06796642104,d,716.210652,1350.560766,2469.370318,3650.473831,LL,2
d,0,adès,14.27977278,0.07484909659,ɛ:,341.593122,1331.48338,2425.446767,3781.049685,LL,2
ɛː,1,adès,14.40396288,0.1735310929,s,553.6457615,1860.543669,2290.309215,3719.413637,LL,2
s,0,adès,14.55739831,0.1333397587,NA,1135.225615,1925.175242,3192.220776,3838.123685,LL,2
a,0,a,14.94868962,0.04523722192,s,610.4745219,1379.769028,2016.933553,3325.302674,LL,2
s,0,sån,15.01432495,0.08603344436,ɑ,1410.0903,1933.334162,3235.283435,3755.370801,LL,2
ɑ,1,sån,15.1032381,0.09179285663,n,700.7500025,1484.373146,2262.021198,3475.545258,LL,2
n,0,sån,15.17259647,0.04692388657,a,641.8160209,1813.112793,2444.573097,4792.828564,LL,2
a,0,ala,15.21665754,0.04119825703,l,628.4492171,1357.250353,2451.073794,3745.633637,LL,2
l,0,ala,15.26175063,0.04898791033,a,460.4926299,1163.192679,2378.85275,3626.212605,LL,2
a,0,ala,15.31030697,0.04812478028,s,578.4603813,1281.025274,2412.799985,3710.885862,LL,2
s,0,staziån,15.36398859,0.05923845279,t,1586.68802,2588.036846,3731.976266,4347.161119,LL,2
t,0,staziån,15.43339828,0.07958093603,a,544.4451919,1683.549777,2802.940753,3722.0609,LL,2
a,0,staziån,15.49663286,0.04688822717,θ,487.0891051,1310.802087,2418.374625,3727.166517,LL,2
θ,0,staziån,15.58589139,0.1316288165,i,966.7792196,1773.495688,2910.831429,3782.810837,LL,2
i,0,staziån,15.69914188,0.09487216751,ɑ,425.5174137,1917.53276,2298.98139,3644.366283,LL,2
ɑ,1,staziån,15.77913136,0.06510679503,n,661.8682519,1688.366234,2488.955799,3662.722076,LL,2
n,0,staziån,15.8746501,0.125930686,NA,513.3744589,1478.710421,2208.783632,4703.283013,LL,2
e,0,e,16.68634126,0.07361004401,a,364.0934113,2221.258869,2772.346732,3897.890184,LL,2
a,0,a,16.75693027,0.06756797579,m,580.0822462,1848.31751,2333.824018,3622.969894,LL,2
m,0,man,16.86037992,0.1393313203,a,252.2411984,1349.905641,2258.173543,3602.398014,LL,2
a,0,man,16.97075218,0.08141320282,n,848.6638171,1528.567288,2503.436207,3601.78045,LL,2
n,0,man,17.05243858,0.08195960016,s,672.1595127,856.9123963,2246.464452,3703.295056,LL,2
s,0,stanca,17.139978,0.09311924278,t,1534.596235,1940.23136,3279.100011,3807.734798,LL,2
t,0,stanca,17.24530302,0.1175307961,a,1549.448292,1750.198097,2957.512497,3866.705117,LL,2
a,0,stanca,17.39044294,0.1727490347,n,767.2400736,1566.959619,2405.704168,3500.625299,LL,2
n,0,stanca,17.53185004,0.1100651654,k,360.0437418,820.0647713,2043.26793,2507.774117,LL,2
k,0,stanca,17.63562577,0.09748628934,a,1652.437263,1915.000755,2430.678613,3971.254384,LL,2
a,0,stanca,17.73782913,0.1069204464,a,503.7185918,1778.232164,2239.285216,3629.13143,LL,2
a,0,ai,17.86118057,0.139782416,i,597.6113182,2181.999034,3438.696472,3552.978816,LL,2
i,0,ai,17.96427236,0.0664011754,e,357.9198939,2165.707471,3154.814762,4028.202874,LL,2
e,1,é,18.0321867,0.06942750082,p,400.9167589,1215.265886,2278.472666,3417.223351,LL,2
p,0,pôrta,18.12485366,0.1159064246,o:,427.6210896,1561.333383,2619.106462,3698.247903,LL,2
oː,1,pôrta,18.25828013,0.1509465125,r,400.4294328,797.7703261,2926.639652,3354.480445,LL,2
r,0,pôrta,18.37070384,0.07390089676,t,366.7480597,1106.306395,1598.59429,3266.713472,LL,2
t,0,pôrta,18.46111451,0.1069204464,a,282.5630137,1165.194347,3149.041749,3811.78572,LL,2
a,0,pôrta,18.54916664,0.06918381824,g,375.4233283,1658.392036,2188.577014,3663.825924,LL,2
g,0,Galîra,18.6089163,0.05031550417,a,225.9224251,1675.112759,2265.389436,3761.118009,LL,2
a,0,Galîra,18.66981848,0.07148885246,l,481.4969727,1547.823912,2399.875594,3716.468911,LL,2
l,0,Galîra,18.74369544,0.07626507062,i:,255.5913993,1483.992181,2502.421394,3580.183597,LL,2
iː,1,Galîra,18.91586881,0.2680816611,r,275.69155,2318.035953,2654.187486,3144.189861,LL,2
r,0,Galîra,19.06406087,0.0283024711,a,401.0555689,1311.393825,2072.801727,3407.908972,LL,2
a,0,Galîra,19.15289918,0.149374153,NA,498.1857647,1517.347645,2066.909321,3692.243515,LL,2
d,0,d'ed,20.27101845,0.116250565,e,223.591686,1359.751502,2572.713896,3833.997658,LL,2
e,0,d'ed,20.37636653,0.09444560869,d,414.123377,1860.11633,2711.667154,3593.904535,LL,2
d,0,d'ed,20.48412518,0.1210716819,l,236.9656417,1419.09461,2548.674147,3786.483993,LL,2
l,0,lé,20.57925293,0.06918381824,e,305.5520648,1525.222872,2602.709861,3603.370331,LL,2
e,1,lé,20.70032461,0.1729595456,NA,467.4969387,1338.012917,2153.122604,3483.522571,LL,2
ai,0,ai,21.09722087,0.215164219,e,303.4613809,2181.019241,2885.220577,3163.911492,LL,2
e,1,é,21.27568367,0.1417613887,g,386.3238129,2167.601514,2518.919554,4031.389815,LL,2
g,0,galîra,21.46089109,0.2286534486,a,254.0469506,1910.609782,2415.822462,NA,LL,2
a,0,galîra,21.6302504,0.1100651654,l,499.6406842,1549.701051,2358.178011,3169.122188,LL,2
l,0,galîra,21.6962895,0.02201303308,i:,229.4834678,1823.072446,2427.137677,3530.087716,LL,2
iː,1,galîra,21.77333512,0.1320781985,r,315.5341844,2219.829249,2397.555301,3191.324956,LL,2
r,0,galîra,21.85038073,0.02201303308,a,476.2177635,1343.265366,2196.118664,3797.255545,LL,2
a,0,galîra,21.90148241,0.08019033478,v,626.8103218,1447.103209,2066.926583,3670.76752,LL,2
v,0,vècia,21.96516297,0.04717078516,ɛ:,414.5940848,1252.033909,2148.31525,3472.147193,LL,2
ɛː,1,vècia,22.07994522,0.1823937026,ts,614.4965076,1836.344878,2253.778851,4447.832143,LL,2
ts,0,vècia,22.24504297,0.1478017935,a,1153.586691,2003.957135,2936.887709,3722.294907,LL,2
a,0,vècia,22.3794797,0.1210716819,e,543.7022323,1474.449062,1671.48392,3861.584706,LL,2
e,0,e,22.53907419,0.1981172977,g,537.9872429,2239.110359,2908.163412,3935.862084,LL,2
g,0,galîra,22.6705048,0.0647439138,a,257.2520857,2134.35254,2384.519196,3889.245535,LL,2
a,0,galîra,22.73982721,0.07390089676,l,545.508202,1525.452571,2317.897729,3172.19945,LL,2
l,0,galîra,22.8044523,0.05534929704,i:,269.8450813,1749.243008,2400.072943,3240.357975,LL,2
iː,1,galîra,22.89131819,0.1183824685,r,315.4507205,2125.386684,2449.737225,3675.023848,LL,2
r,0,galîra,22.96427454,0.02753025115,a,453.3426065,1349.254757,2279.315025,3217.200229,LL,2
a,0,galîra,23.0197072,0.08333505379,n,541.4180742,1436.790875,2159.696883,3497.704799,LL,2
n,0,nôva,23.08731866,0.05188786368,o:,297.0463035,1285.30297,2437.5373,2792.387118,LL,2
oː,1,nôva,23.22254157,0.2185579713,v,466.7141414,841.2575179,2858.853373,3207.975973,LL,2
v,0,nôva,23.37861503,0.09358893421,a,371.8116539,1029.339126,2347.822139,3404.704713,LL,2
a,0,nôva,23.47452896,0.09823892545,NA,583.4767436,1324.585903,2448.869112,3790.717316,LL,2
a,0,a,24.47813787,0.07582176314,t,669.8113727,1321.036205,1820.331323,3643.625987,LL,2
t,0,tói,24.56479189,0.09748628934,o,680.0531972,1478.293058,3200.7166,3852.927963,LL,2
o,1,tói,24.65127166,0.07547325626,i,436.2247391,1142.492014,2257.794013,3248.243025,LL,2
i,0,tói,24.72202784,0.06603909923,g,315.4380019,1992.820299,2457.612008,3457.765664,LL,2
g,0,galîra,24.78734712,0.06459944735,a,264.6018846,2167.445422,2203.171284,3580.628032,LL,2
a,0,galîra,24.86102753,0.08276137876,l,536.0867752,1441.476898,2358.230774,3670.175182,LL,2
l,0,galîra,24.91615012,0.02748380017,i:,319.3346287,1483.888925,2578.908803,3575.159123,LL,2
iː,1,galîra,24.98420726,0.1086304856,r,377.7958421,1968.23317,2456.086896,3677.10568,LL,2
r,0,galîra,25.05022786,0.02341070725,a,468.4275969,1353.404074,2193.539439,3923.696682,LL,2
a,0,galîra,25.09501215,0.06615787781,n,550.9447182,1397.598794,2224.188358,3313.015011,LL,2
n,0,nôva,25.16378619,0.07139019326,o,333.8330922,1209.572883,2393.631893,3113.952589,LL,2
o,1,nôva,25.26575338,0.1325441884,v,492.1054078,865.9090602,2509.866717,3202.573225,LL,2
v,0,nôva,25.3653101,0.06656926737,a,241.7347037,931.2849487,2288.445056,3447.480676,LL,2
a,0,nôva,25.43086726,0.06454504915,p,518.5581769,1076.76862,2497.329023,3464.3982,LL,2
p,0,parché,25.51148772,0.09669587453,a,515.7427781,1047.809031,2461.607805,3788.754303,LL,2
a,0,parché,25.58453296,0.04939459968,r,597.4418606,1285.199937,2377.788118,3502.040917,LL,2
r,0,parché,25.62483624,0.0312119595,k,395.0497031,1374.999314,2388.456399,3774.963243,LL,2
k,0,parché,25.69613415,0.1113838555,e,459.0704987,1480.834021,2896.748978,3730.690449,LL,2
e,1,parché,25.84209596,0.1805397657,NA,404.8198501,2052.793724,2372.647219,3670.799686,LL,2
a,0,ai,26.2202045,0.04332143905,i,606.4668723,1895.847784,2494.822808,3366.196799,LL,2
i,0,ai,26.26402844,0.044326438,e,352.9084447,2111.636553,2869.773831,3639.648935,LL,2
e,1,é,26.31947317,0.06656303975,p,339.3460407,2238.032333,2855.252546,3620.889513,LL,2
p,0,pió,26.40683092,0.1081524533,j,354.2931976,2013.999481,2312.185858,3588.87034,LL,2
j,0,pió,26.48286801,0.04392171886,o,321.7205385,1956.341837,2465.54775,3663.224844,LL,2
o,1,pió,26.54039593,0.07113413185,ð,414.1480498,1330.97644,2345.542523,3827.91414,LL,2
ð,0,Zänt,26.61854498,0.08516397097,æ,285.6865089,1496.399388,2708.574033,3787.984578,LL,2
æ,1,Zänt,26.7322134,0.1421728543,n,742.1205303,1577.970502,2351.608772,3624.196339,LL,2
n,0,Zänt,26.86694774,0.1272958348,t,462.524657,848.0201828,1913.979307,2795.03908,LL,2
t,0,Zänt,27.06768348,0.2741756442,NA,1140.533131,1995.285991,3025.571777,3723.977145,LL,2
a,0,anc,27.60339839,0.1113838555,n,797.3734717,1534.390788,2274.895068,3296.478925,LL,2
n,0,anc,27.69887027,0.07955989677,k,434.8653963,829.0194105,2155.398613,2939.057515,LL,2
k,0,anc,27.76680218,0.05630392694,s,353.6584405,1569.731246,2036.280638,3782.241059,LL,2
s,0,se,27.84330208,0.09669587453,e,1670.092539,2154.581161,3350.635923,4012.329269,LL,2
e,0,se,27.92898197,0.07466390312,g,421.7248355,1845.560166,2231.905369,3564.939109,LL,2
g,0,galîra,27.99997388,0.06731991265,a,266.1930597,1847.776013,2286.501469,3712.603407,LL,2
a,0,galîra,28.07035379,0.07343990471,l,549.9063968,1495.308189,2499.183635,3634.885437,LL,2
l,0,galîra,28.12176172,0.02937596188,i:,276.07364,1507.983944,2451.114639,3617.832331,LL,2
iː,1,galîra,28.18619496,0.09949050942,r,331.8414111,2086.35963,2452.377075,3561.026839,LL,2
r,0,galîra,28.24739488,0.02290933176,a,401.7180686,1378.298542,2253.755293,3595.360144,LL,2
a,0,galîra,28.2925095,0.06731991265,v,570.9502973,1463.140151,2177.145406,4007.920818,LL,2
v,0,vècia,28.35432142,0.05630392694,ɛ:,361.7268184,1280.038285,2243.210308,3347.267861,LL,2
ɛː,1,vècia,28.45468929,0.1444318126,ts,612.4524706,1805.98112,2366.102403,3744.52618,LL,2
ts,0,vècia,28.57559539,0.09738038231,a,1030.901572,1822.582798,3097.041899,3939.611444,LL,2
a,0,vècia,28.65648653,0.06440190513,l,511.8865033,1446.235498,2337.668168,3493.206606,LL,2
l,0,l'é,28.70754759,0.0377202166,e,295.121139,1335.224234,2753.785969,3410.020709,LL,2
e,1,l'é,28.75388957,0.05496374419,p,455.9880539,1788.304444,2543.317352,2591.757925,LL,2
p,0,pió,28.81639736,0.07005183083,j,418.3288131,1776.515961,2571.344662,3694.518548,LL,2
j,0,pió,28.87207182,0.04129708288,o,305.3695469,1845.702056,2331.685149,3680.658962,LL,2
o,0,pió,28.91248633,0.0395319527,b,418.2807381,1245.30576,2333.396533,3355.095281,LL,2
b,0,bèla,28.9635062,0.06250778751,ɛ:,221.5784756,1026.851557,2154.220153,3316.191398,LL,2
ɛː,1,bèla,29.09224379,0.1949673925,l,633.7017153,1826.112286,2535.62011,3555.633805,LL,2
l,0,bèla,29.21999877,0.06054256899,a,362.4538829,1421.406329,2271.173862,2583.329106,LL,2
a,0,bèla,29.30570347,0.1108668232,NA,600.2052837,1447.444059,2247.342202,4283.317251,LL,2
a,0,a,30.57493756,0.04867631036,l,830.8792962,1311.320702,2275.626595,3311.561725,LL,2
l,0,la,30.61173453,0.02491763506,a,612.9077863,1189.548767,2364.302137,4137.506332,LL,2
a,0,la,30.65825725,0.06812780754,f,729.4382768,1281.412318,2345.230655,3713.318893,LL,2
f,0,fâg,30.74360513,0.1025679397,a:,824.7119366,1371.870556,2376.024123,3581.177363,LL,2
aː,1,fâg,30.83551622,0.08125423885,g,701.5657742,1371.636849,2097.930916,3629.587867,LL,2
g,0,fâg,30.92231041,0.09233415371,t,831.141047,1458.177952,2067.129037,3562.186189,LL,2
t,0,tótta,31.01113736,0.0853197321,o,1157.57264,1947.31686,3134.266756,3908.476866,LL,2
o,1,tótta,31.10049299,0.09339153314,t:,455.8868656,1075.387981,2393.14192,3231.233512,LL,2
tː,0,tótta,31.23156008,0.1687426519,a,468.1643901,1939.70304,2949.725582,4331.621376,LL,2
a,0,tótta,31.34684103,0.06181924624,f,559.6678406,1446.101022,2260.818117,3740.965446,LL,2
f,0,fén,31.46525212,0.1750029253,e,818.3851355,1941.521444,2818.90905,3828.418898,LL,2
e,1,fén,31.61249871,0.1194902697,n,398.9808638,2057.692766,2536.205989,3696.986791,LL,2
n,0,fén,31.70655816,0.06862862825,a,442.3162203,1458.483056,2361.793241,4040.816709,LL,2
a,0,a,31.77130647,0.06086798259,s,552.4505876,1637.492368,2276.867828,3784.189516,LL,2
s,0,San,31.85342,0.1033590726,a,1466.746399,2688.248664,3333.471902,3987.716644,LL,2
a,0,San,31.93944736,0.06869565156,n,578.1134298,1457.148842,2283.401946,3827.025659,LL,2
n,0,San,32.02139008,0.09518979882,p,306.5450038,1015.489712,2165.856099,2485.184465,LL,2
p,0,Pîr,32.14037772,0.14278547,i:,273.856061,2020.263672,3129.524856,4418.26719,LL,2
iː,1,Pîr,32.34241937,0.2612978416,r,268.5594757,2315.341067,2721.486164,2907.597121,LL,2
r,0,Pîr,32.52283503,0.09953347235,NA,293.8133298,1454.779568,2380.415566,3722.050232,LL,2
e,0,e,33.66482365,0.112238718,d,408.3622788,2144.068171,2569.007284,3745.965293,LL,2
d,0,da,33.83034024,0.218794463,a,394.854606,1853.527018,2962.569166,4091.106408,LL,2
a,0,da,33.97880791,0.07814087963,l,673.4121957,1514.126544,2523.932833,3413.571949,LL,2
l,0,lé,34.05282007,0.06988342866,e,335.8320147,1361.536626,2634.247991,3399.910525,LL,2
e,1,lé,34.18708031,0.1986370486,NA,456.7642821,2082.400968,2504.752648,4193.768593,LL,2
a,0,a,34.51629551,0.04830527104,v,674.8913435,1389.542057,2219.989004,3377.455432,LL,2
v,0,vâg,34.56059311,0.04028991768,a:,312.1968659,1209.810204,2351.287826,3621.182059,LL,2
aː,1,vâg,34.61525689,0.06903766115,g,729.4410883,1347.141568,2112.320609,3547.353426,LL,2
g,0,vâg,34.68035653,0.06116161309,i,536.9524022,1464.158754,2248.560314,3972.51841,LL,2
i,0,in,34.74645592,0.0710371633,n,277.7978478,2437.201852,2805.532224,3192.431421,LL,2
n,0,in,34.82601754,0.08808608249,p,259.7677743,846.1711709,2358.519315,2961.284636,LL,2
p,0,Piâza,34.91552437,0.09092756902,i,303.6917277,1918.317149,3017.818451,4011.853756,LL,2
i,0,Piâza,34.99341968,0.0648630473,a:,335.3171909,2152.191426,2766.992511,3754.89019,LL,2
aː,1,Piâza,35.08150576,0.1113091177,θ,836.2310762,1486.482425,2387.259623,3593.134359,LL,2
θ,0,Piâza,35.18160613,0.08889163214,a,939.4846502,1764.834761,2807.534182,3799.731425,LL,2
a,0,Piâza,35.25872905,0.06535419024,g,554.168555,1570.159034,2225.157766,3529.8181,LL,2
g,0,Granda,35.31200692,0.04120155471,r,323.2064892,1550.703328,2213.039204,3781.064354,LL,2
r,0,Granda,35.34752813,0.02984086481,a,451.9675804,1692.161156,2106.103817,3553.598195,LL,2
a,0,Granda,35.44241033,0.1599235392,n,710.6806636,1474.426821,2158.351219,4115.383449,LL,2
n,0,Granda,35.54226251,0.03978081145,d,412.1425701,1314.311913,2494.959755,4254.841324,LL,2
d,0,Granda,35.58417443,0.04404304125,a,287.0531761,1319.791898,2786.336606,3690.717399,LL,2
a,0,Granda,35.65165974,0.09092756902,a,652.2597542,1501.4211,2343.33145,4048.988875,LL,2
a,0,a,35.77866977,0.1630925018,t,699.1818043,1535.065047,2920.926318,4214.301713,LL,2
t,0,tôr,35.91758252,0.1147330023,o:,711.7365674,1408.779114,2333.965339,3821.415603,LL,2
oː,1,tôr,36.06462945,0.1793608538,r,420.304366,884.660124,2683.587148,3432.154389,LL,2
r,0,tôr,36.18787307,0.06712637247,a,461.3513174,1263.004129,1775.693159,3993.246851,LL,2
a,0,al,36.31236382,0.181855138,l,699.6103742,1294.076242,2429.508713,4120.10833,LL,2
l,0,al,36.42105068,0.03551858165,k,348.2692189,1295.155408,2530.914103,3525.760153,LL,2
k,0,cafà,36.47859078,0.0795616229,a,472.9119523,1477.114677,2519.483027,3783.304932,LL,2
a,0,cafà,36.55033832,0.06393344697,f,606.6372928,1424.85399,2264.831969,4485.860082,LL,2
f,0,cafà,36.62421697,0.08382385269,a,1106.16203,2129.253528,3162.684272,3919.125382,LL,2
a,1,cafà,36.74569052,0.1591232458,NA,799.8217791,1368.629526,2265.088456,3642.261792,LL,2
a,0,am,37.61889092,0.05114675758,m,634.9277686,1339.50009,2349.675405,3573.136108,LL,2
m,0,am,37.70129403,0.1136594613,p,255.9620001,1151.232681,2271.362682,2963.984059,LL,2
p,0,pièS,37.80429792,0.09234831229,i,244.446043,1389.958368,2298.431788,3298.567107,LL,2
i,0,pièS,37.88860509,0.07626602568,ɛ:,346.2266077,2128.739277,2594.666475,3721.646461,LL,2
ɛː,1,pièS,38.02050716,0.1875381111,s,542.8431923,1909.412411,2509.480806,3839.755397,LL,2
s,0,pièS,38.15334665,0.07814087963,l,1521.017616,2339.283749,3390.64513,3969.324209,LL,2
l,0,la,38.20165192,0.01846966246,a,259.0977955,2018.978426,2770.313073,3354.426334,LL,2
a,0,la,38.25066757,0.0795616229,p,485.5467271,1218.968357,2443.730677,3673.14294,LL,2
p,0,Piâza,38.33946402,0.09803128535,i,517.2150607,1219.000146,2492.523753,3900.422559,LL,2
i,0,Piâza,38.4235577,0.07015606733,a:,413.5233179,1967.907846,2611.889551,3651.354638,LL,2
aː,1,Piâza,38.53912123,0.1609710013,θ,788.8717058,1400.437377,2168.322796,3646.748579,LL,2
θ,0,Piâza,38.67075349,0.1022935152,a,1033.420622,1782.640349,2541.79047,3676.951719,LL,2
a,0,Piâza,38.74392177,0.04404304125,p,553.7027484,1306.745379,2402.65449,3827.134882,LL,2
p,0,parché,38.8007515,0.06961642003,a,542.2138546,1272.028783,2491.576477,3682.250324,LL,2
a,0,parché,38.86169697,0.05227452709,k,552.8500662,1231.849564,2356.861483,3706.028729,LL,2
k,0,parché,38.92690468,0.07814087963,e,498.6427797,1328.237456,2307.813832,3736.484129,LL,2
e,1,parché,38.99438998,0.05682973064,l,420.8356151,1847.433394,2403.436163,3629.258038,LL,2
l,0,l'é,39.03985377,0.03409783838,e,318.0114221,1496.926669,3036.430264,3704.324308,LL,2
e,1,l'é,39.08460718,0.05540898737,s,445.2693997,1684.108245,2471.378743,3715.634445,LL,2
s,0,sänper,39.17766586,0.1307083805,æ,1439.654808,2222.498355,3188.333967,3910.562435,LL,2
æ,1,sänper,39.33477842,0.1835167318,n,842.3083443,1655.176888,2608.189791,3706.910914,LL,2
n,0,sänper,39.45050306,0.04793255671,p,400.9562497,914.0158886,2310.076036,2744.24763,LL,2
p,0,sänper,39.52703684,0.1051350017,e,413.1651097,1898.454247,3053.80479,4485.946606,LL,2
e,0,sänper,39.61938515,0.0795616229,r,466.9544686,1570.416854,2288.121387,3557.811089,LL,2
r,0,sänper,39.68260823,0.04688452778,p,349.0235752,1296.568838,2083.832156,3270.268155,LL,2
p,0,péNna,39.77771632,0.1433316455,e,437.9004149,2027.337876,3068.845075,3903.286831,LL,2
e,1,péNna,39.90532364,0.111883006,ŋ,413.2141353,1925.026544,2346.238016,3502.872993,LL,2
ŋ,0,péNna,40.005877,0.08922370429,n,386.8148962,2029.962804,2292.13875,3704.914799,LL,2
n,0,péNna,40.09116023,0.08134276591,a,289.8546607,1370.923948,2262.279451,2780.824983,LL,2
a,0,péNna,40.1548841,0.0461049767,e,485.3624421,1718.055674,2332.991024,3656.856699,LL,2
e,0,ed,40.20301191,0.05015062962,d,451.0959196,1761.614455,2337.866026,3579.985719,LL,2
d,0,ed,40.26128437,0.06639429584,ð,253.1017353,1440.592964,2263.239044,3916.020484,LL,2
ð,0,Zänt,40.35618426,0.1234054913,æ,1448.755448,2550.29104,2881.22625,4092.627238,LL,2
æ,1,Zänt,40.50331089,0.1708477588,n,730.135511,1632.136848,2339.031404,3364.707792,LL,2
n,0,Zänt,40.64319517,0.1089208007,t,358.5476289,812.0220873,1493.110288,2065.466059,LL,2
t,0,Zänt,40.80316927,0.2110274118,NA,1233.663965,2118.498253,3074.505202,NA,LL,2
ai,0,ai,41.74397701,0.119650249,e,414.2926624,1972.606121,2346.414746,3204.42417,LL,2
e,1,é,41.96793604,0.3282678085,NA,410.9040293,2089.029717,2698.874253,3038.115004,LL,2
t,0,tant,42.4832061,0.03436249821,a,557.1415431,1690.213946,2416.906152,3496.282924,LL,2
a,0,tant,42.55044745,0.1001201846,n,743.0144291,1519.597633,2249.520547,3542.912524,LL,2
n,0,tant,42.65891335,0.1168116184,t,375.553954,1158.423722,2264.818123,3630.81895,LL,2
t,0,tant,42.73724791,0.0398575027,b,779.4826525,1865.96293,2533.358391,3472.464847,LL,2
b,0,bulgnîS,42.79625599,0.07815866985,u,217.0423499,749.0649609,2392.258304,3350.041625,LL,2
u,0,bulgnîS,42.87748855,0.08430644237,l,285.8031359,775.8623174,2486.016371,3372.88151,LL,2
l,0,bulgnîS,42.94909066,0.05889777529,ɲ,283.1711286,1307.145898,2358.179902,3287.57151,LL,2
ɲ,0,bulgnîS,43.02621986,0.09536062984,i:,293.5350808,2116.587804,2615.585962,3693.736463,LL,2
iː,1,bulgnîS,43.21502338,0.282246401,z,333.0595608,1335.786745,2438.657189,3351.112964,LL,2
z,0,bulgnîS,43.43573184,0.1591705337,NA,1636.441233,2962.326224,3579.786636,4282.8027,LL,2
t,0,tant,44.02518978,0.02378008482,a,565.696151,1590.316824,2394.000173,3609.235206,LL,2
a,0,tant,44.08298764,0.09181563659,n,738.6523559,1501.38903,2228.934665,3440.402374,LL,2
n,0,tant,44.17823058,0.09867023335,t,612.757741,1461.844432,2279.700645,4291.443692,LL,2
t,0,tant,44.30685088,0.1585703661,NA,221.4877085,2132.734404,3058.805803,4055.256453,LL,2
t,0,turéssta,44.73987979,0.0348444498,u,807.7084309,1480.381026,2653.022264,3244.737199,LL,2
u,0,turéssta,44.78796291,0.06132179124,r,345.1691133,880.432785,2415.332335,3403.089809,LL,2
r,0,turéssta,44.84125525,0.04526288153,e,501.2490405,1080.478266,2161.520423,3349.865378,LL,2
e,1,turéssta,44.92345681,0.1191402284,s:,473.3686741,1721.372289,2321.213037,2562.146955,LL,2
sː,0,turéssta,45.07152579,0.1769977446,t,1615.002869,2068.96339,3493.208547,3782.700735,LL,2
t,0,turéssta,45.20190584,0.08376234398,a,645.9824316,1960.425666,3121.943847,3850.329312,LL,2
a,0,turéssta,45.3055198,0.1234655804,e,479.1583695,1479.387581,2382.242678,3674.326066,LL,2
e,0,e,45.43202533,0.1295454885,t,464.5883317,1966.774531,2495.598893,3764.380049,LL,2
t,0,tant,45.56096817,0.1283401863,a,395.204764,1919.781277,2641.835338,3982.18268,LL,2
a,0,tant,45.6753978,0.1005190827,n,720.9077305,1553.200249,2316.039261,3850.657491,LL,2
n,0,tant,45.76727839,0.08324208097,t,557.3093916,1372.242427,2426.367826,3954.635819,LL,2
t,0,tant,45.84115573,0.06451261275,s,363.2216099,1444.465067,2700.585496,3704.800469,LL,2
s,0,studént,45.94607035,0.1453166266,t,1444.50328,2295.548216,3039.744934,3674.985895,LL,2
t,0,studént,46.05476237,0.07206740044,u,1105.19658,2163.384439,3040.233181,3631.839443,LL,2
u,0,studént,46.12457296,0.06755379583,d,314.7439825,1026.237767,2360.5104,3161.594507,LL,2
d,0,studént,46.19294735,0.06919497981,e,221.7741198,1141.493196,2485.637866,3515.573225,LL,2
e,1,studént,46.2851632,0.1152367093,n,463.3151592,1933.040129,2473.600747,3207.918274,LL,2
n,0,studént,46.41561837,0.1456736417,t,326.1047047,1241.974692,2338.543536,2488.360327,LL,2
t,0,studént,46.63308831,0.2892662314,NA,828.7697503,1581.619986,2499.555478,3644.738632,LL,2
m,0,mo,47.15879652,0.08220155496,o,223.8782959,861.897805,2203.094173,2715.295319,LL,2
o,0,mo,47.35025331,0.3007120175,a,528.1149313,815.686676,2935.188809,3340.566913,LL,2
a,0,aténti,47.55523694,0.1092552313,t,664.2126073,1212.122382,2619.51008,3573.876639,LL,2
t,0,aténti,47.66293138,0.1061336532,e,507.057707,1232.677549,2311.462707,3721.07167,LL,2
e,1,aténti,47.7858767,0.1397569815,n,383.6155316,2038.046144,2496.324295,2953.11005,LL,2
n,0,aténti,47.9244299,0.1373494336,t,292.9248349,890.9039947,2241.479116,2528.442702,LL,2
t,0,aténti,48.07062381,0.1550383758,i,206.6513239,1599.077921,2958.917116,4122.840753,LL,2
i,0,aténti,48.2149823,0.1336786016,NA,305.9312957,2194.435611,2494.030903,3040.120402,LL,2
ai,0,ai,48.74835714,0.1945234389,e,576.925602,1859.750157,2520.385659,3258.320141,LL,2
e,1,é,48.87374053,0.05624333005,a,449.6742952,2091.616234,2600.377893,2784.120939,LL,2
a,0,anc,48.98039444,0.1570645024,n,737.1912699,1610.874245,2269.189044,3510.69281,LL,2
n,0,anc,49.12135826,0.1248631215,k,388.8705616,1717.477575,2317.940461,3575.663415,LL,2
k,0,anc,49.24101875,0.1144578613,u,781.6115818,1702.991391,2288.986161,3312.011656,LL,2
u,0,una,49.41145522,0.2264150857,n,782.664211,2346.661515,3103.663812,3922.987068,LL,2
n,0,una,49.54944606,0.04956658787,a,260.6866866,1294.20242,2477.461427,2966.732645,LL,2
a,0,una,49.60709415,0.06572960565,m,589.1958637,1267.605767,2419.441965,3591.023843,LL,2
m,0,móccia,49.67012992,0.06034193305,o,175.5218065,875.5342772,2378.166494,3294.023727,LL,2
o,1,móccia,49.74609611,0.0915904341,ts,518.8481785,971.8353508,2872.335339,3265.088896,LL,2
ts,0,móccia,49.85956946,0.1353562686,j,860.9060063,2054.761268,2995.706386,3643.049688,LL,2
j,0,móccia,49.96596837,0.07744154827,a,410.3945129,1545.884586,2383.179779,3589.420296,LL,2
a,0,móccia,50.03445615,0.05953401565,e,545.7657312,1569.395163,2388.658809,3560.0743,LL,2
e,0,ed,50.14379007,0.1591338214,d,436.5091726,1800.238837,2465.500346,3315.808753,LL,2
d,0,ed,50.24383013,0.04094631171,p,255.0540164,1749.605042,2554.045787,3361.298786,LL,2
p,0,pizón,50.34804116,0.1674757341,i,350.1038992,1709.915542,2787.836291,4064.904704,LL,2
i,0,pizón,50.46880878,0.07405950504,θ,270.5927551,1997.8112,2427.836855,3000.187122,LL,2
θ,0,pizón,50.5688743,0.1260715387,o,1015.6699,1942.658502,3176.402871,3664.86938,LL,2
o,1,pizón,50.69009693,0.116373728,n,517.799391,1143.783118,2482.513856,3428.718227,LL,2
n,0,pizón,50.83340902,0.170250454,NA,372.2133583,1248.478103,2261.732176,3434.621005,LL,2
t,0,têrza,0.2290376263,0.02464998825,eː,708.3518005,1874.589414,2291.879626,3390.687602,LL,3
eː,1,têrza,0.3239148892,0.1651045376,r,401.9992938,2058.213095,2385.689896,3232.057879,LL,3
r,0,têrza,0.4707936012,0.1286528865,θ,400.6797321,1219.054821,2203.078204,3807.506021,LL,3
θ,0,têrza,0.605879132,0.1415181751,a,1233.392123,1940.723349,2908.542365,3934.171744,LL,3
a,0,têrza,0.7222027835,0.0911291279,l,576.9409589,1354.761299,2192.648531,3481.684774,LL,3
l,0,leziån,0.7972503006,0.05896590629,e,336.0042924,1382.376517,2558.86853,3435.567517,LL,3
e,0,leziån,0.859432529,0.06539855061,θ,380.7105058,1721.111686,2418.772466,3655.30522,LL,3
θ,0,leziån,0.9414487442,0.09863387961,j,492.0445499,1992.001594,2932.879599,3861.781278,LL,3
j,0,leziån,1.02507312,0.06861487277,ɑ,310.2571092,2048.628196,2480.428113,3356.458764,LL,3
ɑ,1,leziån,1.105481174,0.09220123529,ŋ,638.5666633,1832.222805,2238.39549,3177.845896,LL,3
ŋ,0,leziån,1.220196665,0.1372297455,NA,332.7662566,709.5151877,2024.640737,2951.717465,LL,3
l,0,leziån,2.254472125,0.06681768931,e,363.6727746,1803.576377,2808.708683,4218.252907,RM,3
e,0,leziån,2.321465539,0.06716913786,θ,421.4454989,2152.356653,2875.20991,4566.601043,RM,3
θ,0,leziån,2.421637523,0.1331748296,j,477.1131804,1514.174224,2736.769665,3582.042919,RM,3
j,0,leziån,2.514404605,0.05235933471,ɑ,372.2831414,2093.85235,2323.386202,2905.342189,RM,3
ɑ,1,leziån,2.621399767,0.1616309898,ŋ,1069.006611,1641.026029,2843.282821,3932.713334,RM,3
ŋ,0,leziån,2.748314242,0.09219795895,NA,485.1668901,1539.718726,1845.775614,3336.142246,RM,3
n,0,nómmer,3.097940758,0.1491102793,o,286.2321992,1969.226979,3048.927537,3732.581994,RM,3
o,1,nómmer,3.224855232,0.1047186694,mː,542.8650726,1035.267283,2898.842084,3512.915875,RM,3
mː,0,nómmer,3.340387243,0.1263453512,e,269.271047,1521.241106,2009.721194,2745.538889,RM,3
e,0,nómmer,3.460472238,0.1138246407,r,497.1115972,1571.797355,2201.472614,2925.514791,RM,3
r,0,nómmer,3.566898277,0.09902743739,NA,454.1228867,1718.023846,2836.366805,3617.871175,RM,3
t,0,trî,3.812157886,0.02244728598,r,730.8421548,1859.976607,2760.396666,3503.607283,RM,3
r,0,trî,3.868510969,0.09025888102,iː,467.5939206,1712.606635,2757.998528,3042.944923,RM,3
iː,1,trî,3.987110406,0.1469399933,NA,326.387383,1845.200591,2793.661052,3388.924219,RM,3
p,0,preSentaziån,6.002069564,0.02475003065,r,491.2976559,1397.121825,2657.851408,3833.260182,LL,3
r,0,preSentaziån,6.031647252,0.03440534589,e,592.0490073,1320.304661,2228.506714,3610.569164,LL,3
e,0,preSentaziån,6.084308496,0.07091714153,z,488.6403202,1574.435597,2232.226018,3062.837375,LL,3
z,0,preSentaziån,6.156278862,0.07302359127,e,538.0188662,1614.056693,2863.862403,3741.270174,LL,3
e,0,preSentaziån,6.230706753,0.07583219094,n,536.6376737,1589.065817,2427.852215,3748.795217,LL,3
n,0,preSentaziån,6.30127282,0.0652999422,t,329.0020818,1252.389718,2292.741322,2784.233517,LL,3
t,0,preSentaziån,6.368328137,0.06881069178,a,360.7487521,1642.849217,2678.396801,3456.445009,LL,3
a,0,preSentaziån,6.42801088,0.05055479396,θ,478.7107798,1322.891373,2185.843045,3625.478041,LL,3
θ,0,preSentaziån,6.497874796,0.08917303934,j,857.0339678,1670.113487,2529.470024,3693.145211,LL,3
j,0,preSentaziån,6.567036563,0.04915049413,ɑ,335.071989,1824.526322,2287.896275,3789.22749,LL,3
ɑ,1,preSentaziån,6.646722605,0.1102215894,ŋ,636.8304858,1699.815956,2282.205527,3653.004105,LL,3
ŋ,0,preSentaziån,6.734132296,0.06459779228,NA,625.529903,1573.763157,2138.251508,3725.135345,LL,3
l,0,la,8.092034671,0.03520060305,a,390.4829296,1230.475942,2297.400155,3522.553957,LL,3
a,0,la,8.137977014,0.05668408312,s,638.7782222,1338.444085,2356.936046,3530.881787,LL,3
s,0,sgnèra,8.212241701,0.09184529071,ɲ,963.0485734,1812.211017,2806.1531,3724.979744,LL,3
ɲ,0,sgnèra,8.289930744,0.06353279574,ɛː,875.708448,2146.477636,2555.287168,4053.472028,LL,3
ɛː,1,sgnèra,8.378790803,0.1141873221,r,492.9878909,1983.261602,2556.076674,3645.338741,LL,3
r,0,sgnèra,8.457777522,0.04378611599,a,573.089166,1410.840305,2237.54096,3747.783882,LL,3
a,0,sgnèra,8.518670175,0.07799918887,k,611.9868161,1566.583243,2193.731205,3768.90812,LL,3
k,0,carólla,8.596403525,0.07746751107,a,1158.913404,1782.297975,2477.706373,3980.789434,LL,3
a,0,carólla,8.664266014,0.05825746868,r,588.7735282,1427.678874,2132.170009,3711.599115,LL,3
r,0,carólla,8.707228233,0.02766696824,o,554.1135983,1241.433674,1970.870988,3602.996264,LL,3
o,1,carólla,8.771553934,0.1009844341,lː,593.3394604,1106.242311,2389.153391,3166.595617,LL,3
lː,0,carólla,8.855246513,0.06640072378,a,415.9938351,1144.522578,2505.005569,3687.854489,LL,3
a,0,carólla,8.927872305,0.07885085949,l,513.9778982,1270.969897,2625.702941,3404.453556,LL,3
l,0,l'é,8.996381581,0.0581676925,e,332.1543262,1360.237218,3029.72672,3305.899003,LL,3
e,1,l'é,9.063961972,0.07699309105,d,434.5971846,1764.121219,2515.400633,3732.862015,LL,3
d,0,d,9.14222344,0.07952984451,b,278.150112,1482.139747,2552.380671,3747.147727,LL,3
b,0,bulåggna,9.216466453,0.06895618052,u,232.4651575,759.213182,2231.431394,3623.362594,LL,3
u,0,bulåggna,9.29318854,0.08448799372,l,329.2916777,909.208594,2675.128017,3523.057601,LL,3
l,0,bulåggna,9.359620632,0.04837618995,ɑ,373.5616547,1199.964568,2120.687816,3478.137196,LL,3
ɑ,1,bulåggna,9.452966238,0.138315022,ɲː,685.2523982,1546.096595,2503.555668,3625.010249,LL,3
ɲː,0,bulåggna,9.565389778,0.08653205809,a,300.1200476,792.9793758,1974.225817,3084.848971,LL,3
a,0,bulåggna,9.673895337,0.130479061,NA,479.4397128,1824.406796,2442.492285,3641.847729,LL,3
l,0,l'à,10.50688679,0.06990312582,a,408.633712,1272.581643,2570.826612,3616.219687,LL,3
a,1,l'à,10.59813871,0.1126007108,NA,840.3518298,1347.566841,2522.796455,3681.271113,LL,3
u,0,una,10.75469467,0.0623217076,n,403.5695213,699.8105006,2346.304184,2892.219368,LL,3
n,0,una,10.80312089,0.03453074039,a,313.6669312,1225.088097,2535.2472,3313.971461,LL,3
a,0,una,10.84948676,0.05820100597,k,576.0487182,1352.206979,2216.435084,3566.490583,LL,3
k,0,cà,10.92306878,0.08896302877,a,437.1290214,1566.121844,2442.296919,3667.856555,LL,3
a,1,cà,11.00246535,0.06983011052,i,750.7516724,1533.179997,2228.669719,3549.904171,LL,3
i,0,in,11.07185429,0.06894776193,n,645.335352,2002.623188,2550.537895,3815.279429,LL,3
n,0,in,11.11653029,0.02040424391,s,415.9436409,1880.216531,2389.984736,3229.786526,LL,3
s,0,stra,11.16486493,0.07626504282,t,1714.148053,2377.150822,3516.701928,4016.166945,LL,3
t,0,stra,11.23215891,0.05832290729,r,1017.309093,2140.722697,2343.22028,3668.585878,LL,3
r,0,stra,11.28423332,0.04582592485,a,617.6052851,1257.419455,2141.844758,3832.673432,LL,3
a,0,stra,11.33493557,0.05557856199,s,654.199302,1360.083275,2067.534987,2398.648467,LL,3
s,0,stêven,11.40650849,0.08756728971,t,1136.628645,2106.692066,3016.758288,3847.987701,LL,3
t,0,stêven,11.49218487,0.08378546844,ɛː,333.6998732,1814.574987,2721.546342,3855.718721,LL,3
ɛː,1,stêven,11.64018856,0.2122219008,v,395.8081433,2133.902806,2407.247727,2887.804097,LL,3
v,0,stêven,11.79152249,0.09044596218,e,364.0265316,1435.208834,2355.022808,3439.381718,LL,3
e,0,stêven,11.86976027,0.06602960758,n,420.5706201,1657.142356,2567.462522,3772.040803,LL,3
n,0,stêven,11.94081519,0.07608022148,NA,340.3991657,1718.268871,2583.731412,3751.787383,LL,3
a,0,ataiS,12.11177259,0.051227876,t,606.3566015,1349.969621,2022.748309,3862.821768,LL,3
t,0,ataiS,12.18308412,0.09139518787,a,456.2818966,1276.073835,2251.856668,3241.30177,LL,3
a,0,ataiS,12.2675165,0.0774695591,i,742.7913287,1502.073278,2250.304318,3571.489593,LL,3
i,0,ataiS,12.33561191,0.05872126004,z,486.0618078,1888.336518,2433.143559,2982.298686,LL,3
z,0,ataiS,12.3956259,0.061306719,a,399.7639092,1650.674029,2680.4811,3538.972515,LL,3
a,0,al,12.45532514,0.05809176706,l,565.302834,1330.219955,2147.923875,3271.098033,LL,3
l,0,al,12.50609456,0.04344707841,b,404.2358859,1210.90774,2393.085055,3035.110525,LL,3
b,0,baracàn,12.56941233,0.08318845172,a,235.5402974,1022.56829,2502.464196,3614.228078,LL,3
a,0,baracàn,12.64097886,0.05994461962,r,654.3662334,1251.043509,2354.517557,3535.233796,LL,3
r,0,baracàn,12.68368239,0.02546243076,a,543.8921089,1255.459373,2176.630196,3830.024698,LL,3
a,0,baracàn,12.72974346,0.06665970652,k,593.351976,1485.601268,2158.08054,3934.312074,LL,3
k,0,baracàn,12.81166261,0.09717860829,a,776.1944677,1474.767054,2063.028731,2620.175671,LL,3
a,1,baracàn,12.90964435,0.09878486628,ŋ,654.3723421,1599.471318,2183.197947,3386.503814,LL,3
ŋ,0,baracàn,13.02007459,0.1220756071,NA,638.3975849,761.2367217,2094.596636,2337.669458,LL,3
s,0,sô,13.7201052,0.1108318012,oː,1245.007601,1978.823035,3173.526517,4013.910649,LL,3
oː,1,sô,13.81567755,0.08031289942,m,515.7053403,1094.178401,2319.157189,3244.220831,LL,3
m,0,maré,13.89237637,0.07308473847,a,344.6514535,919.3132687,2375.271089,3230.056837,LL,3
a,0,maré,13.97880382,0.09977016301,r,617.9048013,1288.780541,2586.269618,3719.261732,LL,3
r,0,maré,14.03872801,0.02007822485,e,487.0623117,1315.389205,2409.260146,3060.544014,LL,3
e,1,maré,14.14353635,0.1895384426,NA,476.4410907,1739.868933,2537.594275,3010.362986,LL,3
u,0,un,14.70701873,0.08268557715,n,359.4872206,729.1865422,2454.712594,3011.19521,LL,3
n,0,un,14.77857355,0.06042407561,e,288.5984486,1280.336339,2498.453133,3026.532412,LL,3
e,0,ex,14.84416548,0.07075977275,k,591.4660211,1587.017168,2221.751063,3317.600801,LL,3
k,0,ex,14.91333514,0.06757955824,s,734.5469775,1938.458445,2375.967959,3722.654705,LL,3
s,0,ex,14.99323803,0.09222622066,d,1536.794925,2084.360426,3071.23804,3833.109891,LL,3
d,0,diretåur,15.06414126,0.04958023982,i,216.4482942,1583.93058,2581.401071,3640.260911,LL,3
i,0,diretåur,15.13623707,0.09461138154,r,371.9046138,1906.866259,2340.917717,3007.809262,LL,3
r,0,diretåur,15.19626362,0.02544171604,e,375.2281905,1301.373056,2095.841203,3594.269862,LL,3
e,0,diretåur,15.2344262,0.05088343209,t,449.9149359,1466.434501,2275.965026,3283.120892,LL,3
t,0,diretåur,15.30359586,0.0874558989,ɑu,440.2993716,1526.973551,2721.584951,3796.807081,LL,3
ɑu,1,diretåur,15.42453418,0.1544207319,r,660.0103293,1253.532783,2341.550815,3373.306294,LL,3
r,0,diretåur,15.5144654,0.02544171604,e,369.6413417,1215.960107,2178.663206,3800.174723,LL,3
e,0,ed,15.55757863,0.06078473245,d,473.8413751,1501.804168,2416.501616,2690.272273,LL,3
d,0,ed,15.59631906,0.01669612615,b,336.8968602,1451.495226,2440.416409,3806.326278,LL,3
b,0,banca,15.66270603,0.1160778295,a,251.8847736,1163.173395,2189.363655,3926.908521,LL,3
a,1,banca,15.76107019,0.08065048929,ŋ,690.9112733,1465.024869,2376.632603,3397.128824,LL,3
ŋ,0,banca,15.85409042,0.1053899682,k,585.9299315,1459.724451,2249.503505,2846.325862,LL,3
k,0,banca,15.94951036,0.08544991024,a,973.0479005,1477.102504,2010.43251,2729.916378,LL,3
a,0,banca,16.04550391,0.1065371859,NA,541.7691719,1545.557831,2281.465431,3772.667966,LL,3
l,0,l,16.289957,0.08429599914,e,307.346863,1332.824867,2469.885085,3402.25176,LL,3
e,1,é,16.36133667,0.05846335424,m,385.047805,1690.041282,2378.153163,3460.50934,LL,3
m,0,môrt,16.4381548,0.09517290225,oː,261.4925856,921.2049795,2298.325331,2760.424362,LL,3
oː,1,môrt,16.54277488,0.1140672585,r,460.2306645,823.6591453,2677.886805,3268.394051,LL,3
r,0,môrt,16.62122241,0.04282780601,t,483.3473737,1012.937991,2145.518008,3259.703837,LL,3
t,0,môrt,16.66371032,0.04214799957,NA,1146.119201,2081.932008,3497.034139,4264.322714,LL,3
d,0,da,16.86292869,0.04565242508,a,258.7570041,1199.349971,2400.175008,3683.810665,LL,3
a,0,da,16.91374273,0.05597565026,u,580.9892515,1279.429405,2675.51984,3582.093385,LL,3
u,0,un,16.97253159,0.06160206871,n,447.5283496,873.4666895,2570.485988,3497.494405,LL,3
n,0,un,17.05353546,0.1004056749,p,245.946763,756.3477017,2267.859958,2861.711907,LL,3
p,0,pèz,17.15965379,0.1118309839,ɛː,1504.706864,2886.577453,4052.336211,NA,LL,3
ɛː,1,pèz,17.34677193,0.2624052876,θ,534.0190256,1644.333072,2110.304609,3109.789661,LL,3
θ,0,pèz,17.58062534,0.2053015463,NA,1311.22758,1890.854785,3029.693551,3751.018378,LL,3
l,0,la,18.46846106,0.04264846086,a,377.6879302,1209.216474,2537.425377,3466.549822,LL,3
a,0,la,18.51725379,0.05493700043,s,600.9998565,1327.44318,2365.122632,3713.147428,LL,3
s,0,sgnèra,18.57797363,0.06650268473,ɲ,1613.191089,2189.971563,3119.591998,3859.72445,LL,3
ɲ,0,sgnèra,18.65170487,0.08095979011,ɛː,861.5100367,1473.90586,3018.6688,3769.748279,LL,3
ɛː,1,sgnèra,18.74314606,0.1019225929,r,528.6973502,1337.499055,2199.567012,3651.172446,LL,3
r,0,sgnèra,18.80458876,0.0209628028,a,552.2635576,1368.200017,2303.757246,3467.43462,LL,3
a,0,sgnèra,18.85005414,0.06996796265,k,634.0640132,1576.42338,2274.018084,3899.096429,LL,3
k,0,carólla,18.93455371,0.09903117183,a,633.1487384,1679.399146,2128.864408,3475.884972,LL,3
a,0,carólla,19.01339342,0.05864824566,r,560.6983399,1364.550178,2133.91344,3607.936075,LL,3
r,0,carólla,19.06115035,0.03686561871,o,441.6266491,1168.335306,1701.465899,3311.873324,LL,3
o,1,carólla,19.14138729,0.123608251,lː,527.9960648,997.3012672,2319.381472,3135.480489,LL,3
lː,0,carólla,19.24981558,0.09324832968,a,361.1217791,1189.415741,2367.104924,3713.325079,LL,3
a,0,carólla,19.35535245,0.1178254088,NA,594.4291488,1384.323046,2564.874524,3714.415244,LL,3
l,0,la,19.77609917,0.02529993441,a,350.2318623,1277.714558,2557.107746,3688.456979,LL,3
a,0,la,19.81766335,0.05782842151,f,628.91464,1319.754138,2493.447628,3852.883341,LL,3
f,0,fà,19.88886459,0.08457406645,a,975.7284925,1830.286598,2442.23109,3493.383122,LL,3
a,1,fà,19.96325268,0.06420211374,u,652.1936432,1178.564798,2396.454253,3584.995942,LL,3
u,0,una,20.01674397,0.04278046605,n,506.2630417,913.5491812,2274.931873,3181.109751,LL,3
n,0,una,20.06740985,0.05855127677,a,331.1772929,898.9983888,2357.830318,3045.984252,LL,3
a,0,una,20.13463539,0.07589980323,v,587.6480704,1293.30721,2552.095659,3640.254083,LL,3
v,0,vétta,20.19511602,0.04506146402,e,315.5191585,1153.971093,2296.166869,3506.254727,LL,3
e,1,vétta,20.24597486,0.05665620861,tː,464.0570102,1630.722964,2375.215729,3736.814354,LL,3
tː,0,vétta,20.30606838,0.06353084037,a,434.2311729,1665.888345,2592.80474,3708.470824,LL,3
a,0,vétta,20.36811972,0.06057184282,d,529.0806676,1370.587717,2547.591911,3701.366607,LL,3
d,0,da,20.42273368,0.04865607046,a,308.1230298,1311.12367,2599.219092,3880.699494,LL,3
a,0,da,20.46816256,0.04220169377,p,537.8000186,1287.304519,2549.761997,3698.493643,LL,3
p,0,pensionè,20.5397893,0.1010517897,e,558.6785585,1281.259246,2542.828749,3580.385917,LL,3
e,0,pensionè,20.61749721,0.05436402292,n,384.505067,1635.834941,2365.016404,3585.989824,LL,3
n,0,pensionè,20.67862173,0.06788502398,s,385.9150829,1545.367208,2510.250707,3350.138768,LL,3
s,0,pensionè,20.76991382,0.1146991514,j,1893.091329,2928.775999,3446.262252,4323.975621,LL,3
j,0,pensionè,20.84221778,0.02990877193,o,358.1446017,1681.168775,2340.500482,3499.135072,LL,3
o,0,pensionè,20.87842611,0.04250789436,n,456.9324812,1271.543164,2253.829927,3526.863888,LL,3
n,0,pensionè,20.9306754,0.06199067928,ɛː,305.2809684,1151.036263,2302.638404,3023.535917,LL,3
ɛː,1,pensionè,21.04550575,0.1676700278,s,599.9069816,1850.814526,2529.712757,2758.229916,LL,3
s,0,sänza,21.17453124,0.09038095008,æ,1256.419284,2270.68618,2817.719432,3484.046245,LL,3
æ,1,sänza,21.24670336,0.05396328328,n,630.2696956,1573.202804,2257.866326,3770.911631,LL,3
n,0,sänza,21.33171915,0.1160682942,θ,518.8814806,1266.16858,2518.714828,4161.619119,LL,3
θ,0,sänza,21.43403235,0.08855811326,a,857.4769074,1689.923843,2585.425011,3701.01366,LL,3
a,0,sänza,21.50181426,0.04700570381,NA,489.158469,1346.655414,2496.335849,3719.70489,LL,3
p,0,pinsîr,21.5956439,0.03204465114,i,548.9630506,1681.333407,2359.932798,3579.555234,LL,3
i,0,pinsîr,21.63066204,0.03799161966,n,302.5116488,1962.743813,2341.260609,3398.093277,LL,3
n,0,pinsîr,21.70694225,0.1145687973,s,368.9664377,907.5251122,2396.767173,3060.846132,LL,3
s,0,pinsîr,21.82715782,0.125862344,iː,1519.986035,1877.326023,3172.769544,3852.021706,LL,3
iː,1,pinsîr,21.98060414,0.1810302998,r,317.2600373,2190.725888,2615.510624,3381.691428,LL,3
r,0,pinsîr,22.10901245,0.075786329,NA,394.5191515,1765.582511,2509.406896,3685.66994,LL,3
l,0,l,23.12525572,0.06763003857,a,377.3256603,1316.155003,2592.61187,3689.958538,LL,3
a,0,anvåud,23.19558642,0.07303136078,n,719.4829922,1261.512227,2643.148942,3673.54623,LL,3
n,0,anvåud,23.26970954,0.07521487369,v,284.9443179,981.5416072,2303.061667,3226.513796,LL,3
v,0,anvåud,23.36431575,0.1139975429,ɑu,465.7121346,1113.468886,2506.179278,2773.239117,LL,3
ɑu,0,anvåud,23.56645572,0.2902824032,d,666.5425706,1157.219713,2585.359113,3730.168646,LL,3
d,0,anvåud,23.76958314,0.115972446,d,720.2160829,1414.817273,2387.184913,3707.069375,LL,3
d,0,dla,23.88868145,0.1222241698,l,293.0639701,1276.383582,2834.103167,4036.418279,LL,3
l,0,dla,23.97623627,0.05288545807,a,328.6323835,1294.273341,2313.139791,3603.669524,LL,3
a,0,dla,24.0208951,0.03643220445,s,486.3837613,1350.7365,2565.363166,3488.645145,LL,3
s,0,sgnèra,24.09860586,0.1189893239,ɲ,801.1002632,1958.783778,2912.993828,3780.621438,LL,3
ɲ,0,sgnèra,24.19218226,0.06816347929,ɛː,409.2797309,1730.829623,2112.637904,3188.850333,LL,3
ɛː,1,sgnèra,24.2550572,0.05758638767,r,574.2495115,1606.990898,2495.729782,3211.391536,LL,3
r,0,sgnèra,24.29383987,0.01997895083,a,552.5737107,1308.383886,2206.708733,3751.97581,LL,3
a,0,sgnèra,24.32909684,0.05053499326,k,552.2562615,1467.644651,2212.648708,3715.762818,LL,3
k,0,carólla,24.40385738,0.0989860824,a,452.4610847,1609.747016,2718.113143,3789.888439,LL,3
a,0,carólla,24.48625692,0.06581301448,r,546.0461532,1365.012683,2280.864174,3578.313214,LL,3
r,0,carólla,24.52915291,0.01997895083,o,481.3538551,1173.47806,1636.877297,3348.654529,LL,3
o,1,carólla,24.58438883,0.09049289491,lː,496.2222173,1042.15614,2204.403635,3219.887975,LL,3
lː,0,carólla,24.6880092,0.1167478488,a,379.0250342,1175.469618,2311.813253,3353.445864,LL,3
a,0,carólla,24.7745887,0.05641115527,p,630.9139514,1328.294422,2682.742901,3607.343652,LL,3
p,0,pèvel,24.89002803,0.1744674879,ɛː,593.5610591,2392.20504,2584.985708,3791.169702,LL,3
ɛː,1,pèvel,25.08918755,0.2238515683,v,604.2834214,1846.636098,2233.746748,3097.158574,LL,3
v,0,pèvel,25.24577217,0.08931766251,e,444.4731666,1413.352843,2451.905685,3704.924994,LL,3
e,0,pèvel,25.33685268,0.09284335972,l,466.4165608,1580.716505,2533.269817,3304.838249,LL,3
l,0,pèvel,25.40971709,0.05288545807,NA,285.6169472,1375.706118,2692.886648,2868.369125,LL,3
l,0,l,25.98792552,0.05406069047,e,302.5181201,1456.524627,2579.465711,2713.243684,LL,3
e,1,é,26.07548033,0.1210489374,NA,476.6520253,1909.108785,2127.315106,2713.238851,LL,3
u,0,un,26.24416302,0.1011436606,n,341.6055611,818.3827795,2388.990298,2954.096573,LL,3
n,0,un,26.31040237,0.03133504069,s,369.1371088,1001.746168,2281.753875,3272.944383,LL,3
s,0,studänt,26.35384913,0.05555848293,t,1235.942081,2209.429905,2948.620892,3808.050329,LL,3
t,0,studänt,26.42152457,0.0797923956,u,372.4900103,1649.139364,2570.848611,3236.887553,LL,3
u,0,studänt,26.48510758,0.04737363147,d,314.1380602,981.369512,2406.904316,3218.292045,LL,3
d,0,studänt,26.55050828,0.08342776792,æ,252.3162499,1189.472938,2772.403217,3161.212296,LL,3
æ,1,studänt,26.66812655,0.1518087684,ŋ,639.7435163,1570.524039,2454.845402,3406.659221,LL,3
ŋ,0,studänt,26.7784665,0.06887113379,t,454.9530099,1319.545818,2442.685577,3967.171936,LL,3
t,0,studänt,26.85865403,0.09150391745,d,468.1041689,1307.431387,2541.802976,4186.681928,LL,3
d,0,dl',26.9441602,0.07950843639,l,338.8578549,1393.081455,2405.775256,3783.056046,LL,3
l,0,dl',27.04807966,0.128330473,u,250.6660605,1273.309304,2829.526631,3592.674834,LL,3
u,0,universitè,27.15593186,0.08737392334,n,305.4204537,1000.968685,2010.621636,2927.957189,LL,3
n,0,universitè,27.22696932,0.05470099554,i,279.2148403,1259.186208,2464.182424,3296.328041,LL,3
i,0,universitè,27.27866063,0.04868163415,v,329.4240278,1960.785246,2061.398514,3243.37196,LL,3
v,0,universitè,27.32930072,0.05259854724,e,272.9626943,1368.511901,2267.865417,3545.056685,LL,3
e,0,universitè,27.38656609,0.06193219011,r,449.736458,1578.461793,2314.03158,3623.491528,LL,3
r,0,universitè,27.44075389,0.0464433981,s,417.6533606,1351.130399,2274.538611,2971.044273,LL,3
s,0,universitè,27.5210506,0.1141500387,i,1641.215035,1702.408863,3058.464907,3609.682953,LL,3
i,0,universitè,27.60228758,0.04832391343,t,289.4806072,1919.070723,2345.122128,3719.493989,LL,3
t,0,universitè,27.67457161,0.09624415027,ɛː,320.0116721,1857.355337,2916.958442,4081.972992,LL,3
ɛː,1,universitè,27.823172,0.2009566245,NA,602.0636532,1832.174846,2398.753316,2821.241543,LL,3
a,0,al,28.65432746,0.04308604402,l,675.7714642,1309.752555,2552.832351,3760.089003,LL,3
l,0,al,28.71140248,0.07106399468,v,433.5597831,1235.756919,2595.592999,3827.419232,LL,3
v,0,và,28.78134735,0.06882575862,a,381.7361883,1176.179226,2480.671891,3563.480236,LL,3
a,1,và,28.87703195,0.1225434239,NA,738.0969359,1301.341704,2380.219402,3508.046435,LL,3
a,0,al,29.03160288,0.07692487288,l,689.3341032,1250.228179,2586.669154,3906.242851,LL,3
l,0,al,29.10895466,0.07777870284,d,434.8782815,1270.384439,2619.28947,2921.221808,LL,3
d,0,dams,29.18729293,0.07889782086,a,246.7278109,1303.423898,2200.743059,3743.62971,LL,3
a,1,dams,29.27577245,0.09806121583,m,714.1543316,1276.666773,2344.110437,3152.914079,LL,3
m,0,dams,29.39446815,0.1393301943,s,326.9760869,1203.237121,2073.061827,2916.229579,LL,3
s,0,dams,29.54353291,0.1587993203,NA,1071.758784,2026.672245,3314.250113,3639.582051,LL,3
a,0,anca,30.75992534,0.08778537726,n,740.0943929,1438.031354,2075.717244,2997.25709,LL,3
n,0,anca,30.83137856,0.05512106849,k,453.3136942,1181.696594,2271.931034,2630.802463,LL,3
k,0,anca,30.90691484,0.0959514896,a,1194.417888,1665.784191,2662.503035,3848.834551,LL,3
a,0,anca,30.98313163,0.05648208253,l,558.5775996,1354.454928,2306.365847,3251.687324,LL,3
l,0,ló,31.03723193,0.0517185334,o,383.8955034,1144.251913,2503.983201,3577.978165,LL,3
o,1,ló,31.11692844,0.107674474,NA,515.6340787,1031.856324,2674.022973,3477.928418,LL,3
a,0,al,31.28873907,0.05988461762,l,607.9093764,1227.485128,2541.360447,3538.965172,LL,3
l,0,al,31.33671482,0.03606687198,s,505.0031592,1291.080757,2497.727777,3770.841923,LL,3
s,0,stà,31.38775284,0.06600918079,t,1249.552574,1765.423577,2764.319705,3598.746878,LL,3
t,0,stà,31.46328912,0.0850633773,a,1208.961379,2627.738785,2891.274408,4134.742111,LL,3
a,1,stà,31.66477973,0.3179178267,NA,744.7260879,1347.723361,2485.775064,3584.981997,LL,3
i,0,in,32.05544982,0.1027565598,n,401.9438171,2381.616539,2768.160954,3583.795836,LL,3
n,0,in,32.12247976,0.03130332285,s,383.3838214,2040.883728,2522.689448,3769.407789,LL,3
s,0,stra,32.17529624,0.07432963012,t,418.5463805,1830.909167,2963.583658,4156.335622,LL,3
t,0,stra,32.22334916,0.02177622459,r,689.7897285,1565.172768,2587.467858,3286.619976,LL,3
r,0,stra,32.26145756,0.05444056148,a,606.7058934,1275.202269,2162.869848,3383.329913,LL,3
a,0,stra,32.31555787,0.05376005446,s,570.6379108,1386.650991,2210.982516,2851.514894,LL,3
s,0,stêven,32.38418037,0.08348495158,t,1007.046839,2201.156078,3060.505082,3665.783702,LL,3
t,0,stêven,32.46743377,0.08302185625,ɛː,680.7635647,1817.772148,2871.411979,3663.754468,LL,3
ɛː,1,stêven,32.60898629,0.2000831705,v,381.8591438,2137.886787,2377.878295,3119.254215,LL,3
v,0,stêven,32.74781677,0.0775778001,e,359.1538425,1316.253009,2155.003687,3375.770137,LL,3
e,0,stêven,32.81450646,0.05580157551,n,445.6793042,1593.046546,2148.96781,3038.431846,LL,3
n,0,stêven,32.88034551,0.07587653256,k,367.3363587,1383.264103,2434.572004,3383.378346,LL,3
k,0,con,32.96824969,0.09993182548,o,233.4341362,1440.139325,2344.305416,3647.648943,LL,3
o,0,con,33.05367602,0.07092083566,n,499.2810519,1009.897709,1894.181625,3066.110012,LL,3
n,0,con,33.10656722,0.0348615591,s,523.6687277,973.73451,2306.905672,3568.307418,LL,3
s,0,sô,33.17036723,0.09273845248,oː,1146.582235,2249.726834,2970.038395,3730.73627,LL,3
oː,1,sô,33.24154291,0.04961291383,θ,439.766792,1105.326176,2506.051493,3611.816186,LL,3
θ,0,ziéNna,33.32503901,0.1173792937,j,993.9633662,1906.40185,3000.587231,4028.845657,LL,3
j,0,ziéNna,33.40987848,0.05229964937,e,311.9338835,2091.80096,2620.857069,3156.711076,LL,3
e,1,ziéNna,33.48305701,0.09405739622,ŋ,409.5504801,2120.162682,2511.234113,3753.111645,LL,3
ŋ,0,ziéNna,33.57192503,0.08367864905,n,370.7667641,795.1124418,2205.471145,2926.138687,LL,3
n,0,ziéNna,33.64792493,0.06832114862,a,324.520929,1253.565235,2445.984033,2977.294512,LL,3
a,0,ziéNna,33.71869014,0.0732092741,NA,562.5766469,1539.935568,2601.626633,3775.754608,LL,3
a,0,ala,34.4794099,0.07719193207,l,652.8407696,1377.277133,2404.029682,3983.733645,LL,3
l,0,ala,34.54038504,0.04475834717,a,358.9060108,1259.211132,2062.934796,3028.161768,LL,3
a,0,ala,34.59681948,0.0681105283,s,481.5210147,1402.546371,2571.122814,3131.167085,LL,3
s,0,sîra,34.6886132,0.1154769111,iː,1134.917201,1701.483511,3116.879089,3813.7214,LL,3
iː,1,sîra,34.84523731,0.1977713101,r,293.9297596,2380.949203,2650.062597,3176.120922,LL,3
r,0,sîra,34.97298885,0.05773178113,a,460.6589398,1378.423412,2122.971306,2842.969226,LL,3
a,0,sîra,35.03075741,0.05780533897,p,517.8891659,1432.631175,2327.256927,2671.776661,LL,3
p,0,pèvel,35.12089935,0.1224785329,ɛː,524.4757608,1517.232855,2830.967444,3960.600588,LL,3
ɛː,1,pèvel,35.2675125,0.1707477723,v,604.5714057,1809.30098,2503.089166,3704.059146,LL,3
v,0,pèvel,35.39115802,0.07654326038,e,343.2992804,1259.014618,2308.525701,3326.24428,LL,3
e,0,pèvel,35.4625119,0.06616451321,l,527.0301628,1521.162773,2433.373603,3523.837015,LL,3
l,0,pèvel,35.52608173,0.06097513962,NA,309.3079214,1438.728678,2599.408137,3160.416474,LL,3
a,0,al,35.83764806,0.04346100377,l,688.0021739,1305.496488,2290.298072,3625.201128,LL,3
l,0,al,35.89213649,0.06551584151,f,471.0402997,1202.839816,1943.415046,2374.727375,LL,3
f,0,fà,35.97895483,0.1081208489,a,643.5920151,1249.920064,2470.328189,3121.425229,LL,3
a,1,fà,36.09522086,0.1244111992,NA,757.3212128,1319.787221,2301.181097,3666.483909,LL,3
a,0,al,36.29660999,0.06819743495,l,686.4784922,1307.3352,2167.480982,3519.011743,LL,3
l,0,al,36.35438522,0.04735303396,NA,480.90463,1235.942498,2623.865338,3599.175534,LL,3
k,0,camarîr,36.46044305,0.0324335849,a,853.9122385,1563.93268,2245.309263,3724.654849,LL,3
a,0,camarîr,36.50066069,0.04800170566,m,602.9970289,1396.837345,2185.446811,3657.067097,LL,3
m,0,camarîr,36.55886392,0.06840475964,a,273.5941626,1120.168895,2351.887554,2811.107923,LL,3
a,0,camarîr,36.62971625,0.07329990189,r,559.9868689,1460.975733,2420.739908,3684.894375,LL,3
r,0,camarîr,36.6780423,0.02335218113,iː,450.7852462,1324.186785,2277.030364,3974.150399,LL,3
iː,1,camarîr,36.80162093,0.2238050847,r,366.907702,2261.330443,2374.933597,3795.851356,LL,3
r,0,camarîr,36.94693006,0.0668131849,NA,390.1725885,1616.703728,2471.490351,4083.336145,LL,3
i,0,int,37.19063665,0.07589458868,n,348.9215946,2233.208896,2750.189203,3805.774672,LL,3
n,0,int,37.26458522,0.07200255849,t,326.5512894,2170.8247,2681.190335,3820.433842,LL,3
t,0,int,37.33857725,0.07598149533,u,305.2335489,2038.873222,2662.27428,3653.197316,LL,3
u,0,un',37.38240604,0.01167609057,n,269.6577184,780.2968009,2266.514091,3002.459219,LL,3
n,0,un',37.40705556,0.03762295849,u,336.9549181,1054.654426,2259.203779,3040.943027,LL,3
u,0,ustarî,37.46867938,0.08562466415,s,352.0593986,954.8658283,2218.386202,2992.043224,LL,3
s,0,ustarî,37.54781732,0.07265123019,t,1318.849457,2045.636545,3173.385012,3783.31041,LL,3
t,0,ustarî,37.61560351,0.06292115472,a,523.247114,1775.280604,2822.337209,3635.326677,LL,3
a,0,ustarî,37.68358028,0.07303236818,r,556.6168311,1475.738613,2445.75306,3800.789555,LL,3
r,0,ustarî,37.72852919,0.01686546415,iː,380.8933321,1360.052084,2316.275144,3182.268289,LL,3
iː,1,ustarî,37.78690965,0.09989544151,d,289.2330453,2188.672012,2510.900721,3709.472431,LL,3
d,0,dal,37.86799361,0.06227248302,a,235.9358823,1452.654791,2535.501195,3627.850948,LL,3
a,0,dal,37.92377937,0.04929904906,l,565.1337822,1322.356978,2500.028305,3300.695735,LL,3
l,0,dal,37.98410584,0.07135388679,NA,360.0526263,1164.646228,1839.569921,2547.196409,LL,3
p,0,pradèl,38.08492743,0.02400085283,r,1180.444884,2141.204175,3058.982474,4453.620514,LL,3
r,0,pradèl,38.12222605,0.05059639245,a,602.0363108,1182.727822,2043.396737,3443.040071,LL,3
a,0,pradèl,38.18287686,0.07070521509,d,561.0121577,1224.657376,2208.117941,3741.30915,LL,3
d,0,pradèl,38.25028688,0.06411483577,ɛː,248.0201949,1199.215001,2612.260889,3614.815703,LL,3
ɛː,1,pradèl,38.39586185,0.2270350943,l,608.9245739,1744.718507,2182.125218,2918.580403,LL,3
l,0,pradèl,38.55089438,0.08302997736,NA,304.725263,1341.856543,2530.916817,3187.022458,LL,3
l,0,la,39.4307204,0.04929904906,a,332.1049655,1295.005897,2255.388737,3488.791374,LL,3
a,0,la,39.48196546,0.05319107924,s,610.3728893,1382.325564,2297.5513,3855.250268,LL,3
s,0,sgnèra,39.56488714,0.1126522747,ɲ,1022.304018,2039.13985,2973.333382,3797.048999,LL,3
ɲ,0,sgnèra,39.63438286,0.02633916893,ɛː,302.4335667,1533.790399,2686.128231,3679.005148,LL,3
ɛː,1,sgnèra,39.70371685,0.1123288087,r,534.1901943,1897.438166,2553.381493,3101.936085,LL,3
r,0,sgnèra,39.76646604,0.01316958447,a,516.0322509,1342.554501,2221.069799,3442.828428,LL,3
a,0,sgnèra,39.8098482,0.07359473672,NA,613.6244685,1504.963392,2234.738973,3853.335743,LL,3
k,0,carólla,39.91365552,0.04260747915,a,1124.602143,1761.212527,2516.53708,4013.738624,LL,3
a,0,carólla,39.96836633,0.06681413929,r,563.0863245,1427.375049,2214.007897,3762.415363,LL,3
r,0,carólla,40.03043661,0.0573264265,o,500.2467951,1179.003293,1736.334982,3366.55255,LL,3
o,1,carólla,40.09047442,0.06274919657,lː,535.1947809,1035.657006,2338.584367,3540.666963,LL,3
lː,0,carólla,40.17259065,0.1014832685,a,411.6807081,1047.826461,2166.900823,3716.351729,LL,3
a,0,carólla,40.27368658,0.1007085871,NA,590.2048565,1425.508501,2597.351981,3648.001145,LL,3
e,0,e,40.42950127,0.06662260377,NA,458.8980823,1838.488102,2477.05997,3157.927,LL,3
p,0,pèvel,40.55693637,0.02711385037,ɛː,667.1061364,1473.07105,2376.191801,3367.130247,LL,3
ɛː,1,pèvel,40.66970438,0.1984221678,v,573.3166791,1732.158637,2335.165663,3128.593465,LL,3
v,0,pèvel,40.81500901,0.09218709126,e,315.6761335,1305.226472,2471.176269,3555.500961,LL,3
e,0,pèvel,40.90022396,0.07824282536,l,460.2427408,1559.049514,2325.173409,3125.573154,LL,3
l,0,pèvel,40.96645923,0.05422770074,NA,316.3105779,1482.753389,2614.801038,3879.18035,LL,3
i,0,i,41.54097706,0.08625313108,a,294.1723728,2178.552772,2719.152073,3150.665472,LL,3
a,0,an,41.61818961,0.06817196665,n,685.4359736,1708.259407,2562.95045,4045.105089,LL,3
n,0,an,41.69604509,0.08753900263,u,482.3280927,1320.055313,2461.646124,NA,LL,3
u,0,un,41.77751876,0.07540832948,n,380.944017,786.7116107,2457.326631,3686.891925,LL,3
n,0,un,41.87833345,0.1262210651,g,372.0030219,1239.075807,2429.404032,3869.236711,LL,3
g,0,gât,41.98575824,0.08862850419,aː,1306.158815,1540.50994,2971.085354,4046.687303,LL,3
aː,1,gât,42.15160965,0.2430743191,t,799.7639208,1344.858027,2336.453425,2361.94962,LL,3
t,0,gât,42.34133049,0.1363673603,NA,628.7220804,1341.545199,2447.8449,3386.875221,LL,3
m,0,mustazòt,42.57083855,0.09214010833,u,253.9061362,744.5580527,2348.316652,2771.82846,LL,3
u,0,mustazòt,42.66666427,0.099511317,s,308.7032749,718.4415528,2400.505015,3043.067009,LL,3
s,0,mustazòt,42.76801839,0.1031969213,t,1244.902703,1937.477495,2987.233083,3864.126443,LL,3
t,0,mustazòt,42.85585862,0.07248355189,a,1238.889631,2246.379587,2970.827987,3913.440867,LL,3
a,0,mustazòt,42.9240423,0.06388380845,θ,557.4391515,1275.906931,2265.490003,3709.83538,LL,3
θ,0,mustazòt,43.01311107,0.1142537343,ɔː,1152.467944,1988.170933,3125.440731,4019.23999,LL,3
ɔː,1,mustazòt,43.1914576,0.242439313,t,542.7582452,823.3016926,2933.933872,3524.620126,LL,3
t,0,mustazòt,43.43368793,0.2420213512,NA,1073.951458,2173.721015,3201.610849,3930.138694,LL,3
t,0,tótt,44.60459383,0.04447722752,o,1203.791088,2269.824859,3238.889184,3680.673776,LL,3
o,1,tótt,44.66262166,0.07157843672,tː,456.2158965,1004.193076,2365.602276,3469.649768,LL,3
tː,0,tótt,44.71903517,0.04124859065,d,369.4390814,1031.409666,3102.527305,3510.31068,LL,3
d,0,dû,44.86037226,0.2414255747,uː,230.9527162,1215.07365,2887.831729,3730.028122,LL,3
uː,1,dû,45.09633846,0.2305068301,j,371.4619268,642.922915,2307.751937,3315.550121,LL,3
j,0,i,45.28250743,0.1418311214,e,259.655165,2161.888932,2567.464575,3405.246011,LL,3
e,1,én,45.41468928,0.1225325781,ŋ,373.1466831,2191.88908,2601.700318,3805.917393,LL,3
ŋ,0,én,45.51720416,0.0824971813,i,350.0574643,927.24728,2398.067435,3858.364528,LL,3
i,0,inamurè,45.5918969,0.0668882838,n,331.8170576,2330.851222,2842.75939,3771.922346,LL,3
n,0,inamurè,45.65749067,0.06429927366,u,277.7067922,996.0373424,2349.898822,3894.265805,LL,3
u,0,inamurè,45.72906911,0.07885759977,m,571.6478785,1453.503109,2535.293693,3824.102857,LL,3
m,0,inamurè,45.80064755,0.06429927366,u,279.2348298,717.771351,2347.122554,3378.753949,LL,3
u,0,inamurè,45.8879975,0.1104006397,r,370.749327,776.2500888,2309.743636,3272.260479,LL,3
r,0,inamurè,45.97049469,0.05459372292,ɛː,416.9323478,1243.923382,1527.379098,3393.976238,LL,3
ɛː,1,inamurè,46.06534268,0.1351022733,e,594.5355447,1738.754362,2433.629864,3886.188733,LL,3
e,0,ed,46.16085356,0.05591948647,d,484.3715935,1630.141151,2157.503892,3483.590248,LL,3
d,0,ed,46.26397504,0.1503234668,m,267.2392835,1301.495919,2320.498598,3553.232846,LL,3
m,0,mustazòt,46.35005552,0.02183748917,u,325.9962788,792.9528346,2264.938647,3113.208732,LL,3
u,0,mustazòt,46.40100966,0.08007079361,s,332.7213511,905.1592427,2236.648705,2999.784501,LL,3
s,0,mustazòt,46.47865407,0.07521801824,t,1112.776004,2022.434733,3168.068644,3831.792266,LL,3
t,0,mustazòt,46.55933146,0.08613676283,a,1198.997876,2017.584684,3348.858508,4306.712569,LL,3
a,0,mustazòt,46.63576267,0.06672566135,θ,513.401003,1282.675414,2424.984452,3725.59452,LL,3
θ,0,mustazòt,46.728572,0.1188929966,ɔː,1102.862714,1684.330711,2503.069048,3725.60915,LL,3
ɔː,1,mustazòt,46.87908934,0.1821416989,t,472.2550647,852.6547682,2787.426811,3461.302043,LL,3
t,0,mustazòt,47.00594941,0.07157843672,NA,432.0015318,1118.902426,2716.191754,3424.926865,LL,3
p,0,parché,47.10821417,0.02911665222,a,498.5406349,1431.446654,2310.472123,3269.075217,LL,3
a,0,parché,47.14582318,0.04610136602,r,548.4939797,1257.594825,2585.005726,3559.425505,LL,3
r,0,parché,47.19313774,0.04852775371,k,385.9559388,1363.42959,2463.469015,3755.47158,LL,3
k,0,parché,47.26350298,0.09220273204,e,488.1649194,2043.357162,2603.22425,3986.728752,LL,3
e,1,parché,47.39938069,0.1795526887,NA,434.3271464,1996.522843,2383.495154,3608.405968,LL,3
l,0,l,47.87613464,0.0570201106,e,283.4566977,1439.056698,2575.113512,3516.818145,LL,3
e,1,é,47.92284261,0.03639581528,u,431.7788178,1508.357777,2364.313197,3287.75523,LL,3
u,0,un,47.96651758,0.05095414139,n,465.5618229,996.2278081,2463.739544,3234.497448,LL,3
n,0,un,48.03324325,0.0824971813,g,285.2464069,477.6006069,2288.294504,3078.54796,LL,3
g,0,gât,48.12301959,0.09705550741,aː,281.1070661,1324.416109,2431.981262,4044.883314,LL,3
aː,1,gât,48.25088648,0.158678271,t,755.6495931,1341.57698,2059.938858,3588.657895,LL,3
t,0,gât,48.36480164,0.06915204903,s,681.790686,1367.066961,2220.722119,3736.549043,LL,3
s,0,senpâtic,48.47083104,0.142906751,e,1216.581325,2151.028683,3382.560098,3591.383482,LL,3
e,0,senpâtic,48.56290871,0.04124859065,n,482.4193628,1590.016174,2477.231276,3479.783235,LL,3
n,0,senpâtic,48.65389825,0.1407304857,p,252.7485361,1299.075469,2382.50217,3318.298055,LL,3
p,0,senpâtic,48.77218465,0.09584231357,aː,245.0054784,1937.203983,2852.817483,4682.270047,LL,3
aː,1,senpâtic,48.92249562,0.204779637,t,782.6850744,1200.253394,2487.723753,3631.514283,LL,3
t,0,senpâtic,49.08736492,0.1249589658,i,665.916894,1982.780657,2864.056155,4084.252839,LL,3
i,0,senpâtic,49.20322494,0.1067610582,k,290.1205252,2168.878029,2629.064684,3795.226685,LL,3
k,0,senpâtic,49.32246189,0.1317128432,NA,493.9467164,1861.924674,2463.322755,4008.38151,LL,3
m,0,mo,49.79748985,0.05095414139,o,258.5102274,821.6904596,2380.512282,2803.755649,LL,3
o,0,mo,49.85511656,0.06429927366,i,463.6759668,967.597483,2506.379122,3346.606449,LL,3
i,0,i,49.93094117,0.08734995667,g,346.5383027,1772.788812,2357.942753,3199.039567,LL,3
g,0,gât,50.02253731,0.09584231357,aː,247.116126,1781.715772,2376.927779,3379.336736,LL,3
aː,1,gât,50.17418654,0.2074561471,t,771.3087302,1331.425288,2340.30604,3563.563505,LL,3
t,0,gât,50.37315033,0.1904714333,NA,1072.874802,1809.382587,2665.142762,3921.39065,LL,3
j,0,i,50.72298794,0.0254770707,e,329.2960298,2152.678592,2863.006695,3668.449163,LL,3
e,1,én,50.77879486,0.08613676283,ŋ,419.8411638,1938.89728,2233.61893,2703.542061,LL,3
ŋ,0,én,50.87827675,0.1128270274,s,471.4869289,1669.800524,2395.081068,3586.834113,LL,3
s,0,sänper,50.99656315,0.123745772,æ,1438.933876,2319.096837,2840.872297,3587.47399,LL,3
æ,1,sänper,51.12921403,0.1415559755,n,802.7576942,1569.025722,2488.854112,3252.436186,LL,3
n,0,sänper,51.2818826,0.1637811688,p,445.1698144,1296.944356,2254.097845,3187.063493,LL,3
p,0,sänper,51.3807579,0.03396942759,e,1276.660452,2074.648977,2936.772346,3683.892359,LL,3
e,0,sänper,51.43326918,0.07105315102,r,478.731827,1434.362177,2173.326908,3431.079825,LL,3
r,0,sänper,51.48517388,0.03275623375,s,445.8565405,1319.008289,2189.492305,3560.503574,LL,3
s,0,senpâtic,51.55614572,0.1091874458,e,1397.378657,2530.530503,3424.44831,3717.571079,LL,3
e,0,senpâtic,51.63609145,0.05070401896,n,433.8655723,1591.141818,2330.657256,2833.297136,LL,3
n,0,senpâtic,51.72392294,0.1249589658,p,272.5878311,1211.707701,2246.506042,3012.3078,LL,3
p,0,senpâtic,51.8494885,0.1261721596,aː,1082.691319,2369.22782,3350.607786,NA,LL,3
aː,1,senpâtic,52.01867276,0.2121963528,t,810.8361016,1277.658776,2545.975298,3668.581328,LL,3
t,0,senpâtic,52.18300424,0.1164666089,i,656.5541706,1393.88418,3201.758977,4161.186383,LL,3
i,0,senpâtic,52.28768287,0.09289064019,k,283.6270361,2199.444611,2523.514617,3261.063823,LL,3
k,0,senpâtic,52.41419898,0.1601415872,NA,1242.592245,2027.072688,2674.204966,4026.306172,LL,3
k,0,quénta,0.4023746234,0.04864971159,w,598.566341,896.385601,2195.309047,3620.699538,LL,5
w,0,quénta,0.4481198746,0.04284079081,e,436.1268278,1031.485909,2183.636072,3389.963702,LL,5
e,1,quénta,0.5029415645,0.06680258905,n,440.0395925,1853.138319,2234.31738,3239.918151,LL,5
n,0,quénta,0.6042346207,0.1357835234,t,410.0367445,1306.050499,2332.173453,3012.009838,LL,5
t,0,quénta,0.7089382877,0.07362381054,a,333.757874,1685.679738,2796.553421,3577.525032,LL,5
a,0,quénta,0.7699738146,0.04844724323,l,564.2193654,1433.491087,2293.468023,3766.697686,LL,5
l,0,leziån,0.8134394863,0.03848410022,e,355.6286581,1298.845121,2371.596389,3415.123233,LL,5
e,0,leziån,0.8649849204,0.06460676793,θ,431.8014975,1603.678454,2301.694758,3634.524472,LL,5
θ,0,leziån,0.9506577641,0.1067389195,j,646.9531617,1550.095249,2480.66175,3815.912618,LL,5
j,0,leziån,1.033961244,0.05986804105,ɑ,424.7940784,1919.513595,2450.946246,3452.907364,LL,5
ɑ,1,leziån,1.110941834,0.09409313906,n,646.6562306,1712.374445,2253.210387,3425.571419,LL,5
n,0,leziån,1.182018093,0.0480593772,NA,544.4003544,1567.458807,2269.64293,3978.22616,LL,5
l,0,leziån,1.590786825,0.06506695169,e,331.4278255,1795.06302,1919.085491,3585.676531,RM,5
e,0,leziån,1.650648421,0.05465623942,θ,440.9901527,2161.70889,2289.857529,2990.656587,RM,5
θ,0,leziån,1.758008891,0.1600647012,j,490.5651501,1605.74414,2757.187874,3680.557364,RM,5
j,0,leziån,1.88098543,0.08588837623,ɑ,468.9761195,1427.224356,2252.905163,2947.277029,RM,5
ɑ,1,leziån,1.97533251,0.1028057837,n,1107.333028,1615.719216,2880.830809,3900.117279,RM,5
n,0,leziån,2.084644989,0.115819174,NA,441.6098892,981.0582988,1957.888989,3290.576294,RM,5
n,0,nómmer,2.506835052,0.1617288558,o,309.8097188,573.178906,2049.095122,3168.847233,RM,5
o,1,nómmer,2.647561075,0.1197231911,mː,683.7356415,1125.234824,2935.417988,3591.658223,RM,5
mː,0,nómmer,2.769236275,0.1236272082,e,333.196632,1170.418249,2099.077354,3751.446831,RM,5
e,0,nómmer,2.890260805,0.1184218521,r,579.2188218,1356.3481,2028.255286,2887.200229,RM,5
r,0,nómmer,2.982655876,0.06636829072,θ,556.3191108,1610.486298,2399.295152,2799.210531,RM,5
θ,0,zénc,3.125787428,0.2198948123,e,722.5920785,1610.992143,2658.090172,3732.751706,RM,5
e,1,zénc,3.313799413,0.1561291585,ŋː,418.3809946,2030.248925,2532.736689,3076.929245,RM,5
ŋː,0,zénc,3.442616215,0.1015044446,k,497.8713811,2019.088978,2092.827823,3119.983504,RM,5
k,0,zénc,3.603331586,0.2199262967,NA,1307.261892,2053.181615,2273.935909,3443.250341,RM,5
d,0,dal,4.758475331,0.02862945874,a,244.5797737,1607.467848,2391.239996,3504.40551,LL,5
a,0,dal,4.822891613,0.1002031056,l,736.9257967,1305.715003,2419.056634,3542.463531,LL,5
l,0,dal,4.912684006,0.07938168106,d,318.6780387,1251.664426,2163.911039,3439.971873,LL,5
d,0,dutåur,4.96083355,0.01691740744,u,317.1774993,1232.297897,2471.343241,3422.458402,LL,5
u,0,dutåur,4.999223052,0.05986159555,t,429.9429223,1250.807247,2387.587778,3382.432066,LL,5
t,0,dutåur,5.073399377,0.0884910543,ɑu,314.2003923,1166.865884,2675.77083,3235.86181,LL,5
ɑu,1,dutåur,5.260685752,0.2860816952,r,682.9923771,1216.011312,2519.456762,3705.354016,LL,5
r,0,dutåur,5.458382839,0.1093124788,NA,1058.548847,1357.95232,1902.951148,3134.531331,LL,5
s,0,stamatéNna,6.787405268,0.1275312253,t,1527.491939,2172.798398,3145.326346,3766.315825,LL,5
t,0,stamatéNna,6.901272434,0.1002031056,a,1537.617194,2475.19104,3368.76932,NA,LL,5
a,0,stamatéNna,6.984558132,0.06636829072,m,630.6112323,1324.574623,2293.831067,3466.546268,LL,5
m,0,stamatéNna,7.05417977,0.07287498589,a,295.2241657,1025.461766,2293.869493,2657.87344,LL,5
a,0,stamatéNna,7.119246722,0.05725891749,t,581.0284417,1285.018534,2469.687168,3348.333886,LL,5
t,0,stamatéNna,7.20253242,0.1093124788,e,457.9733596,1284.788768,2523.573033,3366.568466,LL,5
e,1,stamatéNna,7.355438055,0.1964987913,ŋ,478.7190065,2008.646723,2536.608963,3668.089826,LL,5
ŋ,0,stamatéNna,7.490580164,0.07378542776,a,324.5476569,1256.222693,2394.330293,2753.61116,LL,5
a,0,a,7.571793367,0.08864097771,s,619.2358509,1452.90789,2349.89958,3475.453346,LL,5
s,0,stâg,7.662311392,0.0923950714,t,767.9910191,1620.081652,2635.066639,3817.539135,LL,5
t,0,stâg,7.737138386,0.05725891749,aː,895.1085508,1551.453866,2888.016665,3769.0084,LL,5
aː,1,stâg,7.832786805,0.1340379205,g,689.7185086,1310.575022,2217.898941,3631.81884,LL,5
g,0,stâg,7.935348591,0.0710856505,p,540.4908373,1479.87604,1912.765955,3735.739264,LL,5
p,0,pôc,8.028431944,0.1150810563,oː,593.8577139,1157.614547,2448.744489,3445.902009,LL,5
oː,1,pôc,8.157068926,0.1421929076,k,492.9154199,874.7865247,2520.672377,3131.543956,LL,5
k,0,pôc,8.271412148,0.08649353684,b,272.63812,794.1545135,2258.520931,3622.69968,LL,5
b,0,bän,8.363767712,0.09821759145,æ,215.2275776,936.0895086,2176.556811,3756.300565,LL,5
æ,1,bän,8.519148127,0.2125432371,NA,639.9213309,1564.23906,2148.502518,3822.81243,LL,5
a,0,ai,9.567937802,0.05342620532,i,672.8210815,1472.328123,2432.224545,3723.446344,LL,5
i,0,ai,9.625006703,0.06071159696,j,381.7484208,1905.47157,2626.956882,3750.517252,LL,5
j,0,ai,9.697253504,0.0837820038,ɔː,343.3580888,1841.692157,2483.856017,3684.685975,LL,5
ɔː,1,ò,9.870888671,0.2634883308,NA,554.9702567,996.562942,2531.971,3769.772099,LL,5
a,0,al,10.14015017,0.07528238023,l,593.7363162,1208.186205,2527.44916,3901.437942,LL,5
l,0,al,10.19479061,0.0339984943,s,466.0945292,1245.650948,2396.495114,3592.674916,LL,5
s,0,ståmmg,10.26911263,0.1146455464,t,1350.821232,1833.529392,2499.295263,3692.506337,LL,5
t,0,ståmmg,10.38471853,0.1165662662,ɑ,2079.027485,3411.810157,3598.838113,NA,LL,5
ɑ,1,ståmmg,10.48167313,0.07734292083,mː,673.0011211,1420.075408,2374.234531,3753.182782,LL,5
mː,0,ståmmg,10.56405694,0.08742469962,g,312.2491416,1003.078166,2277.994569,2908.185538,LL,5
g,0,ståmmg,10.65797593,0.1004132866,a,292.3600611,1542.160618,2251.373382,3453.770014,LL,5
a,0,arvêrs,10.74825223,0.08013930798,r,541.0872256,1527.575785,2324.796355,3866.482414,LL,5
r,0,arvêrs,10.84250974,0.1083757251,v,385.2827814,1272.812586,1989.017928,2663.288847,LL,5
v,0,arvêrs,10.94033723,0.08727925116,eː,399.115641,1177.934621,2342.107872,3636.600022,LL,5
eː,1,arvêrs,11.09044942,0.2129451203,r,377.8461556,2218.849651,2461.801317,3580.014933,LL,5
r,0,arvêrs,11.22667066,0.05949736502,s,411.4538047,1384.321356,2427.608532,3671.698564,LL,5
s,0,arvêrs,11.31409536,0.1153520342,NA,1502.638824,2190.356985,2851.253967,3667.023478,LL,5
e,0,es,11.64933384,0.06435429277,s,436.4551355,1913.453314,2596.724105,3818.472741,LL,5
s,0,es,11.73311584,0.1032097148,a,1571.492753,2630.332864,2759.809073,3872.986886,LL,5
a,0,am,11.81750496,0.06556852471,m,590.7327073,1360.893725,2408.675021,3834.336733,LL,5
m,0,am,11.88975176,0.07892507604,p,307.5742896,996.4724667,2286.66316,2712.196886,LL,5
p,0,prélla,11.98254117,0.1066537491,r,294.2887376,632.7003798,2288.522569,3441.188844,LL,5
r,0,prélla,12.06925943,0.06678275665,e,486.4838705,1311.34752,2309.516823,3123.942467,LL,5
e,1,prélla,12.1366493,0.06799698859,l,501.2484299,1527.571499,2439.351204,3356.265765,LL,5
l,0,prélla,12.20785113,0.07440667175,l,399.2072774,1292.52778,2584.807246,3819.76474,LL,5
l,0,la,12.29257877,0.09504861472,a,525.0617863,1178.516407,2605.594085,3907.759784,LL,5
a,0,la,12.38138697,0.08256777186,t,645.0236984,1270.56918,2539.998475,3856.818606,LL,5
t,0,tèsta,12.47729659,0.1092514747,ɛː,558.0619055,1382.332256,2961.550064,3653.382736,LL,5
ɛː,1,tèsta,12.6412032,0.218561749,s,528.9701801,1858.674777,2549.024298,3925.013524,LL,5
s,0,tèsta,12.81698352,0.1329988874,t,1380.517007,2083.428027,3181.776377,3717.550226,LL,5
t,0,tèsta,12.93751628,0.1080666426,a,1749.416014,2683.294738,3562.532166,3940.280091,LL,5
a,0,tèsta,13.0370833,0.09106739543,NA,517.0648714,1464.875756,2275.586248,3869.138607,LL,5
a,0,alåura,13.74556937,0.09106739543,l,733.3234644,1289.431666,2307.20512,3789.810675,LL,5
l,0,alåura,13.81174501,0.04128388593,ɑu,529.6652686,1176.166022,2326.965432,3785.006065,LL,5
ɑu,1,alåura,13.91981165,0.1748493992,r,704.6825464,1173.504634,2457.036063,3638.463844,LL,5
r,0,alåura,14.02666407,0.03885542205,a,518.8405831,1137.149141,1776.022054,3815.056986,LL,5
a,0,alåura,14.09587529,0.09956701901,NA,630.3637072,1392.101473,2316.78476,3797.254289,LL,5
a,0,a,14.26496265,0.06071159696,tʃ,664.1055177,1383.624701,2304.335573,3645.730069,LL,5
tʃ,0,ciâp,14.33963791,0.08863893156,aː,1555.385093,2308.800415,3532.144769,3760.308267,LL,5
aː,1,ciâp,14.42306669,0.0782186293,p,636.6023077,1377.416492,2284.745258,3712.294725,LL,5
p,0,ciâp,14.48767488,0.05099774144,s,569.7292012,1217.965939,2305.690011,3303.335717,LL,5
s,0,só,14.56599284,0.1056381787,o,1301.930509,2305.51547,3221.875627,3893.35097,LL,5
o,1,só,14.69200437,0.1463848796,NA,503.6952544,993.7006238,2559.425157,3335.263087,LL,5
e,0,e,14.94771061,0.08270763379,a,490.8460747,1716.715345,2493.785363,3549.143037,LL,5
a,0,a,15.01334907,0.04856927757,v,606.8478898,1355.892196,2446.17545,3520.648797,LL,5
v,0,vâg,15.06677527,0.05828313308,aː,443.8525145,1101.659963,2348.581529,3550.427872,LL,5
aː,1,vâg,15.17215956,0.1524854391,g,846.0390506,1193.860016,2224.561514,3852.977328,LL,5
g,0,vâg,15.27719062,0.05757668634,d,370.4942553,1344.825945,2113.101671,4088.799681,LL,5
d,0,dal,15.33338381,0.05480969899,a,256.3391075,1198.41439,1852.888186,3540.602941,LL,5
a,0,dal,15.39330431,0.06503129859,l,518.9336146,1240.323367,2661.39851,3668.168437,LL,5
l,0,dal,15.4652825,0.07892507604,d,264.9908436,1138.195945,2946.929563,3682.202044,LL,5
d,0,dutåur,15.51472751,0.01996493715,u,287.5726055,1255.498949,2418.891625,3206.214437,LL,5
u,0,dutåur,15.55176158,0.05410321113,t,389.5872448,1060.075479,2707.465164,3315.742901,LL,5
t,0,dutåur,15.62434689,0.09106739543,ɑu,410.1769797,1116.939017,2758.04678,3515.03484,LL,5
ɑu,1,dutåur,15.7950164,0.2502716414,r,693.6865464,1183.132979,2242.989092,3707.918553,LL,5
r,0,dutåur,15.96447169,0.08863893156,NA,487.3545355,1224.37948,2338.438217,2584.263222,LL,5
a,0,al,16.80626691,0.1049411174,l,697.3534281,1278.329449,2308.106331,3847.760439,LL,5
l,0,al,16.90223281,0.08699067853,d,319.3571201,1151.933406,2614.107914,3789.222679,LL,5
d,0,dutåur,16.96229779,0.03313929445,u,202.9673076,1344.276738,2676.495319,3301.980903,LL,5
u,0,dutåur,17.02029157,0.08284826567,t,399.8817285,1004.93733,2700.112531,3363.698153,LL,5
t,0,dutåur,17.09692622,0.07042101865,ɑu,351.0472831,1087.442639,2859.249893,3285.163021,LL,5
ɑu,1,dutåur,17.21636578,0.1684581146,r,718.8402561,1212.67099,2415.880172,3635.803048,LL,5
r,0,dutåur,17.32130691,0.04142412861,l,780.7619092,1252.273905,2328.025872,3682.217198,LL,5
l,0,l,17.37157687,0.05911580077,e,456.9079093,1175.849449,2343.35801,3621.507883,LL,5
e,1,é,17.41977563,0.03728171575,u,469.010706,1161.026994,2174.929975,3358.963474,LL,5
u,0,un,17.47707901,0.07732504008,n,425.5320983,724.3898984,2261.374302,2968.55547,LL,5
n,0,un,17.52885917,0.02623528146,t,266.0317847,882.8958618,2333.787298,2861.990978,LL,5
t,0,tîp,17.59545444,0.1069552555,iː,351.2595594,1282.249564,2491.336595,3802.085618,LL,5
iː,1,tîp,17.67985094,0.06183774924,p,289.9885363,2158.596147,2663.228587,3501.565651,LL,5
p,0,tîp,17.73200484,0.04247005121,s,244.8650822,2053.322892,2465.847705,3491.915607,LL,5
s,0,senpâtic,17.82711289,0.1477460587,e,1591.263852,2356.938268,3326.089901,4005.586411,LL,5
e,0,senpâtic,17.92315828,0.04434471053,n,477.3041909,1581.41807,2372.10073,3760.000075,LL,5
n,0,senpâtic,17.98744516,0.08422906152,p,263.3051141,1208.518783,2182.223946,2856.170705,LL,5
p,0,senpâtic,18.07995905,0.100798713,aː,371.5902275,1636.575437,3035.729513,3940.879767,LL,5
aː,1,senpâtic,18.23123661,0.2017563993,t,774.5179617,1302.498877,2451.163986,3676.561432,LL,5
t,0,senpâtic,18.38389497,0.1035603215,i,588.5540768,1285.69875,2304.995609,4000.400414,LL,5
i,0,senpâtic,18.457768,0.04418573719,k,374.5771305,1960.333025,2377.468468,3445.47174,LL,5
k,0,senpâtic,18.61654374,0.27336575,NA,1044.187865,1746.100245,2430.7878,3723.534985,LL,5
e,0,e,18.85498765,0.05799378006,l,481.589195,1776.158421,2463.500854,3403.286847,LL,5
l,0,l,18.90745821,0.04694734576,a,406.1503538,1345.895144,2600.021279,3485.935738,LL,5
a,1,à,18.95854797,0.05523217149,s,580.856168,1287.314921,2401.463253,3841.919893,LL,5
s,0,sänper,19.036383,0.1004378897,æ,1438.802193,2070.918149,2863.591142,3709.631946,LL,5
æ,1,sänper,19.15754549,0.1418870863,n,742.3803236,1494.79402,2249.936226,3820.689042,LL,5
n,0,sänper,19.25139462,0.0458111778,p,369.038419,1223.204097,1687.997596,3024.696131,LL,5
p,0,sänper,19.31434353,0.08008664866,e,502.7490982,1486.657732,2251.135731,3917.796178,LL,5
e,0,sänper,19.38821656,0.06765941007,r,482.9002774,1461.097625,2333.19034,3429.739322,LL,5
r,0,sänper,19.44068713,0.03728171575,v,400.0330934,1299.408393,2305.703205,2756.286519,LL,5
v,0,vójja,19.50144251,0.08422906152,o,482.4311795,1481.211713,2577.854798,3670.023614,LL,5
o,1,vójja,19.60045873,0.1138033682,j,481.840926,964.3305876,2536.574533,3164.497773,LL,5
j,0,vójja,19.70478892,0.09485701142,e,287.2361062,2091.774253,2317.737933,3478.3155,LL,5
e,0,ed,19.7770719,0.04970895434,d,431.6905042,1855.09835,2526.894204,3562.708244,LL,5
d,0,ed,19.81297281,0.02209286859,s,405.6601271,1646.856648,2505.361136,3736.381672,LL,5
s,0,scarzèr,19.89196737,0.1358962368,k,1232.658819,1870.280386,3198.702058,3547.371931,LL,5
k,0,scarzèr,19.99374519,0.06765941007,a,1187.512741,1711.920716,2062.864509,3335.474003,LL,5
a,0,scarzèr,20.0600238,0.0648978015,r,615.2775246,1409.104877,2009.54467,3543.213272,LL,5
r,0,scarzèr,20.12944895,0.07395251603,θ,452.6946469,1204.810961,2035.640876,3604.750114,LL,5
θ,0,scarzèr,20.22925181,0.1256531901,ɛː,1349.266983,2391.048304,3575.946219,NA,LL,5
ɛː,1,scarzèr,20.41879019,0.2534235745,r,576.8621552,1761.844764,2284.245412,3480.487798,LL,5
r,0,scarzèr,20.56661573,0.04222751629,NA,552.5641035,1395.787013,2486.605415,3921.927883,LL,5
a,0,al,21.41389371,0.07456343151,l,689.7477474,1266.964636,2590.470568,3533.928875,LL,5
l,0,al,21.47810111,0.0538513672,d,320.9439784,1221.589193,2678.024428,3653.103456,LL,5
d,0,dmanda,21.54161811,0.07318262722,m,258.3944035,1290.184061,2604.944723,3654.20903,LL,5
m,0,dmanda,21.62101436,0.0856098658,a,262.8189448,1111.441459,2435.015647,3088.66612,LL,5
a,1,dmanda,21.73838272,0.149126863,n,804.5978649,1528.889277,2458.885979,3546.611803,LL,5
n,0,dmanda,21.85713189,0.08837147438,d,459.6239805,757.1811973,2138.839011,2623.047043,LL,5
d,0,dmanda,21.93445693,0.06627860578,a,235.4422119,1196.960118,2656.235763,3764.666758,LL,5
a,0,dmanda,22.02489961,0.1146067558,NA,548.070464,1457.878344,2490.791418,3645.437046,LL,5
a,0,andrícco,22.59791238,0.06904021436,n,676.2089643,1296.523016,2418.92041,4201.390307,LL,5
n,0,andrícco,22.65728696,0.04970895434,d,251.7368504,1180.387563,2412.241868,3072.907479,LL,5
d,0,andrícco,22.71597115,0.06765941007,r,224.9767498,1218.609618,2469.424398,3606.033671,LL,5
r,0,andrícco,22.7663705,0.03313930289,i,450.1831285,1385.120858,2335.000733,3381.762225,LL,5
i,1,andrícco,22.83817233,0.110464343,kː,362.5557775,1860.146805,2483.897784,3377.167089,LL,5
kː,0,andrícco,22.96865833,0.1505076673,o,303.5039698,1981.406043,2356.970641,3493.877815,LL,5
o,0,andrícco,23.12940904,0.1709937605,NA,504.1939124,1022.442649,2448.251924,3486.167624,LL,5
ɛː,1,èt,23.74346096,0.1021795172,t,548.6502668,1771.715324,2461.333015,3480.861896,LL,5
t,0,èt,23.84149806,0.09389469153,a,495.2524697,1759.440635,2667.031513,3629.873594,LL,5
a,0,al,23.91606149,0.05523217149,l,573.0346179,1267.956224,2483.391095,3468.832542,LL,5
l,0,al,23.96922246,0.05108975862,m,411.1504166,1176.528745,2516.017759,3647.703898,LL,5
m,0,mèl,24.05276112,0.1159875601,ɛː,260.2411886,1186.21924,2359.887947,2740.140184,LL,5
ɛː,1,mèl,24.16598707,0.110464343,l,634.1212323,1599.798134,2484.992416,3458.142698,LL,5
l,0,mèl,24.24034128,0.03824407677,d,288.3441812,1519.360878,2536.482723,3613.311806,LL,5
d,0,dscurdån,24.27120015,0.02347367288,s,198.9282591,1572.223401,2810.212674,3400.317399,LL,5
s,0,dscurdån,24.3167667,0.06765941007,k,1359.285663,2167.18309,3041.45436,3256.229509,LL,5
k,0,dscurdån,24.39961495,0.09803710439,u,1021.949701,1603.438131,2740.438202,3537.12572,LL,5
u,0,dscurdån,24.48087318,0.06447935823,r,366.8393483,671.0115023,2561.424511,3329.415842,LL,5
r,0,dscurdån,24.56853751,0.1108492874,d,713.842807,1097.43376,2931.741725,3414.027916,LL,5
d,0,dscurdån,24.66676708,0.0856098658,ɑ,255.8797678,1180.197594,2559.521849,3822.593982,LL,5
ɑ,1,dscurdån,24.79704387,0.1749437012,n,641.454677,1631.855986,2532.14553,3536.08998,LL,5
n,0,dscurdån,24.93422467,0.09941790868,NA,357.5493781,941.3345676,2037.085686,2748.213285,LL,5
a,0,a,26.07717057,0.07180182293,s,653.0436643,1401.882025,1794.644335,3652.469935,LL,5
s,0,spiêg,26.1814213,0.1366996244,p,1554.70834,2450.166577,3100.255002,3529.796765,LL,5
p,0,spiêg,26.30983609,0.120129973,i,1402.185489,2586.781657,3697.772289,NA,LL,5
i,0,spiêg,26.40276759,0.06573302425,eː,259.4527008,2436.540848,3045.893711,3878.499599,LL,5
eː,1,spiêg,26.55397871,0.2366892012,g,375.7428396,2303.165671,2806.981709,3944.958513,LL,5
g,0,spiêg,26.7623345,0.1800223885,NA,219.0407425,2106.729002,2514.945746,3753.166178,LL,5
k,0,ch'a,27.1422811,0.05799378006,a,1050.898082,1862.532449,2348.870629,3430.6496,LL,5
a,0,ch'a,27.19809066,0.05362535501,n,556.6586095,1581.59139,2231.685583,3709.455086,LL,5
n,0,n,27.25251943,0.05523217149,ɔː,317.4710615,1076.752704,2313.043766,2774.680937,LL,5
ɔː,1,ò,27.31189401,0.06351699721,b,470.8251694,1135.143796,2601.490871,3490.758057,LL,5
b,0,brîSa,27.38162463,0.07594423579,r,233.2194806,874.6891343,2334.101014,3725.951477,LL,5
r,0,brîSa,27.44280819,0.04642289252,iː,431.7193057,1313.746677,1983.481932,3493.814952,LL,5
iː,1,brîSa,27.55258038,0.1731214765,z,322.8967889,1627.324063,2495.511071,3509.157242,LL,5
z,0,brîSa,27.70066815,0.1230540675,a,1714.862382,2387.952383,3546.924537,4429.796677,LL,5
a,0,brîSa,27.81652773,0.1086650954,l,634.9214288,1413.348117,2525.551919,3819.707185,LL,5
l,0,al,27.89799518,0.05426981047,m,417.2561754,1234.229653,2601.109129,3489.17537,LL,5
m,0,mèl,27.99050907,0.130757964,ɛː,241.5774569,1161.439721,2389.641053,2536.778268,LL,5
ɛː,1,mèl,28.12284031,0.133904517,l,600.4930227,1734.698058,2438.974103,3583.426526,LL,5
l,0,mèl,28.2332879,0.08699067009,d,298.1569325,1570.74295,2670.902672,3741.293277,LL,5
d,0,dscurdån,28.30370892,0.0538513672,s,377.440704,1905.30219,3097.657615,3608.51506,LL,5
s,0,dscurdån,28.3596315,0.05799378006,k,1338.009971,1963.017602,3218.190983,3949.418527,LL,5
k,0,dscurdån,28.43872229,0.1001877975,u,1068.847085,1653.680825,2979.751109,3840.690321,LL,5
u,0,dscurdån,28.51741138,0.05719039238,r,395.0312853,787.7681006,2597.358507,3231.652951,LL,5
r,0,dscurdån,28.60054835,0.1090835387,d,528.9531757,1107.308733,2770.187572,3577.876146,LL,5
d,0,dscurdån,28.69927585,0.08837147438,ɑ,248.2463335,1203.147235,2937.329319,3393.119122,LL,5
ɑ,1,dscurdån,28.81051008,0.1340969892,n,682.5836342,1587.059674,2495.757381,3638.402779,LL,5
n,0,dscurdån,28.92726753,0.09941790868,NA,403.5150648,834.1655437,2047.524022,2785.493406,LL,5
e,0,e,29.40929362,0.06904021436,k,454.8115116,2039.170246,2612.091776,3790.297413,LL,5
k,0,ch'a,29.48385705,0.08008664866,a,363.2702441,2222.143898,2293.304158,3735.796638,LL,5
a,0,ch'a,29.55575511,0.06370946941,n,560.0113752,1417.595558,2083.05078,3895.875224,LL,5
n,0,n,29.60615447,0.03708924355,s,566.8118643,1256.50468,2286.743263,3931.488656,LL,5
s,0,sò,29.66957523,0.08975227867,ɔː,1210.928143,2452.234685,3308.00007,3677.761289,LL,5
ɔː,1,sò,29.73930585,0.04970895434,b,429.7740363,1166.076655,2098.319663,3391.475,LL,5
b,0,brîSa,29.79758834,0.06685602239,r,278.3495568,964.4193696,2344.345208,3520.827945,LL,5
r,0,brîSa,29.85569144,0.04935018857,iː,481.1347157,1251.407215,2350.397321,3754.415028,LL,5
iː,1,brîSa,29.92673064,0.09272821399,z,425.5553188,2019.303202,2487.653197,3816.401533,LL,5
z,0,brîSa,30.00609705,0.06600460153,a,924.6212582,2219.796062,3209.999222,4140.49235,LL,5
a,0,brîSa,30.06119222,0.04418573719,k,435.4444866,1353.661521,2046.708211,3220.858338,LL,5
k,0,cus'ai,30.12785577,0.08914136319,u,429.8743683,1331.547678,2408.963197,3612.981442,LL,5
u,0,cus'ai,30.19728093,0.04970895434,s,394.7515034,919.4373393,2101.31202,3285.62272,LL,5
s,0,cus'ai,30.26217873,0.08008664866,ai,1269.851895,1864.276425,2779.398412,3484.988982,LL,5
ai,0,cus'ai,30.37755537,0.1506666406,ɔː,402.498554,1899.628917,2482.149333,3929.598295,LL,5
ɔː,1,ò,30.51088247,0.1159875601,NA,603.70107,1096.252129,2355.868165,3502.260598,LL,5
a,0,andrícco,31.19368585,0.07774348335,n,651.8849827,1299.537233,2413.143515,3241.571854,LL,5
n,0,andrícco,31.2663873,0.06765941007,d,255.6723268,1164.180257,2472.421846,2675.24616,LL,5
d,0,andrícco,31.32783309,0.05523217149,r,1370.316003,2613.405896,3608.808624,3916.237754,LL,5
r,0,andrícco,31.37823245,0.04556654148,i,424.0580552,1430.768238,2397.179862,3668.443653,LL,5
i,1,andrícco,31.45141507,0.100798713,kː,339.4418139,1951.042701,2509.847082,3272.246322,LL,5
kː,0,andrícco,31.57971689,0.1558049134,o,336.7890801,2074.012452,2433.363921,3675.814955,LL,5
o,0,andrícco,31.73839639,0.1615541016,NA,479.8692067,1098.204977,2439.406262,3481.671607,LL,5
a,0,al,32.27978993,0.03503726299,l,687.4935144,1318.712574,2426.703452,3607.464611,LL,5
l,0,al,32.34236104,0.09010495252,v,389.7194914,1199.691834,2507.653118,3695.238903,LL,5
v,0,và,32.40543451,0.03604198101,a,224.863879,1144.663,2479.967784,3553.935086,LL,5
a,1,và,32.45529258,0.06367416645,e,635.379735,1342.977441,2479.340988,3598.381054,LL,5
e,0,ed,32.50635205,0.03844477974,d,545.8471292,1608.082369,2464.943576,3705.906269,LL,5
d,0,ed,32.57516672,0.09918455709,l,298.5140919,1514.135693,2043.714574,3689.627935,LL,5
l,0,lóng,32.66078636,0.0720547284,o,350.3250036,1302.049295,2544.455756,3598.830428,LL,5
o,1,lóng,32.7436683,0.09370915062,n,497.7389218,1060.044448,2590.868738,3326.115095,LL,5
n,0,lóng,32.82716556,0.07328536138,g,394.1009987,720.8577961,2215.260802,2791.69799,LL,5
g,0,lóng,32.88723553,0.04685457531,NA,306.0315043,1217.678092,2244.05571,3666.628175,LL,5
iː,1,ît,33.42487239,0.09250775125,t,305.0668086,2001.547728,2303.186943,3435.603591,LL,5
t,0,ît,33.50236265,0.06247276708,s,283.4570523,2088.138888,2780.059458,3507.902763,LL,5
s,0,stóff,33.57865151,0.09010495252,t,1475.54875,2691.989458,3300.074898,3870.475883,LL,5
t,0,stóff,33.66515226,0.08289655632,o,1450.967863,2414.162128,3115.44111,3477.952142,LL,5
o,1,stóff,33.73902368,0.06484629107,fː,454.407692,1059.606294,2546.072347,3242.927966,LL,5
fː,0,stóff,33.8201035,0.09731334872,e,666.9069974,2058.137596,2800.869021,3653.583774,LL,5
e,0,ed,33.89225656,0.04699275282,d,417.1625449,1555.177841,2327.267245,3496.216277,LL,5
d,0,ed,33.92956902,0.02763218544,t,251.9518459,1513.889279,2365.937738,3525.621292,LL,5
t,0,tirèr,34.01049603,0.1342218246,i,344.3568036,1620.184541,2952.488031,3868.193275,LL,5
i,0,tirèr,34.11785382,0.08049375758,r,384.8726361,1824.327341,2361.392605,3701.098043,LL,5
r,0,tirèr,34.17011469,0.02402798734,ɛː,422.6617038,1359.354534,2357.59186,3652.005742,LL,5
ɛː,1,tirèr,34.25376478,0.1432721955,r,589.7117385,1619.095977,2328.363435,3566.074012,LL,5
r,0,tirèr,34.34282117,0.03484058164,a,422.507845,1315.562267,2341.112048,3677.275754,LL,5
a,0,al,34.39628344,0.07208396201,l,534.699701,1316.533172,2417.511051,3686.112541,LL,5
l,0,al,34.46836741,0.07208396201,f,385.4988588,1251.488967,2033.163533,3566.753961,LL,5
f,0,fiè,34.5830027,0.1571866312,j,635.5833354,1690.955451,2486.328538,3582.199232,LL,5
j,1,fiè,34.73261443,0.1420368156,ɛː,488.6910906,1897.148948,2513.618093,3568.95027,LL,5
ɛː,1,fiè,34.87573379,0.1442019046,NA,536.6061914,1820.1477,2232.81393,3591.424693,LL,5
a,0,a,35.80670792,0.09903772272,s,659.032173,1333.276218,2298.171086,3289.59004,LL,5
s,0,spiêg,35.90494695,0.0974403401,p,1443.959135,2411.605861,3394.200663,3976.378248,LL,5
p,0,spiêg,36.00957551,0.1118167837,i,388.9735774,1737.070854,2705.281637,3552.913396,LL,5
i,0,spiêg,36.078839,0.02671019272,eː,279.1938099,2017.817102,2547.595582,3786.443443,LL,5
eː,1,spiêg,36.26001118,0.3356341664,g,394.882072,2166.636792,2756.182828,3556.526868,LL,5
g,0,spiêg,36.4993571,0.1430576731,NA,1171.207503,2148.637003,2362.424587,3552.228255,LL,5
a,0,anc,36.91441513,0.1905338421,n,847.6639759,1560.648327,2262.830422,3161.734764,LL,5
n,0,anc,37.06181964,0.1042751803,k,327.2421151,850.0309428,2203.948561,2802.77148,LL,5
k,0,anc,37.20636337,0.1848122762,NA,1303.315886,1967.466732,2271.476868,3606.170665,LL,5
k,0,ch'a,37.52466838,0.03833718299,a,1159.606454,1921.451248,2628.941554,3878.293127,LL,5
a,0,ch'a,37.57578462,0.06389530498,n,598.0732691,1542.106543,1986.961127,3801.395661,LL,5
n,0,n,37.63089433,0.04632409611,s,512.6577418,1127.658114,2378.567284,3922.463901,LL,5
s,0,sån,37.70253447,0.09695619072,ɑ,1675.356446,2513.559373,3550.787306,3682.957491,LL,5
ɑ,1,sån,37.78775236,0.07347960073,n,668.9055583,1566.877768,2182.704875,3387.167751,LL,5
n,0,sån,37.8492516,0.04951886136,b,544.3176289,1233.228015,2256.603286,3089.251474,LL,5
b,0,brîSa,37.91394559,0.07986913123,r,259.2273677,829.4478856,1943.016847,3346.006033,LL,5
r,0,brîSa,37.97988359,0.05200686348,iː,474.7555873,1307.752578,2374.208396,2420.041194,LL,5
iː,1,brîSa,38.08140929,0.1510445451,z,367.1823126,2061.280121,2456.395043,3427.741358,LL,5
z,0,brîSa,38.19207398,0.07028483548,a,1602.295787,2480.281621,3656.596498,4171.136258,LL,5
a,0,brîSa,38.25916405,0.06389530498,s,503.8258116,1477.439817,2371.64635,3914.460492,LL,5
s,0,stóff,38.32851945,0.07481548885,t,1460.273809,1984.137085,2376.051548,3690.378013,LL,5
t,0,stóff,38.39947223,0.06709007023,o,1589.440083,2407.665352,3304.750355,NA,LL,5
o,1,stóff,38.47055576,0.07507698335,f,513.4292728,1052.581272,2568.880687,3381.843185,LL,5
f,0,stóff,38.57198955,0.12779061,e,623.4164555,1544.464116,2580.138299,3789.025564,LL,5
e,0,ed,38.66703382,0.06229792236,t,458.9078402,1591.948529,2361.028185,3644.246024,LL,5
t,0,tirèr,38.79320765,0.1900497338,i,464.1927838,2336.883006,3082.896926,3617.427392,LL,5
i,0,tirèr,38.93489059,0.09331615684,r,440.2576604,1916.695315,2464.225139,3629.080936,LL,5
r,0,tirèr,38.99033428,0.01757120887,ɛː,442.0484305,1397.701896,2278.311056,3618.827583,LL,5
ɛː,1,tirèr,39.05023612,0.102232488,r,630.2765775,1609.422583,2326.68072,3675.605286,LL,5
r,0,tirèr,39.11972227,0.03673980036,a,514.14871,1383.193383,2282.958269,3775.647485,LL,5
a,0,al,39.17403328,0.0718822181,l,557.2308457,1406.254021,2237.806634,3712.529813,LL,5
l,0,al,39.23153905,0.04312933086,f,443.1991063,1272.430229,2308.86523,3532.690542,LL,5
f,0,fiè,39.31915302,0.1320986085,j,539.0845612,1866.595753,2559.248471,3485.761771,LL,5
j,0,fiè,39.41120574,0.05200682236,ɛː,303.0397505,2075.070833,2470.179552,3690.344328,LL,5
ɛː,1,fiè,39.50749398,0.140569671,NA,489.9839087,1960.499525,2416.800099,3653.885756,LL,5
e,0,e,39.66004403,0.0782717486,k,465.5939292,1984.490828,2523.454675,3479.548151,LL,5
k,0,che,39.75564491,0.112930017,e,455.9926347,2076.361293,2550.50084,3546.801312,LL,5
e,0,che,39.84325888,0.06229792236,NA,477.3021581,2062.109413,2521.171444,3786.641721,LL,5
a,1,anzi,40.04129548,0.1453618188,n,874.0981297,1506.629315,2501.625952,3824.182307,LL,5
n,0,anzi,40.18585861,0.1437644362,θ,448.207994,823.1654744,2134.244915,3021.491832,LL,5
θ,0,anzi,40.35505044,0.1946192268,i,1173.278504,1619.226513,2522.836986,3671.638766,LL,5
i,0,anzi,40.53222919,0.1597382625,NA,320.7149813,2089.188281,2610.089186,3738.409667,LL,5
a,0,am,41.04513407,0.07028483548,m,670.8569622,1352.920945,2119.004453,3543.70874,LL,5
m,0,am,41.11781498,0.07507698335,p,262.1194071,1048.757422,2304.814098,2844.511765,LL,5
p,0,pièS,41.20212287,0.09353881172,i,233.6280122,735.0744207,2135.668878,3634.391803,LL,5
i,0,pièS,41.27045695,0.04312933086,ɛː,349.016941,2105.271931,2434.710963,3694.711835,LL,5
ɛː,1,pièS,41.34313785,0.102232488,z,528.9853728,1925.212038,2463.11084,3685.9776,LL,5
z,0,pièS,41.42779913,0.06709007023,d,583.0307457,1926.188569,2680.49673,3718.535045,LL,5
d,0,dimónndi,41.50833623,0.09398412146,i,238.9626705,1580.904031,2382.049116,4000.904018,LL,5
i,0,dimónndi,41.57769165,0.04472671349,m,322.6075247,2038.75686,2452.031921,3461.52815,LL,5
m,0,dimónndi,41.63599611,0.0718822181,o,301.7565926,1006.40982,2209.58167,2719.410648,LL,5
o,1,dimónndi,41.72385216,0.1038298706,n,547.2526819,996.6516909,2575.510075,3478.015961,LL,5
n,0,dimónndi,41.80931213,0.06709007023,d,311.1086864,382.8500827,2321.782146,2588.258002,LL,5
d,0,dimónndi,41.86417977,0.04264522261,j,308.9610754,1741.149061,2445.138645,3640.482762,LL,5
j,0,dimónndi,41.90067752,0.03035026987,e,327.500746,1970.829987,2517.901165,3675.326924,LL,5
e,0,ed,41.9390147,0.04632409611,d,449.4481949,1826.080731,2448.480645,3200.225731,LL,5
d,0,ed,41.98374142,0.04312933086,s,388.4112888,1737.447905,2899.663936,3623.722508,LL,5
s,0,stèr,42.04444196,0.0782717486,t,1136.553384,2131.585712,3466.373549,4020.465824,LL,5
t,0,stèr,42.11073334,0.05431100923,ɛː,940.5626114,1893.716424,2900.757577,3255.584222,LL,5
ɛː,1,stèr,42.18647828,0.09717888671,r,658.5627839,1613.382127,2448.207421,3767.057196,LL,5
r,0,stèr,42.25423632,0.03833718299,a,539.0206129,1291.292254,2379.951599,2961.150748,LL,5
a,0,al,42.29097612,0.03514241774,l,572.5405509,1228.35667,2456.571078,2648.489136,LL,5
l,0,al,42.34848189,0.07986913123,m,452.069718,1207.648283,2611.228101,2938.464752,LL,5
m,0,månnd,42.45104836,0.1252638093,ɑ,230.9442265,1081.384496,2308.132935,2844.054019,LL,5
ɑ,1,månnd,42.57174268,0.1161248233,nː,790.5144698,1323.738277,2544.319695,3792.027941,LL,5
nː,0,månnd,42.69449909,0.1293879926,d,296.2905814,1150.777875,2295.598813,2836.928541,LL,5
d,0,månnd,42.81590017,0.1134141663,NA,276.4207351,1901.605231,3049.068973,3721.762767,LL,5
a,0,andrícco,43.55795714,0.07750388905,n,633.889095,1278.893672,2510.038832,3381.001308,LL,5
n,0,andrícco,43.6198112,0.04620424155,d,273.1338802,1157.561166,2458.356021,2764.222888,LL,5
d,0,andrícco,43.66676067,0.04769470095,r,243.9282703,1024.732784,2549.393698,3670.716971,LL,5
r,0,andrícco,43.71892675,0.05663745738,i,451.3515455,1408.179333,2451.262945,3537.216865,LL,5
i,1,andrícco,43.7979211,0.1013512395,kː,337.9935056,1956.084409,2483.607171,3279.796056,LL,5
kː,0,andrícco,43.91395111,0.1307087834,o,288.0281473,2128.59816,2366.517379,3556.519591,LL,5
o,0,andrícco,44.07394968,0.1892883444,NA,470.6535457,1056.482133,2494.13892,3514.357356,LL,5
a,0,al,44.51621431,0.04173286333,l,690.4266205,1252.068535,2461.472907,3718.86123,LL,5
l,0,al,44.56912562,0.06408975441,f,440.2681864,1191.702656,2511.071838,3622.858887,LL,5
f,0,fà,44.6615341,0.1207272118,a,786.2005401,1465.374166,2589.827617,3746.996683,LL,5
a,1,fà,44.74723552,0.05067561976,l,545.5243438,1130.692455,2541.421536,3288.524618,LL,5
l,0,ló,44.79791114,0.05067561976,o,385.7042844,1110.011804,2487.153325,3039.668211,LL,5
o,1,ló,44.87295352,0.09940913594,NA,479.3998713,1030.879023,2598.33329,3301.882183,LL,5
ɛː,1,èt,45.65283128,0.09721116205,t,553.2184218,1795.59302,2604.525446,3380.41873,LL,5
t,0,èt,45.76329092,0.1237081306,m,545.8343222,1798.093253,2951.315558,3885.049915,LL,5
m,0,mèl,45.84750188,0.04471378214,ɛː,271.196584,1225.5123,2318.774701,3192.712243,LL,5
ɛː,1,mèl,45.91126195,0.08280635234,l,559.7115666,1637.809746,2342.058501,3143.334476,LL,5
l,0,mèl,45.97502202,0.04471378214,ai,425.6606257,1400.064473,2485.874667,3472.529503,LL,5
ai,0,ai,46.06594004,0.1371222652,d,452.532911,1867.62765,2521.056727,3134.70672,LL,5
d,0,dént,46.16878174,0.06856113262,e,274.5806847,2033.524153,2858.264977,3882.303831,LL,5
e,1,dént,46.28139728,0.1566699483,n,471.1941644,1895.308293,2658.954887,3700.175912,LL,5
n,0,dént,46.41870928,0.1179540642,t,362.5053277,683.2066395,2360.102612,2742.402616,LL,5
t,0,dént,46.52687148,0.09837032071,NA,283.9489202,761.0488975,2453.282437,3814.036028,LL,5
t,0,t,47.18045166,0.0298091881,a,1187.968703,1907.18522,2958.988674,3913.839295,LL,5
a,0,al,47.22814636,0.06558021381,l,638.6455404,1371.038091,2498.679331,3656.756272,LL,5
l,0,al,47.31012163,0.09837032071,s,336.1364009,1223.732925,2556.726389,3698.53476,LL,5
s,0,sè,47.43573576,0.1528579444,ɛː,1608.867933,2558.186183,3631.099486,4021.219976,LL,5
ɛː,1,sè,47.6351096,0.2458897413,k,554.1323185,1901.843058,2544.020133,3105.953332,LL,5
k,0,che,47.81202267,0.107936391,e,481.9609481,2074.489588,2733.780522,3767.03451,LL,5
e,0,che,47.89281913,0.05365653857,p,403.4068766,1960.268929,2402.982824,3125.492308,LL,5
p,0,pr,47.9747944,0.110293996,r,419.1109548,2062.687865,2266.320476,3892.507026,LL,5
r,0,pr,48.07751418,0.09514557012,ɔː,494.9042139,1067.605558,1552.016435,3810.439274,LL,5
ɔː,1,ògni,48.16831029,0.08644664548,ɲ,478.3163882,1001.402847,2279.884433,2661.847703,LL,5
ɲ,0,ògni,48.23538097,0.04769470095,i,272.1299274,1196.857046,2413.712821,3579.57796,LL,5
i,0,ògni,48.29723503,0.07601342964,m,311.4568369,2135.410086,2650.437602,3420.161781,LL,5
m,0,mèl,48.37376789,0.07705228599,ɛː,296.818767,1225.125132,2266.544435,3580.095804,LL,5
ɛː,1,mèl,48.53674739,0.2489067206,l,620.6277692,1775.163931,2660.014733,3628.721206,LL,5
l,0,mèl,48.69301983,0.06363815135,NA,341.9428533,1499.968015,2643.183811,4039.514255,LL,5
b,0,biSåggna,48.97159579,0.03875194452,i,229.7945765,1453.254831,2417.301076,3476.732926,LL,5
i,0,biSåggna,49.01929049,0.05663745738,z,289.8551837,2056.439414,2461.410275,3313.339163,LL,5
z,0,biSåggna,49.1016813,0.1081441622,ɑ,1714.549177,2409.21121,3509.900624,4005.928316,LL,5
ɑ,1,biSåggna,49.23675762,0.1620084721,ɲ,744.8366831,1431.317201,2235.391691,3694.345676,LL,5
ɲ,0,biSåggna,49.35278765,0.07005159202,a,373.6366047,522.312864,1768.757124,3023.925805,LL,5
a,0,biSåggna,49.44817705,0.1207272118,n,535.4204269,1676.045168,2602.468862,3716.645649,LL,5
n,0,andèr,49.54886892,0.08065651861,d,307.6467328,999.7571661,2303.078894,2733.842751,LL,5
d,0,andèr,49.62422297,0.07005159202,ɛː,243.1087724,1356.493212,2608.299754,3868.999171,LL,5
ɛː,1,andèr,49.75016679,0.1818360474,r,611.6987449,1766.486816,2548.288069,3510.073265,LL,5
r,0,andèr,49.8783463,0.07452297024,d,526.2682061,1447.590666,1792.75252,2645.851138,LL,5
d,0,dal,49.95328481,0.07535405532,a,284.5471527,1244.601214,2459.76334,3597.178059,LL,5
a,0,dal,50.01331873,0.04471378214,l,540.2516856,1378.653457,2551.896487,3731.796837,LL,5
l,0,dal,50.06995619,0.06856113262,s,426.2176586,1158.222317,2192.064707,3815.583053,LL,5
s,0,sô,50.17706944,0.1456653713,oː,1268.807549,2091.736693,2937.182156,3585.006591,LL,5
oː,1,sô,50.32490864,0.1500130262,s,493.3358224,875.1918272,2553.955131,3070.846854,LL,5
s,0,spezialéssta,50.4260081,0.05218589715,p,1012.824578,1935.619095,2193.113478,3346.581932,LL,5
p,0,spezialéssta,50.49383391,0.08346572667,e,654.3878645,2082.830525,3202.810413,3944.889546,LL,5
e,0,spezialéssta,50.55941413,0.04769470095,θ,417.5409553,1529.616061,2303.855566,3655.708732,LL,5
θ,0,spezialéssta,50.63147561,0.09642825826,j,523.6735456,1792.273811,2716.946878,3822.376366,LL,5
j,0,spezialéssta,50.69556423,0.03174899034,a,370.9887658,1747.902956,2473.631618,3555.449719,LL,5
a,0,spezialéssta,50.73100557,0.03913368676,l,534.6496384,1485.472093,2402.187395,3847.177509,LL,5
l,0,spezialéssta,50.77292931,0.04471378214,e,394.0386636,1336.332756,2458.701321,3456.810265,LL,5
e,1,spezialéssta,50.8429809,0.09538940191,sː,486.1599774,1697.359012,2332.892673,3156.620355,LL,5
sː,0,spezialéssta,50.930918,0.08048480786,t,953.8392722,1959.67954,3200.934822,4025.387532,LL,5
t,0,spezialéssta,51.00767666,0.07303251083,a,330.7935047,1801.456099,2620.813334,3777.258204,LL,5
a,0,spezialéssta,51.0833604,0.07833497413,NA,501.3952016,1506.691647,2481.623865,3700.087744,LL,5
e,0,e,51.54553847,0.06558021381,m,488.7935822,1942.805774,2525.675239,3678.781211,LL,5
m,0,mé,51.62229713,0.08793710488,e,277.710281,1157.97364,2365.300223,2724.29503,LL,5
e,1,mé,51.77921091,0.2258904552,NA,457.4705653,1956.889152,2550.440841,3790.260026,LL,5
a,0,a,51.9614625,0.08495618607,n,608.4797814,1527.521808,2306.245472,3567.309044,LL,5
n,0,n,52.03374978,0.05961837619,s,630.4573834,735.1534325,2160.950069,2462.938318,LL,5
s,0,sån,52.11539753,0.1036771172,ɑ,1539.84682,2085.188091,2649.121212,3815.435835,LL,5
ɑ,1,sån,52.21104292,0.0876136749,n,718.6619654,1516.120199,2312.915234,2954.587262,LL,5
n,0,sån,52.28405432,0.0584091166,b,652.5636932,2009.044999,2244.091896,4834.812458,LL,5
b,0,brîSa,52.34244658,0.05837541408,r,245.3746297,954.1667831,2366.517359,3665.444133,LL,5
r,0,brîSa,52.3958037,0.04833882015,iː,508.4862184,1353.541312,2276.816394,2460.070783,LL,5
iː,1,brîSa,52.50057248,0.1611987299,z,407.032013,2095.062132,2489.176686,3641.501556,LL,5
z,0,brîSa,52.63343762,0.1045315666,a,1376.222298,2391.50669,3519.560565,3940.01917,LL,5
a,0,brîSa,52.71143123,0.05145565034,u,493.6515773,1409.122149,2356.823012,3809.428083,LL,5
u,0,un,52.7732033,0.07208849078,n,432.8826494,830.2720776,2427.987096,3295.379526,LL,5
n,0,un,52.82703578,0.0355764571,d,285.2532154,850.44928,2407.621048,2677.822437,LL,5
d,0,dintéssta,52.86916114,0.04867426383,i,215.6488385,1196.924605,2527.251553,3495.385019,LL,5
i,0,dintéssta,52.92944559,0.07189463496,n,318.9818318,1959.872236,2331.454004,3338.89706,LL,5
n,0,dintéssta,52.99946489,0.06814396936,t,285.4203336,739.5332567,2337.052985,2626.994721,LL,5
t,0,dintéssta,53.08001132,0.09294888957,e,311.0161858,1598.052993,2708.76728,3978.0883,LL,5
e,1,dintéssta,53.18559023,0.1182089264,sː,466.9945482,1845.670266,2576.072603,3789.692241,LL,5
sː,0,dintéssta,53.29893173,0.1084740737,t,1539.02625,1918.989446,3129.866363,3710.161461,LL,5
t,0,dintéssta,53.39141283,0.07648812888,a,963.8935696,1431.613112,2252.375978,3656.106308,LL,5
a,0,dintéssta,53.4908474,0.1223810062,NA,511.5023377,1484.35731,2440.297681,3775.150583,LL,5
e,0,e,54.14951323,0.06397188961,m,488.4376854,1947.647382,2496.087372,3639.123567,LL,5
m,0,mé,54.2266967,0.0903950614,e,292.3931965,1398.736781,2306.274011,3426.657086,LL,5
e,1,mé,54.3414289,0.1390693252,NA,481.7952825,1953.112528,2585.048283,3740.019155,LL,5
ai,0,ai,55.24864136,0.1084740737,ɔː,501.2128456,1693.702354,2543.44378,3511.511869,LL,5
ɔː,1,ò,55.34529454,0.08483228839,s,473.991128,1393.214285,2345.368312,3407.64406,LL,5
s,0,såul,55.43638495,0.09734852766,ɑu,1323.818718,2037.925495,2808.319724,3782.093104,LL,5
ɑu,1,såul,55.55567693,0.1412354418,l,718.264608,1243.858664,2283.386942,3545.897065,LL,5
l,0,såul,55.68350693,0.1144245583,u,393.451311,941.5848719,1424.404992,3732.838467,LL,5
u,0,un,55.76824227,0.05504612151,n,438.174662,1015.199402,2462.107187,3412.974216,LL,5
n,0,un,55.81998871,0.04844674662,p,475.0943713,2445.041311,2730.709546,4775.764968,LL,5
p,0,pôc,55.90912311,0.1298220648,oː,441.3994711,2532.000036,3829.768893,NA,LL,5
oː,1,pôc,56.02935058,0.1106328743,d,483.5645978,819.9258755,2594.069555,3308.806159,LL,5
d,0,d,56.1589259,0.1485177574,i,272.0786587,884.9168625,2207.636619,3061.523258,LL,5
i,0,ingåssa,56.27351488,0.08066020863,n,345.2673225,2048.179002,2499.109928,3663.129404,LL,5
n,0,ingåssa,56.35465973,0.08162948773,g,382.4833678,2175.353936,2457.595044,4483.050014,LL,5
g,0,ingåssa,56.42189764,0.05284634359,ɑ,243.4745234,1747.46743,2266.340505,3838.244236,LL,5
ɑ,1,ingåssa,56.51893854,0.1412354418,sː,765.6406056,1378.596312,2141.773231,4138.963125,LL,5
sː,0,ingåssa,56.68551409,0.1919156688,a,1439.691443,2483.273528,3431.584457,3955.22012,LL,5
a,0,ingåssa,56.82099291,0.07904195705,NA,499.5348435,1425.924233,2445.859584,3257.633532,LL,5
k,0,con,57.19811101,0.03075540485,o,662.3778419,1073.316611,2420.415602,3635.282659,LL,5
o,0,con,57.24269327,0.0584091166,u,386.9206088,945.8331015,2355.306096,3097.188319,LL,5
u,0,una,57.32057209,0.09734852766,n,393.7459697,926.3162969,2301.504929,2943.087745,LL,5
n,0,una,57.38663002,0.03476733131,a,422.5058842,1220.324006,2185.10506,2918.083315,LL,5
a,0,una,57.46520419,0.1223810062,b,629.3769446,1395.312952,2564.61776,3839.079711,LL,5
b,0,bôna,57.58007132,0.1073532514,oː,403.538254,1290.885816,2338.808558,3515.211898,LL,5
oː,1,bôna,57.68305033,0.09860478119,n,470.730878,887.5830014,2491.130224,3202.010871,LL,5
n,0,bôna,57.75749449,0.05028353493,a,340.9576603,1154.693339,2407.796252,2834.503831,LL,5
a,0,bôna,57.80349666,0.04172079757,m,568.2308071,1277.97145,2504.619542,3840.137526,LL,5
m,0,midgéNna,57.86577022,0.08282632516,i,325.4377783,937.8899906,2168.151607,2433.972411,LL,5
i,0,midgéNna,57.94125537,0.06814396936,dʒ,350.9352914,2005.809663,2441.498498,3628.26992,LL,5
dʒ,0,midgéNna,58.05112013,0.1515855645,e,1694.543798,2812.121179,3504.081793,NA,LL,5
e,1,midgéNna,58.16286023,0.07189463496,ŋː,481.5094622,1803.367293,2026.839004,2592.927994,LL,5
ŋː,0,midgéNna,58.26764687,0.137678632,a,430.995814,1582.144435,2414.757051,4471.177528,LL,5
a,0,midgéNna,58.36826142,0.06355047545,l,553.4467326,1326.701189,2507.19982,4030.030843,LL,5
l,0,la,58.42367844,0.04728357058,a,404.6860742,1226.034417,2567.704888,4018.80116,LL,5
a,0,la,58.46957132,0.04450218407,p,571.1716811,1269.662924,2514.270506,3764.398412,LL,5
p,0,pâsa,58.54217813,0.1007114405,aː,492.8652215,1213.156857,2673.302664,4315.480152,LL,5
aː,1,pâsa,58.71530257,0.2455374357,s,790.294824,1260.038611,2345.090599,3828.783454,LL,5
s,0,pâsa,58.91216574,0.148188908,a,1483.695931,2024.815968,3128.226104,3683.035205,LL,5
a,0,pâsa,59.03006703,0.0876136749,NA,457.2765478,1453.040849,2494.953337,3875.310655,LL,5
o,1,ói,59.5755222,0.3347356597,i,428.3933404,875.4258594,2560.888101,3331.276265,LL,5
i,0,ói,59.80755727,0.1293344725,NA,360.258706,1850.286009,2458.464041,3572.959835,LL,5
a,0,al,60.27367974,0.06953466262,l,660.688672,1223.540337,2455.763199,3504.370457,LL,5
l,0,al,60.32583074,0.03476733131,f,413.6480799,1176.128141,2442.836366,3187.772015,LL,5
f,0,fà,60.40231886,0.1182089264,a,1169.537643,2256.36255,3158.378783,4215.905695,LL,5
a,1,fà,60.48854185,0.05423703684,l,517.5491389,1066.827612,2529.208978,3213.891262,LL,5
l,0,ló,60.5386068,0.04589287733,o,362.3295209,1081.479415,2519.714191,3572.327872,LL,5
o,1,ló,60.62025314,0.1173998007,NA,465.517497,1009.768107,2582.839066,3433.126147,LL,5
t,0,tótt,61.17327709,0.06814396936,o,1325.70096,2148.619377,2950.835769,3775.21133,LL,5
o,1,tótt,61.23377224,0.05284634359,tː,399.9265557,1085.174039,2501.979204,3326.985361,LL,5
tː,0,tótt,61.325558,0.1307251657,i,522.622192,1513.86631,2661.665245,3649.25558,LL,5
i,0,i,61.41157027,0.04129938341,m,303.1669235,2021.122687,2633.078863,3518.606217,LL,5
m,0,mèl,61.46907334,0.07370674237,ɛː,268.8245777,1299.601528,2292.111883,3264.068985,LL,5
ɛː,1,mèl,61.62817708,0.2445007516,l,638.226346,1729.415832,2568.496472,3535.652512,LL,5
l,0,mèl,61.79075756,0.08066020863,j,300.3760216,1531.446769,2458.808799,3575.945734,LL,5
j,0,i,61.88393397,0.1056926049,a,338.6657665,1959.989597,2735.666927,3617.367139,LL,5
a,0,an,61.97730427,0.08104800252,n,693.1990513,1637.311239,2527.045858,3365.563698,LL,5
n,0,an,62.03729798,0.03893941106,l,533.9433887,1403.394798,2484.169806,2831.998335,LL,5
l,0,la,62.08855978,0.06358417797,a,405.7811177,1101.018009,2498.132677,3569.600249,LL,5
a,0,la,62.15303316,0.06536258286,s,492.9804024,1314.170086,2446.22667,3569.643539,LL,5
s,0,sô,62.24147754,0.1115261864,oː,1297.182008,2390.575713,3297.897323,3480.308743,LL,5
oː,1,sô,62.31885288,0.04322448407,m,440.8353199,1094.577362,2484.141287,3403.906765,LL,5
m,0,medgéNna,62.38871996,0.09650969148,e,271.3538694,1011.761327,2347.404509,3106.978781,LL,5
e,0,medgéNna,62.46617937,0.0584091166,dʒ,431.9362806,1698.19347,2538.033014,3481.492411,LL,5
dʒ,0,medgéNna,62.59937826,0.2079886768,e,228.9136099,2177.450987,3034.137369,3681.8841,LL,5
e,1,medgéNna,62.76147408,0.1162029632,ŋː,456.6673528,1856.837399,2388.360246,3432.987752,LL,5
ŋː,0,medgéNna,62.90211111,0.1650710829,a,378.5257167,606.6569665,2305.692263,2587.057875,LL,5
a,0,medgéNna,63.02358606,0.07787882213,NA,455.5014992,1522.372256,2589.607271,3609.84541,LL,5
t,0,té,63.7603584,0.0584091166,e,886.9294289,1745.132226,2632.238329,3774.666932,LL,5
e,1,té,63.87787198,0.176618043,t,401.9138362,2099.822176,2646.587295,3953.641028,LL,5
t,0,t,64.04045309,0.148544193,iː,344.498977,2203.638062,3327.358499,NA,LL,5
iː,1,î,64.14790948,0.06636857052,s,278.2311019,2278.991261,2585.334248,3779.663591,LL,5
s,0,san,64.28191688,0.2016462397,a,1667.217134,1973.971314,3046.286339,3732.64026,LL,5
a,1,san,64.45157932,0.137678632,n,854.492497,1832.762067,2495.809338,4325.775462,LL,5
n,0,san,64.56144408,0.08205090189,k,486.0709808,1752.060022,2328.354584,3990.406714,LL,5
k,0,cme,64.64328428,0.08162948773,m,1221.890692,1277.023366,2331.512662,3673.420035,LL,5
m,0,cme,64.72095239,0.07370674237,e,280.3635904,995.3014689,2316.896831,3277.222649,LL,5
e,0,cme,64.77588478,0.03615802456,u,454.5651797,1686.579508,2380.974276,3503.410626,LL,5
u,0,un,64.82455904,0.0611905031,n,450.6350736,1297.120273,2388.608103,3477.6089,LL,5
n,0,un,64.90699766,0.1036867239,k,344.2413272,462.6056283,2388.423415,2881.234517,LL,5
k,0,curâi,65.03442309,0.1511641503,u,357.4047252,1315.822646,3019.653013,3833.693683,LL,5
u,0,curâi,65.1447725,0.06953466262,r,323.3511594,796.816693,2818.088526,3369.909483,LL,5
r,0,curâi,65.20526766,0.05145565034,aː,479.5814602,1071.198082,1861.147536,3273.86929,LL,5
aː,1,curâi,65.38633171,0.3106724602,ai,796.498385,1365.557637,2413.304522,3733.343541,LL,5
ai,0,curâi,65.58408408,0.08483228839,NA,420.9386013,2083.997223,2586.203312,3762.178144,LL,5
s,0,siché,66.06678109,0.1182089264,i,1620.684384,2335.545964,3436.507295,3952.682359,LL,5
i,0,siché,66.14813665,0.04450218407,k,355.010519,2235.222056,2663.843874,3337.431275,LL,5
k,0,siché,66.21210854,0.08344159514,e,366.5564262,2018.816329,2623.915145,3609.928705,LL,5
e,1,siché,66.2816432,0.05562773009,d,417.7606888,1867.8475,2523.939274,3388.984411,LL,5
d,0,dånca,66.34411062,0.06930710428,ɑ,254.7315126,1633.357477,2516.220234,3712.783155,LL,5
ɑ,1,dånca,66.46290111,0.1682738835,n,773.5482913,1607.45498,2435.092545,3689.32957,LL,5
n,0,dånca,66.57693796,0.05979980985,k,412.6877263,721.7389652,2300.276596,2812.269318,LL,5
k,0,dånca,66.65798588,0.1022960307,a,1164.050924,1984.705402,2544.441609,3845.322675,LL,5
a,0,dånca,66.77449648,0.1307251657,NA,523.1769757,1656.175169,2356.067344,3309.689526,LL,5
p,0,par,67.05260143,0.03615802456,a,684.3416779,1342.831712,2428.537404,3465.916955,LL,5
a,0,par,67.10405708,0.06675327611,r,514.5017465,1264.768551,2449.78511,3353.487118,LL,5
r,0,par,67.17000121,0.0651349834,k,306.3825031,1165.659247,2060.181691,3436.253452,LL,5
k,0,curèr,67.23733603,0.06953466262,u,660.001421,1140.475152,2972.686599,3848.514702,LL,5
u,0,curèr,67.29852653,0.05284634359,r,313.8462148,785.1509783,2337.469851,3311.66508,LL,5
r,0,curèr,67.36020167,0.07050394171,ɛː,443.6917864,1188.820022,1741.292166,3351.790027,LL,5
ɛː,1,curèr,67.45386276,0.1168182332,r,647.3630758,1615.379432,2351.520711,3513.014762,LL,5
r,0,curèr,67.5307386,0.03693344784,a,479.0080337,1314.359183,2337.661263,3569.650825,LL,5
a,0,al,67.58327731,0.06814396936,l,572.342082,1378.889908,2363.376734,3779.095939,LL,5
l,0,al,67.66185148,0.08900436815,NA,349.3998548,1245.35388,2579.750739,3810.567579,LL,5
t,0,tô,67.89833948,0.05977995785,oː,1175.677172,2061.925546,3110.602704,3513.115323,LL,5
oː,1,tô,68.08037132,0.3042837119,NA,454.4881476,788.9901612,2926.525412,3297.785181,LL,5
ai,0,ai,68.95842431,0.1641018038,v,480.9859664,1933.670723,2557.674753,3508.111544,LL,5
v,0,vôl,69.08952948,0.09810853416,oː,316.7975539,1033.501694,2378.644058,3333.489371,LL,5
oː,1,vôl,69.22822281,0.1792781409,l,450.2611551,713.2619686,2815.575794,3268.742679,LL,5
l,0,vôl,69.3593434,0.0829630306,u,349.7430317,967.6367954,1927.169534,3741.610406,LL,5
u,0,una,69.4348969,0.06814396936,n,366.5336133,1008.470583,2076.284313,3142.037875,LL,5
n,0,una,69.49956414,0.0611905031,a,366.4756464,1101.609644,2232.646777,2917.946282,LL,5
a,0,una,69.56701276,0.07370674237,b,630.9284661,1268.509769,2499.842142,3758.041198,LL,5
b,0,bèla,69.65928315,0.110834046,ɛː,338.4418445,1167.434354,2440.868459,3793.8697,LL,5
ɛː,1,bèla,69.83209998,0.2347996013,l,656.5844258,1537.130217,2478.89409,3301.096932,LL,5
l,0,bèla,69.98635315,0.07370674237,a,417.1090628,1389.683889,2481.640319,4032.67891,LL,5
a,0,bèla,70.0690994,0.09178575465,r,618.6682002,1402.802994,2357.162041,3373.748538,LL,5
r,0,riSèta,70.14259543,0.05520631594,i,425.5201023,1422.220783,2265.037949,2404.303922,LL,5
i,0,riSèta,70.21678681,0.0931764479,z,384.5064697,1882.255923,2306.858863,3205.357606,LL,5
z,0,riSèta,70.30975253,0.09275499263,ɛː,1729.79982,2685.054944,3422.964215,4325.798859,LL,5
ɛː,1,riSèta,70.48396003,0.2556600001,t,631.0152717,1718.972213,2500.388595,3389.84798,LL,5
t,0,riSèta,70.68657983,0.1495796013,a,501.1978834,1739.417229,3152.85282,3929.433511,LL,5
a,0,riSèta,70.81977875,0.1168182332,NA,516.589516,1445.426251,2381.385419,3926.206278,LL,5
a,0,al,72.42771905,0.06814396936,l,606.2557813,1430.192453,2495.363194,3132.18381,LL,5
l,0,al,72.48195609,0.04033010432,m,330.9123475,1267.542523,2419.426127,3547.571022,LL,5
m,0,mî,72.55200551,0.0997687254,iː,282.1071977,962.4572659,2181.762427,3070.394031,LL,5
iː,1,mî,72.6266854,0.04959105988,d,321.1206522,1960.862026,2459.944097,3478.697157,LL,5
d,0,dutåur,72.68019696,0.05743205404,u,217.8650881,1536.237726,2245.07719,3540.02487,LL,5
u,0,dutåur,72.74507101,0.07231604912,t,339.1691273,1171.800559,2546.759225,3317.006192,LL,5
t,0,dutåur,72.82642656,0.0903950614,ɑu,333.6501645,1384.504622,3640.608059,4205.693939,LL,5
ɑu,1,dutåur,72.96876191,0.1942756412,r,676.8618777,1215.393725,2520.763439,3412.146684,LL,5
r,0,dutåur,73.08258805,0.03337663806,NA,487.6733556,1154.569898,2119.937723,2788.282038,LL,5
a,0,al,73.60165379,0.04647444478,l,656.3091297,1408.003623,2571.887845,3208.339394,LL,5
l,0,al,73.65965835,0.06953466262,n,332.785633,1309.149743,2479.691953,3532.340427,LL,5
n,0,n,73.7319744,0.07509743562,e,279.3702576,1230.008753,2451.790209,3362.708536,LL,5
e,1,é,73.79455559,0.05006495708,b,451.6959677,1661.592579,2362.992012,3188.817892,LL,5
b,0,brîSa,73.86865005,0.09812395094,r,227.0406832,1103.822917,2409.243792,3335.978824,LL,5
r,0,brîSa,73.94945476,0.06348546555,iː,472.9360335,1304.799509,2368.549544,3528.06835,LL,5
iː,1,brîSa,74.0615181,0.1606412212,z,349.2350762,2011.097949,2571.781408,3707.476191,LL,5
z,0,brîSa,74.17647663,0.06927584581,a,1593.857355,2509.93502,3484.655662,4437.044191,LL,5
a,0,brîSa,74.23811925,0.05400939626,u,440.2789542,1166.584917,2368.828528,3400.828146,LL,5
u,0,un,74.28401213,0.03777635839,n,416.2483247,867.8857616,2235.235327,3204.12836,LL,5
n,0,un,74.33824917,0.07069771529,g,356.3242388,746.9329879,2276.600033,3149.930749,LL,5
g,0,gran,74.41670952,0.08622298164,r,310.0554559,1570.387811,2163.827454,3693.517678,LL,5
r,0,gran,74.48753796,0.05543391539,a,539.8423205,1499.602815,2237.643763,3780.815387,LL,5
a,0,gran,74.57673621,0.1229625737,n,673.4903808,1500.852619,2107.528167,2733.841485,LL,5
n,0,gran,74.67020344,0.06397188961,d,301.6001177,1010.698458,2447.895045,2641.0341,LL,5
d,0,drèg,74.72513582,0.04589287733,r,239.85911,1208.550011,2512.851425,3740.411409,LL,5
r,0,drèg,74.77697919,0.05779384662,ɛː,541.0713412,1313.468015,2368.879871,3919.833305,LL,5
ɛː,1,drèg,74.88702096,0.1622896964,g,590.9962776,1681.151514,2260.62046,3204.614386,LL,5
g,0,drèg,75.0098866,0.08344159514,m,259.7510104,1503.770357,2098.86225,3583.140346,LL,5
m,0,mo,75.08676242,0.07031004477,o,281.3368573,888.6567177,2354.63959,2878.21334,LL,5
o,0,mo,75.13978575,0.0357366104,a,512.225892,854.5693524,2452.71024,3285.010112,LL,5
a,0,almànc,75.20563297,0.09595783441,l,556.1562919,959.8643783,2617.631707,3371.325047,LL,5
l,0,almànc,75.29672338,0.08622298164,m,466.8510325,1082.964152,2491.01928,2554.030958,LL,5
m,0,almànc,75.41910439,0.1585390308,a,271.6321271,1009.140225,2326.910981,2524.870191,LL,5
a,1,almànc,75.63006835,0.2633888896,n,739.7036043,1515.19704,2320.00529,3343.449443,LL,5
n,0,almànc,75.82364864,0.1237716995,NA,283.8117214,503.7550366,2324.868784,2640.471169,LL,5
k,0,almànc,76.0545838,0.1891342823,NA,666.8956714,1552.136547,2174.431927,3706.490818,LL,5
a,0,an,76.71030834,0.06953466262,n,578.4679732,1417.466756,2368.991988,3861.61264,LL,5
n,0,an,76.80278944,0.1154275399,k,393.6365612,878.1521056,2242.941807,2679.055218,LL,5
k,0,cârga,76.93994971,0.1588929988,aː,1719.379756,2655.287853,3465.817115,NA,LL,5
aː,1,cârga,77.12647959,0.2141667609,r,762.0976449,1334.101041,2166.61063,3599.219042,LL,5
r,0,cârga,77.26485357,0.06258119635,g,444.2565087,1440.501352,2306.265897,3887.092428,LL,5
g,0,cârga,77.32911624,0.06594415032,a,286.9483601,1584.708124,2136.357036,3807.424286,LL,5
a,0,cârga,77.39059753,0.05701842334,b,459.775221,1476.683158,2180.805064,3704.795066,LL,5
b,0,brîSa,77.4587415,0.07926951538,r,291.8886258,953.3928597,2129.135423,3316.525545,LL,5
r,0,brîSa,77.52830829,0.05986406889,iː,461.0348551,1369.930349,2311.699339,2527.388452,LL,5
iː,1,brîSa,77.62516191,0.1338431802,z,340.2548166,2044.596977,2503.417472,3663.868868,LL,5
z,0,brîSa,77.73040106,0.07663510678,a,1561.535062,2789.357442,3021.49681,3748.023099,LL,5
a,0,brîSa,77.80348594,0.06953466262,t,514.5355484,1363.66495,2402.810343,4032.299748,LL,5
t,0,tròp,77.88860901,0.1007114816,r,493.167638,1439.485171,3163.706651,3802.652064,LL,5
r,0,tròp,77.97164605,0.06536258286,ɔː,506.6117199,1093.423397,1636.421288,3584.277415,LL,5
ɔː,1,tròp,78.06968992,0.1307251657,p,548.2047269,902.2572528,2578.956098,3297.930364,LL,5
p,0,tròp,78.19543388,0.1207627546,k,471.9667231,657.2518964,2490.715311,3629.412809,LL,5
k,0,col,78.28988724,0.06814396936,o,979.9351891,1290.416789,2470.524208,3882.722574,LL,5
o,0,col,78.35007476,0.05223107361,l,473.9330178,1033.125169,2473.456749,3261.888303,LL,5
l,0,col,78.40817625,0.06397188961,m,419.5227678,1058.307439,2012.842779,3298.944315,LL,5
m,0,medgén,78.51665032,0.1529762578,e,298.6585894,1232.841461,2263.616733,2981.038577,LL,5
e,0,medgén,78.62858425,0.07089161223,dʒ,430.2219538,1661.451592,2545.00926,3474.766257,LL,5
dʒ,0,medgén,78.77319948,0.2183388406,e,276.5727249,1778.266345,2652.29051,3800.480031,LL,5
e,1,medgén,78.95922789,0.1537179785,n,457.798069,1852.405503,2411.282454,3545.270453,LL,5
n,0,medgén,79.09689168,0.1216095946,NA,341.879641,783.4115148,2218.955266,2660.238618,LL,5
s,0,Sèsta,0.2368029142,0.1161623224,ɛ:,1355.968265,2292.563285,2943.006254,3788.689519,LL,6
ɛː,1,Sèsta,0.3901967502,0.1906253496,s,654.8989995,1724.231803,2307.301656,3075.719232,LL,6
s,0,Sèsta,0.518273157,0.06552746392,t,620.5063753,1975.422973,3108.902138,3936.366399,LL,6
t,0,Sèsta,0.589757663,0.07744154827,a,1086.252164,2104.300525,3471.850362,3590.28482,LL,6
a,0,Sèsta,0.6676774867,0.07839809906,l,594.8926199,1405.240647,2280.378164,3685.788847,LL,6
l,0,leziån,0.7306440921,0.0475351117,e,337.7770662,1425.731638,2532.13785,3526.892039,LL,6
e,0,leziån,0.7864079101,0.06399252424,θ,439.853321,1695.959689,2444.506394,3730.497132,LL,6
θ,0,leziån,0.8656822311,0.09455611791,j,583.8528006,1896.824109,2825.628751,3761.826317,LL,6
j,0,leziån,0.9339727607,0.04202494129,a,374.1455835,1923.041118,2404.928254,3946.463433,LL,6
a,1,leziån,1.037602446,0.1652344283,n,692.3657766,1753.124572,2639.104959,3964.69988,LL,6
n,0,leziån,1.200880277,0.1613212337,NA,225.6290113,986.8188223,2438.244903,2887.491297,LL,6
l,0,leziån,1.523121975,0.07765738113,e,354.4362668,1876.527046,1932.370316,3297.160486,RM,6
e,0,leziån,1.593927234,0.0639531374,θ,418.3946352,2143.979127,2240.400002,3012.881161,RM,6
θ,0,leziån,1.702990174,0.1541727419,j,853.7082333,1635.218303,2796.772531,3645.984385,RM,6
j,0,leziån,1.811482104,0.06281111709,a,389.7847996,1282.323317,2517.126053,3047.304938,RM,6
a,1,leziån,1.918261003,0.150746681,n,1217.605203,1633.032022,2784.250467,3864.701619,RM,6
n,0,leziån,2.05587445,0.1244802139,NA,502.9086675,1043.627154,2108.186119,3370.409626,RM,6
n,0,nómmer,2.473572531,0.1666495478,o,293.591139,2077.056977,2300.636486,3166.826885,RM,6
o,1,nómmer,2.618127929,0.1224612472,m:,535.5322663,1107.887895,2894.920039,3049.401682,RM,6
mː,0,nómmer,2.750843059,0.1429690122,e,305.0899922,1308.80746,2029.172694,2803.193489,RM,6
e,0,nómmer,2.877430205,0.1102052802,r,499.7148462,1757.604692,2178.825163,3000.502814,RM,6
r,0,nómmer,2.968275098,0.0714845061,NA,452.3366752,1749.479769,2659.267536,3629.633622,RM,6
s,0,sî,3.231714927,0.2099857367,i:,1211.03181,1840.489293,3085.650339,4041.938343,RM,6
iː,1,sî,3.429786579,0.186157568,NA,291.0010818,1112.931447,2852.071597,3337.573098,RM,6
i,0,in,4.305347454,0.09416529683,n,416.2565282,2176.143501,2604.741603,3657.770163,LL,6
n,0,in,4.392916592,0.0809729799,k,534.4094924,2377.469505,2453.912401,3701.547446,LL,6
k,0,canpâgna,4.474960224,0.08311428397,a,438.5893097,1743.449481,2442.008408,3306.790857,LL,6
a,0,canpâgna,4.549305704,0.06557667496,n,691.4954018,1438.111357,2205.855943,3476.18578,LL,6
n,0,canpâgna,4.612623882,0.06105968229,p,523.6777936,1293.427064,2355.271854,3845.768896,LL,6
p,0,canpâgna,4.696022473,0.1057374986,a:,400.2537194,1059.551771,2445.443881,3993.468735,LL,6
aː,1,canpâgna,4.837502224,0.1772220047,ɲ,867.4230733,1375.191417,2372.717765,3637.234732,LL,6
ɲ,0,canpâgna,4.989784942,0.1273434306,a,290.243086,1719.191085,2807.638154,3948.925014,LL,6
a,0,canpâgna,5.145790811,0.1846683074,NA,567.312284,1660.680558,2573.424125,3600.131614,LL,6
l,0,la,6.271498246,0.06850598501,a,405.6172559,1250.191399,2305.409308,3720.415622,LL,6
a,0,la,6.342238122,0.07297376664,s,613.6351237,1383.556342,2266.203319,3681.047899,LL,6
s,0,sgnèra,6.426381343,0.0953126748,ɲ,1456.651051,2116.151068,2716.799089,3787.63214,LL,6
ɲ,0,sgnèra,6.503822891,0.05957042175,ɛ:,1300.32829,2358.123106,3076.42432,3904.600165,LL,6
ɛː,1,sgnèra,6.634877819,0.2025394339,r,488.0040932,1625.14887,2098.799824,3068.068012,LL,6
r,0,sgnèra,6.75235846,0.03242184939,a,474.2514089,1380.298488,2220.487839,3146.733727,LL,6
a,0,sgnèra,6.811757941,0.08637711153,r,575.6139074,1372.622547,2139.879381,2717.994559,LL,6
r,0,rôSa,6.873708589,0.03752418513,o:,665.2513647,1182.482054,1784.307478,3645.441035,LL,6
oː,1,rôSa,7.013100786,0.2412602081,z,456.5129305,881.06322,2551.837717,3270.258021,LL,6
z,0,rôSa,7.192556681,0.117651583,a,1249.394044,2161.620305,3397.21353,4086.863789,LL,6
a,0,rôSa,7.338504215,0.1742434836,NA,575.814232,1442.192972,2406.75694,3812.335626,LL,6
e,0,e,7.770778651,0.08605929643,a,423.5196051,1979.780966,2502.131445,3690.916805,LL,6
a,0,al,7.831056526,0.034496453,l,502.6652586,1683.295562,2501.798573,3635.588951,LL,6
l,0,al,7.872987627,0.04936575027,s,445.3535231,1339.168214,2476.116419,3704.020083,LL,6
s,0,sgnèr,7.949599075,0.1038571444,ɲ,1613.938674,2552.340819,3491.791008,4305.117859,LL,6
ɲ,0,sgnèr,8.023866555,0.04467781631,ɛ:,955.9949529,2312.152349,3003.45144,NA,LL,6
ɛː,1,sgnèr,8.122902381,0.153393836,r,448.0738732,2032.241229,2467.765157,3662.141418,LL,6
r,0,sgnèr,8.245021746,0.09084489316,m,398.3539938,1302.925478,2085.361528,2820.669284,LL,6
m,0,mèver,8.347036093,0.1131838013,ɛ:,252.367562,1258.763884,2296.193446,2810.968551,LL,6
ɛː,1,mèver,8.5112575,0.2152590137,v,586.0252246,1853.923861,2411.600924,3631.908777,LL,6
v,0,mèver,8.673904177,0.1100343389,e,658.1842934,1838.818963,2845.360596,3538.428659,LL,6
e,0,mèver,8.788552633,0.1192625737,r,484.2745562,1660.980528,2437.979719,3671.8568,LL,6
r,0,mèver,8.860842635,0.02531742924,i,433.5771504,1405.7657,2484.982844,3712.250985,LL,6
i,0,i,8.941238098,0.1354734984,s,355.5712139,2009.442291,2414.320184,3539.653318,LL,6
s,0,stan,9.023867453,0.02978521087,t,1913.37699,2656.880614,3631.306279,4340.047872,LL,6
t,0,stan,9.07152379,0.06552746392,a,259.1733629,2051.384246,2817.306906,3683.121069,LL,6
a,0,stan,9.148965339,0.08935563262,i,700.1220151,1525.094539,2419.513203,3912.248129,LL,6
i,0,in,9.239931962,0.0925776142,n,386.4899419,885.4014316,2324.127975,3074.592305,LL,6
n,0,in,9.328664695,0.08488785099,k,353.9192785,2369.413892,2593.568933,3750.995356,LL,6
k,0,canpâgna,9.416677403,0.0911375647,a,855.9740357,1991.561379,2545.149469,3805.130616,LL,6
a,0,canpâgna,9.497732026,0.07097168224,n,612.7214359,1378.551106,2307.761406,3429.094648,LL,6
n,0,canpâgna,9.577151053,0.08786637208,p,317.4485213,1076.050108,2362.14455,2733.063424,LL,6
p,0,canpâgna,9.698525787,0.1548830965,a:,405.58583,1783.304167,2790.464297,3826.320183,LL,6
aː,1,canpâgna,9.854898145,0.1578616176,ɲ,803.2322173,1427.807412,2445.204996,3783.373991,LL,6
ɲ,0,canpâgna,9.988186963,0.1087160197,a,501.5929762,1767.646696,2518.58417,3788.704974,LL,6
a,0,canpâgna,10.11924189,0.153393836,NA,470.5729918,1836.934093,2525.386032,3708.56656,LL,6
j,0,i,10.80218828,0.09697287663,a,359.1792039,2085.173432,2922.78811,3584.755134,LL,6
a,0,an,10.89460791,0.08786637208,n,581.7712833,1624.9624,2247.552514,3679.748968,LL,6
n,0,an,10.98559914,0.09411608579,u,461.3144252,904.4554246,2271.967992,3429.557066,LL,6
u,0,un,11.05922616,0.05313795838,n,560.2853065,1869.946728,2692.982113,4193.013178,LL,6
n,0,un,11.10107179,0.0305533036,b,231.3730676,873.3548747,2386.038047,2855.005229,LL,6
b,0,bèl,11.159537,0.08637711153,ɛ:,197.8898857,1132.652736,2424.800876,3855.261852,LL,6
ɛː,1,bèl,11.2407017,0.07595228773,l,574.4086285,1639.83175,2530.311225,3611.040203,LL,6
l,0,bèl,11.31442009,0.0714845061,s,398.0405415,1483.905845,2401.960676,3729.405318,LL,6
s,0,sît,11.43557468,0.1708246579,i:,1715.404419,2434.376179,3656.803673,4088.175256,LL,6
iː,1,sît,11.5947054,0.1474367938,t,266.9257707,2276.865552,2881.760495,3664.212082,LL,6
t,0,sît,11.71831403,0.09978045643,d,263.4996598,1941.079494,2629.639336,3557.320426,LL,6
d,0,da,11.81194189,0.08747527846,a,214.0368721,1346.013419,2933.237127,4106.450574,LL,6
a,0,da,11.88769864,0.06403820338,k,487.3921605,1469.89755,2333.924062,3566.116297,LL,6
k,0,cuntadén,11.96379726,0.08815904361,u,457.3347321,1494.218336,2691.406383,3614.577759,LL,6
u,0,cuntadén,12.03823568,0.06071779972,n,411.4400107,746.7324597,2348.514896,3558.659088,LL,6
n,0,cuntadén,12.13354835,0.1299075499,t,230.0792729,1061.213645,2378.982153,2718.037545,LL,6
t,0,cuntadén,12.21339474,0.02978521087,a,474.6874868,1474.819207,2583.004383,3773.289622,LL,6
a,0,cuntadén,12.24988162,0.04318855577,d,511.1595987,1458.076924,2538.478841,3695.699726,LL,6
d,0,cuntadén,12.3109413,0.07893080882,e,275.1275883,1366.050256,2825.218282,3697.944557,LL,6
e,1,cuntadén,12.41407842,0.1273434306,n,464.5031834,1809.678438,2423.993222,2924.909403,LL,6
n,0,cuntadén,12.50604609,0.05659190066,a,404.9912535,1040.047688,2290.515121,2809.319105,LL,6
a,0,avSén,12.5734293,0.07817452446,v,586.6163826,1586.346386,2388.535796,3993.259377,LL,6
v,0,avSén,12.6537639,0.08249467297,z,313.4715135,1303.236324,2339.663554,3703.816522,LL,6
z,0,avSén,12.73819979,0.08637711153,e,1434.632847,2519.462458,3500.760497,4297.677618,LL,6
e,1,avSén,12.83574636,0.1087160197,n,464.4069686,1740.810155,2395.923322,3149.914268,LL,6
n,0,avSén,12.91988958,0.05957042175,a,387.8432238,859.3455113,2283.11587,3044.448759,LL,6
a,0,a,12.98162007,0.06389057026,s,532.5820462,1470.068121,2224.569952,3895.724858,LL,6
s,0,san,13.06047706,0.09382341425,a,1587.315921,2423.685844,3741.841323,3957.519051,LL,6
a,0,san,13.13717398,0.05957042175,ŋ,619.7410692,1476.98915,2270.318038,4121.729533,LL,6
ŋ,0,san,13.23374411,0.1335698361,v,423.2450974,910.5758338,2186.467369,2801.52219,LL,6
v,0,>vân,13.40105412,0.2010501734,a:,1307.374496,2418.771726,3527.975909,4290.955979,LL,6
aː,1,>vân,13.61923079,0.2353031659,n,778.7674923,1335.367841,2473.459223,3756.222933,LL,6
n,0,>vân,13.79570816,0.117651583,NA,265.8727762,1224.601338,2324.004169,2642.330212,LL,6
e,0,e,14.54517011,0.07053137758,i,385.4290662,2142.953321,2670.763315,3681.53003,LL,6
i,0,i,14.61468879,0.06850598501,t,323.3660113,2247.393513,2616.237169,3804.384126,LL,6
t,0,tîren,14.72340481,0.1489260544,i:,334.1355019,2305.230118,3216.934157,3749.201265,LL,6
iː,1,tîren,14.86420079,0.1326659186,r,299.9782628,2248.158466,2498.137852,3573.354551,LL,6
r,0,tîren,14.97148842,0.0819093299,e,390.4722691,1631.518424,2318.297446,3756.519776,LL,6
e,0,tîren,15.0513348,0.07778343085,n,292.8989296,1711.721141,2431.153376,3652.137478,LL,6
n,0,tîren,15.10981871,0.03918438696,i,339.7273975,2014.394438,2474.083765,3875.139942,LL,6
i,0,inànz,15.15953799,0.0602541869,n,321.9367888,1902.823611,2383.105059,3929.759303,LL,6
n,0,inànz,15.22019493,0.06105968229,a,637.7059931,1689.702032,2420.54202,3823.654802,LL,6
a,1,inànz,15.28572239,0.06999524555,n,642.4032957,1674.833878,2398.655979,3571.487715,LL,6
n,0,inànz,15.3497606,0.0580811612,θ,552.4692622,1370.120152,2200.085776,3776.71112,LL,6
θ,0,inànz,15.43539308,0.1131838013,p,1387.521212,2161.772494,2916.498694,NA,LL,6
p,0,pròpi,15.57424785,0.1645257331,r,1181.493486,2258.696986,3270.605608,3788.406382,LL,6
r,0,pròpi,15.68588062,0.05873982581,ɔ:,500.8124138,1055.255949,1495.876582,3773.70378,LL,6
ɔː,1,pròpi,15.80502727,0.1795534601,p,464.077993,868.5985561,2430.683891,3251.126619,LL,6
p,0,pròpi,15.95187137,0.1141347489,i,560.9005782,2035.882534,3222.243052,4474.287253,LL,6
i,0,pròpi,16.04385055,0.06982361107,b,313.3211521,1992.872702,2418.255438,3610.268536,LL,6
b,0,bän,16.1230735,0.08862227559,æ,232.1351511,1126.817538,2286.890247,3375.27331,LL,6
æ,1,bän,16.21414268,0.09351610302,n,681.928845,1609.027249,2416.250698,3525.531285,LL,6
n,0,bän,16.31830872,0.1148159714,NA,490.0054412,1480.595454,2254.878531,4169.000558,LL,6
i,0,int,17.35198204,0.06403820338,n,334.947917,2342.811433,2434.1686,3694.446659,LL,6
n,0,int,17.41602024,0.06403820338,t,363.3018273,1364.25183,2507.322433,3865.945934,LL,6
t,0,int,17.48807843,0.08007818678,a,356.2139201,2199.561407,3191.448181,3681.41624,LL,6
a,0,al,17.54598865,0.03574225305,l,623.7039596,1362.004013,2258.060737,3683.000428,LL,6
l,0,al,17.58768795,0.0476563374,p,400.7842663,1236.628815,2146.457247,3726.837735,LL,6
p,0,purzîl,17.67778821,0.1325441884,u,372.4229078,1245.843228,2457.198628,3564.75771,LL,6
u,0,purzîl,17.76788847,0.0476563374,r,354.2319128,963.6280497,1900.512287,3163.518123,LL,6
r,0,purzîl,17.81554481,0.0476563374,z,329.8883049,1021.807894,2469.856242,3392.671352,LL,6
z,0,purzîl,17.90117729,0.1236086251,i:,1202.518764,1525.033358,2737.872426,3741.038026,LL,6
iː,1,purzîl,18.04340168,0.1608401387,l,364.9045767,2269.402504,2654.677351,4169.927347,LL,6
l,0,purzîl,18.15807474,0.06850598501,NA,265.9964821,1427.400633,2411.455344,3856.990755,LL,6
j,0,i,18.55045733,0.1266104544,a,348.0819976,1856.387529,2373.422547,3492.414642,LL,6
a,0,an,18.6539726,0.08042006936,n,731.3937052,1726.278733,2479.42035,4054.300404,LL,6
n,0,an,18.7254571,0.06254894283,d,432.0022707,1254.252158,2343.639475,2665.627382,LL,6
d,0,di,18.8066218,0.09978045643,i,231.1198454,1634.812904,2726.201588,3857.743973,LL,6
i,0,di,18.89672206,0.08042006936,n,281.3603932,2120.338673,2389.269803,3749.356566,LL,6
n,0,ninén,18.95554786,0.03723151359,i,326.029981,1214.599996,2349.672937,3814.895212,LL,6
i,0,ninén,18.99575789,0.04318855577,n,343.5611414,2288.822074,2327.671122,3448.102148,LL,6
n,0,ninén,19.06277461,0.09084489316,e,333.7824438,1926.535083,2398.862412,4155.194726,LL,6
e,1,ninén,19.18191546,0.1474367938,n,441.4775915,2076.056136,2458.582859,4502.925515,LL,6
n,0,ninén,19.34945727,0.1876468285,f,293.384151,594.6325877,2398.389721,3493.854029,LL,6
f,0,fèr,19.5210149,0.1554684396,ɛ:,467.9252257,1161.653432,2375.859558,3541.799365,LL,6
ɛː,1,fèr,19.64417157,0.09084489316,r,573.8292639,1608.349944,2330.218738,3521.86382,LL,6
r,0,fèr,19.72235775,0.06552746392,i,301.2805231,1681.189594,2445.522002,3476.669124,LL,6
i,0,i,19.77969428,0.04914559794,s,285.8555202,2026.162087,2336.638371,3462.311123,LL,6
s,0,salâm,19.85651293,0.1044916986,a,1634.288393,2319.320379,3513.840322,4048.001576,LL,6
a,0,salâm,19.94077788,0.06403820338,l,649.6631991,1304.190599,2377.316573,3833.299973,LL,6
l,0,salâm,20.00476687,0.0639397813,a:,465.1309857,1214.938797,2441.80581,3927.216937,LL,6
aː,1,salâm,20.18417355,0.2948735876,m,956.8809377,1404.034572,2549.943839,3876.458661,LL,6
m,0,salâm,20.37554353,0.08786637208,e,366.5780674,1281.657112,2421.450211,4176.674007,LL,6
e,0,e,20.44553878,0.05212411903,i,462.8184812,1765.241543,1977.326363,3030.027911,LL,6
i,0,i,20.49617364,0.04914559794,p,358.2224854,2176.048975,2215.621619,3363.531424,LL,6
p,0,parsótt,20.5776064,0.1137199333,a,316.7170643,2143.241487,3154.766153,3823.47208,LL,6
a,0,parsótt,20.65754991,0.04616707685,r,564.6906851,1308.192713,2073.689411,2465.156988,LL,6
r,0,parsótt,20.72456663,0.08786637208,s,451.4429186,1256.426546,2016.678705,3681.415849,LL,6
s,0,parsótt,20.82583635,0.1146730619,o,1411.880313,2040.073368,3164.647794,3588.514617,LL,6
o,1,parsótt,20.99859057,0.2308353843,t:,530.5094192,1089.880194,2540.898372,3652.163367,LL,6
tː,0,parsótt,21.14826126,0.06850598501,NA,1462.331722,1860.725992,3307.683197,3540.753648,LL,6
i,0,int,21.77859531,0.06105968229,n,312.2761415,2285.268866,2390.080819,3581.527912,LL,6
n,0,int,21.83891037,0.05957042175,t,367.0652569,2212.182406,2499.702206,3878.220901,LL,6
t,0,int,21.89326838,0.04914559794,l,340.8396452,1310.028849,2466.389037,3897.047756,LL,6
l,0,la,21.97964549,0.1236086251,a,273.0041297,1897.564024,2992.821572,3800.011026,LL,6
a,0,la,22.07868131,0.07446302718,s,599.4739859,1403.792902,2419.258362,3552.872407,LL,6
s,0,stâla,22.15686749,0.0819093299,t,1392.522717,2525.810243,3662.506498,4346.937231,LL,6
t,0,stâla,22.25739258,0.1191408435,a:,1396.616798,1421.145024,3149.56944,3935.974581,LL,6
aː,1,stâla,22.43982699,0.2457279897,l,802.6396225,1297.143304,2528.095718,3738.80147,LL,6
l,0,stâla,22.6067213,0.08806062153,a,516.1327294,1254.326292,2568.196602,3783.818966,LL,6
a,0,stâla,22.67818511,0.05486698803,d,581.290781,1387.012989,2648.818621,3731.856827,LL,6
d,0,däl,22.74987337,0.0885095442,æ,198.9531431,1383.509809,2595.941956,3881.414059,LL,6
æ,1,däl,22.81908384,0.0499113971,l,450.8101635,1697.584938,2521.823936,3646.666144,LL,6
l,0,däl,22.91225178,0.1364244854,v,308.8033017,1493.157927,2306.772966,3745.093584,LL,6
v,0,vâc,23.02671525,0.09250245597,a:,1152.055139,2383.649136,3701.11885,NA,LL,6
aː,1,vâc,23.18687138,0.2278097996,k,812.5651557,1215.505035,2151.941224,3749.484198,LL,6
k,0,vâc,23.34980015,0.09804773539,d,704.970962,1320.096692,2045.156687,3315.469501,LL,6
d,0,da,23.45989535,0.1221426727,a,237.6886914,1179.141179,1477.209237,3382.723397,LL,6
a,0,da,23.55596431,0.06999524555,l,658.5213737,1311.436166,2388.365244,3718.301684,LL,6
l,0,lât,23.62261455,0.06330522719,a:,482.8100116,1217.513045,2403.967637,3790.392333,LL,6
aː,1,lât,23.76447244,0.2204105605,t,822.0907837,1358.030543,2431.162101,3784.71418,LL,6
t,0,lât,23.9603102,0.1712649625,NA,998.4234948,2032.307117,2869.9795,3581.752151,LL,6
e,0,e,24.59300118,0.07844129312,i,444.2351558,2188.917393,2482.849847,3391.098039,LL,6
i,0,int,24.66721945,0.06999524555,n,394.5722101,2472.572385,2700.404588,4259.166028,LL,6
n,0,int,24.73274691,0.06105968229,t,319.4749498,897.9593543,2423.453079,2914.646097,LL,6
t,0,int,24.81167772,0.09680193534,l,309.4003491,1837.893607,3084.082948,4090.997847,LL,6
l,0,l,24.90811317,0.09606895915,a,297.3935571,1364.611246,2543.736986,3595.522488,LL,6
a,0,avièr,25.00417047,0.09604565099,v,564.3720215,1450.632831,2526.476798,3716.127229,LL,6
v,0,avièr,25.08272314,0.06105968229,i,271.7040811,1978.757863,2455.987535,3828.921232,LL,6
i,0,avièr,25.15020348,0.07390099228,ɛ:,405.961319,2124.818458,2531.269144,3768.115951,LL,6
ɛː,1,avièr,25.28982748,0.2053470137,r,567.9880326,1856.047841,2504.511121,3604.383687,LL,6
r,0,avièr,25.42452009,0.06403820338,NA,484.4049493,1384.744594,2362.953003,3499.696112,LL,6
j,0,i,25.93494406,0.1192133627,a,275.3899417,2339.707252,2665.417807,3764.616574,LL,6
a,0,an,26.04738323,0.1056649794,n,754.283887,1734.414744,2475.222022,3809.421945,LL,6
n,0,an,26.16872171,0.13701197,NA,466.1255166,777.1245049,2191.321358,2378.810029,LL,6
d,0,däli,26.48402497,0.134794484,æ,219.7589557,1551.77644,2272.219662,3422.377548,LL,6
æ,1,däli,26.58583782,0.06883122587,l,388.8362223,1928.502954,2496.907481,3666.153715,LL,6
l,0,däli,26.68119775,0.1218886292,i,307.1836089,1994.618104,2475.752157,3474.291066,LL,6
i,0,däli,26.77153874,0.05879333877,ɛ:,263.4446789,2068.192926,2548.191451,3705.099857,LL,6
ɛː,1,èv,26.92425802,0.246645226,v,569.1143742,1966.874395,2575.232863,3667.15185,LL,6
v,0,èv,27.09830048,0.1014397066,NA,1666.657386,2389.591085,3427.251707,4538.902467,LL,6
d,0,da,27.39695631,0.04318855577,a,459.4617381,1474.130919,2479.845854,3723.098584,LL,6
a,0,da,27.44092606,0.04475092945,m,620.2038169,1394.899126,2469.043435,3671.482983,LL,6
m,0,mêl,27.50775502,0.08890700009,e:,257.3520108,1371.207787,2398.167178,3725.250729,LL,6
eː,1,mêl,27.68700301,0.269588968,l,425.3489448,2173.690943,2509.36932,3693.148513,LL,6
l,0,mêl,27.88202481,0.1204546453,NA,264.9113471,1468.588175,2479.109225,3600.183384,LL,6
i,0,int,29.08171014,0.06245052075,n,361.8046718,2312.342264,2672.064084,3556.051931,LL,6
n,0,int,29.14272061,0.05957042175,t,400.5454563,2220.790385,2411.444795,3626.591052,LL,6
t,0,int,29.21494975,0.08488785099,a,286.8738942,2106.924164,2498.972874,4047.340747,LL,6
a,0,al,29.28271111,0.05063485849,l,643.7586723,1394.064579,2723.389733,3658.493054,LL,6
l,0,al,29.34079227,0.06552746392,p,336.8682499,1244.479971,2131.527242,3669.585555,LL,6
p,0,pulèr,29.43833883,0.1295656673,u,220.1821479,1650.906383,2554.395761,3630.138708,LL,6
u,0,pulèr,29.52794985,0.04965636642,l,819.113936,1200.69577,2438.944692,3677.476201,LL,6
l,0,pulèr,29.57511694,0.04467781631,ɛ:,539.9697833,1502.099447,2412.954146,3671.177664,LL,6
ɛː,1,pulèr,29.66745109,0.1399904911,r,595.959692,1769.371163,2196.224472,3238.637651,LL,6
r,0,pulèr,29.77121111,0.06752954833,NA,555.0666108,1449.808953,2330.118922,4071.995836,LL,6
a,0,ai,30.08960725,0.04079537775,i,484.191032,1940.491408,2571.670028,3493.673805,LL,6
i,0,ai,30.13308847,0.04616707685,e,276.603789,2246.904012,2851.53964,3807.449475,LL,6
e,1,é,30.19787131,0.08339859045,d,371.3261036,2154.366347,2612.428735,3601.311282,LL,6
d,0,di,30.28437015,0.08959909311,i,203.8350183,1948.179303,2552.966397,3975.826512,LL,6
i,0,di,30.36565658,0.07297376664,g,289.6544798,2327.554125,2691.511121,3728.579256,LL,6
g,0,gâl,30.43422343,0.06415993362,a:,231.4228908,1745.796641,2296.492977,3472.653457,LL,6
aː,1,gâl,30.5474681,0.1623293993,l,849.5288762,1464.456618,2171.225091,4135.153972,LL,6
l,0,gâl,30.65128898,0.04531237042,e,406.8434131,1396.5054,2533.960251,3376.905781,LL,6
e,0,e,30.70088538,0.05388042419,d,444.2533829,1672.365452,2491.809534,4108.770486,LL,6
d,0,däl,30.75227773,0.04890428891,æ,356.9375805,1598.613984,2519.667971,4113.434891,LL,6
æ,1,däl,30.80549711,0.05753445754,l,457.6934024,1636.314998,2443.944684,3814.899223,LL,6
l,0,däl,30.87255402,0.07657937121,g,301.4034112,1406.20382,2443.428968,3599.170009,LL,6
g,0,galén,30.95495564,0.0882238695,a,249.7180147,1771.950846,2300.300341,3925.387537,LL,6
a,0,galén,31.03629909,0.07446302718,l,560.8076076,1432.801261,2488.24879,3577.230458,LL,6
l,0,galén,31.10331582,0.05957042175,e,312.3239125,1396.76077,2670.862304,3698.447771,LL,6
e,1,galén,31.16363087,0.06105968229,n,431.9453784,1982.651886,2491.60776,3655.295009,LL,6
n,0,galén,31.25647785,0.1246342728,NA,345.3840995,960.7977294,2270.619324,2830.104914,LL,6
d,0,di,31.91212933,0.03940453928,i,1459.406726,2317.32143,3346.368295,4088.66514,LL,6
i,0,di,31.95829641,0.05292961442,t,271.5094413,2201.24234,2623.788724,3352.861567,LL,6
t,0,tuchén,32.04318426,0.1168460876,u,266.4249541,1920.713464,2268.91489,3451.143763,LL,6
u,0,tuchén,32.12990325,0.05659190066,k,301.204745,888.3594488,2542.764923,3513.166624,LL,6
k,0,tuchén,32.2319176,0.1474367938,e,135.1676336,1585.900229,2664.593193,3431.571912,LL,6
e,1,tuchén,32.40020404,0.189136089,n,463.8209649,2117.085876,2391.198431,3983.138052,LL,6
n,0,tuchén,32.54180615,0.09406813403,e,432.2621238,1286.764757,2429.540027,4096.539969,LL,6
e,0,e,32.61577483,0.05386921467,d,442.2351826,1882.940974,2413.624342,4319.186785,LL,6
d,0,däl,32.67315725,0.06089563398,æ,360.4405149,1705.867306,2398.16467,4112.178232,LL,6
æ,1,däl,32.73951788,0.07182561956,l,401.7664804,1647.914087,2461.152659,3826.868792,LL,6
l,0,däl,32.82149277,0.09212416422,t,308.2695176,1447.946299,2430.381523,3557.824405,LL,6
t,0,tuchéNni,32.93550845,0.1359071907,u,231.9083454,1506.305332,2642.546399,3806.190195,LL,6
u,0,tuchéNni,33.02877947,0.05063485849,k,323.5449548,924.0802932,2374.526276,3481.844955,LL,6
k,0,tuchéNni,33.12185825,0.1355227095,e,339.6676869,1455.327307,2981.029285,3877.340952,LL,6
e,1,tuchéNni,33.23789885,0.09655847485,ŋ,431.4183548,2090.124902,2483.210381,3757.318694,LL,6
ŋ,0,tuchéNni,33.36957667,0.1667971809,n,293.507948,756.1206756,2375.278012,2820.646374,LL,6
n,0,tuchéNni,33.4931853,0.08042006936,i,300.6183168,1858.118981,2445.665436,4050.46944,LL,6
i,0,tuchéNni,33.57447173,0.0821527904,NA,370.5088831,2257.100519,2636.491805,3770.989566,LL,6
d,0,däli,34.09872777,0.0942811839,æ,224.0058578,1522.229875,2530.929568,3856.532963,LL,6
æ,1,däli,34.18996762,0.08819852688,l,441.3985565,1878.614392,2599.15515,3730.143126,LL,6
l,0,däli,34.32226541,0.1763970538,j,234.3379453,2002.673831,2849.927252,3154.832616,LL,6
j,0,däli,34.43707557,0.05322324898,o:,280.8364108,1988.678541,2446.264176,3371.57553,LL,6
oː,1,ôc,34.60206764,0.2767608947,k,421.5934831,885.6474314,2421.281207,3239.567749,LL,6
k,0,ôc,34.81572097,0.1505457614,NA,468.418785,1281.111662,2461.248512,3786.088802,LL,6
d,0,di,35.36715939,0.09233415371,i,242.0115911,1429.220878,2526.908158,3901.328279,LL,6
i,0,di,35.44087779,0.05510264012,k,283.8660517,2147.873008,2600.754898,3349.681911,LL,6
k,0,capón,35.52576564,0.1146730619,a,275.8909023,2360.817435,2497.250312,3703.92818,LL,6
a,0,capón,35.6158659,0.06552746392,p,505.2462465,1386.716973,2475.535726,3704.663282,LL,6
p,0,capón,35.70075375,0.1042482381,o,484.5982112,1632.615773,2462.600063,3793.501102,LL,6
o,1,capón,35.8198946,0.1340334489,ŋ,500.8848551,948.286826,2611.458501,3452.276861,LL,6
ŋ,0,capón,36.04179442,0.3097661931,e,481.2364909,1330.610071,2614.597913,3715.303321,LL,6
e,0,e,36.22601077,0.05866650427,d,364.7105089,1978.510024,2476.348329,3857.671895,LL,6
d,0,di,36.28988968,0.06909132808,i,218.8861993,1786.715974,2465.718954,3893.707453,LL,6
i,0,di,36.35868834,0.06850598501,p,325.9070814,2137.333818,2533.730598,3804.994009,LL,6
p,0,pavón,36.44726308,0.1086435005,a,593.4091468,1536.766166,2587.596264,3793.736732,LL,6
a,0,pavón,36.52764689,0.05212411903,v,443.5903847,1149.795528,2457.73777,3583.222653,LL,6
v,0,pavón,36.58051564,0.05361337957,o,307.9663913,1089.482765,2437.429584,3621.076181,LL,6
o,1,pavón,36.64631117,0.0779776803,n,511.8767369,978.1360236,2306.792654,3588.903106,LL,6
n,0,pavón,36.76720934,0.1638186598,NA,371.0036421,1201.611531,2365.610914,3301.707859,LL,6
i,0,in,37.92159216,0.06188848585,n,330.3670788,2276.683009,2762.024422,3846.724938,LL,6
n,0,in,37.97636458,0.0476563374,v,342.4396322,1607.52124,2385.718945,3656.723398,LL,6
v,0,vatta,38.03519037,0.06999524555,a,254.0195908,1199.978243,2391.492408,3538.20152,LL,6
a,1,vatta,38.11412118,0.08786637208,t:,755.3142231,1328.857881,2498.190958,3810.977612,LL,6
tː,0,vatta,38.213157,0.1102052802,a,614.4794652,1324.898893,2011.824655,3432.612713,LL,6
a,0,vatta,38.28166299,0.02680668979,a,514.0481019,1419.782,2438.991274,3712.23227,LL,6
a,0,al,38.32559617,0.06105968229,l,662.8172785,1289.470456,2534.507206,3573.85977,LL,6
l,0,al,38.39112364,0.06999524555,p,376.6496833,1221.720579,2395.666038,3721.369823,LL,6
p,0,prɛ:,38.4814311,0.110619682,r,341.6332507,1406.821555,2174.619182,3502.698624,LL,6
r,0,prɛ:,38.56131374,0.04914559794,è,411.9318066,1317.215998,2319.379169,2765.315312,LL,6
è,1,prɛ:,38.65886031,0.1459475333,d,581.4668301,1793.83748,2399.846714,3635.786378,LL,6
d,0,dnanz,38.78410453,0.1045409096,n,206.2875382,1389.156855,2522.416403,3848.952912,LL,6
n,0,dnanz,38.86994421,0.06713845471,a,274.1675929,1186.327356,2396.692587,2496.320215,LL,6
a,0,dnanz,38.96302299,0.1190191132,n,745.3297827,1568.846585,2477.052172,3309.891588,LL,6
n,0,dnanz,39.05753017,0.06999524555,θ,531.1950884,1331.339382,2343.261717,4205.807011,LL,6
θ,0,dnanz,39.13571635,0.08637711153,d,1342.825387,2036.601033,3215.71282,3851.802992,LL,6
d,0,dal'èra,39.24814257,0.1384753277,a,226.3834275,1262.655074,2533.601754,3909.032672,LL,6
a,0,dal'èra,39.35457549,0.07439050798,l,645.7027812,1391.953595,2521.136251,3558.163791,LL,6
l,0,dal'èra,39.42453448,0.06552746392,ɛ:,443.3508751,1342.718389,2549.293979,3908.006358,LL,6
ɛː,1,dal'èra,39.53176123,0.1489260544,r,596.608055,1644.717438,2172.648001,2765.594173,LL,6
r,0,dal'èra,39.64494504,0.07744154827,a,655.3155395,1561.782503,2376.428579,4098.948951,LL,6
a,0,dal'èra,39.75206172,0.1367918177,NA,639.213295,1536.188288,2386.080105,3858.842197,LL,6
a,0,ai,40.25043823,0.08554571326,j,698.7260369,1430.243203,1954.978603,3886.801316,LL,6
j,0,ai,40.3453352,0.1042482381,e,339.144743,2296.975612,2606.553706,4315.504361,LL,6
e,1,é,40.53819444,0.2814702428,s,400.2791012,2109.913293,2485.841325,4342.726357,LL,6
s,0,socuànt,40.74449329,0.1311274471,o,1472.637608,2027.79491,3174.776022,3851.799692,LL,6
o,0,socuànt,40.83611907,0.05212411903,k,461.52079,1016.822481,2240.652046,3217.446375,LL,6
k,0,socuànt,40.89941264,0.07446302718,u,414.5863515,876.2599778,2471.907259,3517.826708,LL,6
u,0,socuànt,40.95823843,0.04318855577,a,361.8181132,956.7578426,2037.014941,3516.825269,LL,6
a,1,socuànt,41.02153201,0.08339859045,n,642.1511138,1449.379647,2162.981631,3441.640415,LL,6
n,0,socuànt,41.09971819,0.07297376664,t,665.4864206,1460.752468,2391.165602,4122.636047,LL,6
t,0,socuànt,41.16375639,0.05510264012,k,362.0623559,1446.32206,2498.801426,3794.756131,LL,6
k,0,cunén,41.24361442,0.1046134288,u,890.5661617,1777.796864,3150.899256,3684.46301,LL,6
u,0,cunén,41.33464191,0.07744154827,n,329.1960987,817.0624598,2385.926373,3242.308846,LL,6
n,0,cunén,41.40984957,0.07297376664,e,341.4261924,1494.813096,2408.399145,3544.938465,LL,6
e,1,cunén,41.50739614,0.1221193646,n,446.4503574,2061.898955,2537.815232,3663.727156,LL,6
n,0,cunén,41.60568733,0.07446302718,NA,322.5027325,829.0453964,2358.762939,2498.807926,LL,6
e,0,es,42.29804585,0.1067864545,s,379.566947,1938.788472,2423.752411,4100.145488,LL,6
s,0,es,42.42796506,0.1530519534,i,1752.332795,2066.653064,3018.533334,3976.373706,LL,6
i,0,i,42.55065811,0.09233415371,a,404.9787628,2254.85853,2637.573222,3983.764204,LL,6
a,0,an,42.63926911,0.08488785099,n,708.1061071,1347.201815,1816.809671,2530.170729,LL,6
n,0,an,42.72490159,0.08637711153,i,687.6399983,2083.094069,2370.345557,4723.24567,LL,6
i,0,infén,42.79117369,0.04616707685,n,387.896143,2502.987574,3059.617541,4534.995074,LL,6
n,0,infén,42.89582467,0.1631348947,f,358.170413,1668.740133,2404.409177,3686.054111,LL,6
f,0,infén,43.06726058,0.179736913,e,1385.501225,2382.173828,3100.385296,3976.875311,LL,6
e,1,infén,43.23927017,0.1642822726,n,366.9182207,2248.742903,2632.289132,3781.336169,LL,6
n,0,infén,43.39736359,0.1519045755,u,405.3236052,1950.393945,2468.72063,3541.933006,LL,6
u,0,una,43.51322029,0.07980882342,n,354.3791766,701.4843296,2387.723422,3162.45709,LL,6
n,0,una,43.58216528,0.0580811612,a,311.4121456,1160.10978,2440.628964,2819.301767,LL,6
a,0,una,43.6439696,0.06552746392,s,526.6127081,1361.115623,2297.259763,3818.577783,LL,6
s,0,scuderî,43.7222529,0.09103914262,k,1286.029293,2258.050888,3044.66212,3535.476312,LL,6
k,0,scuderî,43.83106605,0.1265871462,u,1052.142713,2377.332915,3152.023992,4088.341579,LL,6
u,0,scuderî,43.93978206,0.09084489316,d,293.7302613,823.7470758,2427.332297,3213.326819,LL,6
d,0,scuderî,44.04254104,0.1146730619,e,220.9420397,1262.639729,2645.814224,3761.904027,LL,6
e,0,scuderî,44.14306613,0.08637711153,r,390.3647188,1870.743362,2423.982292,4273.572377,LL,6
r,0,scuderî,44.22497546,0.07744154827,i:,342.080145,1499.96583,2350.061183,4034.473272,LL,6
iː,1,scuderî,44.3441163,0.1608401387,k,329.8298871,2083.104662,2559.727874,4263.12454,LL,6
k,0,con,44.48336216,0.117651583,o,391.9388253,1487.843397,2374.759816,3690.271536,LL,6
o,0,con,44.57197317,0.05957042175,n,485.7089075,1155.190201,2338.030636,3172.907244,LL,6
n,0,con,44.62856507,0.05361337957,u,279.7392973,946.5901889,2469.725458,2693.588384,LL,6
u,0,un,44.69104019,0.07133687297,n,316.0176304,901.3476027,2399.899114,3268.346958,LL,6
n,0,un,44.76766329,0.0819093299,k,286.4763851,958.1260694,2433.305224,3340.728322,LL,6
k,0,cavâl,44.89648433,0.1757327442,a,206.3550074,1921.829791,3095.849555,3570.610071,LL,6
a,0,cavâl,45.0186037,0.06850598501,v,657.0339054,1354.134242,2341.241607,3474.601652,LL,6
v,0,cavâl,45.09232209,0.07893080882,a:,266.828289,1085.278791,2473.302857,3602.630228,LL,6
aː,1,cavâl,45.24720519,0.2308353843,l,820.6971297,1338.563829,2521.889606,3787.302236,LL,6
l,0,cavâl,45.39687587,0.06850598501,NA,447.6036019,1336.498608,2554.228712,3695.960429,LL,6
e,0,e,45.8233599,0.07260893422,d,423.854005,1954.872918,2532.482364,3768.653949,LL,6
d,0,däl,45.89441293,0.06949712276,æ,240.223894,1707.10725,2582.025875,4068.385996,LL,6
æ,1,däl,45.96131688,0.06431077031,l,430.9461093,1663.526567,2521.099437,3837.107765,LL,6
l,0,däl,46.03548172,0.0840189096,b,274.7629353,1558.442603,2460.550496,3809.593467,LL,6
b,0,bèli,46.19366547,0.2323485895,ɛ:,179.0902161,1294.808519,2588.122634,3781.203817,LL,6
ɛː,1,bèli,46.401429,0.1831784903,l,677.6487019,1820.926723,2606.071686,3592.485948,LL,6
l,0,bèli,46.53546218,0.08488785099,i,458.2731203,1642.077267,2276.429555,3544.243451,LL,6
i,0,bèli,46.62183929,0.08786637208,k,385.9424381,2028.531821,2508.696521,4144.262275,LL,6
k,0,cavâli,46.7305061,0.1294672452,a,1520.882854,1852.903032,2526.747353,3665.580084,LL,6
a,0,cavâli,46.81981252,0.04914559794,v,639.8710449,1388.237249,2443.584543,3513.351656,LL,6
v,0,cavâli,46.88236146,0.07595228773,a:,427.7183363,1144.540916,2496.572368,3427.415495,LL,6
aː,1,cavâli,47.00969324,0.1787112652,l,830.4688895,1376.599996,2448.279451,3906.730727,LL,6
l,0,cavâli,47.13479112,0.0714845061,i,292.8912598,1468.65877,2472.084112,3419.951872,LL,6
i,0,cavâli,47.20329711,0.06552746392,d,313.4046945,1774.201203,2530.243416,3886.567396,LL,6
d,0,da,47.25691049,0.04169929522,a,250.3780983,1466.807967,2527.138418,3678.36345,LL,6
a,0,da,47.30680072,0.0580811612,k,589.0872493,1414.951819,2456.941056,3534.425227,LL,6
k,0,cåursa,47.39295767,0.1142327572,ɑu,1227.028774,1567.511605,2473.630634,3768.815854,LL,6
ɑu,1,cåursa,47.55059914,0.2010501734,r,654.6781365,1066.75948,2162.587449,3241.268415,LL,6
r,0,cåursa,47.68463259,0.06701672447,s,661.9896161,1049.060116,2409.189077,3525.647306,LL,6
s,0,cåursa,47.79111472,0.1459475333,a,1402.612564,2349.843674,3036.791293,3678.369698,LL,6
a,0,cåursa,47.89312906,0.0580811612,NA,432.998744,1424.808515,2386.936713,3715.89252,LL,6
i,0,int,48.97179541,0.08400194986,n,454.1014673,2257.199741,3124.632697,4117.563219,LL,6
n,0,int,49.06636357,0.1051343729,t,326.0069188,1224.460093,2485.998105,4527.109156,LL,6
t,0,int,49.19980335,0.1617451891,u,437.8229524,2051.142844,3192.444408,3792.59602,LL,6
u,0,un,49.3191104,0.07686890458,n,325.4775425,895.599304,2429.105546,3486.772984,LL,6
n,0,un,49.39998878,0.08488785099,l,335.5333501,1052.938925,2343.786442,3059.765769,LL,6
l,0,lagàtt,49.4990246,0.1131838013,a,290.0674563,1271.230766,2462.880135,3536.79722,LL,6
a,0,lagàtt,49.58912487,0.06701672447,g,615.5582715,1440.488894,2456.904211,3563.140466,LL,6
g,0,lagàtt,49.67475735,0.1042482381,a,240.8427828,1601.040265,2258.10606,3435.691417,LL,6
a,1,lagàtt,49.77826095,0.1027589775,t:,807.9863448,1489.640216,2388.456774,3657.502663,LL,6
tː,0,lagàtt,49.88306224,0.1068435925,e,666.0219492,1584.723373,2846.913706,3490.320994,LL,6
e,0,lagàtt,49.95901453,0.04506098297,d,420.5352487,1639.633677,2440.073878,3734.629255,LL,6
d,0,ed,50.01719933,0.07130861765,b,348.8519495,1650.574763,2586.237186,3888.124138,LL,6
b,0,ed,50.11773607,0.1297648639,a,184.9604047,1144.03472,2427.340831,3656.719148,LL,6
a,1,banda,50.21389297,0.06254894283,n,756.4111478,1506.48412,2279.7942,3485.452282,LL,6
n,0,banda,50.27718655,0.06403820338,d,453.7032493,1303.74569,2322.548631,4063.947767,LL,6
d,0,banda,50.34122475,0.06403820338,a,217.2527581,1308.106154,2537.183731,3777.557065,LL,6
a,0,banda,50.39856128,0.05063485849,d,451.8238088,1375.091933,2518.033967,3726.652103,LL,6
d,0,dal,50.44994077,0.05212411903,a,218.1621163,1300.620068,2615.684527,3802.224806,LL,6
a,0,dal,50.49908637,0.04616707685,l,605.2647056,1335.519896,2523.532669,3792.602867,LL,6
l,0,dal,50.55195512,0.05957042175,p,357.5883806,1278.171669,2574.334637,2594.056257,LL,6
p,0,prè,50.64547291,0.1274651608,r,319.931302,1269.714939,2589.394692,3670.706404,LL,6
r,0,prè,50.72484272,0.03127447142,ɛ:,467.7276868,1389.354705,1820.638037,2404.179063,LL,6
ɛː,1,prè,50.81196446,0.1429690122,NA,631.2411385,1584.154603,2192.174152,4134.114445,LL,6
a,0,ai,51.35715555,0.05385684007,i,656.7710045,1541.320856,2649.516219,3021.724113,LL,6
i,0,ai,51.40716751,0.04616707685,e,302.8461133,1894.955567,2256.688438,3526.857968,LL,6
e,1,é,51.4831198,0.1057374986,d,340.869839,2099.770668,2494.73469,3484.4068,LL,6
d,0,di,51.58817353,0.1043699683,i,224.1341796,1910.717066,2408.574152,3873.856648,LL,6
i,0,di,51.66493132,0.04914559794,b,264.4487218,2194.447348,2513.434729,3730.849619,LL,6
b,0,bût,51.74720973,0.1154112254,u:,209.3811795,830.2906076,2370.243641,3492.98378,LL,6
uː,1,bût,51.92400114,0.2381715939,t,338.8644164,670.7046717,2445.056761,3558.590494,LL,6
t,0,bût,52.09619073,0.1062075951,e,475.0367031,1582.107624,2959.430244,3824.986971,LL,6
e,0,e,52.1739978,0.04940654401,d,365.3288158,1717.348395,2331.826062,3335.13854,LL,6
d,0,di,52.23337092,0.0693396927,i,231.7722258,1751.546803,2704.556106,3761.318068,LL,6
i,0,di,52.30746922,0.07885690542,r,317.9605176,2115.139946,2402.542453,3955.361784,LL,6
r,0,ranûc',52.37273011,0.05166486907,a,402.7616475,1493.801427,2271.247603,3632.703156,LL,6
a,0,ranûc',52.43289249,0.06865989179,n,507.7135511,1515.536973,2180.431787,2389.670515,LL,6
n,0,ranûc',52.50324154,0.07203820713,u:,304.0101313,1041.404334,2417.846463,2649.385003,LL,6
uː,1,ranûc',52.64700353,0.2154857748,ts,307.2108735,632.7097841,2484.329483,3301.918982,LL,6
ts,0,ranûc',52.8375887,0.1656845638,NA,1720.114748,2442.38252,3085.227508,4020.236741,LL,6
e,0,e,53.24443586,0.07431539406,a,447.0302199,2082.205551,2501.420033,2656.353019,LL,6
a,0,anc,53.32105897,0.07893080882,n,694.2553642,1746.339639,2326.865981,3419.100137,LL,6
n,0,anc,53.3932881,0.06552746392,k,960.9059818,1598.932948,2519.973763,NA,LL,6
k,0,anc,53.44988,0.0476563374,s,686.7519368,1550.806602,2367.924827,4637.771896,LL,6
s,0,socuànt,53.54668194,0.1459475333,o,1339.543594,1693.897399,3128.14545,3679.724301,LL,6
o,0,socuànt,53.65986574,0.08042006936,k,499.0632426,1134.227643,2262.676161,3188.61881,LL,6
k,0,socuànt,53.74773211,0.0953126748,u,449.6896069,939.3480894,2645.553436,3451.333454,LL,6
u,0,socuànt,53.83336459,0.07595228773,a,608.0220686,1213.766331,2097.692867,3273.742041,LL,6
a,1,socuànt,53.90931688,0.07595228773,n,797.0361265,1572.166675,2282.821282,3760.649698,LL,6
n,0,socuànt,53.98229065,0.06999524555,t,636.4895659,1186.16204,2355.828119,4076.555108,LL,6
t,0,socuànt,54.10366538,0.1727542231,p,234.050537,1834.917041,2777.703758,3999.009209,LL,6
p,0,péss,54.21018377,0.04028255389,e,462.6375662,1611.666974,2362.475107,3351.043352,LL,6
e,1,péss,54.25340859,0.04616707685,s:,460.4184238,1583.718302,1811.754844,2463.494412,LL,6
sː,0,péss,54.35882881,0.1646733662,r,1478.437855,2249.539491,3190.291482,3789.042366,LL,6
r,0,róss,54.47914163,0.07595228773,o,376.9958327,1029.89524,1992.590674,3434.919494,LL,6
o,1,róss,54.58562376,0.13701197,s:,562.8342943,1150.274351,1678.605988,3323.683815,LL,6
sː,0,róss,54.81114831,0.3140371306,NA,1322.341804,2270.609094,2898.309352,3876.369246,LL,6
a,0,ala,56.00326252,0.06149739224,l,676.7311705,1345.578456,2425.034378,3565.495535,LL,6
l,0,ala,56.05709476,0.04616707685,a,475.6592172,1169.150196,2389.977925,3655.329738,LL,6
a,0,ala,56.10326184,0.04616707685,s,563.5668746,1251.267841,2386.589878,3672.958653,LL,6
s,0,sgnèra,56.16432152,0.07595228773,ɲ,1032.751138,2134.779916,2438.818523,3599.481261,LL,6
ɲ,0,sgnèra,56.25591104,0.1072267591,ɛ:,297.726065,1650.939715,2403.299023,3729.195369,LL,6
ɛː,1,sgnèra,56.34154352,0.06403820338,r,505.909714,1826.804203,2487.882806,3599.058662,LL,6
r,0,sgnèra,56.40707099,0.06701672447,a,473.4805335,1364.679974,2248.804803,4012.709028,LL,6
a,0,sgnèra,56.46664141,0.05212411903,r,553.0385821,1317.654146,2016.128664,3891.910856,LL,6
r,0,rôSa,56.52048659,0.05556625294,o:,409.4402149,1162.574855,1564.580968,3286.748468,LL,6
oː,1,rôSa,56.61836457,0.1401897005,z,479.8405906,943.6157517,2345.902499,3154.992453,LL,6
z,0,rôSa,56.73127466,0.08563047354,a,1245.733825,2508.408959,3553.644328,4682.612697,LL,6
a,0,rôSa,56.83386166,0.1195435324,e,638.8471384,1490.966905,2468.492074,3817.343876,LL,6
e,0,e,56.93552682,0.08378679071,a,503.1133313,1815.544607,2469.063005,3519.84793,LL,6
a,0,al,57.00348228,0.05212411903,l,490.6937646,1944.182388,2528.781294,3520.971139,LL,6
l,0,al,57.0630527,0.06701672447,s,482.6345871,1389.673139,2446.501579,3730.897084,LL,6
s,0,sgnèr,57.13379257,0.07446302718,ɲ,1287.686774,2173.509825,2840.704587,3727.548321,LL,6
ɲ,0,sgnèr,57.22240358,0.1027589775,ɛ:,704.6107587,1885.445778,3172.603673,4408.992169,LL,6
ɛː,1,sgnèr,57.3139931,0.08042006936,r,486.4581246,1801.149455,2483.842399,3730.841547,LL,6
r,0,sgnèr,57.3780313,0.0476563374,m,393.5723869,1363.381527,2244.261938,3136.721968,LL,6
m,0,mèver,57.45072405,0.09772916098,ɛ:,240.6388991,1160.834437,2247.473686,2436.062403,LL,6
ɛː,1,mèver,57.59592696,0.192676645,v,653.277981,1783.914327,2456.63405,3633.878401,LL,6
v,0,mèver,57.72772651,0.07092247119,e,219.656916,1552.356818,2596.824421,3849.948566,LL,6
e,0,mèver,57.79669611,0.06701672447,r,580.5661617,1488.565014,2407.788198,3730.71321,LL,6
r,0,mèver,57.86296821,0.06552746392,NA,437.5539514,1452.470223,2034.109196,2559.376453,LL,6
a,0,ai,58.2082565,0.06210863818,i,709.7486671,1428.275932,2371.278911,3536.865976,LL,6
i,0,ai,58.29888124,0.1191408435,p,288.8450322,2116.698928,2660.051696,3442.815535,LL,6
p,0,pièS,58.44924734,0.1815913642,i,571.381564,1608.52835,2948.912724,3838.21671,LL,6
i,0,pièS,58.56392041,0.04775475948,ɛ:,351.2108585,2164.299509,2650.786093,3764.879771,LL,6
ɛː,1,pièS,58.73816389,0.3007322077,z,576.1119854,1870.906503,2451.551182,3827.621271,LL,6
z,0,pièS,59.05592547,0.3347909508,e,1216.848649,1925.422011,2875.389529,3638.996988,LL,6
e,0,ed,59.24526876,0.04389562908,d,449.8632943,1807.226877,2460.88879,3369.354373,LL,6
d,0,ed,59.29327863,0.05212411903,s,421.2023516,1835.236227,2498.755468,3425.363956,LL,6
s,0,stèr,59.36267558,0.08666978307,t,1519.081666,1860.853117,2836.918132,3674.711306,LL,6
t,0,stèr,59.47600572,0.1399904911,ɛ:,1394.253825,1952.990404,2627.165887,3786.428319,LL,6
ɛː,1,stèr,59.62939956,0.1667971809,r,546.1132441,1823.164998,2467.951895,3580.975479,LL,6
r,0,stèr,59.72843538,0.03127447142,i,402.5377418,1529.417725,2467.111323,3591.516333,LL,6
i,0,in,59.77478506,0.06142487303,n,415.0361551,2066.089999,2404.210112,3550.111353,LL,6
n,0,in,59.84868605,0.08637711153,k,456.0470302,2267.62218,2368.269515,3530.968257,LL,6
k,0,canpâgna,59.9484419,0.1131345903,a,278.7357814,2207.668611,2648.930357,4108.264224,LL,6
a,0,canpâgna,60.03854216,0.06706593551,n,682.9877383,1357.157814,2300.879953,3520.178066,LL,6
n,0,canpâgna,60.13015629,0.1161623224,p,111.6060536,1092.121207,2485.675988,3374.654206,LL,6
p,0,canpâgna,60.26001463,0.1435543553,a:,211.4917952,1465.499065,2449.202577,3330.422357,LL,6
aː,1,canpâgna,60.45018802,0.2367924264,ɲ,843.1582834,1322.203521,2505.173034,3669.336078,LL,6
ɲ,0,canpâgna,60.61251742,0.08786637208,a,300.6680995,1793.430815,2555.536399,3759.328083,LL,6
a,0,canpâgna,60.72123344,0.1295656673,NA,469.5559819,1726.157598,2552.603585,3455.283844,LL,6
s,0,sètma,0.3464142571,0.1603576418,ɛː,1516.022367,2451.596255,2988.389337,4036.098454,LL,7
ɛː,1,sètma,0.5061672229,0.1591482898,t,649.0648515,1817.925174,2455.148197,3381.611352,LL,7
t,0,sètma,0.6637213789,0.1559600222,m,741.9078528,1531.561117,2512.18243,3374.628781,LL,7
m,0,sètma,0.7848040518,0.08620532363,a,290.977284,1098.790777,2250.667105,3053.18157,LL,7
a,0,sètma,0.8726537986,0.08949417002,l,605.2450114,1345.480432,2543.49542,3453.444136,LL,7
l,0,leziån,0.9439255986,0.05304942992,e,340.1578962,1387.668717,2494.521357,3480.541005,LL,7
e,0,leziån,1.006369198,0.07183776969,θ,437.2962121,1728.971528,2422.656904,3597.326676,LL,7
θ,0,leziån,1.107494674,0.1304131819,j,896.1938866,1659.780614,2665.571284,3705.297605,LL,7
j,0,leziån,1.216629086,0.08785564223,ɑ,380.3262966,2093.132848,2511.22148,3646.687524,LL,7
ɑ,1,leziån,1.317188592,0.1132633699,n,676.6388897,1754.882728,2489.998975,3603.458135,LL,7
n,0,leziån,1.438832103,0.1300236514,NA,413.3567733,838.2090828,2076.773732,2861.776219,LL,7
l,0,leziån,1.921839141,0.06380768991,e,309.7689038,1875.0349,2979.732588,3934.67519,RM,7
e,0,leziån,1.982478094,0.05747021575,θ,390.4220398,2146.641704,3017.661433,4610.2694,RM,7
θ,0,leziån,2.085261365,0.1480963252,j,966.6600117,1956.17321,2826.700903,4035.867752,RM,7
j,0,leziån,2.190164624,0.06171019382,ɑ,416.2814096,2393.393944,2954.876279,4360.558955,RM,7
ɑ,0,leziån,2.301699063,0.1613586827,n,1061.248584,1494.753292,1669.586703,2927.440096,RM,7
n,0,leziån,2.429349253,0.09394169883,NA,556.7125419,1135.767034,2661.627439,3392.777465,RM,7
n,0,nómmer,2.733931456,0.1702002543,o,305.1204232,1278.355459,2165.060251,3192.610542,RM,7
o,1,nómmer,2.87318621,0.1083092528,mː,430.1199806,1003.198459,2835.175472,3207.367569,RM,7
mː,0,nómmer,2.984258453,0.113835235,e,336.1147534,1505.462435,2403.550613,2999.130714,RM,7
e,0,nómmer,3.086552787,0.09075343126,r,439.9398489,2026.515681,2275.9868,2952.95817,RM,7
r,0,nómmer,3.162875003,0.06189100158,s,403.760272,1721.21211,2719.745375,4120.785928,RM,7
s,0,sèt,3.29201553,0.1963900514,ɛː,1111.296838,1731.144794,2920.244314,4008.045017,RM,7
ɛː,1,sèt,3.492106332,0.2037915541,t,495.7267327,2184.350491,2868.894282,4449.306174,RM,7
t,0,sèt,3.716669162,0.2453341057,NA,935.2821443,1932.379649,3163.073704,3819.213142,RM,7
f,0,frûta,4.182683417,0.1237820032,r,1057.237548,1935.98799,2889.345489,3223.421863,LL,7
r,0,frûta,4.287124482,0.08510012717,uː,398.6145133,1170.116136,1742.295599,3213.681798,LL,7
uː,1,frûta,4.409248691,0.1591482898,t,352.4154885,831.3067346,2752.320026,3251.680201,LL,7
t,0,frûta,4.562934659,0.148223647,a,278.0022568,1862.653345,4008.815243,4256.621936,LL,7
a,0,frûta,4.720488815,0.166884665,NA,620.2239944,1483.197733,2500.423166,3510.844838,LL,7
e,0,e,5.05727578,0.06189100158,v,421.8363968,1886.533155,2592.687835,3688.792544,LL,7
v,0,verdûra,5.124692764,0.07294296615,e,264.8622777,1289.931281,2207.504167,3613.086635,LL,7
e,0,verdûra,5.205924703,0.089520913,r,453.9656939,1685.908632,2326.242582,3772.723341,LL,7
r,0,verdûra,5.289919634,0.07846894843,d,357.8670519,1310.168559,2043.00096,3347.343363,LL,7
d,0,verdûra,5.376985663,0.09566310908,uː,236.0158151,1157.030627,2528.360503,3822.566701,LL,7
uː,1,verdûra,5.525376723,0.2011190122,r,309.9385791,733.6404586,2773.514947,3301.532478,LL,7
r,0,verdûra,5.657986927,0.06410139449,a,412.8755957,1099.125395,1838.651783,3281.879251,LL,7
a,0,verdûra,5.766205775,0.1523363033,NA,569.9859939,1371.361139,2175.306581,3555.084277,LL,7
i,0,incû,7.518036254,0.1027832705,n,402.0084001,2355.28568,2842.258743,4041.191548,LL,7
n,0,incû,7.599820792,0.06078580512,k,392.8805656,784.8767597,2254.159246,2826.743183,LL,7
k,0,incû,7.709235242,0.1580430933,uː,944.1089513,1174.409141,2349.449003,3805.552982,LL,7
uː,1,incû,7.907681644,0.2388497111,NA,270.3971897,650.8836526,2755.081694,3374.780443,LL,7
l,0,la,8.515305333,0.04310266181,a,407.926609,1327.252493,2614.925946,3500.32482,LL,7
a,0,la,8.558960593,0.04420785827,k,634.2561771,1438.132229,2367.45419,3500.037486,LL,7
k,0,carólla,8.630630927,0.09913280857,a,600.8350204,1483.333818,2308.396427,3824.683293,LL,7
a,0,carólla,8.712248028,0.06410139449,r,593.8342795,1418.9065,2075.951843,3564.166914,LL,7
r,0,carólla,8.77413903,0.05968060867,o,524.7390782,1205.359845,1865.339324,3280.518684,LL,7
o,1,carólla,8.833819638,0.05968060867,lː,563.6427328,1101.080851,2525.046149,3013.359999,LL,7
lː,0,carólla,8.908420399,0.089520913,a,360.6387291,1169.956683,2410.926247,3673.870671,LL,7
a,0,carólla,9.000844997,0.09532828188,NA,646.2301267,1349.810522,2580.852091,3646.386182,LL,7
e,0,e,9.164554766,0.09504689528,l,503.9576973,1921.496596,2348.783893,3591.199676,LL,7
l,0,la,9.237959926,0.05176342571,a,443.4716451,1316.615564,2754.820783,3652.174342,LL,7
a,0,la,9.293681943,0.05968060867,d,461.9596538,1427.569281,2636.7235,3716.289287,LL,7
d,0,deléNna,9.351152159,0.05525982284,e,257.8894171,1404.956037,2576.385006,3660.599658,LL,7
e,0,deléNna,9.404201589,0.05083903701,l,448.6035318,1734.761738,2565.504344,3936.729644,LL,7
l,0,deléNna,9.46426736,0.06929250424,e,400.8876787,1461.497099,2824.298891,3993.390647,LL,7
e,1,deléNna,9.540911077,0.08399493071,ŋː,475.7610816,1660.65773,2237.597349,4225.473152,LL,7
ŋː,0,deléNna,9.642589151,0.1193612173,a,408.958409,1245.440137,2224.559609,2550.009981,LL,7
a,0,deléNna,9.744407918,0.08427631731,NA,596.7731629,1571.899769,2350.460099,3952.43518,LL,7
æ,1,äl,9.899276116,0.06852218032,l,452.6655589,1899.682821,2238.209895,3655.950177,LL,7
l,0,äl,9.960999658,0.05492490496,v,340.8988127,1512.385396,2608.738703,3241.825098,LL,7
v,0,van,10.03543296,0.09394169883,a,283.2633606,1296.014949,2262.683,3591.510881,LL,7
a,1,van,10.12882206,0.09283650237,n,789.3378405,1561.333648,2449.342809,4077.320019,LL,7
n,0,van,10.21286726,0.07525389256,a,389.5318311,823.727674,2263.481036,2944.739232,LL,7
a,0,al,10.26928254,0.03757667953,l,577.7976555,1377.492172,2496.46189,3761.019922,LL,7
l,0,al,10.32509497,0.0740481626,m,457.8396156,1190.237175,2595.169282,3747.619192,LL,7
m,0,marchè,10.4090899,0.09394169883,a,260.1770994,1014.324473,2319.622204,3529.464432,LL,7
a,0,marchè,10.48921664,0.06631178741,r,629.0460917,1265.330195,2435.817998,3482.988046,LL,7
r,0,marchè,10.55718622,0.06962737678,k,501.4948364,1402.447971,2121.708253,3759.660147,LL,7
k,0,marchè,10.66138282,0.1387658162,ɛː,597.8801579,1506.475467,2540.119556,3461.963262,LL,7
ɛː,1,marchè,10.83622158,0.2109117155,NA,577.0112471,1925.020656,2449.081929,3581.833262,LL,7
l,0,la,11.58543763,0.01989353622,a,485.3692261,1208.882697,1835.344292,3470.325625,LL,7
a,0,la,11.62025132,0.04973384055,k,607.9032825,1491.384485,2104.008592,3316.678951,LL,7
k,0,carólla,11.69650987,0.1027832705,a,498.5618223,1636.725403,2234.205191,3616.760332,LL,7
a,0,carólla,11.77884701,0.06189100158,r,589.1217269,1447.915435,2088.490033,3709.613395,LL,7
r,0,carólla,11.82770673,0.03582843563,o,468.4619715,1214.280903,2007.420667,3554.447601,LL,7
o,1,carólla,11.88800357,0.08476525463,lː,599.5181619,1101.187463,2570.106289,3950.065848,LL,7
lː,0,carólla,11.96851548,0.07625855552,a,422.3912454,1111.803662,2279.568336,3655.567337,LL,7
a,0,carólla,12.06466757,0.116045628,NA,626.9998919,1402.194369,2522.315719,3741.45891,LL,7
l,0,l'à,12.49033244,0.0972572882,a,428.4892237,1324.506694,2548.259907,3779.023154,LL,7
a,0,l'à,12.72818078,0.3784393826,u,767.4688959,1314.949884,2458.936447,3734.913029,LL,7
u,0,una,12.95378155,0.07276215839,n,369.3127179,617.0997547,2359.98371,3129.465286,LL,7
n,0,una,13.01723994,0.05415462638,a,283.7362571,1131.905457,2443.493727,2921.492601,LL,7
a,0,una,13.08852511,0.08841571654,l,674.7775605,1296.596221,2624.601289,3441.243066,LL,7
l,0,léssta,13.16367847,0.06189100158,e,311.9515864,1342.291934,2640.705344,3742.233839,LL,7
e,1,léssta,13.23029839,0.07134883237,sː,488.2516889,1749.379009,2507.58788,3802.698537,LL,7
sː,0,léssta,13.35326995,0.1745942972,NA,1596.125308,2216.981815,3561.5076,3715.950549,LL,7
t,0,léssta,13.54777116,0.05968060867,a,1159.718616,2119.876202,3206.195672,4020.167877,LL,7
a,0,léssta,13.60175833,0.04829372622,l,584.2566054,1343.334515,2510.591767,3506.466755,LL,7
l,0,lónga,13.66016628,0.06852218032,o,336.9521766,1244.805133,2342.561516,3826.130089,LL,7
o,1,lónga,13.75117755,0.1135003625,ŋ,539.3396979,981.6840713,2491.189759,3267.306867,LL,7
ŋ,0,lónga,13.91220134,0.2085472125,g,421.2050933,532.1706834,2305.84301,2873.574174,LL,7
g,0,lónga,14.03747368,0.04199746536,a,1233.380626,1831.480542,2887.375642,4274.475648,LL,7
a,0,lónga,14.09239849,0.06785216322,i,532.0536907,1684.901681,2378.201375,3796.098884,LL,7
i,0,invêzi,14.1618583,0.07106744577,n,389.6067836,2276.094237,2708.270319,3623.156292,LL,7
n,0,invêzi,14.28215741,0.1695307813,v,402.651052,1223.823668,2256.408523,4099.915727,LL,7
v,0,invêzi,14.39313939,0.05243317079,eː,320.3854882,1474.873437,2305.695172,3584.192612,LL,7
eː,1,invêzi,14.52299997,0.2072879965,θ,372.0618017,2170.445689,2545.963842,3691.115918,LL,7
θ,0,invêzi,14.71125516,0.1692223797,i,1488.290931,2176.061265,3466.448043,4435.980182,LL,7
i,0,invêzi,14.85427432,0.1168159519,l,288.3208476,2194.653886,2621.675462,3685.030847,LL,7
l,0,la,14.9430752,0.06078580512,a,285.7940942,1555.635514,2532.362974,3546.582532,LL,7
a,0,la,15.0055188,0.06410139449,d,574.3626472,1460.341659,2550.491353,3799.270534,LL,7
d,0,deléNna,15.07055796,0.06597691487,e,272.2619417,1543.651839,2398.141964,3599.774063,LL,7
e,0,deléNna,15.13338672,0.05968060867,l,492.0921765,1675.683648,2353.174227,3797.980315,LL,7
l,0,deléNna,15.19251473,0.05857541221,e,345.2971213,1481.924767,2696.673013,3252.912432,LL,7
e,1,deléNna,15.25526646,0.06692804654,ŋː,520.1259818,1932.150862,2462.601455,4046.161379,LL,7
ŋː,0,deléNna,15.35283188,0.128202789,a,413.6294995,1040.548785,2515.415109,4383.441282,LL,7
a,0,deléNna,15.44677358,0.05968060867,l,590.9058295,1474.120836,2368.533425,3750.950496,LL,7
l,0,la,15.4983059,0.04338404841,a,420.8511067,1283.602717,2448.559315,3868.201999,LL,7
a,0,la,15.54431225,0.0486286441,p,619.7052815,1360.862342,2495.150033,3983.052741,LL,7
p,0,prôva,15.62057081,0.1038884669,r,535.7164575,1325.27491,2391.544872,3957.04969,LL,7
r,0,prôva,15.70456574,0.06410139449,oː,390.221774,1019.021273,1398.469836,3733.127221,LL,7
oː,1,prôva,15.78144055,0.08964823481,v,447.988872,903.2593905,2601.61991,3168.762645,LL,7
v,0,prôva,15.85168419,0.05083903701,e,391.6359137,1008.157437,2199.563386,3364.031868,LL,7
e,0,prôva,15.90583881,0.05747021575,d,492.0583352,1453.699839,2269.039717,3695.546661,LL,7
d,0,ed,15.9603786,0.05160936093,f,332.0053932,1539.201675,2332.793966,3883.969847,LL,7
f,0,fèr,16.03315413,0.09394169883,ɛː,1388.132737,2106.822295,2928.695281,3836.421917,LL,7
ɛː,1,fèr,16.13742774,0.1146055136,r,584.4355253,1629.8527,2217.004971,3872.39465,LL,7
r,0,fèr,16.20633506,0.02320912559,i,402.3643718,1512.725537,2210.059468,3677.720674,LL,7
i,0,incôsa,16.25109551,0.06631178741,ŋ,318.5790119,2124.464161,2293.228899,3815.421616,LL,7
ŋ,0,incôsa,16.32403848,0.07957414489,k,320.6188362,823.1375376,2405.234426,2737.975877,LL,7
k,0,incôsa,16.42791358,0.128176046,oː,1016.740795,1241.817222,2982.723101,3883.924916,LL,7
oː,1,incôsa,16.5864959,0.1889885941,s,436.5769462,835.0763367,2516.280377,3197.993915,LL,7
s,0,incôsa,16.73915368,0.1163269692,a,1368.12152,2101.569761,3193.583535,3833.244474,LL,7
a,0,incôsa,16.84570134,0.09676835087,NA,596.2527824,1405.647332,2253.406129,4050.857435,LL,7
a,0,a,16.99435026,0.06790592119,m,770.0036746,1333.919552,2305.772695,3494.980026,LL,7
m,0,mänt,17.07171401,0.08682158276,æ,261.6941571,1313.64358,2471.657398,2680.238483,LL,7
æ,1,mänt,17.1869492,0.1436487964,n,760.7068351,1606.764191,2383.109845,3393.885738,LL,7
n,0,mänt,17.32453279,0.1315183784,t,748.3073246,2168.324365,2916.138875,4665.204737,LL,7
t,0,mänt,17.47600836,0.1714327726,NA,661.5553862,1717.599813,2995.281111,4142.452001,LL,7
m,0,mo,17.86553663,0.05194423347,o,292.9959851,751.3852481,2630.878401,3044.034839,LL,7
o,0,mo,17.91306008,0.04310266181,l,541.7164131,993.386582,2563.504723,2991.873776,LL,7
l,0,la,17.95339975,0.03757667953,a,485.4604017,1162.595011,2555.11855,2586.011584,LL,7
a,0,la,17.99097643,0.03757667953,k,580.9043361,1149.707925,2261.143442,3305.758449,LL,7
k,0,cunbéNna,18.0599608,0.1003920698,u,555.1693594,1163.334914,2575.042803,3750.612129,LL,7
u,0,cunbéNna,18.12728738,0.03426109016,n,366.4239876,830.8041123,2464.52484,3359.535273,LL,7
n,0,cunbéNna,18.19249397,0.09615209174,b,608.3879328,2238.63707,2801.92877,4577.497761,LL,7
b,0,cunbéNna,18.26589913,0.05065822925,e,224.2487553,1073.038071,2349.632224,3501.322646,LL,7
e,1,cunbéNna,18.31830556,0.05415462638,ŋː,433.2640012,1783.924461,2258.74137,3433.175564,LL,7
ŋː,0,cunbéNna,18.38903814,0.08731052008,a,305.3615206,1086.720259,2390.828246,2917.206546,LL,7
a,0,cunbéNna,18.45921811,0.05304942992,d,544.6239861,1476.817716,2497.895205,3612.074326,LL,7
d,0,di,18.51880831,0.06613097965,i,244.0353151,1481.825761,2523.402275,3679.559746,LL,7
i,0,di,18.57397773,0.04420785827,g,323.6101937,2034.702979,2475.492144,3693.999249,LL,7
g,0,gran,18.62647457,0.06078580512,r,222.6364755,1917.031652,2300.38296,3596.10629,LL,7
r,0,gran,18.68156695,0.04939896801,a,508.7993058,1512.177754,2298.049177,3633.698885,LL,7
a,0,gran,18.74550091,0.07846894843,n,720.1787111,1596.932681,2228.698121,3666.867454,LL,7
n,0,gran,18.82120687,0.07294296615,p,624.3889889,1832.282885,2165.820497,4649.539853,LL,7
p,0,pastézz,18.91181961,0.1082825098,a,288.1172921,635.019807,2237.599544,3360.134806,LL,7
a,0,pastézz,18.99580116,0.05968060867,s,577.4479804,1299.556783,2088.260997,3040.110991,LL,7
s,0,pastézz,19.08286719,0.1144514488,t,1465.523313,2075.758001,3194.208373,3800.501496,LL,7
t,0,pastézz,19.18540597,0.09062610945,e,497.7352554,1792.346688,2915.069481,3598.423841,LL,7
e,1,pastézz,19.28667214,0.1119062287,θː,443.3894755,1735.296866,2417.960052,3643.358888,LL,7
θː,0,pastézz,19.4548027,0.2243548807,NA,1190.193387,1958.5792,3186.251239,4187.884841,LL,7
v,0,veh,20.39896333,0.03647148307,e,192.9303401,1765.116692,2622.715499,4112.275054,LL,7
e,0,veh,20.63658057,0.4387629933,k,591.3954542,708.526707,2197.392311,3608.537957,LL,7
k,0,carólla,20.91223668,0.1125492308,a,538.7788443,2148.333925,3192.328517,3805.35247,LL,7
a,0,carólla,21.00197532,0.06692804654,r,641.1051329,1561.15998,2024.86912,3189.041934,LL,7
r,0,carólla,21.08721614,0.1035535944,o,500.2711599,1214.631394,2055.442676,4027.16001,LL,7
o,1,carólla,21.23072424,0.1834626118,l,511.4973541,1206.315838,2175.150982,3101.565035,LL,7
l,0,carólla,21.33019192,0.01547275039,a,549.7254709,1241.131148,2436.135582,3468.837595,LL,7
a,0,carólla,21.40976607,0.1436755394,k,690.3665787,1370.089397,1960.404906,2816.286522,LL,7
k,0,che,21.54094957,0.1186914723,e,634.1823775,1304.268036,1670.91863,3643.664469,LL,7
e,0,che,21.61576806,0.03094550079,b,477.3161483,1624.284157,2167.401519,3396.808496,LL,7
b,0,bèla,21.67986945,0.0972572882,ɛː,266.2123577,1038.358892,2132.534684,3085.865609,LL,7
ɛː,1,bèla,21.75832501,0.05965382036,l,602.1888943,1598.942961,2328.650581,3265.615495,LL,7
l,0,bèla,21.81688703,0.05747021575,a,448.2522769,1315.448531,1991.168418,3469.841516,LL,7
a,0,bèla,21.87325205,0.05525982284,f,638.7688531,1266.599354,1617.065721,3832.28952,LL,7
f,0,frûta,21.95763214,0.1135003625,r,809.2565438,1042.118016,2327.599891,3529.51713,LL,7
r,0,frûta,22.0530642,0.07736375197,uː,564.1530548,1135.979679,1729.37168,1941.89778,LL,7
uː,1,frûta,22.22024362,0.2569950941,t,458.8280811,720.3878656,2169.655357,3122.138198,LL,7
t,0,frûta,22.42610492,0.1547275039,a,402.9825112,1580.863703,1996.898303,3746.908885,LL,7
a,0,frûta,22.58792579,0.1689142501,NA,657.9823988,1377.073927,1633.319383,3773.509829,LL,7
ai,0,ai,23.20052294,0.1293079854,e,358.1338805,951.1979123,2258.575382,3007.760793,LL,7
e,1,é,23.28949125,0.0486286441,d,354.6978389,2158.500054,2461.206805,3460.122113,LL,7
d,0,di,23.34585627,0.06410139449,i,302.8124783,1751.948236,2469.297,4229.791414,LL,7
i,0,di,23.41263025,0.06944656902,f,312.2107007,2322.892982,2618.277859,3400.124454,LL,7
f,0,fîg,23.51808611,0.1414651465,iː,1419.111299,2175.285262,3330.098358,4291.101727,LL,7
iː,1,fîg,23.74115499,0.3046726066,g,398.2428252,1977.357133,3494.206517,4073.730285,LL,7
g,0,fîg,23.9515141,0.116045628,d,306.7573248,2476.214542,4128.477849,NA,LL,7
d,0,di,24.04812839,0.07718294422,i,321.8658499,2156.952408,2393.249591,3661.407432,LL,7
i,0,di,24.12429654,0.07515335906,l,313.458757,2323.80423,2626.508751,3879.544259,LL,7
l,0,limón,24.19723951,0.07073257323,i,309.4330087,2023.187028,2594.260451,3628.837625,LL,7
i,0,limón,24.26962988,0.0740481626,m,320.7922576,2294.875807,2590.087598,3972.048327,LL,7
m,0,limón,24.35645146,0.09959500292,o,281.0164909,1061.819516,2332.783706,2742.322595,LL,7
o,1,limón,24.45819319,0.1038884669,n,624.4679812,1060.572818,2478.328969,3752.203536,LL,7
n,0,limón,24.54777777,0.07528068087,d,412.3260056,1025.60271,2443.016313,2923.271946,LL,7
d,0,di,24.60917983,0.04752344764,i,300.8864442,1988.986483,3273.360581,3848.970367,LL,7
i,0,di,24.65615068,0.04641825118,m,361.5065721,2200.186734,2532.95298,4219.48966,LL,7
m,0,mandarén,24.7136209,0.06852218032,a,289.2352694,1056.691125,2394.961625,4189.917069,LL,7
a,0,mandarén,24.78159048,0.06741698386,n,680.9140164,1365.987876,2630.604018,3771.026281,LL,7
n,0,mandarén,24.84679707,0.06299619804,d,329.21614,1355.178281,2525.368976,4172.766748,LL,7
d,0,mandarén,24.89991016,0.04322998362,a,302.1467001,1395.723536,2639.608718,3888.954093,LL,7
a,0,mandarén,24.95965443,0.07625855552,r,623.0099377,1587.395493,2523.997864,3350.22128,LL,7
r,0,mandarén,25.03124773,0.06692804654,e,550.1473102,1658.249872,2486.015488,2970.420802,LL,7
e,1,mandarén,25.11997158,0.1105196457,n,457.6987811,2178.606449,2579.838086,4218.785481,LL,7
n,0,mandarén,25.21225548,0.0740481626,d,372.2057048,1841.938769,2451.547742,4566.804367,LL,7
d,0,däl,25.28154799,0.06453684587,æ,303.7857162,1606.081568,2486.530482,3981.625243,LL,7
æ,1,däl,25.35249828,0.07736375197,l,522.2696966,1991.081537,2618.626304,3956.897576,LL,7
l,0,däl,25.43428282,0.08620532363,m,323.2467623,1736.930576,2716.673707,3551.864336,LL,7
m,0,mail,25.57889612,0.2030212755,ai,288.3706869,1177.760942,2388.2216,2518.990134,LL,7
ai,1,mail,25.80693838,0.2530632456,l,967.1919741,1453.338715,2365.217495,3622.781258,LL,7
l,0,mail,26.00309738,0.1392547536,d,348.4830829,1704.596984,2513.041988,4304.201346,LL,7
d,0,däl,26.11431032,0.08317112085,æ,260.8830933,1324.387166,2469.491164,3786.72543,LL,7
æ,1,däl,26.18518359,0.05857541221,l,462.599625,1947.496709,2509.505031,4189.075077,LL,7
l,0,däl,26.25646876,0.08399493071,b,307.9545261,1665.978813,2333.078595,3976.154785,LL,7
b,0,banèn,26.38126555,0.1655986608,a,232.9663981,1113.249376,2372.904073,3548.552815,LL,7
a,0,banèn,26.50993054,0.09173130591,n,647.5064316,1447.065002,2389.027668,3698.963787,LL,7
n,0,banèn,26.60378183,0.09597128398,ɛː,319.3773325,1744.678272,2544.435496,4499.326328,LL,7
ɛː,1,banèn,26.83758117,0.3716273961,n,699.0662635,2033.934416,2430.785782,3994.173103,LL,7
n,0,banèn,27.06870792,0.09062610945,NA,369.0272296,1460.603136,2391.505553,4438.912047,LL,7
d,0,däl,27.45759319,0.08731052008,æ,270.1050243,1367.639996,2481.806116,3866.306387,LL,7
æ,1,däl,27.54435111,0.08620532363,l,461.2358725,1935.144831,2584.854453,4159.390296,LL,7
l,0,däl,27.63110903,0.08731052008,p,318.5352942,1724.275098,2591.503081,3826.070262,LL,7
p,0,próggn,27.73616633,0.1228040832,r,267.8647097,1716.238686,3014.537832,3887.678297,LL,7
r,0,próggn,27.84896001,0.1027832705,o,410.3803932,1324.332776,1896.382593,3636.825579,LL,7
o,1,próggn,27.94492499,0.08914669079,ɲː,603.4683714,1064.972971,2651.503603,3154.121834,LL,7
ɲː,0,próggn,28.08755897,0.1961212715,NA,336.9249668,1422.384082,2523.581502,4452.80314,LL,7
d,0,däl,28.44537769,0.0740481626,æ,251.5756443,1554.415575,2373.292642,4026.829587,LL,7
æ,1,däl,28.51555767,0.06631178741,l,492.2952814,1832.983838,2509.367433,4083.611182,LL,7
l,0,däl,28.58850063,0.07957414489,m,348.9252506,1620.713057,2684.014863,4181.199796,LL,7
m,0,mlarànz,28.67848374,0.1003920698,l,301.9833869,1162.991202,2591.932936,2860.00791,LL,7
l,0,mlarànz,28.76183567,0.06631178741,a,397.8885642,1405.90762,2614.00933,4031.923456,LL,7
a,0,mlarànz,28.82868668,0.06739024089,r,632.8373316,1417.411503,2437.187148,2641.008273,LL,7
r,0,mlarànz,28.91322084,0.101678074,a,596.0656428,1456.751399,2203.22102,3532.233031,LL,7
a,1,mlarànz,29.04916,0.1702002543,n,746.4657771,1729.176907,2234.66472,2672.422393,LL,7
n,0,mlarànz,29.19329774,0.1180752131,θ,571.2310652,1444.201857,2395.012386,4457.017895,LL,7
θ,0,mlarànz,29.33435098,0.16403127,e,1452.118408,2189.17175,3308.522087,4234.448647,LL,7
e,0,e,29.4491106,0.06548797754,p,565.2002364,1939.157335,2310.389511,4140.442313,LL,7
p,0,pò,29.54374559,0.1237820032,ɔː,566.3338736,1750.966543,2359.191032,3837.968017,LL,7
ɔː,1,pò,29.65758083,0.1038884669,NA,645.6217727,1009.567786,2099.446899,3486.094262,LL,7
t,0,tótt,29.90763661,0.04420785827,o,714.7668689,1991.476467,2554.021542,3316.699821,LL,7
o,1,tótt,30.02810303,0.1967249693,tː,546.1143318,1038.16469,2418.511448,4076.06046,LL,7
tː,0,tótt,30.21423823,0.1755454289,u,493.101001,1070.838683,2528.265891,3674.206712,LL,7
u,0,un,30.3441491,0.08427631731,n,424.6655065,897.847084,2490.537515,3998.001373,LL,7
n,0,un,30.42717953,0.0817845378,s,456.1041274,868.1682621,2344.223546,4633.89231,LL,7
s,0,sparvêrs,30.52498941,0.113835235,p,1263.648322,2300.245839,2899.530108,3669.59973,LL,7
p,0,sparvêrs,30.62989267,0.09597128398,a,500.3002392,2739.178122,3127.538539,NA,LL,7
a,0,sparvêrs,30.71987578,0.08399493071,r,676.4894531,1391.286584,1783.940188,2381.93951,LL,7
r,0,sparvêrs,30.81309745,0.1024483979,v,445.635891,1272.67774,1972.103977,4052.755187,LL,7
v,0,sparvêrs,30.9096347,0.09062610945,eː,248.9915152,1096.896228,2338.920813,3731.048096,LL,7
eː,1,sparvêrs,31.04516196,0.180428409,r,488.2996504,1638.778322,2148.362893,2834.704784,LL,7
r,0,sparvêrs,31.15913789,0.04752344764,s,497.1773713,1547.447708,2212.622721,4197.0682,LL,7
s,0,sparvêrs,31.25575217,0.1457051245,d,1134.527356,2295.358078,3310.036203,3988.484076,LL,7
d,0,d,31.36176063,0.06631178741,ɛː,229.1803443,1432.64549,2874.539911,3689.601852,LL,7
ɛː,1,ètra,31.47449067,0.1591482898,t,672.7148317,1346.037988,2023.514651,2630.601293,LL,7
t,0,ètra,31.60875867,0.1093877062,r,654.5199186,1846.646666,2472.943968,3999.131402,LL,7
r,0,ètra,31.69091499,0.0549249503,a,571.1406427,1342.552131,2113.037364,3964.827044,LL,7
a,0,ètra,31.75556899,0.07438303514,f,566.9389986,1411.932638,2153.924707,2425.2587,LL,7
f,0,frûta,31.85724706,0.1289731129,r,1013.339631,2149.387255,3061.74191,3877.399985,LL,7
r,0,frûta,31.97690304,0.1103388379,uː,324.2316505,1067.917615,1372.011263,3231.190464,LL,7
uː,1,frûta,32.17297163,0.2817983535,t,421.8221769,645.3030987,2325.286711,3130.586236,LL,7
t,0,frûta,32.38049073,0.1332398339,a,309.9310856,1930.404504,2799.068996,3823.564561,LL,7
a,0,frûta,32.54151454,0.1888077864,NA,607.6572702,1530.627091,2326.142623,3955.47412,LL,7
o,1,ói,33.22176038,0.2043875859,i,395.507093,1061.111592,3059.601523,4088.860341,RM,7
i,0,ói,33.37368801,0.09946768111,l,324.1726479,2304.625501,2816.951441,4335.28877,RM,7
l,0,l,33.45768294,0.06852218032,e,365.4034643,1757.708287,2689.377724,3187.433436,RM,7
e,1,é,33.54112528,0.09836248465,v,476.102897,1963.184348,2601.703306,2944.100398,RM,7
v,0,vaira,33.63009359,0.07957414489,ai,410.8305003,1743.277345,2415.343928,3748.992582,RM,7
ai,0,vaira,33.86214473,0.384528138,r,1062.122972,1668.636462,1746.623366,2996.740537,RM,7
r,0,vaira,34.13011476,0.1514119146,a,415.569675,1642.880033,1921.982793,2921.682691,RM,7
a,0,vaira,34.26052794,0.1094144492,m,832.4007875,1570.708097,2248.117374,2938.564323,RM,7
m,0,mo,34.37608463,0.1216989321,o,275.2063873,1060.092379,2206.794992,2907.962346,RM,7
o,0,mo,34.52756021,0.1812522189,NA,757.9044468,1058.630025,2851.319537,3889.413481,RM,7
a,0,a,34.92988864,0.089520913,m,998.0472578,1494.811447,3121.407208,4292.626776,RM,7
m,0,mé,35.02106734,0.09283650237,e,285.0808596,1525.865298,2743.36215,4108.642651,RM,7
e,1,mé,35.1063852,0.07779920335,a,538.2351325,2058.49232,3006.649957,4278.397295,RM,7
a,0,am,35.16849392,0.04641825118,m,560.1581124,1234.507863,2845.611781,3546.880918,RM,7
m,0,am,35.22596414,0.06852218032,v,301.2836923,949.6483823,2557.323854,2946.180042,RM,7
v,0,vôl,35.28232916,0.04420785827,oː,274.8058985,1671.687116,1869.338337,3372.211545,RM,7
oː,1,vôl,35.34144377,0.07402137429,l,462.4347252,979.6655298,2911.173967,3584.256004,RM,7
l,0,vôl,35.39282202,0.02873510788,d,458.1418377,1320.256488,2197.225761,3057.544654,RM,7
d,0,dla,35.44863444,0.08288973426,l,310.3535008,1559.526631,2547.082329,4426.045244,RM,7
l,0,dla,35.50057867,0.02099873268,a,390.9399999,1441.192036,2946.017113,3700.486282,RM,7
a,0,dla,35.54368133,0.06520659095,v,759.2942075,1470.443745,2918.556309,4137.373275,RM,7
v,0,verdûra,35.61329534,0.07402141963,e,245.0176098,1376.32025,2625.444944,2870.118293,RM,7
e,0,verdûra,35.68622493,0.07183776969,r,508.2836571,1709.774384,1839.56272,2883.874712,RM,7
r,0,verdûra,35.75308932,0.06189100158,d,380.4631061,1665.013894,2917.198252,2959.611873,RM,7
d,0,verdûra,35.8205063,0.07294296615,uː,215.8727452,318.650763,1900.834383,2986.2713,RM,7
uː,1,verdûra,35.98343238,0.2529091808,r,306.8762249,910.7022687,2976.753516,3878.184398,RM,7
r,0,verdûra,36.14508582,0.07039770069,a,825.1400963,1627.956363,3047.254054,3204.457343,RM,7
a,0,verdûra,36.22393993,0.08731052008,NA,894.1674549,1710.989957,3071.596261,4434.30417,RM,7
k,0,che,36.61853198,0.05304942992,e,714.8756723,1984.511354,3010.435664,3215.150104,RM,7
e,0,che,36.66802133,0.04592926852,m,349.5355338,1736.386517,2935.061971,3763.7733,RM,7
m,0,mustazòt,36.74346942,0.1049669204,u,243.0700245,894.2222312,2277.791059,3297.159059,RM,7
u,0,mustazòt,36.81750421,0.04310266181,s,410.0850024,1229.406617,2472.275705,3333.893385,RM,7
s,0,mustazòt,36.88768419,0.0972572882,t,1528.265673,3101.85575,3341.600295,3980.676254,RM,7
t,0,mustazòt,36.96615314,0.05968060867,a,1460.853329,2634.992533,3805.161524,NA,RM,7
a,0,mustazòt,37.02693894,0.06189100158,θ,916.6988353,1576.184286,2953.748601,4413.618856,RM,7
θ,0,mustazòt,37.11368349,0.1115980992,ɔː,582.3748236,1520.328132,2878.587129,3621.667544,RM,7
ɔː,1,mustazòt,37.27337101,0.2077769339,t,520.9523138,1015.446306,3171.884511,3696.135469,RM,7
t,0,mustazòt,37.42665842,0.09879789069,l,464.0407319,964.9435447,2934.466438,4356.300136,RM,7
l,0,l,37.50801764,0.0639205414,a,346.480971,1487.632814,2748.145374,3137.848779,RM,7
a,1,à,37.5753442,0.07073257323,l,892.7331821,1620.656275,3030.994631,4331.638993,RM,7
l,0,al,37.64607677,0.07073257323,NA,477.2242755,1539.50461,2967.745235,4311.64801,RM,7
k,0,cagaròt,37.80639392,0.05415462638,a,1435.121167,1674.315022,2715.832814,3179.114473,RM,7
a,0,cagaròt,37.88541546,0.1038884669,g,911.7395097,1744.225716,2782.152841,4364.336685,RM,7
g,0,cagaròt,37.97935716,0.08399493071,a,373.9723811,647.2326728,1794.306585,2852.066191,RM,7
a,0,cagaròt,38.08512113,0.1275329986,r,915.4125803,1772.550067,2835.614031,4324.218179,RM,7
r,0,cagaròt,38.17320195,0.0486286441,ɔː,611.4603258,1624.621614,2161.285063,4011.49337,RM,7
ɔː,1,cagaròt,38.31798268,0.2409328276,t,710.9038278,985.8496942,3218.060426,3976.954863,RM,7
t,0,cagaròt,38.49527629,0.113654382,p,477.0566687,832.9426349,2738.506133,4042.893858,RM,7
p,0,puvrén,38.60916179,0.1141166216,u,405.8167208,1960.739378,3222.480643,3945.775362,RM,7
u,0,puvrén,38.75281056,0.1731809258,v,365.5080397,774.7775529,3091.41437,4164.2155,RM,7
v,0,puvrén,38.88858227,0.09836248465,r,271.5079502,1638.970864,2929.422424,3965.331981,RM,7
r,0,puvrén,39.004936,0.1343449851,e,453.3505427,1265.900946,2131.578337,2950.264153,RM,7
e,1,puvrén,39.14394627,0.1436755394,n,444.26446,2278.311219,2814.111504,3020.849325,RM,7
n,0,puvrén,39.24451914,0.05747021575,NA,348.3833732,1003.496506,2562.883724,2786.795347,RM,7
a,0,as,39.81644174,0.06410139449,s,1072.382486,1762.770518,2972.145315,4324.427799,RM,7
s,0,as,39.87999054,0.06299619804,v,1918.55769,3200.895834,3868.092499,4533.918514,RM,7
v,0,vadd,39.94796012,0.07294296615,a,270.8123951,1556.56641,3149.233088,3958.491698,RM,7
a,0,vadd,40.02808686,0.08731052008,d:,882.6441998,1360.158056,2524.244282,2895.767149,RM,7
dː,0,vadd,40.10500998,0.06653571248,k,627.1949885,1516.52496,2152.461737,3195.555413,RM,7
k,0,vadd,40.17329836,0.07004105823,l,616.5041972,1284.950925,2302.397676,3484.552055,RM,7
l,0,ch'l,40.22069648,0.024755169,a,475.1207248,1469.921269,2713.782644,3325.416844,RM,7
a,1,à,40.25517799,0.04420785827,m,804.9580041,1488.864975,2480.828873,4053.986879,RM,7
m,0,magnè,40.31145261,0.06834137256,a,329.4069852,1290.869793,2685.866448,3596.898539,RM,7
a,0,magnè,40.38043698,0.06962737678,ɲ,667.8219783,1580.07695,1691.566848,3018.513572,RM,7
ɲ,0,magnè,40.44843347,0.06636560068,ɛː,350.6016784,2177.590175,3264.828043,4513.115693,RM,7
ɛː,1,magnè,40.50479849,0.04636443791,u,513.8973517,2032.915685,2771.235951,3936.003877,RM,7
u,0,una,40.55433799,0.05271455738,n,480.768648,1273.002247,2609.43249,3525.847692,RM,7
n,0,una,40.6011414,0.0408922689,a,360.9658868,1355.238189,2686.554878,2923.487932,RM,7
a,0,una,40.64811225,0.05304942992,p,662.9108939,1453.429407,2667.312635,3483.74756,RM,7
p,0,purcarî,40.71875442,0.08823490878,u,730.7739099,1430.074046,2745.947226,3902.08701,RM,7
u,0,purcarî,40.80044855,0.07515335906,r,376.6225002,902.5951171,2905.881988,3690.825793,RM,7
r,0,purcarî,40.86178696,0.04752344764,k,379.1726993,1279.86827,2250.295291,3235.676115,RM,7
k,0,purcarî,40.91980977,0.06852218032,a,1528.399877,1603.474737,1890.888531,3326.927169,RM,7
a,0,purcarî,40.99487273,0.08160373004,r,765.7768563,1583.401968,1809.833086,2947.689158,RM,7
r,0,purcarî,41.05391033,0.03647148307,iː,515.8869962,1885.002045,2097.334801,2967.779266,RM,7
iː,1,purcarî,41.13956306,0.1348339677,NA,366.1527496,1931.079774,2914.061246,3345.549624,RM,7
s,0,siché,41.64756507,0.08399493071,i,932.8983963,2166.380764,3222.869194,4304.207226,RM,7
i,0,siché,41.70669308,0.03426109016,k,315.5677598,2158.651308,2778.323721,3149.966867,RM,7
k,0,siché,41.7636107,0.07957414489,e,321.3023728,1341.008394,2603.069136,3049.090238,RM,7
e,1,siché,41.82983208,0.05286862217,d,382.5549554,1678.441021,2197.830169,2944.005859,RM,7
d,0,dånca,41.88831709,0.06410139449,ɑ,231.9491603,606.2102922,1793.70392,2861.886529,RM,7
ɑ,1,dånca,41.99275815,0.1447807358,n,887.3891287,1574.916221,2351.605884,2879.536626,RM,7
n,0,dånca,42.10106741,0.07183776969,k,374.435512,1101.725025,2460.106092,2922.486955,RM,7
k,0,dånca,42.17960002,0.08522744898,a,264.1203049,1125.286477,2086.153651,3286.543024,RM,7
a,0,dånca,42.25813263,0.07183776969,NA,801.4306633,1856.452836,2480.452029,3009.851551,RM,7
a,0,a,42.61404278,0.07386730951,v,804.0593804,1546.379618,2927.007099,4153.232629,RM,7
v,0,vói,42.67860635,0.05525982284,oi,350.1728471,1301.712781,2793.152364,4074.306492,RM,7
oi,1,vói,42.76591687,0.1193612173,t,411.2676955,1261.920008,2839.848443,4236.543447,RM,7
t,0,tôr,42.87871057,0.1062261817,oː,391.7578357,1958.190028,2807.276679,4325.173803,RM,7
oː,1,tôr,42.99537245,0.1270975925,r,418.094961,926.866539,2952.144409,4071.984898,RM,7
r,0,tôr,43.0834533,0.04906409547,d,367.765287,1454.737642,2939.819076,4177.337627,RM,7
d,0,dla,43.13561526,0.05525982284,l,324.7920033,1513.965387,2910.697825,4208.16782,RM,7
l,0,dla,43.19529587,0.06410139449,a,361.9870927,1559.118862,3104.2007,4230.450361,RM,7
a,0,dla,43.27321222,0.09173130591,r,828.9581761,1622.32507,2903.663973,4372.727468,RM,7
r,0,ròba,43.35254187,0.0669280012,ɔː,477.6358055,1360.189383,1971.140479,3068.08082,RM,7
ɔː,1,ròba,43.44955467,0.1270975925,b,469.0988786,953.5724473,2931.547232,3511.496539,RM,7
b,0,ròba,43.54846975,0.07073257323,a,297.8197622,1002.403978,3032.692219,3700.004355,RM,7
a,0,ròba,43.61975492,0.07183776969,NA,740.2714267,1445.445348,2853.94003,4218.095698,RM,7
p,0,pió,43.74074719,0.03536628662,j,1698.555999,2096.253584,3226.107809,4202.886183,RM,7
j,1,pió,43.78437777,0.05189488389,o,383.0565755,1922.036097,2717.15949,4073.517736,RM,7
o,1,pió,43.83632201,0.05199358304,s,376.3631608,1199.99008,2908.240296,3446.535391,RM,7
s,0,sèna,43.9241194,0.1236011954,ɛː,1498.863346,2912.660493,3346.554803,4210.71047,RM,7
ɛː,1,sèna,44.1073108,0.242781605,n,582.8056395,1737.340841,2665.809729,3124.552907,RM,7
n,0,sèna,44.26462048,0.07183776969,a,317.1969935,1423.617124,2374.580254,2786.705607,RM,7
a,0,sèna,44.35027321,0.09946768111,NA,787.7459174,1213.113017,2048.201892,3297.865629,RM,7
i,0,in,44.61408029,0.07736375197,n,321.6496496,2794.566062,3267.148729,4403.531064,RM,7
n,0,in,44.68591806,0.06631178741,p,359.2774159,1120.826617,2655.194224,2759.089858,RM,7
p,0,pòst,44.77321521,0.1082825098,ɔː,260.5734118,487.0961263,2678.436331,3701.630866,RM,7
ɔː,1,pòst,44.88980006,0.1248871996,s,552.7461365,970.6124503,2936.206505,3776.163866,RM,7
s,0,pòst,44.99203074,0.07957414489,d,273.4304093,1561.24305,3137.020161,3849.054396,RM,7
d,0,dla,45.07767007,0.0917045176,l,267.4864289,1627.731849,2604.631876,3845.036802,RM,7
l,0,dla,45.14341586,0.03978707244,a,357.5042882,1532.62249,2810.285917,3741.202166,RM,7
a,0,dla,45.1953601,0.06410139449,k,923.3155758,1577.454505,2798.367129,4431.225741,RM,7
k,0,chèren,45.27657866,0.09833574168,ɛː,661.3870172,1463.486073,2894.555244,NA,RM,7
ɛː,1,chèren,45.45227816,0.2530632456,r,551.8929748,1994.670366,2680.261845,3076.801347,RM,7
r,0,chèren,45.61086048,0.06410139449,e,604.5377434,1535.257182,2050.453265,2824.514767,RM,7
e,0,chèren,45.68632197,0.08682158276,n,526.5218887,1970.686145,2285.25596,2745.492717,RM,7
n,0,chèren,45.79162376,0.1237820032,NA,381.9332411,1493.144491,2473.820031,2835.757259,RM,7
b,0,bä,46.00608837,0.05083903683,æ,218.7219733,1038.432345,2224.325476,3710.54678,LL,7
æ,1,bä,46.07042233,0.07782888501,a,834.6472604,1423.81973,1715.496202,3841.152396,LL,7
a,0,alåura,46.15552246,0.09237136872,l,920.1839459,1410.877052,2473.636035,3792.795321,LL,7
l,0,alåura,46.23208765,0.06075901749,ɑu,651.7513821,1206.2048,2333.356613,3843.265148,LL,7
ɑu,1,alåura,46.33319974,0.141465146,r,818.2543316,1329.052362,2520.730276,3848.704734,LL,7
r,0,alåura,46.42437844,0.04089226875,a,661.7813852,1299.350342,2036.908948,3321.007484,LL,7
a,0,alåura,46.50284739,0.1160456275,NA,703.7092358,1567.356226,2471.528967,3729.992162,LL,7
ai,0,ai,47.11716599,0.1326235743,e,412.8242038,2009.638522,2936.659501,3580.571771,LL,7
e,1,é,47.26194672,0.1569378963,NA,568.3022555,2116.690164,2655.144206,2979.274831,LL,7
d,0,dal,47.77642585,0.03536628649,a,254.2960998,1745.425403,2347.999549,3706.331561,LL,7
a,0,dal,47.8233967,0.058575412,l,696.4714782,1566.157431,2581.238049,3631.84289,LL,7
l,0,dal,47.89302408,0.08067934105,f,504.3320437,1499.847858,2204.201739,2756.351037,LL,7
f,0,fnòc',48.00455851,0.1423895354,n,684.2075226,1596.870192,2666.55836,3616.029835,LL,7
n,0,fnòc',48.11277736,0.07404816234,ɔː,347.2547285,1323.538196,2229.640768,2696.965381,LL,7
ɔː,1,fnòc',48.28626646,0.2729300397,ʦ,607.1144697,886.9454465,2394.995066,3268.849816,LL,7
ʦ,0,fnòc',48.49180626,0.1381495566,d,1251.631762,1997.008891,2921.891797,3626.701354,LL,7
d,0,dal,48.58723832,0.05271455783,a,221.8099401,1297.999975,2387.190091,3656.190639,LL,7
a,0,dal,48.6434359,0.05968060845,l,630.2584758,1371.97424,2475.576659,3729.047381,LL,7
l,0,dal,48.71030029,0.07404816234,s,370.6570574,1312.624307,2233.409417,3688.043984,LL,7
s,0,sàrrel,48.82026733,0.1458859318,a,1549.608897,2216.218827,3517.612446,4168.398138,LL,7
a,1,sàrrel,48.99826763,0.2101146489,r,809.4080159,1464.435455,2280.806112,3542.019469,LL,7
r,0,sàrrel,49.13244522,0.0582405401,e,511.1005693,1372.668198,2175.788933,4178.087482,LL,7
e,0,sàrrel,49.20079996,0.07846894815,l,526.512538,1551.664513,2372.158316,3673.944621,LL,7
l,0,sàrrel,49.27705852,0.07404816234,d,366.4460469,1450.51753,2585.862538,3701.192817,LL,7
d,0,dl,49.35757042,0.08697564787,l,252.1698066,1308.247292,2192.287989,3563.03772,LL,7
l,0,dl,49.42979336,0.05747021555,aː,343.8401521,1337.341383,2525.46703,3631.882848,LL,7
aː,1,âi,49.60566029,0.2942636442,ai,841.8988087,1390.770115,2345.357358,3758.541921,LL,7
ai,0,âi,49.79036879,0.07515335879,d,515.7856936,1899.518986,2369.704573,3833.821991,LL,7
d,0,dl'arvajja,49.86527768,0.07466442198,l,257.0105109,1524.359841,2268.946182,3972.759633,LL,7
l,0,dl'arvajja,49.91974043,0.03426109004,a,380.8067882,1469.689118,2544.391346,4075.955979,LL,7
a,0,dl'arvajja,49.97831585,0.08288973396,r,671.1912924,1464.068739,2377.784145,4079.119644,LL,7
r,0,dl'arvajja,50.05330177,0.06708211172,v,533.8662729,1371.168144,2204.716882,2732.007424,LL,7
v,0,dl'arvajja,50.14265525,0.1116248417,a,346.0164906,1173.701012,2257.747021,3368.715261,LL,7
a,1,dl'arvajja,50.2581349,0.1193344748,jː,811.4299189,1393.882814,2302.847147,3684.596713,LL,7
jː,0,dl'arvajja,50.3631152,0.09062610913,a,355.2122003,2248.247225,2773.130339,3197.487238,LL,7
a,0,dl'arvajja,50.43274257,0.04862864392,l,537.2815959,1547.693891,2170.111589,3611.35773,LL,7
l,0,dl'insalè,50.50401437,0.09391495641,i,282.884098,1397.035277,2134.606219,3417.703761,LL,7
i,0,dl'insalè,50.58246995,0.06299619781,n,345.4484261,2056.017236,2384.646291,3486.514958,LL,7
n,0,dl'insalè,50.64767654,0.06741698362,s,441.3228145,2157.641138,3165.132411,4125.701524,LL,7
s,0,dl'insalè,50.73039884,0.0980276124,a,1816.761205,2374.574772,3411.845747,4012.244577,LL,7
a,0,dl'insalè,50.81312114,0.06741698362,l,653.6275287,1363.643138,2342.203735,3862.936429,LL,7
l,0,dl'insalè,50.88385371,0.07404816234,ɛː,527.0863509,1347.611394,2273.649852,3802.946087,LL,7
ɛː,1,dl'insalè,51.07620818,0.310660784,d,644.7182273,2028.84629,2464.797796,4197.660306,LL,7
d,0,di,51.28055238,0.0980276124,i,260.7519742,1629.352806,2049.237758,3549.174025,LL,7
i,0,di,51.36106429,0.06299619781,k,327.6190995,2283.207214,2976.839742,3672.709497,LL,7
k,0,côl,51.45933637,0.1335479638,oː,259.0456971,2031.417761,2389.408863,4013.79252,LL,7
oː,1,côl,51.67024808,0.2882754672,l,502.3317687,863.3486887,2371.740326,3494.577781,LL,7
l,0,côl,51.8823554,0.1359391637,NA,325.4432799,1307.373703,1439.704563,3343.11968,LL,7
d,0,di,52.20636894,0.03315589358,i,222.1796294,2058.918121,2754.076195,3841.107616,LL,7
i,0,di,52.26477692,0.08366005851,r,347.5015104,2198.978287,2274.68485,3528.327193,LL,7
r,0,radiSén,52.33036867,0.04752344747,a,444.1025485,1597.405564,2200.995,3692.185946,LL,7
a,0,radiSén,52.3935323,0.07880382005,d,583.9371975,1609.308821,2333.380004,4236.523457,LL,7
d,0,radiSén,52.47421165,0.08255486206,i,277.6884467,1603.809732,2387.693277,4121.465611,LL,7
i,0,radiSén,52.56663624,0.1022943333,z,301.8845357,2249.01893,2628.030673,2898.695965,LL,7
z,0,radiSén,52.66143867,0.08731051977,e,2110.215261,3116.148351,3470.231743,4292.888554,LL,7
e,1,radiSén,52.75142178,0.09265569504,n,408.9103517,2173.92853,2576.890601,3700.845218,LL,7
n,0,radiSén,52.83201071,0.06852218007,d,454.3895959,1871.355981,2363.764261,4352.794882,LL,7
d,0,di,52.88506014,0.0375766794,i,260.3099031,1352.80567,2289.630426,3750.10125,LL,7
i,0,di,52.92374202,0.0397870723,p,322.8610008,2210.074967,2365.018984,3433.553354,LL,7
p,0,pundôr,53.0037013,0.1201314961,u,304.8453893,2192.450581,2515.647376,4072.586888,LL,7
u,0,pundôr,53.10300153,0.07846894815,n,333.5190615,784.1278552,2304.007285,3392.068554,LL,7
n,0,pundôr,53.18864088,0.09280975995,d,239.3133875,853.8032839,2505.154862,3120.629669,LL,7
d,0,pundôr,53.28809519,0.1060988595,oː,282.1916983,1288.169767,2495.992205,3768.034013,LL,7
oː,1,pundôr,53.46594139,0.249593546,r,482.9660352,895.1752667,2844.09197,3572.298531,LL,7
r,0,pundôr,53.61930584,0.05713534364,d,372.1638237,1260.032515,2134.906184,3550.755312,LL,7
d,0,di,53.66887224,0.04199746521,i,267.4788746,1371.094227,2606.638984,3706.186452,LL,7
i,0,di,53.71031711,0.04089226875,f,334.8892297,2129.59871,2408.32219,3788.734585,LL,7
f,0,faSû,53.78547047,0.1094144488,a,742.9957335,2189.016768,2896.85815,3475.70269,LL,7
a,0,faSû,53.8793988,0.07844220607,z,615.6546792,1325.774555,2279.167597,3422.909027,LL,7
z,0,faSû,53.99819404,0.1591482892,uː,1646.297202,2606.74256,2950.043995,4096.488194,LL,7
uː,1,faSû,54.21005689,0.2645774049,NA,316.487982,860.0364908,2325.159954,3442.25508,LL,7
d,0,däl,54.58300721,0.03333670058,æ,172.3916501,1623.374855,2636.63028,3963.204636,LL,7
æ,1,däl,54.62832026,0.05728940855,l,464.01405,1892.930142,2387.882743,3486.062148,LL,7
l,0,däl,54.68956826,0.06520659072,θ,289.3755148,1613.37157,2391.762704,3734.876274,LL,7
θ,0,zivåll,54.79069374,0.1370443601,i,1102.389293,1949.054935,3137.301699,3916.653622,LL,7
i,0,zivåll,54.88422353,0.05001522811,v,279.6243288,2161.434256,2649.493778,3833.503689,LL,7
v,0,zivåll,54.95233381,0.08620532332,ɑ,211.8317802,1254.076162,2403.871432,3470.813567,LL,7
ɑ,1,zivåll,55.08012469,0.169376445,lː,809.6432523,1360.041891,2306.843507,3922.800717,LL,7
lː,0,zivåll,55.22007274,0.1105196453,NA,503.7194451,1377.540337,2658.73363,4193.192921,LL,7
d,0,däl,55.54884194,0.02984030423,æ,255.4839487,1872.722044,2137.838208,3333.344135,LL,7
æ,1,däl,55.59691799,0.06631178717,l,499.7671851,1753.481036,2259.390054,2914.216691,LL,7
l,0,däl,55.65825639,0.05636501909,p,387.3727943,1658.560306,2167.43835,3580.956271,LL,7
p,0,patèt,55.7494217,0.1259656082,a,401.0210055,1700.037988,2945.872569,4139.917752,LL,7
a,0,patèt,55.84113961,0.05747021555,t,628.9212349,1204.428146,2379.167736,3660.064911,LL,7
t,0,patèt,55.92835973,0.116970017,ɛː,595.001131,1333.060719,2968.437439,3933.777059,LL,7
ɛː,1,patèt,56.13264027,0.2915910565,t,660.5802106,1605.957355,2147.716508,4096.107687,LL,7
t,0,patèt,56.32927483,0.1016780737,d,1097.419801,1897.643717,2884.62698,3994.839354,LL,7
d,0,däl,56.41420752,0.06818730817,æ,345.7281974,1346.716426,2377.782934,4157.258607,LL,7
æ,1,däl,56.4726155,0.04862864392,l,517.9977612,1652.516599,2423.093558,3610.196218,LL,7
l,0,däl,56.52732272,0.0607858049,p,313.4817779,1562.448892,2570.174606,3441.213447,LL,7
p,0,pistinèg,56.61974732,0.1240633905,i,442.2904306,2002.061445,3161.616536,4691.294742,LL,7
i,0,pistinèg,56.72322388,0.08288973396,s,375.0131627,2204.344593,2347.226749,3606.615124,LL,7
s,0,pistinèg,56.81716558,0.104993663,t,2242.260082,2837.0572,3601.89936,4320.959056,LL,7
t,0,pistinèg,56.91890732,0.09848980713,i,196.0862176,2107.888608,3084.819665,4194.35819,LL,7
i,0,pistinèg,56.99301914,0.04973384038,n,349.7102614,2048.417128,2299.816597,3372.273061,LL,7
n,0,pistinèg,57.04938416,0.06299619781,ɛː,352.9417495,1608.471042,2386.97283,4442.413872,LL,7
ɛː,1,pistinèg,57.15272003,0.1436755389,g,713.2413927,1823.239422,2210.796085,4263.536281,LL,7
g,0,pistinèg,57.25272691,0.05633823167,d,312.1610892,1556.591175,1969.776804,2592.171425,LL,7
d,0,däl,57.30458074,0.0473694279,æ,279.4049721,1717.697725,2837.478989,3554.322345,LL,7
æ,1,däl,57.35793833,0.05934573655,l,505.3423938,1766.700442,2332.765413,4260.036195,LL,7
l,0,däl,57.42021449,0.06520659072,m,371.7390844,1619.80789,2717.051406,4105.832028,LL,7
m,0,mlaranzèn,57.51296059,0.1202856064,l,278.7543307,1065.826881,2128.378282,2661.384846,LL,7
l,0,mlaranzèn,57.6018385,0.05747021555,a,428.9412234,1429.52844,2472.053406,4345.199642,LL,7
a,0,mlaranzèn,57.68583343,0.1105196453,r,823.2060721,1516.51018,2320.507981,4446.356346,LL,7
r,0,mlaranzèn,57.77179426,0.06140201921,a,579.2754234,1259.564376,2102.199481,4213.93771,LL,7
a,0,mlaranzèn,57.84780833,0.09062610913,n,665.6369524,1484.979107,2219.099549,3848.091941,LL,7
n,0,mlaranzèn,57.96265835,0.1390739461,θ,354.0766015,1086.27977,2191.783805,2691.34625,LL,7
θ,0,mlaranzèn,58.13441263,0.2044346017,ɛː,999.9244556,1901.05536,3020.104789,3723.282724,LL,7
ɛː,1,mlaranzèn,58.46916998,0.4650801122,n,678.4115752,1271.3375,2043.557567,3572.42727,LL,7
n,0,mlaranzèn,58.74093114,0.07844220607,NA,481.821444,1494.324723,2535.580522,4487.601423,LL,7
k,0,quanta,59.52794549,0.05580329166,w,536.9501719,1513.034172,2500.614001,3819.918071,LL,7
w,0,quanta,59.56954445,0.02739461746,a,616.6928383,1079.555723,2079.887474,3585.378088,LL,7
a,1,quanta,59.61790136,0.06931920137,n,841.2102476,1305.251486,2292.360547,3598.04444,LL,7
n,0,quanta,59.72928171,0.1534414999,t,584.9077708,1227.097336,2709.303482,3899.713655,LL,7
t,0,quanta,59.85794669,0.1038884666,a,289.580956,756.0477962,2468.687382,3644.423119,LL,7
a,0,quanta,59.93862603,0.05747021555,b,596.346022,1282.02273,2303.48346,3364.964661,LL,7
b,0,bèla,60.01605345,0.09738461067,ɛː,315.3927948,1134.707608,2390.29796,3881.252831,LL,7
ɛː,1,bèla,60.13713612,0.1447807353,l,651.5037302,1560.363277,2487.466537,3547.984695,LL,7
l,0,bèla,60.23967492,0.06029686809,a,429.6176807,1453.281585,2489.443797,4011.98002,LL,7
a,0,bèla,60.30076886,0.06189100136,r,580.6446584,1314.614003,2125.779708,3333.164482,LL,7
r,0,rubéNna,60.36430426,0.0651798033,u,441.2079584,1204.055739,1710.169676,3373.131717,LL,7
u,0,rubéNna,60.44386501,0.09394169849,b,374.2170966,1048.149076,2167.472188,3238.84007,LL,7
b,0,rubéNna,60.54388529,0.1060988595,e,244.7199429,906.032388,2406.846131,3836.662852,LL,7
e,1,rubéNna,60.67144507,0.1490207141,ŋː,529.3245099,1948.886784,2488.22287,3436.583439,LL,7
ŋː,0,rubéNna,60.8776145,0.2633181435,a,278.717315,683.2602138,2516.060211,3259.633182,LL,7
a,0,rubéNna,61.08497953,0.151411914,NA,572.1843761,1556.495807,2235.76883,3899.983032,LL,7
l,0,la,62.20896079,0.06520659072,a,311.4243092,1355.989513,2705.268706,3843.308849,LL,7
a,0,la,62.27716146,0.07119476771,d,654.1151865,1385.371427,2418.852066,3858.993523,LL,7
d,0,deléNna,62.34315175,0.0607858049,e,250.2414334,1477.239306,2335.066269,3314.381302,LL,7
e,0,deléNna,62.40227976,0.05747021555,l,473.6916416,1712.228201,2549.952051,3720.868269,LL,7
l,0,deléNna,62.46251297,0.06299619781,e,401.1938416,1527.604845,2310.87895,3438.618354,LL,7
e,1,deléNna,62.5465079,0.104993663,ŋː,452.8191715,1495.112416,2239.38464,3515.51311,LL,7
ŋː,0,deléNna,62.64542298,0.09283650204,a,363.2122338,872.158136,2294.667261,2576.77782,LL,7
a,0,deléNna,62.73864464,0.09360682659,NA,666.7896769,1625.459355,2466.719321,3724.613741,LL,7
l,0,la,63.26014011,0.04641825102,a,453.0253585,1274.180041,2514.530642,3791.096146,LL,7
a,0,la,63.30987395,0.05304942973,f,633.9288775,1287.592766,2443.128426,3628.983342,LL,7
f,0,fà,63.3877903,0.1027832701,a,771.0113105,1849.353833,2338.084626,3565.949174,LL,7
a,1,fà,63.5003529,0.1223419344,u,738.2032678,1196.568939,2223.916094,3609.65963,LL,7
u,0,un,63.59719829,0.07134883262,n,517.484679,596.601839,2356.092705,3397.779514,LL,7
n,0,un,63.65884482,0.05194423328,g,323.7986943,630.4644141,2322.12079,2457.695352,LL,7
g,0,gran,63.71346164,0.05728940855,r,286.8458293,1440.474909,2215.482498,3436.375215,LL,7
r,0,gran,63.77590524,0.06759779061,a,595.4511815,1478.691385,2193.046827,3758.163447,LL,7
a,0,gran,63.86818915,0.116970017,n,829.7787184,1570.664469,2223.792844,4143.069029,LL,7
n,0,gran,63.96345377,0.07355922553,k,682.255676,1388.101568,2265.853125,4631.001429,LL,7
k,0,cariôl,64.0560458,0.1116248417,a,922.9457755,1719.018869,2219.554267,3814.818076,LL,7
a,0,cariôl,64.16228535,0.1008542649,r,605.4288788,1541.650371,2244.361988,3665.384983,LL,7
r,0,cariôl,64.22873783,0.03205069713,i,423.5518946,1522.708694,2232.2542,3201.90653,LL,7
i,0,cariôl,64.30333859,0.117150824,oː,283.4795819,2144.540489,2221.117947,3232.336598,LL,7
oː,1,cariôl,64.43350731,0.1431866021,l,483.0767123,1049.641734,2329.430067,2373.430945,LL,7
l,0,cariôl,64.52413342,0.03806561621,p,363.9441119,1031.486117,1686.41709,3385.061193,LL,7
p,0,pén,64.62343366,0.1605348734,e,258.1287669,897.2909332,2794.997758,3827.169493,LL,7
e,1,pén,64.75122455,0.09504689494,n,386.0055235,2104.299118,2432.701688,3459.384973,LL,7
n,0,pén,64.86030357,0.1231111517,NA,470.9626365,1624.428115,2488.990157,3944.909083,LL,7
p,0,pèra,65.02163602,0.0397870723,ɛː,1458.12068,1996.365996,2915.631701,3732.085804,LL,7
ɛː,1,pèra,65.1491958,0.2153325013,r,560.147817,1661.804443,2308.526219,2923.475902,LL,7
r,0,pèra,65.29388614,0.07404816234,a,536.9515072,1486.749654,1919.884176,2408.083607,LL,7
a,0,pèra,65.38948563,0.117150824,NA,582.4900962,1527.388134,2412.840686,4299.519355,LL,7
p,0,pò,65.85226499,0.02984030423,ɔː,1344.717185,1468.129732,2239.562404,3763.945644,LL,7
ɔː,1,pò,65.90025063,0.06613098018,l,649.170634,1016.075982,2494.061017,4202.246862,LL,7
l,0,la,65.95053707,0.03444189703,a,516.2494434,1087.759626,2591.447688,3768.437562,LL,7
a,0,la,65.99419233,0.05286862274,v,696.4000503,1248.194116,2453.74922,3709.227192,LL,7
v,0,và,66.03941498,0.0375766794,a,870.2731796,1282.516409,2352.286049,3631.289313,LL,7
a,1,và,66.09080662,0.06520659072,d,701.3135521,1265.006123,2395.490762,3560.674095,LL,7
d,0,dal,66.14496124,0.04310266166,a,363.0079691,1269.486015,2459.818052,3610.342787,LL,7
a,0,dal,66.18751131,0.04199746521,l,666.4071364,1306.513322,2397.544677,3640.718321,LL,7
l,0,dal,66.22398279,0.03094550068,k,500.5887393,1229.34271,2397.835041,3733.51714,LL,7
k,0,casîr,66.28365003,0.08838897414,a,566.1435982,1281.852557,2431.652931,3744.810537,LL,7
a,0,casîr,66.35713222,0.058575412,s,605.8539898,1606.683033,2242.621227,3784.855227,LL,7
s,0,casîr,66.44057455,0.1083092524,iː,1874.385773,2696.409929,3623.234855,4059.900041,LL,7
iː,1,casîr,66.53884663,0.08823490923,r,313.1070639,2125.442905,2318.613027,3465.191569,LL,7
r,0,casîr,66.60783101,0.04973384038,p,340.3687179,1479.001482,2318.284406,3519.244143,LL,7
p,0,par,66.67618575,0.08697564787,a,323.4669224,1418.177508,2336.60517,3782.748364,LL,7
a,0,par,66.75614506,0.07294296589,r,646.395447,1372.579555,2315.471838,3859.264757,LL,7
r,0,par,66.81693086,0.04862864392,p,472.648867,1243.627832,1501.732187,2190.333464,LL,7
p,0,paghèr,66.89791831,0.1133462525,a,555.8240703,1494.331316,3174.105433,4298.933513,LL,7
a,0,paghèr,66.98355764,0.05793241028,g,572.690581,1326.646244,2415.113199,3679.802449,LL,7
g,0,paghèr,67.05490648,0.08476525496,ɛː,262.6070737,2131.660137,2282.980028,4106.47031,LL,7
ɛː,1,paghèr,67.25026841,0.3059586104,r,570.62349,1990.256458,2442.919593,3076.662917,LL,7
r,0,paghèr,67.43364062,0.0607858049,NA,587.5803871,1402.698073,2264.308488,4633.961987,LL,7
a,0,al,67.96049454,0.05083903683,l,710.3707011,1153.894504,2151.238119,3893.818057,LL,7
l,0,al,68.03233231,0.09283650204,b,475.426423,1263.553153,1331.055457,3777.06371,LL,7
b,0,budghèr,68.1493157,0.1411302741,u,258.8158936,944.7460497,2502.204309,3834.20986,LL,7
u,0,budghèr,68.26574649,0.09173130558,dʒ,354.3015437,888.7847358,2404.940337,4142.160687,LL,7
dʒ,0,budghèr,68.3856603,0.1480963247,ɛː,246.6852442,1945.603452,2852.07203,3777.624992,LL,7
ɛː,1,budghèr,68.58395266,0.2484883949,r,623.7599814,1824.05208,2266.509955,2756.373874,LL,7
r,0,budghèr,68.73416898,0.05194423328,NA,429.5456695,1305.152472,2176.15881,4107.023809,LL,7
a,0,al,68.95837997,0.04420785811,l,723.1631594,1286.240916,2342.564325,3741.101106,LL,7
l,0,al,68.99982483,0.03868187585,f,466.3466254,1273.463381,2425.570588,2750.837848,LL,7
f,0,fà,69.0727678,0.1072040559,ai,419.0102285,1353.359435,2230.420808,3453.686036,LL,7
ai,1,fà,69.18273485,0.1127300382,k,464.5398919,1961.717889,2477.286383,3215.829331,LL,7
k,0,cónt,69.28582625,0.09345276168,o,827.1880467,1932.379907,2540.266446,3747.27009,LL,7
o,1,cónt,69.38062867,0.09615209139,n,568.0103346,1056.845247,2268.20336,3591.084532,LL,7
n,0,cónt,69.4651762,0.07294296589,t,656.5396912,2318.914837,2586.126248,4719.177167,LL,7
t,0,cónt,69.60615241,0.2090094524,NA,1311.496676,2230.641668,3419.206281,4165.509152,LL,7
a,0,a,70.36571394,0.0607858049,p,814.0374035,1476.331421,2711.73919,3589.923458,LL,7
p,0,pinsèr,70.44473549,0.09725728785,i,690.8766956,1452.515745,2812.43093,3475.700943,LL,7
i,0,pinsèr,70.52263844,0.05854862458,n,277.4159606,2274.872276,2535.808889,3390.617164,LL,7
n,0,pinsèr,70.59391022,0.08399493041,s,496.6964566,2032.548568,2761.333428,3686.294311,LL,7
s,0,pinsèr,70.68232594,0.09283650204,ɛː,1758.736895,2790.344466,3566.081999,4125.545011,LL,7
ɛː,1,pinsèr,70.78604694,0.1146055139,r,584.7541904,1793.8334,2577.801557,3303.567884,LL,7
r,0,pinsèr,70.85495426,0.02320912551,a,524.1341082,1392.28769,2475.160465,3495.802203,LL,7
a,0,a,70.89308354,0.05304942973,k,595.0098038,1540.589465,2415.395745,3676.403479,LL,7
k,0,cal,70.96436871,0.08952091268,a,499.5823964,1535.824268,2443.221345,3552.25509,LL,7
a,0,cal,71.03247899,0.04669963876,l,561.098943,1420.736339,2357.988203,3739.794226,LL,7
l,0,cal,71.10003667,0.08841571622,n,321.4548233,1184.901975,2536.250268,3447.983455,LL,7
n,0,nómmer,71.17297963,0.05747021555,o,293.0335911,1155.281775,2734.328337,3097.782185,LL,7
o,1,nómmer,71.23984402,0.07625855524,mː,509.6032101,966.1216787,2569.339473,3338.799033,LL,7
mː,0,nómmer,71.32651154,0.09707648085,e,269.4970308,1102.820319,2434.586784,2752.662451,LL,7
e,0,nómmer,71.40931087,0.06852218007,r,558.624993,1529.648156,2378.382005,3663.288475,LL,7
r,0,nómmer,71.46788628,0.04862864392,p,442.7471229,1334.149735,2247.31532,3920.276994,LL,7
p,0,prémma,71.5623672,0.1403332074,r,410.9208377,1514.339976,3072.912835,3918.031114,LL,7
r,0,prémma,71.67697276,0.08887791095,e,555.4319149,1366.983006,2337.060185,2985.280348,LL,7
e,1,prémma,71.759541,0.07625855524,mː,498.4180623,1668.541025,2449.05242,3361.757349,LL,7
mː,0,prémma,71.86941764,0.1434947319,a,269.4712317,1098.663508,2269.110877,2866.366306,LL,7
a,0,prémma,71.99089885,0.09946768075,NA,694.0669765,1468.178154,2435.056776,3582.444561,LL,7
i,0,in,72.35777058,0.08620532332,n,295.6849328,2264.239678,2880.493274,3620.665347,LL,7
n,0,in,72.44066032,0.0795741446,f,311.0222411,736.9656178,2477.731071,3664.218235,LL,7
f,0,franc,72.53277676,0.1046587458,r,1090.52557,1956.30012,2664.295004,3656.155322,LL,7
r,0,franc,72.61494644,0.05968060845,a,601.2743027,1337.364216,2120.467411,4237.177961,LL,7
a,1,franc,72.68678421,0.08399493041,n,785.7001229,1454.943307,2305.653562,3697.700802,LL,7
n,0,franc,72.76525316,0.07294296589,d,599.6748377,1600.777683,2387.746636,4263.082077,LL,7
d,0,dl'euròpa,72.82310851,0.04276774442,l,274.4418725,1356.038401,2229.168102,3427.187621,LL,7
l,0,dl'euròpa,72.86825411,0.04752344747,e,330.9614811,1365.315088,2413.70893,3732.734929,LL,7
e,0,dl'euròpa,72.92673912,0.06944656953,u,482.1359557,1552.71081,2279.298911,3794.471914,LL,7
u,0,dl'euròpa,72.99026117,0.05759753837,r,486.6193583,1009.431674,2208.249347,3216.984054,LL,7
r,0,dl'euròpa,73.07100417,0.1038884666,ɔː,453.2055958,1017.865851,1496.909127,3726.76773,LL,7
ɔː,1,dl'euròpa,73.21136412,0.1768314324,p,559.2097912,896.8689559,2435.296114,3102.077468,LL,7
p,0,dl'euròpa,73.36979238,0.1400250776,a,208.568593,620.6709849,2615.074047,3793.6051,LL,7
a,0,dl'euròpa,73.48180238,0.08399493041,NA,563.3919753,1300.735187,2464.706492,3467.099465,LL,7
p,0,pò,73.85705332,0.04089226875,o,647.4462163,1538.881541,2243.778113,3499.767522,LL,7
o,1,pò,73.94657423,0.1381495566,NA,588.3156163,905.5170851,2704.526078,3414.230436,LL,7
i,0,in,74.29950369,0.09504689494,n,347.6679734,2254.916848,2925.348206,3598.118696,LL,7
n,0,in,74.39952397,0.104993663,f,380.2968337,1072.494028,2360.649912,3254.112137,LL,7
f,0,franc,74.51089097,0.1177403416,r,1204.13998,2006.515124,2717.889723,3776.684389,LL,7
r,0,franc,74.59297027,0.04641825102,a,626.3655928,1347.489703,2111.93432,3939.881391,LL,7
a,1,franc,74.69464834,0.1569378963,n,790.7136642,1526.347478,2344.624058,3887.571509,LL,7
n,0,franc,74.79908941,0.05194423328,d,483.5292809,1683.618576,2428.173139,4622.031968,LL,7
d,0,dl'itâglia,74.88827541,0.1264277576,l,241.5041496,1059.218892,2200.383778,4245.130291,LL,7
l,0,dl'itâglia,74.97399177,0.04500497008,i,261.0989894,1561.096823,2525.975776,3725.050506,LL,7
i,0,dl'itâglia,75.02854495,0.06410139426,NA,314.9190735,2101.60066,2525.739754,3402.182437,LL,7
t,0,dl'itâglia,75.15048826,0.04089226875,aː,949.814476,1594.43997,2712.540409,3799.796188,LL,7
aː,1,dl'itâglia,75.271725,0.2015812071,ʎ,837.3845753,1394.489508,2286.90154,3811.487516,LL,7
ʎ,0,dl'itâglia,75.42722283,0.1094144488,a,275.0120152,2068.769244,2157.132109,2946.472441,LL,7
a,0,dl'itâglia,75.51840153,0.07294296589,k,555.9352638,1715.095172,2474.481824,3429.122688,LL,7
k,0,ch'i,75.61240689,0.1150677539,i,418.3210876,2023.988784,2874.803018,3414.680424,LL,7
i,0,ch'i,75.68928171,0.03868187585,n,324.8209469,2160.76806,2640.071359,3728.528886,LL,7
n,0,n,75.75062011,0.08399493041,v,317.979102,1310.196773,2280.386908,2958.139453,LL,7
v,0,vèlen,75.82080009,0.05636501909,ɛː,249.9029636,1277.382801,2253.499992,3275.463372,LL,7
ɛː,1,vèlen,75.89042746,0.08288973396,l,645.1488982,1624.662541,2451.301117,3499.293515,LL,7
l,0,vèlen,75.96060744,0.05747021555,e,308.9439923,1567.352613,2904.376551,3241.044335,LL,7
e,0,vèlen,76.02406583,0.06944656953,n,435.8506506,1771.884527,2419.403375,3424.11521,LL,7
n,0,vèlen,76.0963658,0.07515335879,p,243.2725993,1195.530273,2283.078511,2927.178062,LL,7
p,0,pió,76.19061562,0.1133462978,j,226.7335106,1862.957059,2994.728629,4036.094476,LL,7
j,1,pió,76.301766,0.1089544619,o,390.8916512,1654.282712,2309.649132,3445.596867,LL,7
o,1,pió,76.41030635,0.1081262376,NA,458.4371196,937.1917295,2605.498764,3278.652699,LL,7
p,0,pò,76.71678972,0.04199746521,ɔː,955.3784954,1921.683352,2975.446523,4027.281219,LL,7
ɔː,1,pò,76.81458623,0.1535955649,NA,558.9600979,984.1569749,2799.923414,3421.675288,LL,7
a,0,a,77.17656162,0.04973384038,p,723.4567275,1353.693581,2256.107536,3714.800359,LL,7
p,0,pinsèr,77.24839939,0.09394169849,i,640.1540013,1358.053583,2504.437495,4453.512169,LL,7
i,0,pinsèr,77.32686834,0.06299619781,n,280.1355955,2206.089699,2447.963085,3497.476723,LL,7
n,0,pinsèr,77.39539052,0.07404816234,s,382.985019,1623.168937,2388.428296,3786.582105,LL,7
s,0,pinsèr,77.51252797,0.1602267436,ɛː,1568.266494,2556.462397,3311.735215,3996.483617,LL,7
ɛː,1,pinsèr,77.65728196,0.1292812429,r,553.6722695,1773.825387,2316.111857,3622.851119,LL,7
r,0,pinsèr,77.73850053,0.03315589358,ai,476.758577,1279.777264,2194.061626,4025.331592,LL,7
ai,0,ai,77.83962601,0.1690950573,b,406.3851067,2101.592049,2349.330426,3853.543364,LL,7
b,0,bot,78.01770333,0.1870595883,o,208.659879,968.8559341,2295.621396,3713.351481,LL,7
o,1,bot,78.16594035,0.1094144488,NA,611.919158,992.8089329,2689.655823,3486.190514,LL,7
t,0,bot,78.40518864,0.1458859318,k,1487.067314,2331.107482,3411.250034,4235.205089,LL,7
k,0,ch'ai,78.51735271,0.07844220607,ai,837.1621147,1897.929887,2727.631978,3807.725765,LL,7
ai,0,ch'ai,78.63905162,0.1649556139,v,333.8161565,2161.838144,2787.844133,3689.603866,LL,7
v,0,vôl,78.78673601,0.1304131814,oː,199.1789104,1343.373144,2250.681531,3535.479333,LL,7
oː,1,vôl,78.93151675,0.1591482892,l,501.0466113,791.4681136,2766.017068,3424.033098,LL,7
l,0,vôl,79.04203639,0.06189100136,p,377.5013612,1058.257771,1728.003431,3666.34364,LL,7
p,0,par,79.13343283,0.120901866,a,348.8079653,1010.120855,2056.345928,3476.803562,LL,7
a,0,par,79.22317147,0.058575412,r,635.5407939,1202.846633,2400.119369,3130.419897,LL,7
r,0,par,79.2734579,0.04199746521,p,830.573635,1481.968674,2943.045795,NA,LL,7
p,0,paghèr,79.35957282,0.1302323744,a,360.2410517,1051.726528,2687.45616,3225.610225,LL,7
a,0,paghèr,79.45563451,0.06189100136,g,614.6550174,1245.512831,2303.913916,3481.181161,LL,7
g,0,paghèr,79.51918331,0.06520659072,ɛː,277.3542467,1712.75463,2221.462021,3438.549763,LL,7
ɛː,1,paghèr,79.62574436,0.1479155177,r,608.6704413,1881.558133,2317.260153,3651.472246,LL,7
r,0,paghèr,79.73396321,0.06852218007,NA,451.6210927,1327.818164,2216.597082,3732.472252,LL,7
t,0,tótt,79.92559765,0.04199746521,o,1415.901068,2415.593441,3299.462047,3714.771805,LL,7
o,1,tótt,80.01898675,0.1447807353,tː,569.9849329,1021.815078,2411.867396,3505.004333,LL,7
tː,0,tótt,80.18585804,0.1889618513,k,862.3686461,1433.499304,2807.045886,3274.179684,LL,7
k,0,cal,80.32437939,0.08808084432,a,1171.928978,1616.675742,2912.173144,4084.294677,LL,7
a,0,cal,80.40157571,0.06631178717,l,602.0349576,1507.948671,2145.946057,3173.690103,LL,7
l,0,cal,80.46899269,0.06852218007,k,466.1103903,1247.980964,2440.058284,3781.003607,LL,7
k,0,cariôl,80.57216112,0.1378146847,a,326.5972494,1466.191099,2220.172549,4124.566228,LL,7
a,0,cariôl,80.68527632,0.08841571622,r,598.778982,1564.342501,2165.315098,4011.926318,LL,7
r,0,cariôl,80.76285778,0.06674719448,i,462.2839755,1334.407073,2124.012353,3680.004533,LL,7
i,0,cariôl,80.81535461,0.03824646854,j,342.9025947,1814.485852,2272.002858,3900.8259,LL,7
j,0,cariôl,80.88349163,0.09802756706,oː,266.1689987,2160.323855,2927.242028,3710.797931,LL,7
oː,1,cariôl,81.02296409,0.1809173464,l,471.0758255,913.3068852,2566.074598,3453.074473,LL,7
l,0,cariôl,81.14381566,0.0607858049,p,354.0670517,1097.937165,1843.865762,3495.554806,LL,7
p,0,pén,81.24515886,0.1419005986,e,234.677183,1162.525435,2482.65134,3628.358869,LL,7
e,1,pén,81.38684174,0.141465146,n,407.5976208,2103.651147,2504.16843,3723.688585,LL,7
n,0,pén,81.52213787,0.1291271326,r,390.5789277,1670.174311,2287.329738,3842.839148,LL,7
r,0,rèS,81.61654175,0.05968060845,ɛː,460.8973375,1358.726865,2208.53863,3859.315616,LL,7
ɛː,1,rèS,81.78909309,0.2854220726,z,620.7286555,1581.78164,2368.654118,4314.445487,LL,7
z,0,rèS,82.00695748,0.1503067176,NA,1683.440388,2588.081155,3350.754772,4305.83023,LL,7
a,0,ala,82.43294155,0.05320349464,l,692.6363355,1241.426257,2726.195232,3936.360386,LL,7
l,0,ala,82.49490958,0.07073257298,a,516.5322811,1201.300268,2630.778664,2757.210804,LL,7
a,0,ala,82.56122137,0.06189100136,d,608.6307758,1369.35282,2642.910168,3785.312635,LL,7
d,0,deléNna,82.62421756,0.06410139426,e,398.0688299,1408.582998,2630.955486,3531.406201,LL,7
e,0,deléNna,82.68887156,0.06520659072,l,462.5115467,1585.197203,2490.989728,3609.584734,LL,7
l,0,deléNna,82.74965736,0.05636501909,e,403.8180997,1424.002313,2661.502356,3603.361203,LL,7
e,1,deléNna,82.82094253,0.08620532332,ŋː,468.5141794,1842.618141,2469.736474,3591.864823,LL,7
ŋː,0,deléNna,82.93160287,0.135115355,a,279.1966987,742.2953756,2308.236585,2640.101949,LL,7
a,0,deléNna,83.0461314,0.09394169849,NA,570.2137957,1541.75534,2369.48016,3712.753184,LL,7
ai,0,ai,83.39832745,0.1248871992,v,378.9894656,2042.916465,2649.826525,3632.481557,LL,7
v,0,vén,83.50332112,0.08510012687,e,229.5343741,1471.052418,2209.197127,3465.754302,LL,7
e,1,vén,83.6007191,0.1096958366,n,406.5450211,1875.327474,2475.699346,3649.232158,LL,7
n,0,vén,83.67214496,0.03315589358,u,314.655397,826.9850098,2294.247166,3311.084915,LL,7
u,0,un,83.77934902,0.1812522183,n,350.3235768,782.1366758,2536.61516,3158.534419,LL,7
n,0,un,83.88544788,0.03094550068,z,593.8148448,1171.351543,2530.683138,4182.319009,LL,7
z,0,Smalvén,83.95940564,0.116970017,m,1424.136269,2318.792879,3269.280301,3837.939275,LL,7
m,0,Smalvén,84.06651929,0.09725728785,a,258.1995164,986.5817374,2312.42696,2988.695884,LL,7
a,0,Smalvén,84.14868899,0.06708211172,l,627.3537121,1204.419192,2554.588032,3459.721994,LL,7
l,0,Smalvén,84.28650367,0.2085472577,v,288.4242354,1333.835153,2297.060614,3713.764118,LL,7
v,0,Smalvén,84.41951241,0.05747021555,e,196.6611259,1247.889679,2317.411775,3286.099325,LL,7
e,1,Smalvén,84.50657846,0.1166618872,n,456.9921532,1871.68971,2519.445601,3601.275179,LL,7
n,0,Smalvén,84.60690687,0.08399493041,NA,307.611448,636.1972941,2288.384023,3019.964573,LL,7
e,0,e,84.92263144,0.05747021555,l,480.6401994,1776.112444,2490.980198,3464.647442,LL,7
l,0,la,84.97457568,0.04641825102,a,421.000613,1425.445961,2613.27807,3610.425387,LL,7
a,0,la,85.02209912,0.04862864392,k,651.2822096,1426.633174,2520.66002,2674.322181,LL,7
k,0,câsca,85.09502872,0.09723054576,aː,562.8966234,1442.39416,2494.572375,3849.092229,LL,7
aː,1,câsca,85.2033246,0.1193612169,s,767.4980423,1294.033735,2190.236415,3685.027246,LL,7
s,0,câsca,85.30002929,0.07404816234,k,1127.535377,2112.837199,2958.084482,3517.982589,LL,7
k,0,câsca,85.37288183,0.0716569171,a,1477.598286,1602.281305,2833.914451,3918.294044,LL,7
a,0,câsca,85.43302461,0.04862864392,p,587.4828948,1394.173603,2082.07311,3203.215621,LL,7
p,0,par,85.50486238,0.09504689494,a,580.5670099,1386.377063,2092.877218,3729.779287,LL,7
a,0,par,85.58443652,0.06410139426,r,627.8273921,1240.859078,2435.674466,3319.314066,LL,7
r,0,par,85.65523276,0.07749107452,NA,452.9893513,1221.755788,2130.888468,3434.580473,LL,7
t,0,tèra,85.785157,0.03868187585,ɛː,820.4846429,1556.347631,2356.989219,3666.87333,LL,7
ɛː,1,tèra,85.88531795,0.1616400245,r,581.6911115,1719.004767,2513.478269,3505.917484,LL,7
r,0,tèra,85.99818866,0.06410139426,a,550.8501031,1374.995604,2396.432852,3748.020528,LL,7
a,0,tèra,86.06560565,0.07073257298,NA,615.2953139,1471.687579,2421.488193,3672.575571,LL,7
k,0,cme,86.31882296,0.06631178717,m,878.4143703,1619.044107,2386.733354,3416.260999,LL,7
m,0,cme,86.38734514,0.07073257298,e,246.4022691,929.3741594,2247.758984,2678.127136,LL,7
e,0,cme,86.47432076,0.1032186774,u,497.9540355,1689.471909,2349.287519,3529.425759,LL,7
u,0,una,86.57124316,0.09062610913,n,396.6486408,513.1688637,2359.698938,2948.428558,LL,7
n,0,una,86.63337862,0.0336448304,a,273.3969299,1151.053984,2551.195609,2950.131269,LL,7
a,0,una,86.67592869,0.05145529647,p,565.5116755,1237.401359,2543.830945,3561.677502,LL,7
p,0,paira,86.75958872,0.1158647752,ai,556.9452448,1152.464131,2858.075084,3930.876596,LL,7
ai,0,paira,86.90908498,0.1831277393,r,562.8966997,1816.10439,2435.803136,3215.300111,LL,7
r,0,paira,87.05977686,0.1182560205,a,395.6303599,1272.502336,2226.630663,3601.654098,LL,7
a,0,paira,87.13327243,0.02873510777,p,616.2317344,1324.65922,2283.668986,2794.472499,LL,7
p,0,patòca,87.22112217,0.1469643861,a,580.3431687,1323.477749,2376.599228,3793.449559,LL,7
a,0,patòca,87.31726089,0.04531305457,NA,600.4645697,1188.62331,2565.053601,3354.638143,LL,7
t,0,patòca,87.44694067,0.05968060845,ɔː,1003.246996,2016.247899,3128.836086,3904.976318,LL,7
ɔː,1,patòca,87.5804116,0.2072612542,NA,472.3341207,784.0902894,2877.237245,3226.969637,LL,7
k,0,patòca,87.78958849,0.07404816234,a,1301.897829,1455.349584,2006.047054,3273.148175,LL,7
a,0,patòca,87.87947511,0.1057250746,NA,474.133837,1537.455534,2277.399155,3257.676185,LL,7
u,0,utèva,0.5741917713,0.08798808448,t,497.2668279,2583.632033,2768.71843,3261.095191,LL,8
t,0,utèva,0.6732884537,0.1102052802,ɛ:,362.794209,1177.539101,2513.767933,3346.439301,LL,8
ɛː,1,utèva,0.8356178529,0.2144535183,v,671.3522327,1809.083395,1867.705355,3225.997038,LL,8
v,0,utèva,0.9696513018,0.05361337957,a,840.791677,1959.585414,3080.58645,4032.568417,LL,8
a,0,utèva,1.030710984,0.06850598501,l,620.7894977,1272.090876,2661.446172,3507.925034,LL,8
l,0,leziån,1.090281406,0.05063485849,e,402.1032526,1322.943872,2615.926529,3576.010751,LL,8
e,0,leziån,1.158787391,0.08637711153,θ,425.8497664,1764.976292,2479.456066,3561.902284,LL,8
θ,0,leziån,1.243675242,0.08339859045,j,646.1181973,1768.593944,2758.607424,3684.287412,LL,8
j,0,leziån,1.322606051,0.07446302718,ɑ,353.0230757,2056.575489,2415.640206,3541.447556,LL,8
ɑ,1,leziån,1.408983162,0.09829119588,ŋ,665.8000665,1761.748286,2355.792723,3012.670967,LL,8
ŋ,0,leziån,1.532591787,0.1489260544,NA,624.9046899,1468.767707,2352.753723,4688.533964,LL,8
l,0,leziån,1.95690933,0.101269717,e,376.8249614,1630.579818,1967.833338,3765.208443,RM,8
e,0,leziån,2.035840139,0.05659190066,θ,419.1293298,2116.026036,2238.970739,3007.92947,RM,8
θ,0,leziån,2.141577637,0.1548830965,j,759.6624076,1704.901095,2717.467697,3634.129299,RM,8
j,0,leziån,2.244336615,0.05063485849,ɑ,413.534101,2160.45098,2465.730292,3048.244856,RM,8
ɑ,1,leziån,2.344117071,0.1489260544,ŋ,901.1717463,1578.269833,1787.861836,2887.123092,RM,8
ŋ,0,leziån,2.491553865,0.1459475333,n,356.8398168,888.1502143,2095.699876,3329.010761,RM,8
n,0,nómmr,2.756372836,0.3836904088,o,1002.343961,2175.824096,3133.367059,4104.980796,RM,8
o,1,nómmr,2.980981772,0.06552746392,m:,541.8857414,993.0061522,2399.680469,3584.850583,RM,8
mː,0,nómmr,3.071826666,0.1161623224,r,540.2806278,1956.089343,2994.646964,3922.649237,RM,8
r,0,nómmr,3.162671559,0.06552746392,ɔ:,535.1216578,1482.186743,2089.294814,3714.117697,RM,8
ɔː,1,òt,3.406910288,0.4229499944,t,671.3282073,972.7858984,3042.463176,3702.988842,RM,8
t,0,òt,3.68689127,0.13701197,NA,937.2815608,1645.385606,2562.906796,3686.565932,RM,8
u,0,un,4.924365589,0.1336450615,n,334.1489517,660.8661688,2841.717532,4055.17221,LL,8
n,0,un,5.034570869,0.08676549894,a,218.5394404,1037.03873,2627.694716,2715.250738,LL,8
a,0,amåur,5.120922,0.08593676228,m,618.134357,1402.604287,2680.81898,2770.253873,LL,8
m,0,amåur,5.221971542,0.1161623224,ɑu,222.9860816,1141.54363,2432.854473,3590.340677,LL,8
ɑu,1,amåur,5.471582002,0.3830585966,r,632.9301665,1052.480369,2684.832214,4057.737074,LL,8
r,0,amåur,5.726245555,0.1262685094,d,1140.178877,1643.371637,3340.658369,3478.199777,LL,8
d,0,difézzil,5.863550181,0.1483407425,i,243.2656886,1438.151098,2725.341494,4149.055339,LL,8
i,0,difézzil,5.971973544,0.06850598501,f,288.6556314,2231.577114,2268.168253,3889.687828,LL,8
f,0,difézzil,6.06877548,0.1250978857,e,754.1038249,1815.14097,2692.58751,3598.579702,LL,8
e,1,difézzil,6.186427063,0.1102052802,θ:,416.0444214,1834.579565,2425.386564,3574.71173,LL,8
θː,0,difézzil,6.341310159,0.1995609129,i,1023.551715,1820.149088,2975.729488,3764.762113,LL,8
i,0,difézzil,6.484279171,0.08637711153,l,266.6215071,2112.936383,2504.443358,3752.683021,LL,8
l,0,difézzil,6.611158974,0.1673824927,NA,266.4200322,1481.926113,2713.787178,3589.370243,LL,8
a,0,ala,7.842603769,0.06064258322,l,751.8844674,1274.544754,2425.317423,3948.456437,LL,8
l,0,ala,7.907178053,0.06850598501,a,515.8864266,1188.833466,2506.077601,3882.279213,LL,8
a,0,ala,7.970581713,0.05830133583,s,570.1441442,1412.064348,2282.207009,3847.531463,LL,8
s,0,sîra,8.066749106,0.1340334489,i:,1632.669663,1859.962019,3036.234119,3795.725004,LL,8
iː,1,sîra,8.249928153,0.2323246448,r,294.1287731,2075.126646,2391.459459,3396.75774,LL,8
r,0,sîra,8.403321989,0.07446302718,a,385.2559331,1315.907876,2300.422491,3071.741863,LL,8
a,0,sîra,8.500123924,0.1191408435,p,605.8037077,1491.422231,2237.851193,4055.687508,LL,8
p,0,pèvel,8.675856668,0.2323246448,ɛ:,135.9508167,1353.281745,2835.407562,3806.217223,LL,8
ɛː,1,pèvel,8.887331665,0.1906253496,v,664.1470752,1853.62731,2616.871721,4225.157535,LL,8
v,0,pèvel,9.028811417,0.09233415371,e,285.6163563,1311.852157,2432.291042,3763.660519,LL,8
e,0,pèvel,9.113699268,0.07744154827,l,544.9472934,1629.006056,2593.519452,3968.379368,LL,8
l,0,pèvel,9.183694514,0.06254894283,NA,332.0879948,1424.041386,2859.295631,3274.083305,LL,8
a,0,al,9.374146189,0.0714845061,l,710.5019524,1322.285223,2444.322297,3872.213308,LL,8
l,0,al,9.453076998,0.08637711153,l,430.5097409,1266.340599,3010.420777,4019.232794,LL,8
l,0,lavåura,9.518604462,0.04467781631,a,431.6381042,1272.726321,2746.953237,3628.030952,LL,8
a,0,lavåura,9.573707102,0.06552746392,v,644.0068728,1315.807093,2586.251831,3918.011383,LL,8
v,0,lavåura,9.633277524,0.05361337957,ɑu,377.3648641,1099.369809,2560.204352,3797.609417,LL,8
ɑu,1,lavåura,9.743482804,0.1667971809,r,784.8130707,1111.812056,2602.90315,3774.034309,LL,8
r,0,lavåura,9.853273716,0.05278464291,a,503.6851904,1036.75273,1597.577232,3326.918261,LL,8
a,0,lavåura,9.90622526,0.05311844652,a,567.0804236,1235.722151,2173.744455,3123.262938,LL,8
a,0,al'ustarî,9.950903077,0.0362371861,l,502.8228758,1120.040823,2279.804102,3379.754248,LL,8
l,0,al'ustarî,9.991360578,0.04467781631,u,334.3529297,1045.065119,1819.211427,3187.346633,LL,8
u,0,al'ustarî,10.05372299,0.08004701222,s,366.0105654,907.7032423,2377.478208,3173.851295,LL,8
s,0,al'ustarî,10.16732116,0.1471493271,t,1126.398543,2032.8346,2765.566114,3394.427622,LL,8
t,0,al'ustarî,10.25953307,0.03727448651,a,519.9083639,1428.189578,2299.040141,3890.309912,LL,8
a,0,al'ustarî,10.31093404,0.06552746392,r,505.280011,1403.416708,2150.858201,3944.342917,LL,8
r,0,al'ustarî,10.38092929,0.07446302718,i:,339.9515241,1501.969582,2345.306024,3727.318973,LL,8
iː,1,al'ustarî,10.49746393,0.1586062479,NA,319.1095054,2236.932806,2394.454596,3439.982584,LL,8
a,0,al,10.77601956,0.04227894781,l,754.752359,1378.784926,2356.42765,3475.66696,LL,8
l,0,al,10.83439055,0.07446302718,p,411.816055,1320.420499,2441.312568,4227.377346,LL,8
p,0,pistån,10.92746933,0.1116945408,i,484.8653873,1499.211221,2789.644515,3778.023634,LL,8
i,0,pistån,11.01310181,0.05957042175,s,294.9529768,2051.095802,2335.563056,3424.164426,LL,8
s,0,pistån,11.0719276,0.0580811612,t,1834.462183,2458.448045,3561.220215,4169.014082,LL,8
t,0,pistån,11.14639063,0.09084489316,ɑ,1950.996144,2445.009579,3861.325661,NA,LL,8
ɑ,1,pistån,11.23053385,0.07744154827,n,705.4203342,1507.314931,2258.446283,3822.142555,LL,8
n,0,pistån,11.31020929,0.0819093299,v,453.3000687,1059.089241,2237.158399,3435.677878,LL,8
v,0,vûd,11.40003219,0.09773646597,u:,251.90565,946.0203553,2343.613749,3485.086323,LL,8
uː,1,vûd,11.56909115,0.2403814547,d,277.2292393,697.6109952,2939.368047,3492.700615,LL,8
d,0,vûd,11.78598217,0.1934005841,i,373.3707453,1546.724935,2488.534078,3632.535656,LL,8
i,0,int,11.91182022,0.05827552522,n,320.8217996,2318.011285,2790.428385,3714.377299,LL,8
n,0,int,11.96478615,0.0476563374,t,293.2653802,1446.680168,2377.191846,3657.23109,LL,8
t,0,int,12.03403677,0.09084489316,a,262.1295359,2066.190387,2541.879601,4019.377293,LL,8
a,0,al,12.10622961,0.05354078246,l,634.5181522,1353.624176,2339.274203,3508.162944,LL,8
l,0,al,12.15909836,0.05219671614,p,424.7658164,1213.016045,2397.901836,3670.681669,LL,8
p,0,pradèl,12.24325329,0.1161131526,r,397.1007586,1380.179959,2805.680561,3865.164816,LL,8
r,0,pradèl,12.32364878,0.04467781631,a,473.5808709,1202.636005,2200.642348,4000.368891,LL,8
a,0,pradèl,12.36758196,0.04318855577,d,530.1262476,1211.609232,2207.385348,3859.653851,LL,8
d,0,pradèl,12.43087553,0.08339859045,ɛ:,212.1637115,1221.55179,2434.020466,3896.886683,LL,8
ɛː,1,pradèl,12.57458918,0.2040286945,l,603.2222164,1814.186306,2413.880108,2972.427236,LL,8
l,0,pradèl,12.71830282,0.08339859045,NA,360.1488022,1493.603403,2461.780198,3863.46846,LL,8
d,0,dapartótt,13.69853952,0.0437247932,a,545.1590729,1385.439637,2478.681497,3776.872244,LL,8
a,0,dapartótt,13.73827304,0.03574225305,p,684.6801448,1285.824211,2292.53542,3068.420886,LL,8
p,0,dapartótt,13.81207691,0.1118654775,a,610.2109128,1313.500306,2784.342107,3871.660582,LL,8
a,0,dapartótt,13.90226264,0.06850598501,r,660.9436637,1285.751248,2452.781666,3543.078315,LL,8
r,0,dapartótt,13.9603438,0.0476563374,t,478.8117232,1167.058446,1929.687618,3754.861058,LL,8
t,0,dapartótt,14.04746554,0.1265871462,o,436.3715423,1270.668064,3318.580402,3718.436646,LL,8
o,1,dapartótt,14.1695849,0.117651583,t:,488.968742,1090.518356,2392.014025,3139.942711,LL,8
tː,0,dapartótt,14.31627707,0.1757327442,NA,432.6443442,1172.23907,2849.015517,3598.655518,LL,8
ai,0,ai,14.7223441,0.07995642904,e,631.5524731,1625.987821,2708.897215,4158.475583,LL,8
e,1,é,14.82714145,0.1296382644,d,312.7320552,2308.887603,2490.921254,3722.537115,LL,8
d,0,di,14.93961692,0.0953126748,i,202.3825586,1657.409063,2484.895439,3855.312326,LL,8
i,0,di,15.01854772,0.06254894283,s,278.9840279,1859.629189,2460.578202,3639.677289,LL,8
s,0,studént,15.08407519,0.06850598501,t,1327.942191,1955.33429,3097.437114,3524.605141,LL,8
t,0,studént,15.17566471,0.1146730619,u,1720.304503,3227.94392,3609.607878,3811.524673,LL,8
u,0,studént,15.26204182,0.0580811612,d,294.5631655,1008.802793,2391.139216,3289.890397,LL,8
d,0,studént,15.33926327,0.09636172234,e,220.5789703,1332.985598,2925.016261,3459.231085,LL,8
e,1,studént,15.43563786,0.09638746482,n,429.4995313,1995.777134,2471.48717,3566.787082,LL,8
n,0,studént,15.52925404,0.09084489316,t,333.6024052,2300.449242,2339.686503,4124.032123,LL,8
t,0,studént,15.67669083,0.2040286945,NA,283.0805974,1942.134358,2935.553238,3890.300751,LL,8
k,0,ch'i,16.07492052,0.04687425099,i,1086.623781,2431.262003,3182.625618,4006.77072,LL,8
i,0,ch'i,16.166119,0.1355227095,k,275.6927105,2304.951833,2638.766655,3687.397105,LL,8
k,0,cànten,16.25696389,0.04616707685,a,862.1899326,2015.785723,2504.79132,3671.596128,LL,8
a,1,cànten,16.33440544,0.1087160197,n,746.3941679,1572.085459,2224.885266,3299.931277,LL,8
n,0,cànten,16.45950333,0.1414797517,t,441.3059396,1049.919871,2317.643853,4468.354426,LL,8
t,0,cànten,16.58162269,0.1027589775,e,316.6443755,1522.241169,2844.480157,4206.558264,LL,8
e,0,cànten,16.65459646,0.04318855577,n,374.1425544,1631.5262,2369.166433,3807.441728,LL,8
n,0,cànten,16.76243321,0.1724849468,e,333.9171545,1547.852857,2428.617772,3570.574888,LL,8
e,0,es,16.90973536,0.1221193646,s,413.4385958,1935.478779,2514.401532,3526.199837,LL,8
s,0,es,17.01770675,0.09382341425,i,1876.549204,2209.634737,2713.426448,3670.360116,LL,8
i,0,i,17.08695737,0.04467781631,f,289.198116,1914.691774,2375.777044,3379.121955,LL,8
f,0,fómmen,17.15099557,0.08339859045,o,1357.932093,2372.566537,3369.696548,4241.505333,LL,8
o,1,fómmen,17.24647918,0.1075686326,m:,508.7931662,954.905957,2490.528127,3316.115179,LL,8
mː,0,fómmen,17.35617165,0.1118163077,e,245.3289124,1241.888941,2283.340845,3163.981547,LL,8
e,0,fómmen,17.45080058,0.07744154827,n,451.5714964,1533.569794,2543.309507,2995.620637,LL,8
n,0,fómmen,17.55877197,0.1385012306,NA,188.6898357,1732.417265,2649.338529,4688.298105,LL,8
t,0,tótt,18.56049289,0.03354350321,o,991.7992534,1682.593527,3027.415276,3695.94488,LL,8
o,1,tótt,18.61970857,0.08488785099,t:,452.2911893,1053.475303,2424.972332,3476.235397,LL,8
tː,0,tótt,18.73134223,0.1383794637,i,519.8062043,2059.791432,2974.111155,3428.330402,LL,8
i,0,i,18.82957254,0.0580811612,a,336.6576256,2092.259839,2630.972489,3692.171857,LL,8
a,0,an,18.88914296,0.06105968229,n,639.1456907,1589.645837,2261.235279,3604.29315,LL,8
n,0,an,18.97552007,0.1116945408,f,598.0944385,1670.633633,2250.544387,4567.702045,LL,8
f,0,fâm,19.11367943,0.1646241735,a:,1096.709203,1908.49968,2921.273255,3651.626507,LL,8
aː,1,fâm,19.30023975,0.2084964761,m,797.5330253,1336.391573,1829.55745,3940.990774,LL,8
m,0,fâm,19.44246414,0.07595228773,e,333.3191997,1304.661257,2381.125594,3712.567799,LL,8
e,0,e,19.51343583,0.06599110424,s,495.1100981,1649.340223,2354.31612,3271.794738,LL,8
s,0,said,19.59981294,0.1067631188,ai,1763.127351,2515.733133,3502.770544,4084.902064,LL,8
ai,1,said,19.78128262,0.2561762408,d,676.3300893,1736.491502,2422.31017,3400.33906,LL,8
d,0,said,20.00393879,0.189136089,NA,1148.545719,1947.845136,3055.794151,3949.341105,LL,8
i,0,i,20.53947315,0.07871070231,k,334.1778876,2214.402227,2603.985096,3659.942395,LL,8
k,0,cmànden,20.63467577,0.1116945408,m,309.9709306,1836.908511,2149.281657,3495.799093,LL,8
m,0,cmànden,20.73817938,0.0953126748,a,256.0563741,978.2099982,2328.800328,2626.467313,LL,8
a,1,cmànden,20.84540614,0.1191408435,n,828.1172727,1557.51532,2467.195337,3690.63117,LL,8
n,0,cmànden,20.95188827,0.09382341425,d,463.7089678,1177.706218,2284.953293,4572.404501,LL,8
d,0,cmànden,21.03305297,0.06850598501,e,229.899351,1196.788964,2373.731148,3718.161194,LL,8
e,0,cmànden,21.10751599,0.08042006936,n,444.8623228,1656.029272,2437.458701,3722.242004,LL,8
n,0,cmànden,21.19538236,0.0953126748,NA,285.8158202,1346.736285,2408.498683,2999.532165,LL,8
d,0,dal,21.47967191,0.06999524555,a,218.5849504,1348.488934,2563.761651,3833.525432,LL,8
a,0,dal,21.54445474,0.05957042175,l,604.2846166,1364.967365,2599.995779,3549.296938,LL,8
l,0,dal,21.61891777,0.08935563262,v,335.3072707,1300.160946,2384.733375,3701.295116,LL,8
v,0,vén,21.70380562,0.08042006936,e,1291.159256,2359.230089,3528.979476,4510.387858,LL,8
e,1,vén,21.77901327,0.06999524555,n,455.6434867,1741.272622,2288.496531,3374.65531,LL,8
n,0,vén,21.90191357,0.1758053413,d,429.2107362,2235.843055,2414.690855,3904.099158,LL,8
d,0,dla,22.09331985,0.2070072156,l,284.3840201,935.9518511,2439.013337,3564.957381,LL,8
l,0,dla,22.2251194,0.05659190066,a,370.0626528,1339.079129,2575.093335,3661.615637,LL,8
a,0,dla,22.28245594,0.0580811612,b,544.7017818,1262.505905,2485.250719,3522.409932,LL,8
b,0,bérra,22.36163028,0.1002675241,e,209.5241176,1231.697186,2294.914147,3735.101138,LL,8
e,1,bérra,22.47825624,0.1329844014,r:,488.4149506,1812.615019,2335.51876,3587.743295,LL,8
rː,0,bérra,22.6832005,0.2769041215,a,374.6141808,1248.302538,2161.661331,3227.038536,LL,8
a,0,bérra,22.85292703,0.06254894283,e,579.6853338,1484.030876,2345.524447,4056.488232,LL,8
e,0,e,22.91919913,0.06999524555,d,457.9697424,1823.20489,2442.981859,3936.819839,LL,8
d,0,di,23.00036383,0.09233415371,i,327.6370193,1870.568649,2315.35846,3837.753294,LL,8
i,0,di,23.07243374,0.05180567294,p,304.1407182,2249.306138,2639.055186,3792.932729,LL,8
p,0,panén,23.15472124,0.1127693308,a,290.1840349,1478.44145,2232.748391,3637.328373,LL,8
a,0,panén,23.23811983,0.05402785009,n,573.8618057,1382.000712,2393.436975,3233.130991,LL,8
n,0,panén,23.31502399,0.09978045643,e,299.7717497,1349.068756,2439.512896,3040.681568,LL,8
e,1,panén,23.40214573,0.07446302718,n,449.7367963,1988.425821,2504.793852,3427.478221,LL,8
n,0,panén,23.51011712,0.1414797517,NA,298.7299786,793.0627663,2406.702926,2508.796243,LL,8
a,0,acsé,24.27874534,0.07155710321,k,723.0477379,1398.422368,2017.933516,3128.680373,LL,8
k,0,acsé,24.35398929,0.07893080882,s,568.9699311,1631.39004,2076.349697,3797.344714,LL,8
s,0,acsé,24.44334493,0.09978045643,e,1606.288406,2453.578148,3598.747082,4002.611066,LL,8
e,1,acsé,24.55057169,0.1146730619,a,457.1112383,1870.429005,2407.688087,3525.657293,LL,8
a,0,a,24.68005188,0.144287336,p,671.6921096,1429.551696,2010.569242,3708.375077,LL,8
p,0,pèvel,24.80804282,0.1116945408,ɛ:,604.0648866,1220.843008,1932.553992,3544.71554,LL,8
ɛː,1,pèvel,24.92664627,0.1255123562,v,601.3079596,1846.251255,2567.902163,3547.483726,LL,8
v,0,pèvel,25.02737859,0.07595228773,e,435.3803977,1343.167918,2345.651224,3992.382223,LL,8
e,0,pèvel,25.0988631,0.06701672447,l,555.7884177,1575.325429,2517.501812,3448.430547,LL,8
l,0,pèvel,25.18598484,0.1072267591,NA,369.7750235,1440.810587,2468.903386,2696.891588,LL,8
ai,0,ai,25.60900743,0.1211920839,p,559.0331812,1847.774224,2469.584673,4070.775708,LL,8
p,0,pèr,25.73998973,0.1407725102,ɛ:,398.6101643,2147.446781,3102.692129,NA,LL,8
ɛː,1,pèr,25.83494878,0.04914559794,r,583.849453,1732.947154,2411.179675,3489.845289,LL,8
r,0,pèr,25.88781753,0.05659190066,d,621.7949178,1610.163248,2345.477741,3151.878701,LL,8
d,0,dandèr,25.97620843,0.120189891,a,249.7941303,1325.100386,2305.939536,3424.05779,LL,8
a,0,dandèr,26.06981174,0.06701672447,n,595.2778577,1373.090927,2552.915746,3877.270231,LL,8
n,0,dandèr,26.16512441,0.1236086251,d,321.4100781,1107.190914,2574.816985,2818.586749,LL,8
d,0,dandèr,26.27011728,0.08637711153,ɛ:,234.9358393,1395.468341,2560.411136,3823.79232,LL,8
ɛː,1,dandèr,26.37362089,0.120630104,r,575.9353895,1806.721427,2499.571081,3271.253522,LL,8
r,0,dandèr,26.47635528,0.08483868119,i,354.4571603,1941.704438,2440.534326,2842.917557,LL,8
i,0,int,26.54074707,0.0439448997,n,489.1806094,1913.68763,2458.465347,4271.840458,LL,8
n,0,int,26.64462885,0.1638186598,t,252.804849,917.2127774,2423.734988,3673.665745,LL,8
t,0,int,26.74589857,0.03872077414,i,686.5220969,2122.672977,2789.867755,3679.57035,LL,8
i,0,i,26.79410401,0.057690118,m,294.9283998,2256.621114,2530.505051,3639.171236,LL,8
m,0,mât,26.86092522,0.07595228773,a:,294.2496961,1079.63774,2412.67376,2583.45047,LL,8
aː,1,mât,27.0105959,0.2233890816,t,939.0777268,1365.326044,2523.510252,3741.637205,LL,8
t,0,mât,27.18781791,0.1310549278,p,564.4735991,1337.300033,2772.417255,3797.48533,LL,8
p,0,pr,27.3087653,0.1108398573,r,678.5380432,2254.256422,3091.680883,3880.483571,LL,8
r,0,pr,27.38429024,0.04021003468,a,552.6352842,1221.941373,2119.589707,3865.320618,LL,8
a,0,al,27.4274788,0.04616707685,l,639.9820277,1355.006803,2360.430532,3778.858726,LL,8
l,0,al,27.47364588,0.04616707685,g,570.6839065,1303.832639,2354.401824,3754.803033,LL,8
g,0,gran,27.55108743,0.1087160197,r,260.0676451,1420.338034,2396.752033,3900.081435,LL,8
r,0,gran,27.64193232,0.07297376664,a,642.5040222,1497.259243,2133.748629,3759.36455,LL,8
a,0,gran,27.70675145,0.05666449777,n,716.6000682,1583.794992,2241.529232,3996.847178,LL,8
n,0,gran,27.77718575,0.08420410417,l,567.1629833,1539.710589,2393.045569,NA,LL,8
l,0,lavurèr,27.84873114,0.05888667493,a,349.6288566,1216.373187,2560.217665,3768.671298,LL,8
a,0,lavurèr,27.91912914,0.0819093299,v,472.3504717,1115.067921,2394.439551,3631.562154,LL,8
v,0,lavurèr,27.98912439,0.0580811612,u,376.950411,650.8308314,2346.444492,3483.420136,LL,8
u,0,lavurèr,28.04422703,0.05212411903,r,433.2926975,992.4772872,1956.22012,3206.575778,LL,8
r,0,lavurèr,28.10454208,0.06850598501,ɛ:,575.547248,1413.011787,1948.182088,2211.147799,LL,8
ɛː,1,lavurèr,28.21549199,0.153393836,r,618.2699969,1778.309527,2478.359446,3674.61392,LL,8
r,0,lavurèr,28.32712565,0.06987347864,NA,524.1796983,1324.123039,2274.365545,3773.279975,LL,8
s,0,stasîra,29.47143741,0.08422753149,t,1585.121251,2601.884458,3673.883699,4231.631943,LL,8
t,0,stasîra,29.56790919,0.1087160197,a,1207.390174,2129.482009,3613.777409,4125.527867,LL,8
a,0,stasîra,29.64013832,0.03574225305,s,561.3225167,1491.321656,2371.955535,3947.194625,LL,8
s,0,stasîra,29.72978666,0.1435544194,i:,1664.894378,2466.788827,3614.861391,4108.482757,LL,8
iː,1,stasîra,29.91892275,0.2347177587,r,342.8186689,2067.211322,2369.622126,3702.803811,LL,8
r,0,stasîra,30.0675561,0.06254894283,a,432.4159907,1364.116204,2378.353549,2802.374736,LL,8
a,0,stasîra,30.15840099,0.1191408435,p,489.7230482,1513.468249,2485.578274,4310.712059,LL,8
p,0,però,30.24060303,0.04526322354,e,390.6958964,1517.322379,2231.785023,3072.605796,LL,8
e,0,però,30.29748763,0.06850598501,r,529.5327398,1448.24339,2215.602327,3980.608467,LL,8
r,0,però,30.36599362,0.06850598501,ɔ:,531.0509677,1262.104168,2078.014945,3768.010859,LL,8
ɔː,1,però,30.4590724,0.117651583,NA,638.3535484,1081.377542,2422.794311,3765.091771,LL,8
l,0,l,30.89885503,0.1084467434,e,275.566226,1488.694285,2662.486851,4063.780101,LL,8
e,1,é,30.98807602,0.06999524555,t,402.0676967,1869.992784,2568.035702,3727.81534,LL,8
t,0,tótt,31.09389899,0.1416506884,o,327.6454616,2097.077735,2468.74699,3355.523529,LL,8
o,1,tótt,31.20418974,0.07893080882,t:,459.9803773,1061.173089,2375.986702,3428.825012,LL,8
tː,0,tótt,31.32779836,0.1682864414,i,456.0665204,1813.507417,2959.578278,3812.594518,LL,8
i,0,interesè,31.43285212,0.04182106213,n,385.0287187,2016.635524,2384.619245,4315.190254,LL,8
n,0,interesè,31.48348697,0.05944865484,t,471.83631,1863.79431,2421.598897,3905.339539,LL,8
t,0,interesè,31.57060872,0.1147948288,e,260.9393281,1823.088191,3202.053351,4007.508161,LL,8
e,0,interesè,31.66374838,0.0714845061,r,521.3674499,1686.632322,2292.58056,3663.512264,LL,8
r,0,interesè,31.72108491,0.04318855577,e,358.9928313,1400.320072,2380.851679,3402.03711,LL,8
e,0,interesè,31.7724644,0.05957042175,s,489.0356817,1597.720117,2236.439771,4162.138609,LL,8
s,0,interesè,31.86554319,0.1265871462,ɛ:,1849.892686,1895.768739,2826.7025,3857.888132,LL,8
ɛː,1,interesè,32.0422278,0.2267820732,NA,564.7412252,1139.044641,2151.79903,4048.741396,LL,8
a,0,a,32.6055453,0.0574700115,u,653.842203,1245.255841,2434.525243,3895.752763,LL,8
u,0,una,32.65736384,0.04616707685,n,395.3616184,908.1007307,2583.04521,3267.865784,LL,8
n,0,una,32.71991278,0.07893080882,a,332.0533854,1150.640809,2006.886767,3249.77604,LL,8
a,0,una,32.78767414,0.05659190066,b,681.6276612,1345.777299,2498.56997,3950.178617,LL,8
b,0,bèla,32.85543549,0.07893080882,ɛ:,296.5068459,1186.297415,2382.215258,3960.699282,LL,8
ɛː,1,bèla,32.94032334,0.09084489316,l,637.6763162,1614.849566,2730.654583,3176.435742,LL,8
l,0,bèla,33.00287229,0.0342529925,a,618.3144786,1440.425953,1982.939409,2576.178612,LL,8
a,0,bèla,33.03935917,0.03872077414,r,699.7163144,1367.61436,2259.436371,4138.057275,LL,8
r,0,ragâza,33.08879747,0.06015582897,a,611.9354652,1262.497601,2194.170582,3976.137665,LL,8
a,0,ragâza,33.14791597,0.0580811612,g,703.7697322,1460.850255,2168.099533,4066.534875,LL,8
g,0,ragâza,33.21567732,0.07744154827,a:,265.7785809,1750.529925,2279.564335,3860.183561,LL,8
aː,1,ragâza,33.35417855,0.1995609129,θ,894.8933049,1389.641548,2296.077685,3866.520383,LL,8
θ,0,ragâza,33.50757239,0.1072267591,a,1078.692837,2210.667191,2729.261978,3870.098948,LL,8
a,0,ragâza,33.62075619,0.1191408435,NA,624.7507767,1424.860726,2436.085374,3806.529355,LL,8
k,0,ch'l'à,34.00303135,0.08793896919,l,1386.709058,1849.616132,2946.526562,4145.693738,LL,8
l,0,ch'l'à,34.07976457,0.06552746392,a,652.9781318,1410.4803,2531.368796,3828.509772,LL,8
a,1,ch'l'à,34.14380277,0.06254894283,n,261.2774519,1308.007683,2205.829709,2967.537484,LL,8
n,0,nómm,34.19741615,0.04467781631,o,308.4066443,1299.75415,2760.445329,3186.046776,LL,8
o,1,nómm,34.25698657,0.07446302718,m:,509.2450899,1005.662892,2830.5858,3270.737536,LL,8
mː,0,nómm,34.36197944,0.1355227095,NA,250.2883405,885.8674738,1853.327713,2891.985501,LL,8
l,0,Luzî,34.67837355,0.07729403888,u,259.7225496,1368.581193,1716.506632,3613.598079,LL,8
u,0,Luzî,34.79133725,0.1486333508,θ,319.3300863,1121.661859,2279.520417,3678.321601,LL,8
θ,0,Luzî,34.93415991,0.13701197,i:,1034.1052,1738.333505,2416.861465,3444.812147,LL,8
iː,1,Luzî,35.09886955,0.1924073137,NA,246.2060593,2233.89141,2988.459287,3148.463027,LL,8
l,0,la,36.15634056,0.05793365182,a,276.0211714,1326.762003,2600.266346,3618.240856,LL,8
a,0,la,36.21434797,0.0580811612,l,602.8720299,1352.484428,2520.115133,3504.138738,LL,8
l,0,luzî,36.27317376,0.05957042175,u,272.1047594,1219.923101,2577.855035,3416.054734,LL,8
u,0,luzî,36.33569812,0.06547829413,θ,314.1071185,1003.765018,2600.359275,3396.302568,LL,8
θ,0,luzî,36.42579838,0.1147222317,i:,1290.310109,2409.67709,3319.609866,4038.779584,LL,8
iː,1,luzî,36.57546906,0.1846191376,NA,278.1317776,2183.374883,2366.159302,3535.221601,LL,8
l,0,la,36.98118251,0.03100519512,a,398.052243,1249.344854,2486.309955,3742.042534,LL,8
a,0,la,37.02200253,0.05063485849,v,649.9731877,1275.983656,2505.521688,3762.711136,LL,8
v,0,và,37.08220753,0.06977513905,a,324.3226903,1148.499476,2324.385026,3526.481874,LL,8
a,1,và,37.23623595,0.238281687,a,763.5001459,1278.747367,2509.674026,3713.303448,LL,8
a,0,al'universitè,37.44771094,0.1846683074,l,632.8993172,1235.925069,2487.198002,3636.276484,LL,8
l,0,al'universitè,37.57854577,0.07700133527,u,632.1712564,1326.054379,2695.259435,3386.821402,LL,8
u,0,al'universitè,37.64258397,0.05107507149,n,371.9087353,1164.080883,2264.661642,3635.61356,LL,8
n,0,al'universitè,37.70364365,0.0710442931,i,273.2725371,975.5367012,2435.690889,3457.368768,LL,8
i,0,al'universitè,37.77052574,0.06271987954,v,354.8615426,1868.293006,2451.638939,3422.115001,LL,8
v,0,al'universitè,37.83009616,0.05642096396,e,184.1012927,1390.829083,2358.915108,3546.067087,LL,8
e,0,al'universitè,37.88585796,0.05510264012,r,493.0966298,1407.207245,2263.562405,3667.981744,LL,8
r,0,al'universitè,37.94766227,0.06850598501,s,397.9957151,1439.132516,2260.414126,3582.572622,LL,8
s,0,al'universitè,38.0221253,0.08042006936,i,1734.502905,2400.933839,3406.25507,3573.499858,LL,8
i,0,al'universitè,38.09212055,0.05957042175,t,339.280386,1916.946013,2453.198498,4198.900283,LL,8
t,0,al'universitè,38.18222081,0.120630104,ɛ:,191.5173793,2106.582779,2439.842064,3492.467393,LL,8
ɛː,1,al'universitè,38.32593445,0.1667971809,NA,589.273364,1841.525216,2462.800293,3558.355339,LL,8
a,0,al,38.79387839,0.04228470245,l,722.7458268,1355.47489,2005.228639,3947.575787,LL,8
l,0,al,38.83810428,0.04616707685,s,569.3353775,1258.445612,2146.843812,3888.73146,LL,8
s,0,secånnd,38.8976747,0.07297376664,e,1406.576094,2005.60619,2995.519367,4057.485947,LL,8
e,0,secånnd,38.97064847,0.07297376664,k,578.8892247,1736.071631,2779.583089,3800.886226,LL,8
k,0,secånnd,39.05106854,0.08786637208,ɑ,412.0949935,1909.674326,2147.350209,3703.427965,LL,8
ɑ,1,secånnd,39.12106379,0.05212411903,n:,659.090393,1453.423168,2184.034594,3359.019619,LL,8
nː,0,secånnd,39.21041942,0.1265871462,d,299.73078,1174.498948,2321.821133,2776.986083,LL,8
d,0,secånnd,39.30498746,0.06254894283,a:,211.6925431,1196.998612,2515.89551,3780.559947,LL,8
aː,1,ân,39.41826845,0.1640130238,n,802.6047545,1294.428377,2249.058511,3679.011554,LL,8
n,0,ân,39.52559239,0.05063485849,e,435.7091197,1352.588915,2465.0337,3876.436344,LL,8
e,0,ed,39.58069503,0.05957042175,d,467.2364106,1662.1393,2449.759394,3709.491574,LL,8
d,0,ed,39.65069027,0.08042006936,s,376.9741265,1771.863772,2895.576342,3784.746331,LL,8
s,0,stòria,39.76610797,0.1504153149,t,1328.581961,1801.848897,3052.096149,3536.781413,LL,8
t,0,stòria,39.86039502,0.03815879423,ɔ:,1068.662783,1914.460435,3135.534977,3455.78045,LL,8
ɔː,1,stòria,40.00071451,0.2424801923,r,487.8444292,814.601175,2992.407364,3341.940367,LL,8
r,0,stòria,40.14566101,0.04741280358,i,481.951068,1295.042845,2011.477068,3955.524902,LL,8
i,0,stòria,40.19468484,0.05063485849,a,254.7378886,1557.600117,2270.936588,3267.680094,LL,8
a,0,stòria,40.30128874,0.1625729331,NA,374.7874955,1992.405144,2463.494658,3639.466704,LL,8
a,0,adès,41.3086014,0.1096175578,d,690.9893795,1336.108365,1979.95169,3631.709759,LL,8
d,0,adès,41.39021687,0.05361337957,ɛ:,240.7027666,1319.865797,2737.933316,3827.066402,LL,8
ɛː,1,adès,41.50861308,0.1831790469,s,609.1601684,1747.739294,2570.265186,4441.582256,LL,8
s,0,adès,41.69328139,0.186157568,NA,1533.784717,2158.076966,3465.913234,3930.757515,LL,8
l,0,la,42.14937329,0.03500933643,a,410.8230194,1279.418798,2312.808943,3791.132428,LL,8
a,0,la,42.18549371,0.03723151359,s,553.8360502,1322.628266,2402.128687,3905.190093,LL,8
s,0,stà,42.25102118,0.09382341425,t,947.7449914,1631.702201,3017.039938,3793.24573,LL,8
t,0,stà,42.32995199,0.06403820338,a,700.9187529,1702.318986,2575.981029,3677.321524,LL,8
a,1,stà,42.40664891,0.08935563262,a,830.254666,1438.710499,2405.79644,3760.603741,LL,8
a,0,a,42.49600454,0.08935563262,s,703.4171028,1424.361717,2253.237279,4060.25634,LL,8
s,0,sêder,42.58463131,0.08789791872,e:,1149.745848,1922.30826,3122.12202,3888.194408,LL,8
eː,1,sêder,42.68164759,0.1061346321,d,444.6686488,2109.986941,2236.595745,4071.449689,LL,8
d,0,sêder,42.76721513,0.06500044416,e,280.1804118,1556.242057,2365.248845,3303.321445,LL,8
e,0,sêder,42.83098982,0.06254894283,r,556.0619253,1573.989072,2401.520488,4038.787158,LL,8
r,0,sêder,42.88034265,0.03615672357,a,536.2450344,1368.90901,2335.900557,4076.461935,LL,8
a,0,a,42.92299381,0.04914559794,u,621.8845577,1327.675581,2287.836882,4096.603854,LL,8
u,0,un,42.96394848,0.03276373196,n,529.9513771,941.5793531,2359.5669,3802.757541,LL,8
n,0,un,43.00639241,0.05212411903,t,479.5957447,644.2872737,2389.990855,3348.652284,LL,8
t,0,tèvel,43.09428336,0.1236577949,ɛ:,339.394351,1931.136576,3144.490667,3485.779348,LL,8
ɛː,1,tèvel,43.23003789,0.1478512643,v,610.2939815,1459.601571,2173.789446,4261.015588,LL,8
v,0,tèvel,43.33821652,0.06850598501,e,303.5820245,1091.630913,2196.465426,3235.249868,LL,8
e,0,tèvel,43.40151009,0.0580811612,l,463.1534104,1531.411291,2284.116833,3151.367875,LL,8
l,0,tèvel,43.45661273,0.05212411903,i,290.3984218,1542.925915,2528.117769,3187.503859,LL,8
i,0,in,43.50426907,0.04318855577,n,329.3782976,2198.115391,2316.11285,3235.849927,LL,8
n,0,in,43.56830727,0.08488785099,f,344.5912605,1496.384341,2363.395447,3404.684569,LL,8
f,0,fånnd,43.68169831,0.1418942222,ɑ,831.4887854,1962.914353,2980.593768,3930.147807,LL,8
ɑ,1,fånnd,43.7982751,0.09125936369,n,785.2094276,1342.683097,2258.303646,3774.592837,LL,8
n,0,fånnd,43.90198594,0.1161623224,d,308.6937465,1197.864362,2439.523257,4074.029637,LL,8
d,0,fånnd,43.97347045,0.02680668979,a,470.9452453,1323.193734,2626.586312,3914.172247,LL,8
a,0,al'ustarî,44.00325566,0.03276373196,l,527.8426036,1243.49347,2624.123146,3929.539027,LL,8
l,0,al'ustarî,44.03974254,0.04021003468,u,322.1047666,1100.058545,2145.238128,3174.622203,LL,8
u,0,al'ustarî,44.09410055,0.06850598501,s,359.1912652,1044.515795,2586.462193,3742.316017,LL,8
s,0,al'ustarî,44.16186191,0.06701672447,t,1215.062535,1908.020029,2940.767342,4061.51051,LL,8
t,0,al'ustarî,44.24377124,0.09680193534,a,1365.950683,2432.31725,2920.884385,3869.023004,LL,8
a,0,al'ustarî,44.33238224,0.08042006936,r,603.6569649,1425.034967,2260.01192,3928.331726,LL,8
r,0,al'ustarî,44.40163286,0.0580811612,i:,399.8174634,1558.142622,2404.805464,3970.512372,LL,8
iː,1,al'ustarî,44.52002907,0.1787112652,k,435.4808503,2369.812229,3349.644664,4321.123705,LL,8
k,0,con,44.63505572,0.05134203262,o,857.9023011,1568.239428,2448.814842,3706.938628,LL,8
o,0,con,44.68827805,0.05510264012,n,557.1912471,1156.935577,2245.74162,3645.034596,LL,8
n,0,con,44.74933774,0.06701672447,d,310.6736328,944.8594397,2397.56501,2891.985103,LL,8
d,0,di,44.82454539,0.08339859045,i,252.8910383,1398.954598,2554.263176,4039.026879,LL,8
i,0,di,44.91170343,0.09091749028,s,313.0436204,2008.821334,2225.036809,3261.813944,LL,8
s,0,sû,45.00109537,0.08786637208,u:,1316.106907,2116.057911,2929.167026,3583.822008,LL,8
uː,1,sû,45.09019459,0.09033208305,a,310.0612626,848.656947,2238.315789,3130.521192,LL,8
a,0,amîg,45.18971864,0.1087160197,m,546.6840054,1114.490321,2273.670531,3305.061438,LL,8
m,0,amîg,45.28045348,0.07275366014,i:,273.5150561,1154.218744,2345.559987,3481.198711,LL,8
iː,1,amîg,45.43075875,0.2278568632,g,285.6801267,2448.952814,3284.403455,3864.59955,LL,8
g,0,amîg,45.61840557,0.1474367938,NA,1174.427444,1927.839271,2283.442077,3530.490495,LL,8
p,0,pèvel,46.4110692,0.03793868773,ɛ:,580.2201154,1692.405183,2521.122435,3632.008736,LL,8
ɛː,1,pèvel,46.4977999,0.1355227095,v,631.0774118,1720.609391,2470.991158,3697.723786,LL,8
v,0,pèvel,46.60502666,0.07893080882,e,266.8741676,1299.954236,2404.251718,3602.98973,LL,8
e,0,pèvel,46.68023431,0.0714845061,l,497.2994181,1581.087112,2444.769884,3629.097232,LL,8
l,0,pèvel,46.75916512,0.08637711153,NA,298.5050178,1473.085993,2723.324792,3427.855808,LL,8
a,0,al,47.0938577,0.0541987868,l,732.1526152,1268.95834,1964.924338,3871.889665,LL,8
l,0,al,47.15446546,0.06701672447,g,466.2178194,1203.456985,2459.756716,3474.547321,LL,8
g,0,guèrda,47.22892848,0.0819093299,u,236.3293096,1052.50457,2558.961435,3577.119419,LL,8
u,0,guèrda,47.28924354,0.03872077414,ɛ:,352.6862128,1070.506498,2234.64827,3503.327503,LL,8
ɛː,1,guèrda,47.37834276,0.139477681,r,644.9067362,1800.029058,2381.416139,3702.424385,LL,8
r,0,guèrda,47.47563292,0.05510264012,d,545.6406463,1411.458694,2313.292484,4167.556771,LL,8
d,0,guèrda,47.53371409,0.06105968229,a,163.8118054,1368.468936,2347.620349,3589.651884,LL,8
a,0,guèrda,47.59849692,0.06850598501,s,591.4821933,1463.643271,2180.536146,4206.961284,LL,8
s,0,sänper,47.6926985,0.1198971874,æ,1457.905039,2190.241472,2929.220129,3923.049324,LL,8
æ,1,sänper,47.81445141,0.1236086251,n,841.9271355,1524.876431,2335.46518,3816.204251,LL,8
n,0,sänper,47.94625097,0.1399904911,p,687.0592345,1983.199121,2481.156736,NA,LL,8
p,0,sänper,48.07432738,0.1161623224,e,439.3026063,1723.747616,3233.55489,3883.056024,LL,8
e,0,sänper,48.16442764,0.06403820338,r,475.1233487,1518.181487,2268.811128,3391.83116,LL,8
r,0,sänper,48.22325343,0.05361337957,v,377.8462921,1331.134204,2212.734411,2574.70616,LL,8
v,0,vêrs,48.30810866,0.116097082,e:,206.8258524,1237.279202,2288.13856,3436.521949,LL,8
eː,1,vêrs,48.44209294,0.1518714763,r,405.9141823,2094.143413,2377.766606,3548.193798,LL,8
r,0,vêrs,48.5604726,0.08488785099,s,450.8825947,1421.631358,2444.700675,3712.679094,LL,8
s,0,vêrs,48.65950843,0.1131838013,e,1337.569472,2282.799944,3154.368769,3645.334317,LL,8
e,0,ed,48.76362203,0.0950433985,d,371.8907843,1764.928686,2410.823321,3556.503663,LL,8
d,0,ed,48.86235228,0.1024171041,l,207.3708459,1532.834551,3193.12858,NA,LL,8
l,0,lî,48.96419569,0.101269717,i:,247.3003124,1635.011341,2673.10042,3706.354815,LL,8
iː,1,lî,49.1168449,0.2040286945,NA,247.5353922,2479.242094,2757.516868,2868.737016,LL,8
e,0,e,49.76601499,0.0642817372,a,406.5190126,2088.856056,2794.37232,4111.19659,LL,8
a,0,al,49.82719643,0.0580811612,l,605.9947953,1454.351252,2539.496097,4088.139018,LL,8
l,0,al,49.88972079,0.06696755467,v,406.5225092,1252.915803,2520.633136,3474.043033,LL,8
v,0,vadd,49.95622471,0.06604027404,a,250.7324817,1200.484129,2397.437787,3461.559158,LL,8
a,1,vadd,50.08083437,0.1831790469,d:,820.5167589,1342.996679,2383.397541,3751.588422,LL,8
dː,0,vadd,50.26029026,0.1757327442,NA,969.4895722,1985.714524,3480.759517,NA,LL,8
k,0,che,50.66678464,0.03066332171,e,983.5269257,2403.143264,2596.9056,3844.403856,LL,8
e,0,che,50.69775353,0.03127447142,s,374.8852004,1957.091339,2203.545969,3436.787773,LL,8
s,0,stra,50.75285617,0.07893080882,t,1813.066782,2746.284693,3633.101468,4402.742224,LL,8
t,0,stra,50.851892,0.1191408435,r,274.1631151,2057.438752,3272.777911,3886.762467,LL,8
r,0,stra,50.93975837,0.05659190066,a,588.9042971,1365.368088,1959.205769,3949.692006,LL,8
a,0,stra,51.04028346,0.1444582727,k,501.6720275,1585.936841,2134.862148,3788.966809,LL,8
k,0,chi,51.14147942,0.05793365182,i,1070.789141,2075.291326,3197.687084,3530.763138,LL,8
i,0,chi,51.20693313,0.07297376664,a,252.809227,2356.177086,3168.003642,3893.516036,LL,8
a,0,amîg,51.2799069,0.07297376664,m,461.864386,1933.847364,2285.349956,3885.056515,LL,8
m,0,amîg,51.37298568,0.1131838013,i:,251.5387632,1000.853514,2257.384029,2413.520316,LL,8
iː,1,amîg,51.53903823,0.2189212999,g,267.9677264,2428.436378,3195.147776,3795.85187,LL,8
g,0,amîg,51.68721965,0.07744154827,ai,973.9871053,2160.292969,2894.089449,3790.028305,LL,8
ai,0,ai,51.76325741,0.07463396389,e,607.7132793,1583.802179,2229.533907,3371.545497,LL,8
e,1,é,51.86014481,0.1191408435,u,322.557121,2113.0243,2362.549447,4217.773031,LL,8
u,0,un,51.94449527,0.04956006846,n,365.483583,1841.27796,2232.638752,3366.905309,LL,8
n,0,un,52.0338509,0.1291511968,s,449.9434676,752.7980076,2362.324563,2793.363915,LL,8
s,0,spomèti,52.14310432,0.08935563262,p,1272.498756,2031.414942,3107.848249,3805.140298,LL,8
p,0,spomèti,52.30799661,0.2404289519,o,1529.664942,2605.961789,3684.24724,NA,LL,8
o,0,spomèti,52.47884594,0.101269717,m,446.7248118,865.9322625,2463.311473,3018.226338,LL,8
m,0,spomèti,52.55628749,0.05361337957,ɛ:,266.2235129,1181.977088,2353.637136,3200.308649,LL,8
ɛː,1,spomèti,52.72755246,0.2889165455,t,639.3336216,1998.094169,2578.41787,3827.046012,LL,8
t,0,spomèti,52.93542607,0.12683068,i,351.2461231,1918.909176,3145.264066,4078.261775,LL,8
i,0,spomèti,53.0256481,0.05361337957,a,292.6228369,2206.616556,2557.289826,3943.356142,LL,8
a,0,antepâtic,53.07998152,0.05505347032,n,497.2095786,1930.348418,2457.978787,3695.513486,LL,8
n,0,antepâtic,53.16859253,0.1221685344,t,326.1056725,1339.949332,2459.71957,3378.204058,LL,8
t,0,antepâtic,53.31219611,0.1650386441,e,270.6882339,1973.786325,2912.004024,3961.064556,LL,8
e,0,antepâtic,53.43131237,0.07319387314,p,464.4895944,1651.57853,2457.469228,3709.741517,LL,8
p,0,antepâtic,53.5248548,0.1138909755,a:,476.7097385,1769.18319,2944.480172,3822.662794,LL,8
aː,1,antepâtic,53.72531841,0.2870362417,t,829.9413825,1216.542089,1857.865648,3685.010651,LL,8
t,0,antepâtic,53.92989621,0.1221193646,i,1005.780574,1806.006283,2820.280103,4160.435301,LL,8
i,0,antepâtic,54.02744277,0.07297376664,k,233.2805178,2057.425427,2480.863953,2537.62166,LL,8
k,0,antepâtic,54.10339506,0.07893080882,NA,1658.439294,2513.420122,3451.048395,4710.092359,LL,8
t,0,tótt,54.51026761,0.03872077414,o,1072.030883,1981.470995,3190.220558,3724.35738,LL,8
o,1,tótt,54.56611488,0.07297376664,t:,474.2674152,1058.977652,2553.848131,3206.35821,LL,8
tː,0,tótt,54.6748309,0.1444582727,i,411.1671755,998.6351681,2918.835907,3568.504843,LL,8
i,0,in,54.77535598,0.05659190066,n,294.6076602,2180.880422,2654.751421,3443.953622,LL,8
n,0,in,54.87811496,0.1489260544,t,286.9319307,903.6837545,2373.040013,3282.774325,LL,8
t,0,tirèla,55.0315088,0.1578616176,i,159.425534,1524.463224,2688.183831,3589.61692,LL,8
i,0,tirèla,55.1446926,0.06850598501,r,307.6167493,2267.74726,2692.013651,2960.770629,LL,8
r,0,tirèla,55.20947543,0.06105968229,ɛ:,411.995558,1704.59877,2324.116564,3656.064948,LL,8
ɛː,1,tirèla,55.38390157,0.2877925857,l,631.7390517,1787.064713,2158.887093,4222.577822,LL,8
l,0,tirèla,55.5583277,0.06105968229,a,429.0491321,1383.780907,2372.563627,4067.538347,LL,8
a,0,tirèla,55.6223659,0.06701672447,NA,678.8673487,815.0050997,1645.192976,2777.64392,LL,8
e,0,e,55.89778077,0.04914559794,ð,430.7430536,1705.00564,2151.507289,3304.164578,LL,8
ð,0,Zdarinè,56.04894071,0.2531742924,d,1554.150411,2700.789722,3644.371951,NA,LL,8
d,0,Zdarinè,56.23360902,0.1161623224,a,198.6450864,1586.763965,2689.484742,3776.809032,LL,8
a,0,Zdarinè,56.33525691,0.08713345546,r,711.3705652,1547.382986,2220.205691,4371.948091,LL,8
r,0,Zdarinè,56.41009811,0.06254894283,i,458.40869,1366.868584,2181.372237,4150.885803,LL,8
i,0,Zdarinè,56.47339168,0.06403820338,n,330.2143057,2177.098795,2546.088156,4333.379942,LL,8
n,0,Zdarinè,56.53817451,0.06552746392,ɛ:,393.1063858,2027.951189,2663.5352,4373.523797,LL,8
ɛː,1,Zdarinè,56.69241016,0.2429438326,k,580.4880631,2061.641573,2932.189655,3810.696749,LL,8
k,0,ch'al,56.86377231,0.09978045643,a,449.0320901,2146.563137,2780.094933,3990.803285,LL,8
a,0,ch'al,56.94038376,0.05344244287,l,586.9203132,1528.363543,2326.524377,3267.937805,LL,8
l,0,ch'al,56.99093315,0.0476563374,p,358.0604805,1364.451846,2545.639905,3946.46365,LL,8
p,0,pèr,57.08111888,0.1327151251,ɛ:,317.374113,1346.340054,2674.317922,3612.433812,LL,8
ɛː,1,pèr,57.19078676,0.08662064535,r,605.7323799,1832.423934,2456.207134,3729.865018,LL,8
r,0,pèr,57.2638823,0.05957042175,u,365.2123879,1094.457431,1869.174722,3695.459812,LL,8
u,0,un,57.34206847,0.09680193534,n,296.1485993,630.7333409,2329.043969,2846.452904,LL,8
n,0,un,57.44557208,0.1102052802,b,229.2813767,829.6054623,2513.159439,3720.591291,LL,8
b,0,banbòz,57.52599215,0.05063485849,a,609.2792718,1144.549209,2584.422913,3390.274391,LL,8
a,0,banbòz,57.57513775,0.0476563374,n,606.2910132,1118.712967,2570.055463,3476.4256,LL,8
n,0,banbòz,57.7240638,0.2501957713,b,233.0469928,828.2512414,2307.912759,2767.679768,LL,8
b,0,banbòz,57.86764281,0.0369622373,ɔ:,496.1353017,865.5709351,2728.720705,3370.606945,LL,8
ɔː,1,banbòz,57.98069197,0.189136089,θ,542.5900293,810.6878852,2733.034909,3104.390462,LL,8
θ,0,banbòz,58.11770394,0.08488785099,d,1135.777111,2174.120444,3298.977843,4066.043409,LL,8
d,0,da,58.22720089,0.134106046,a,227.6230706,831.4106452,2649.336712,3724.584982,LL,8
a,0,da,58.32031597,0.05212411903,m,576.6081504,1300.915531,2379.937986,2729.191617,LL,8
m,0,mustrén,58.38807733,0.08339859045,u,255.3946265,959.2105661,2207.461147,2808.619424,LL,8
u,0,mustrén,58.47370981,0.08786637208,s,366.4035675,667.7502307,2382.339053,2931.154674,LL,8
s,0,mustrén,58.55487451,0.07446302718,t,1131.617624,1980.791295,2833.279425,3696.06459,LL,8
t,0,mustrén,58.65539959,0.1265871462,r,1524.889432,2179.930243,2969.942633,3787.737637,LL,8
r,0,mustrén,58.75298246,0.06857858212,e,471.5301518,1274.583046,2219.420131,3878.945229,LL,8
e,1,mustrén,58.83194957,0.08935563262,n,446.0675456,1928.186159,2352.203043,3539.270692,LL,8
n,0,mustrén,58.91981594,0.08637711153,NA,276.1351954,710.0649147,2249.276717,2938.673932,LL,8
k,0,cal,60.1271157,0.04785070142,a,1196.306576,1976.695261,2786.943873,3942.955454,LL,8
a,0,cal,60.18752793,0.07297376664,l,586.4657452,1313.555324,2314.855877,3937.793085,LL,8
l,0,cal,60.26348022,0.07893080882,b,495.1987044,1306.390812,3191.044738,4106.162312,LL,8
b,0,banbòz,60.36474994,0.1236086251,a,192.1831364,1069.68308,3271.797714,3427.049509,LL,8
a,0,banbòz,60.46080724,0.06850598501,n,650.9229908,1308.796944,2628.404266,3735.695634,LL,8
n,0,banbòz,60.56207696,0.1340334489,b,240.2158805,1056.186032,2245.596648,2894.276646,LL,8
b,0,banbòz,60.70281208,0.1474367938,ɔ:,199.3329835,917.5112434,2483.913637,3424.973968,LL,8
ɔː,1,banbòz,60.91428708,0.2755132006,θ,453.8711472,793.9391718,2542.900757,3095.124434,LL,8
θ,0,banbòz,61.12352818,0.1429690122,NA,1282.034109,2086.289588,2633.203542,3797.822831,LL,8
a,0,al,61.58998287,0.04423760331,l,698.9766676,1275.294608,2334.504176,3772.42124,LL,8
l,0,al,61.65901337,0.09382341425,f,443.4977002,1255.122353,2644.337447,3994.86991,LL,8
f,0,fà,61.77592033,0.1399904911,a,1137.551491,1646.422073,2562.9095,3538.283682,LL,8
a,1,fà,61.95016381,0.2084964761,NA,801.1067682,1390.534497,2487.302718,3820.528698,LL,8
u,0,una,62.31423884,0.07092252619,n,326.9659872,660.4447809,2468.569405,3226.405908,LL,8
n,0,una,62.37352828,0.0476563374,a,269.4145719,1238.148444,2573.461267,2759.967953,LL,8
a,0,una,62.42714166,0.05957042175,m,524.0582867,1336.289716,2596.611093,3444.071262,LL,8
m,0,móccia,62.50532783,0.09680193534,o,234.7768388,835.8247579,2283.310983,2868.187728,LL,8
o,1,móccia,62.59617273,0.08488785099,ts,448.446506,1213.92323,2429.754334,4330.955882,LL,8
ts,0,móccia,62.69752791,0.1178225197,j,1121.008746,2237.396825,3149.766136,3848.984606,LL,8
j,0,móccia,62.77952271,0.04616707685,a,583.5679202,1639.734129,2416.752803,3679.076956,LL,8
a,0,móccia,62.8300721,0.05493170341,e,544.6464509,1706.90863,2509.498554,3681.091731,LL,8
e,0,ed,62.8883242,0.0615724924,d,426.2728201,1939.32693,2445.287271,3675.435748,LL,8
d,0,ed,62.94142477,0.04462864651,θ,396.1750575,1793.201721,2856.358901,3363.700481,LL,8
θ,0,zriSén,63.04839512,0.1693120617,r,1369.468617,2072.207505,3057.625187,4018.359382,LL,8
r,0,zriSén,63.17573861,0.08537491862,i,330.7206575,1352.329908,2456.212546,3591.4148,LL,8
i,0,zriSén,63.26608241,0.0953126748,z,330.4343662,1832.065909,2310.990603,3126.960081,LL,8
z,0,zriSén,63.38373399,0.1399904911,e,316.1846138,1825.474914,2696.446098,3698.069802,LL,8
e,1,zriSén,63.50759902,0.1077395693,ŋ:,460.9625723,1938.70694,2524.143218,3944.826682,LL,8
ŋː,0,zriSén,63.6274845,0.1320313783,a,331.1628,828.8812459,2316.848877,2791.119377,LL,8
a,0,ala,63.72174697,0.05649356107,l,618.1515077,1492.568372,2537.405502,4051.845464,LL,8
l,0,ala,63.77531118,0.05063485849,a,454.0431608,1215.938204,2517.741875,3820.617988,LL,8
a,0,ala,63.82147825,0.04169929522,l,552.8231805,1222.684448,2678.111295,3756.393468,LL,8
l,0,luzî,63.87211311,0.05957042175,u,308.2588466,1085.233436,2099.945215,3361.289231,LL,8
u,0,luzî,63.92944964,0.05510264012,θ,293.5917476,1066.000696,2476.116571,3168.206324,LL,8
θ,0,luzî,64.03173211,0.1494622918,i:,1047.663807,1900.314233,2868.843238,3659.449129,LL,8
iː,1,luzî,64.22012357,0.2273206258,NA,270.2231237,2365.968144,2808.71831,3761.722519,LL,8
e,0,e,65.12929139,0.06411080049,a,469.5839644,1969.45446,2585.418571,3534.359171,LL,8
a,0,al,65.18815348,0.05361337957,l,534.5280948,1672.199258,2551.168624,3628.375452,LL,8
l,0,al,65.24623464,0.06254894283,k,453.3429075,1173.888196,2709.960112,3587.92036,LL,8
k,0,cånta,65.34575869,0.1364991599,ɑ,409.4206518,1131.788849,2480.331197,3660.149587,LL,8
ɑ,1,cånta,65.47060017,0.1131838013,n,738.2030944,1628.351475,2223.756989,3861.531817,LL,8
n,0,cånta,65.56218969,0.06999524555,t,519.6765068,1209.471858,2332.055549,3099.540593,LL,8
t,0,cånta,65.63373508,0.07309553355,a,516.5960477,1523.598008,2430.492291,3172.079404,LL,8
a,0,cånta,65.69485565,0.04914559794,d,441.1042273,1473.706789,2369.253279,3733.396322,LL,8
d,0,däli,65.7551707,0.0714845061,æ,207.9892502,1403.248416,2740.641412,3790.776023,LL,8
æ,1,däli,65.83421648,0.08660705611,l,430.9114717,1779.74372,2531.935146,2691.555208,LL,8
l,0,däli,65.9109134,0.06678677989,i,226.2228539,1929.425208,2658.814459,3708.270169,LL,8
i,0,däli,65.9815383,0.07446302718,u,222.6897575,2009.662041,2526.276572,3282.470505,LL,8
u,0,ufèl,66.05993172,0.08232380042,f,320.8029935,1268.114333,2379.922481,3478.623085,LL,8
f,0,ufèl,66.1621533,0.1221193646,ɛ:,1407.365156,2306.534609,3610.069315,4166.548444,LL,8
ɛː,1,ufèl,66.3073562,0.1682864414,l,634.9826072,1726.87228,2414.813081,3872.13251,LL,8
l,0,ufèl,66.4376665,0.09233415371,NA,333.4292096,1485.913409,2583.660574,3420.986504,LL,8
p,0,par,66.82260289,0.03930618136,a,567.5969501,1169.05934,2526.837841,3313.53426,LL,8
a,0,par,66.85863785,0.03276373196,r,645.9700865,1243.605831,2436.7209,2603.988895,LL,8
r,0,par,66.90703882,0.06403820338,f,610.6907389,1192.305499,2052.224886,2644.48124,LL,8
f,0,fèr,67.00160686,0.1250978857,ɛ:,1062.059296,1487.903442,2560.077531,3538.860655,LL,8
ɛː,1,fèr,67.11627992,0.1042482381,r,588.4588693,1763.671061,2288.112316,3183.745641,LL,8
r,0,fèr,67.19669999,0.05659190066,p,516.3614457,1392.48776,2264.582965,3212.993111,LL,8
p,0,pió,67.29081611,0.1316403351,i,473.3021679,1479.143311,2103.456509,3569.209793,LL,8
i,0,pió,67.37376278,0.0342529925,o,245.7064752,2110.002217,2404.661208,3733.338341,LL,8
o,1,pió,67.41024966,0.03872077414,i,412.2750326,1746.693286,2383.57566,3755.808947,LL,8
i,0,inpresiån,67.44883579,0.03845149784,n,448.9956122,1632.099245,2328.473611,3198.087923,LL,8
n,0,inpresiån,67.49798139,0.05983969804,p,240.7471421,1639.254098,2239.504333,3742.886109,LL,8
p,0,inpresiån,67.57616757,0.09653265904,r,257.4433807,1790.518309,3067.693645,4147.091911,LL,8
r,0,inpresiån,67.64826207,0.0476563374,e,389.4939617,1288.748697,2025.806581,3416.169616,LL,8
e,0,inpresiån,67.69070599,0.03723151359,s,400.8909829,1594.429625,2160.748798,3325.136357,LL,8
s,0,inpresiån,67.76012755,0.1016115904,i,1462.734162,2253.344522,3171.819199,4008.39166,LL,8
i,0,inpresiån,67.82508132,0.02829595033,ɑ,1071.975736,2282.418727,3111.537052,4166.109776,LL,8
ɑ,1,inpresiån,67.88688563,0.0953126748,ŋ,505.5403135,1995.191226,2495.818229,2721.956935,LL,8
ŋ,0,inpresiån,68.02315297,0.1772220047,NA,684.3547622,1704.73987,2351.873644,4183.02909,LL,8
a,0,a,68.85579481,0.0646236106,p,690.9902176,1221.773836,2534.928735,3616.434609,LL,8
p,0,pèvel,68.95169289,0.1271725534,ɛ:,544.2997299,1141.948685,2506.193775,3226.466925,LL,8
ɛː,1,pèvel,69.13412731,0.2376962798,v,552.280419,1734.636971,2392.838625,3709.722102,LL,8
v,0,pèvel,69.28573918,0.06552746392,e,1068.449072,2085.058803,3267.905485,4395.545068,LL,8
e,0,pèvel,69.34634693,0.05568804734,l,474.0552385,1554.797285,2408.350538,3348.479246,LL,8
l,0,pèvel,69.39847105,0.04856019072,ai,315.564387,1409.304643,2479.603468,3284.394526,LL,8
ai,0,ai,69.53027061,0.2150389255,v,630.0947705,1564.047699,2461.346316,3410.315112,LL,8
v,0,vén,69.67488695,0.07419375089,e,225.3444933,1389.837847,2254.884936,3515.613745,LL,8
e,1,vén,69.74772608,0.0714845061,n,441.336086,1914.365056,2357.948716,3132.788129,LL,8
n,0,vén,69.80323147,0.03952628786,s,429.755694,1497.177309,2279.96979,2821.664167,LL,8
s,0,só,69.85650298,0.06701672447,o,1454.322813,2356.628599,2522.497299,3628.106874,LL,8
o,1,só,69.91756266,0.05510264012,l,380.8092219,1095.693559,2409.352561,3375.921388,LL,8
l,0,la,69.97192067,0.05361337957,a,406.1591877,1064.889443,2437.42755,3624.642131,LL,8
a,0,la,70.02627868,0.05510264012,f,591.8869969,1111.894201,2599.476693,3490.469718,LL,8
f,0,fótta:,70.10223097,0.09680193534,o,1037.585625,1803.590365,2693.860255,3524.751104,LL,8
o,1,fótta:,70.18562956,0.06999524555,t:,523.287005,896.8473435,2717.31142,3287.939137,LL,8
tː,0,fótta:,70.2973241,0.153393836,a,448.9171382,2030.956807,2978.799669,4090.513345,LL,8
a,0,fótta:,70.41720958,0.08637711153,NA,532.5650269,1411.478313,2418.196012,3548.600656,LL,8
a,0,acsé,71.12115214,0.08327682354,k,909.3949722,1406.007802,2943.21167,3582.285655,LL,8
k,0,acsé,71.21491467,0.1042482381,s,665.3748726,1402.41156,2532.32058,3722.580553,LL,8
s,0,acsé,71.33480015,0.1355227095,e,1620.61481,2360.714209,3583.628666,4384.012377,LL,8
e,1,acsé,71.50501491,0.2049068053,NA,461.2960747,2022.621769,2273.99428,3333.083652,LL,8
a,0,an,71.80915306,0.06850598501,n,685.5953107,1394.239391,2121.727249,3785.555404,LL,8
n,0,an,71.87616978,0.06552746392,s,488.9357951,1202.170453,2314.462329,3755.381524,LL,8
s,0,spôl,72.00428249,0.1906979467,p,753.882155,2139.028712,2581.269357,3713.897549,LL,8
p,0,spôl,72.12122574,0.04318855577,o:,1157.397301,2099.654892,2924.991902,3875.014275,LL,8
oː,1,spôl,72.21324536,0.1408506847,l,421.9503368,864.0177723,2700.85834,3221.051051,LL,8
l,0,spôl,72.31972749,0.07211357304,b,348.7558671,1092.52327,1616.797712,3692.490887,LL,8
b,0,brîSa,72.40992218,0.1082758067,r,226.011953,983.1865772,2810.720806,3829.070918,LL,8
r,0,brîSa,72.48639899,0.04467781631,i:,479.1217012,1287.628441,2017.124644,2640.887559,LL,8
iː,1,brîSa,72.6155619,0.2136480046,z,299.9521426,2297.215004,2429.871859,4194.717786,LL,8
z,0,brîSa,72.78344559,0.1221193646,a,1633.674703,2573.374085,3379.645673,3949.126309,LL,8
a,0,brîSa,72.93088238,0.1727542231,NA,739.2105341,1579.506443,2443.001599,4597.98039,LL,8
a,0,alåura,73.54725244,0.08425327397,l,752.4320601,1259.335328,2055.146399,3732.296084,LL,8
l,0,alåura,73.61352453,0.04829091442,ɑu,517.9817098,1165.039382,2339.862893,4005.407482,LL,8
ɑu,1,alåura,73.7562064,0.237072822,r,781.4247098,1204.033355,2397.689794,3816.340769,LL,8
r,0,alåura,73.90241379,0.05534195656,a,535.1759915,1349.23411,2316.342338,3388.139863,LL,8
a,0,alåura,73.97941705,0.09866456536,NA,619.3967682,1468.480938,2393.555784,4120.651653,LL,8
a,0,al,74.38359353,0.08249004645,l,734.1448301,1413.522136,2536.793393,3711.044272,LL,8
l,0,al,74.46446612,0.07925514267,p,379.8732236,1286.919884,2495.329817,3880.822334,LL,8
p,0,pänsa,74.56287406,0.1175607266,æ,365.3908343,1837.483374,3209.049021,4017.171296,LL,8
æ,1,pänsa,74.66307273,0.08283661054,n,784.2573303,1570.662394,2367.866177,3820.32273,LL,8
n,0,pänsa,74.752892,0.09680193534,s,610.9148553,1315.636715,2274.132013,4053.490099,LL,8
s,0,pänsa,74.84969393,0.09680193534,a,1411.83862,2485.346808,3221.117466,3608.928979,LL,8
a,0,pänsa,74.94500661,0.09382341425,a,627.4055053,1466.816255,2338.614007,4020.329655,LL,8
a,0,a,75.06638134,0.1489260544,u,701.9286075,1489.974277,2812.580328,3729.724151,LL,8
u,0,un,75.15946013,0.03723151359,n,515.8156083,928.1109795,1844.454694,3336.324987,LL,8
n,0,un,75.24881576,0.1414797517,t,302.9336702,761.3317224,2296.981089,2981.89278,LL,8
t,0,trócc,75.38609585,0.1330804258,r,264.8259001,1922.478403,3080.09112,3900.268502,LL,8
r,0,trócc,75.4757196,0.04616707685,o,525.040174,1171.292162,1897.704201,3084.055509,LL,8
o,1,trócc,75.55167189,0.1057374986,k:,573.9992366,1077.944171,1891.073521,3193.276255,LL,8
kː,0,trócc,75.75942373,0.3097661931,NA,854.3927618,2025.747657,3092.155881,3956.254699,LL,8
p,0,par,76.2716919,0.0342529925,a,611.3880124,1250.347528,2368.454621,3584.963248,LL,8
a,0,par,76.30371101,0.02978521087,r,647.2077439,1354.921562,2176.937116,3750.65857,LL,8
r,0,par,76.34317641,0.04914559794,d,548.2421637,1209.743834,2145.929205,4115.081182,LL,8
d,0,dèr,76.44665543,0.1578124478,ɛ:,239.1649322,1264.253917,2559.451011,3843.988491,LL,8
ɛː,1,dèr,76.61044951,0.169775702,r,513.2313351,2057.613616,2295.667381,3778.534334,LL,8
r,0,dèr,76.72214405,0.05361337957,i,476.7814718,1517.238161,2209.631452,3993.637691,LL,8
i,0,i,76.79511782,0.09233415371,ɔ:,267.766402,2260.309889,2679.821493,3859.885398,LL,8
ɔː,1,òt,76.8881966,0.09382341425,t,475.2172202,1389.218515,2359.518208,3457.082022,LL,8
t,0,òt,76.96336377,0.05651092749,d,306.0763771,1213.438829,2774.252181,3579.129473,LL,8
d,0,dé,77.08117342,0.1791083693,e,251.8148651,1426.334381,2848.549586,3925.157086,LL,8
e,1,dé,77.27199732,0.2025394339,a,411.3610424,1932.423827,2370.888272,3377.864909,LL,8
a,0,a,77.41273244,0.07893080882,s,556.3952655,1727.270053,2419.698265,3446.065827,LL,8
s,0,ste,77.51019354,0.1159913857,t,1161.521167,2068.18582,3528.22689,3703.913604,LL,8
t,0,ste,77.59722981,0.0580811612,e,1138.836606,2198.229295,3060.890254,4055.722344,LL,8
e,0,ste,77.67020358,0.08786637208,z,381.2016618,1780.765549,2300.608222,3447.811516,LL,8
z,0,Sgaligén,77.79012535,0.1519771726,g,1910.226311,2478.77172,3178.686403,4002.744135,LL,8
g,0,Sgaligén,77.90185619,0.0714845061,a,1697.038221,2222.516282,3307.483049,4200.279375,LL,8
a,0,Sgaligén,77.97185144,0.06850598501,l,506.7672594,1536.748678,2343.441602,3504.304524,LL,8
l,0,Sgaligén,78.03291112,0.05361337957,i,295.851271,1387.849766,2501.14877,3361.711738,LL,8
i,0,Sgaligén,78.09843858,0.07744154827,g,339.1523507,2125.158268,2223.262685,2617.928123,LL,8
g,0,Sgaligén,78.18630496,0.09829119588,e,1590.945756,2060.636463,3351.308871,4087.172079,LL,8
e,1,Sgaligén,78.27491596,0.07893080882,n,409.38693,2014.210887,2464.200989,3589.102659,LL,8
n,0,Sgaligén,78.43501147,0.2412602081,t,277.9068595,836.8902637,2344.219346,2825.488968,LL,8
t,0,tant,78.57518461,0.03908607486,a,535.880443,1622.150474,2508.353017,3909.319565,LL,8
a,0,tant,78.64759639,0.1057374986,n,735.5117177,1579.505121,2279.61602,3825.426287,LL,8
n,0,tant,78.75407852,0.1072267591,t,304.9521695,1349.049305,2370.520239,3920.086258,LL,8
t,0,tant,78.84417879,0.07297376664,g,262.6673867,1487.385085,2243.512183,3761.76475,LL,8
g,0,ghignåuS,78.93339978,0.1054682223,i,1157.922096,2428.813068,3645.099541,NA,LL,8
i,0,ghignåuS,79.0255993,0.07893080882,ɲ,325.2960461,2429.18203,3130.518772,3760.17076,LL,8
ɲ,0,ghignåuS,79.12612438,0.1221193646,ɑu,568.9340989,1933.107922,2795.099241,3683.675757,LL,8
ɑu,1,ghignåuS,79.27802896,0.1816897863,z,562.0068687,972.5077353,2187.761519,4038.113561,LL,8
z,0,ghignåuS,79.44333688,0.1489260544,NA,1167.24406,2350.407146,3146.800457,4110.437301,LL,8
a,0,al,80.4130387,0.06088874559,l,768.65554,1396.239431,2313.729715,3858.878172,LL,8
l,0,al,80.47716237,0.06735859787,v,420.3341659,1204.361714,2606.213689,4017.928328,LL,8
v,0,và,80.55849801,0.0953126748,a,175.2619598,1483.6546,2432.901956,3473.699725,LL,8
a,1,và,80.67895717,0.1456056599,a,872.2760044,1363.870853,2537.333392,3870.042855,LL,8
a,0,al,80.81745841,0.1313968013,l,817.5331175,1270.263589,2179.952995,3677.607738,LL,8
l,0,al,80.91219739,0.0580811612,t,436.5410654,1295.60196,2481.813017,3896.321386,LL,8
t,0,tèvel,81.00267582,0.1228757085,ɛ:,419.1602797,1308.812991,2067.367036,3521.670264,LL,8
ɛː,0,tèvel,81.14676764,0.1653079203,v,616.3051503,1838.739306,2413.1464,3799.212321,LL,8
v,0,tèvel,81.26367459,0.06850598501,e,979.065695,2022.298093,3186.6229,4173.016822,LL,8
e,0,tèvel,81.32845742,0.06105968229,l,484.5110624,1576.204384,2581.300868,3646.792488,LL,8
l,0,tèvel,81.39770804,0.07744154827,d,247.4563534,1447.716009,2668.317547,3823.501435,LL,8
d,0,dla,81.48518337,0.09750910947,l,226.949539,1458.065966,2556.144893,4061.671039,LL,8
l,0,dla,81.55776609,0.0476563374,a,256.7068335,1415.754116,2844.273558,3488.09065,LL,8
a,0,dla,81.61137947,0.05957042175,l,562.0587102,1322.69178,2714.056397,3766.617641,LL,8
l,0,luzî,81.67243915,0.06254894283,u,277.4584713,1121.555035,2514.856427,2862.50322,LL,8
u,0,luzî,81.73871125,0.06999524555,θ,330.9637308,1064.410054,2631.756154,3390.090265,LL,8
θ,0,luzî,81.83551318,0.1236086251,i:,1442.445026,2298.036089,3361.92628,4506.118711,LL,8
iː,1,luzî,82.02986168,0.2650883768,NA,276.9631974,2445.354679,2771.245527,4140.454135,LL,8
k,0,con,82.4006501,0.04675248408,o,1076.459191,1116.587289,2865.036237,3757.182322,LL,8
o,0,con,82.44859914,0.04914559794,n,461.9917774,1083.300929,2262.982442,3186.966789,LL,8
n,0,con,82.50965882,0.07297376664,u,339.9300539,981.9488518,2402.786382,3261.966697,LL,8
u,0,un,82.57071851,0.04914559794,n,388.6905059,754.5595649,2335.169695,3285.357618,LL,8
n,0,un,82.65188321,0.1131838013,k,313.267447,1550.1295,2705.875097,3723.423657,LL,8
k,0,cabarà,82.73013027,0.04331032268,a,1058.134726,1946.35683,2654.080336,3899.976161,LL,8
a,0,cabarà,82.79348472,0.08339859045,b,662.8183996,1418.541057,2271.047593,3612.015903,LL,8
b,0,cabarà,82.86720312,0.06403820338,a,261.3838268,1171.392169,2248.540662,3701.745685,LL,8
a,0,cabarà,82.94390004,0.08935563262,r,722.8650056,1335.362791,2223.31556,3823.247657,LL,8
r,0,cabarà,83.01687381,0.05659190066,a,700.4846409,1280.016057,2090.058832,3769.752544,LL,8
a,1,cabarà,83.08910294,0.08786637208,p,742.352687,1479.255416,2487.886297,3818.213176,LL,8
p,0,pén,83.19044526,0.1148182561,e,685.3352686,1449.123455,1556.894236,3133.303973,LL,8
e,1,pén,83.29402146,0.09233415371,n,396.221056,1980.334778,2515.330381,3236.931271,LL,8
n,0,pén,83.37444153,0.06850598501,e,408.3543468,727.4213298,2444.586547,2759.837419,LL,8
e,0,ed,83.43475658,0.05212411903,d,349.4198676,2106.794869,2342.543862,3594.472792,LL,8
d,0,ed,83.4965609,0.0714845061,s,319.2477473,2007.54026,3038.6134,3816.18877,LL,8
s,0,scalfétt,83.61272322,0.1608401387,k,1532.666158,2106.284988,3261.000994,3940.730929,LL,8
k,0,scalfétt,83.71175904,0.03723151359,a,1266.900333,1861.751462,2068.683872,3475.909997,LL,8
a,0,scalfétt,83.75718149,0.05361337957,l,595.7238836,1382.353692,2330.180768,3311.069753,LL,8
l,0,scalfétt,83.81451802,0.06105968229,f,352.4385973,1339.790315,2408.944605,2761.896146,LL,8
f,0,scalfétt,83.95637595,0.2226561649,e,1001.234139,2232.197184,3003.319436,3840.782199,LL,8
e,1,scalfétt,84.13248686,0.1295656673,t:,364.0413657,1772.051174,2491.818755,3118.834677,LL,8
tː,0,scalfétt,84.25013844,0.1057374986,e,284.7479207,1844.999686,3049.450006,3625.407668,LL,8
e,0,ed,84.32609073,0.04616707685,d,426.0524624,1757.397884,2441.561922,3280.951527,LL,8
d,0,ed,84.38417189,0.06999524555,v,288.1759139,1700.212418,2482.737978,4341.019779,LL,8
v,0,vén,84.4979048,0.1574705744,e,231.0660225,1412.767934,2475.496581,3752.734942,LL,8
e,1,vén,84.61089308,0.06850598501,n,449.9743669,1748.711441,2497.953062,3764.959092,LL,8
n,0,vén,84.72854467,0.1667971809,NA,571.0470204,2158.150245,2423.711196,3627.281147,LL,8
e,0,e,85.39565848,0.05957042175,k,422.7536127,2089.406317,2673.606665,3317.519934,LL,8
k,0,quand,85.47831244,0.1057374986,w,443.2475809,2006.639108,2975.496245,3750.997866,LL,8
w,0,quand,85.55649862,0.05063485849,a,444.2554645,1026.331453,2191.107735,3363.761785,LL,8
a,0,quand,85.61606904,0.06850598501,n,733.6508585,1466.200859,2133.986657,3245.390949,LL,8
n,0,quand,85.6741502,0.0476563374,d,672.8895689,1511.622692,2245.461786,3276.46681,LL,8
d,0,quand,85.73669914,0.07744154827,l,390.9575641,1129.423486,2324.721834,3766.910016,LL,8
l,0,l,85.82738481,0.103929792,e,280.8567247,1408.462707,2178.064386,3668.994903,LL,8
e,1,é,85.92551678,0.09233415371,l,486.6055212,1712.653597,2524.909188,3798.470444,LL,8
l,0,là,85.99997981,0.05659190066,a,431.0787276,1414.231047,2734.445252,3732.89629,LL,8
a,1,là,86.11688676,0.1772220047,NA,849.2901141,1412.019945,2511.634505,3430.81066,LL,8
a,0,al,86.53468523,0.06589276465,l,825.42932,1341.048856,2616.319217,3937.724367,LL,8
l,0,al,86.59294904,0.05063485849,f,525.7147308,1268.591595,2682.443478,4085.223943,LL,8
f,0,fà,86.65922114,0.0819093299,a,1022.533945,2030.491112,3246.178197,3843.105498,LL,8
a,1,fà,86.7247486,0.04914559794,v,620.5167154,1281.999289,2518.273094,3896.988483,LL,8
v,0,véssta,86.79176532,0.08488785099,e,263.3069275,1233.255692,2461.337724,3649.753962,LL,8
e,1,véssta,86.86884041,0.06926232894,s:,430.6230876,1734.937258,2383.614146,3482.53757,LL,8
sː,0,véssta,86.94702659,0.08711002815,t,447.2669936,2070.501394,2932.017941,3881.126142,LL,8
t,0,véssta,87.00957554,0.03798785752,a,762.8334227,1777.044403,2899.970493,3229.706375,LL,8
a,0,véssta,87.04495133,0.03276373196,NA,418.2185859,1585.075479,2517.757307,3159.144167,LL,8
k,0,caschèr,87.1383111,0.0476563374,a,716.0611167,1808.123717,2528.60344,3356.30117,LL,8
a,0,caschèr,87.18075503,0.03723151359,s,520.5201451,1494.654293,2179.492846,3773.519141,LL,8
s,0,caschèr,87.23511304,0.0714845061,k,1476.970627,2758.757595,3397.002086,4350.869635,LL,8
k,0,caschèr,87.31553311,0.08935563262,ɛ:,749.7790199,1934.253115,3024.099167,3745.766892,LL,8
ɛː,1,caschèr,87.45775749,0.1950931312,r,594.7114866,1876.521691,2276.260977,3616.623766,LL,8
r,0,caschèr,87.58211075,0.05361337957,NA,621.4017331,1480.828755,2247.503918,3974.28558,LL,8
k,0,cum,88.3218468,0.05644439127,u,937.0999304,1500.822321,2728.765942,3913.214752,LL,8
u,0,cum,88.46995447,0.2397709475,m,482.8549064,722.7646441,2529.363156,3340.991534,LL,8
m,0,cum,88.64717647,0.1146730619,l,687.3719858,2506.01803,2543.645248,4617.595503,LL,8
l,0,l,88.74472304,0.08042006936,e,370.8041548,1360.208085,2482.181396,2650.156,LL,8
e,1,é,88.84940914,0.1289521301,a,503.9332732,1637.622533,2439.56901,3413.761583,LL,8
a,0,arabé,88.92622782,0.02468523974,r,620.5834746,1501.132328,2383.240158,3417.352565,LL,8
r,0,arabé,88.98697141,0.09680193534,a,449.6659494,1292.711497,2251.807302,2548.302619,LL,8
a,0,arabé,89.07111463,0.0714845061,b,635.649628,1416.21733,2284.267257,2765.748044,LL,8
b,0,arabé,89.18802159,0.1623293993,e,218.3117371,1122.451838,2408.365975,3796.310881,LL,8
e,1,arabé,89.41067775,0.2829829306,a,481.1141606,1895.537202,2373.136596,3540.613758,LL,8
a,0,al,89.58129526,0.05825209791,l,580.8779882,1396.815554,2409.929773,3440.107095,LL,8
l,0,al,89.64541894,0.06999524555,s,464.7381756,1208.442329,2200.073546,4197.093638,LL,8
s,0,spomèti,89.73477457,0.1087160197,p,1285.895199,2202.553402,2889.18042,3591.915663,LL,8
p,0,spomèti,89.88965767,0.2010501734,o,1070.981389,1802.226161,3111.114914,3882.326179,LL,8
o,0,spomèti,90.03337131,0.08637711153,m,533.6512518,862.8215012,2475.791021,3185.98782,LL,8
m,0,spomèti,90.1242162,0.0953126748,ɛ:,289.5035459,1086.192906,2385.656969,2945.084671,LL,8
ɛː,1,spomèti,90.2885348,0.2333245226,t,657.7691033,1865.11299,2544.586395,3624.562273,LL,8
t,0,spomèti,90.47358128,0.1367684362,i,455.0733729,1249.048199,2662.22563,3944.344592,LL,8
i,0,spomèti,90.58080804,0.07768508209,NA,310.6302934,2023.436572,2530.235412,3683.14418,LL,8
m,0,mo,90.94087893,0.1152584691,o,582.2580987,2279.248064,2521.752238,4327.813141,LL,8
o,0,mo,91.05658933,0.1161623224,k,479.2211451,889.3200867,2346.787067,3229.582012,LL,8
k,0,ch'ai,91.14668959,0.06403820338,a,767.6871107,1492.276351,2298.530001,3350.965096,LL,8
a,0,ch'ai,91.21221705,0.06701672447,i,522.3205755,1713.21715,2364.378855,3539.245055,LL,8
i,0,ch'ai,91.30455121,0.117651583,v,313.2504389,2000.998006,2558.611909,3375.467415,LL,8
v,0,véggna,91.42017613,0.1135982718,e,1277.060864,2192.519601,3333.726573,4383.420968,LL,8
e,1,véggna,91.51346215,0.07297376664,ɲ,465.0772505,1692.867253,2297.131762,3432.645513,LL,8
ɲ,0,véggna,91.63008812,0.1602781588,a,282.6568829,1769.452795,2525.04924,3551.667708,LL,8
a,0,véggna,91.74625044,0.07204648601,m,477.4468365,1439.44474,2495.412758,3271.204469,LL,8
m,0,muròid,91.84677552,0.1290036874,u,429.6024798,1759.655712,2349.267102,3443.709353,LL,8
u,0,muròid,91.9611676,0.09978045643,r,348.2541408,2038.801458,2448.979922,3473.812515,LL,8
r,0,muròid,92.03860914,0.05510264012,ɔ:,575.0201035,1953.34353,2796.489096,NA,LL,8
ɔː,1,muròid,92.25458822,0.3768555147,i,583.703836,775.4107623,2619.313365,3185.091003,LL,8
i,0,muròid,92.48397064,0.0819093299,d,342.5312117,1918.501874,2632.269927,3341.076099,LL,8
d,0,muròid,92.64406615,0.238281687,NA,181.9045874,1483.440139,2646.161356,3757.14203,LL,8
n,0,nôna,0.4402855943,0.07966728881,oː,270.8551658,1671.978414,2596.695124,3235.329296,LL,9
oː,1,nôna,0.5634845109,0.1667305445,n,455.6472611,768.3688472,2797.056904,3156.039722,LL,9
n,0,nôna,0.6705962547,0.04749294298,a,348.6987034,1270.733749,2666.023522,3549.027092,LL,9
a,0,nôna,0.7312255436,0.07376563484,l,610.9838533,1364.01005,2521.198867,3840.130627,LL,9
l,0,leziån,0.788318124,0.04041952594,e,331.1568674,1351.349094,2556.273022,3641.620076,LL,9
e,0,leziån,0.8423792399,0.06770270595,θ,403.7928731,1648.187042,2472.966295,3847.992948,LL,9
θ,0,leziån,0.9342509262,0.1160406666,j,831.7999519,1594.869663,2485.927822,3742.667286,LL,9
j,0,leziån,1.033042898,0.08154327678,ɑ,391.6989799,2069.514535,2571.127279,3567.836163,LL,9
ɑ,1,leziån,1.140506754,0.1333844356,n,633.393004,1619.856864,2108.987772,3785.347671,LL,9
n,0,leziån,1.24242511,0.07045227581,NA,715.0402018,1914.718382,2800.880012,4688.291597,LL,9
l,0,leziån,1.456011568,0.0565872735,e,317.6350418,1867.240485,3080.161149,3814.580673,RM,9
e,0,leziån,1.508556921,0.04850343113,θ,402.0733641,2098.1331,2969.655865,3667.734358,RM,9
θ,0,leziån,1.616679153,0.1677410326,j,566.3161454,1852.014375,2993.964336,3647.241303,RM,9
j,0,leziån,1.724789098,0.04847885784,ɑ,401.5827104,2214.645834,2439.539498,2935.231983,RM,9
ɑ,1,leziån,1.824309894,0.1505627341,n,984.8843201,1676.725066,2232.403989,2898.667571,RM,9
n,0,leziån,1.952488788,0.1057950551,NA,847.7108195,2183.51317,3321.817862,3430.968326,RM,9
n,0,nómmer,2.298167402,0.1739448065,o,299.7763033,917.7083784,2562.536007,3204.333257,RM,9
o,1,nómmer,2.435158969,0.1000383267,mː,748.1735077,1072.825548,3077.670252,3680.001419,RM,9
mː,0,nómmer,2.534186807,0.0980173504,e,326.0785388,1129.99943,2273.945496,2846.754773,RM,9
e,0,nómmer,2.630605716,0.09482046769,r,651.8037592,1985.72611,2898.019393,4032.228955,RM,9
r,0,nómmer,2.728035114,0.1000383267,n,430.2959244,1816.282786,2917.169152,3605.809427,RM,9
n,0,nôv,2.834558904,0.1130092544,oː,346.8963139,989.7543056,2226.033727,3304.095811,RM,9
oː,1,nôv,3.016915155,0.2517032474,v,523.2730466,859.1280744,2949.661051,3637.779418,RM,9
v,0,nôv,3.252404743,0.2192759282,NA,1195.678216,1893.162247,2931.761396,4027.400812,RM,9
a,0,afèri,4.432871483,0.08488100447,f,812.4550479,1293.898706,2187.423353,3504.388534,LL,9
f,0,afèri,4.531899321,0.1131746726,ɛː,1320.991634,2320.308378,3060.483667,3618.533593,LL,9
ɛː,1,afèri,4.703529175,0.2300850346,r,597.7012908,1905.755727,2403.596834,3506.838402,LL,9
r,0,afèri,4.872127564,0.1071117437,i,453.042698,1425.604956,2220.156696,2999.320889,LL,9
i,0,afèri,4.989555457,0.1277440416,NA,342.1994105,2217.826349,2809.373549,3724.579338,LL,9
i,0,in,5.236864639,0.08083905188,n,331.4856844,2419.807413,3155.458896,3719.748366,LL,9
n,0,in,5.313661738,0.07275514669,p,301.8209398,996.1603172,2312.638829,3534.939329,LL,9
p,0,piâza,5.406038695,0.1119987662,j,249.5925023,824.598783,2369.801356,3308.118276,LL,9
j,0,piâza,5.496383816,0.06869147688,aː,342.2595933,2134.6724,2696.018476,3539.348966,LL,9
aː,1,piâza,5.64722824,0.2329973713,θ,851.0892643,1429.742026,2210.212726,3720.213187,LL,9
θ,0,piâza,5.841060093,0.1546663338,a,1106.689351,2278.960497,3174.052697,3840.465288,LL,9
a,0,piâza,5.982035608,0.1272846956,NA,567.0183193,1412.446338,2282.104557,3884.490778,LL,9
l,0,la,7.719186673,0.0339425855,a,438.3137441,1253.32578,2960.859776,3712.644075,LL,9
a,0,la,7.759257781,0.04619963027,k,713.2668709,1405.399784,2130.010619,3640.293018,LL,9
k,0,carólla,7.831385775,0.09805635812,a,599.3191248,1459.992159,1992.890937,3401.952273,LL,9
a,0,carólla,7.909170867,0.05751382544,r,626.6009937,1468.545144,2110.936379,3893.689052,LL,9
r,0,carólla,7.966684693,0.05751382544,o,548.6603123,1289.491467,2191.138264,3928.880456,LL,9
o,1,carólla,8.026555642,0.06222807342,lː,622.735937,841.3858015,1385.880839,2759.816033,LL,9
lː,0,carólla,8.081240919,0.04714247987,a,446.9153124,1168.913352,2222.14861,3906.610461,LL,9
a,0,carólla,8.121169228,0.03271413839,e,553.6153204,1434.851964,2557.350091,3356.680206,LL,9
e,0,e,8.157326139,0.03959968309,l,527.1122574,1593.525965,2472.05575,3546.266515,LL,9
l,0,la,8.20164007,0.04902817906,a,374.8636108,1428.852719,3290.651612,3751.587368,LL,9
a,0,la,8.254439647,0.05657097584,d,579.626009,1470.950009,2407.916056,3702.540751,LL,9
d,0,deléNna,8.312413549,0.05937682794,e,276.3172621,1452.417963,2627.326294,3684.611141,LL,9
e,0,deléNna,8.364258928,0.04431393107,l,474.0032777,1629.918303,2564.041543,3689.128963,LL,9
l,0,deléNna,8.418001356,0.06317092302,e,341.497007,1459.027876,2527.883138,3616.66519,LL,9
e,1,deléNna,8.511057805,0.1229419766,ŋː,453.3597484,2028.440785,2535.021511,3693.828676,LL,9
ŋː,0,deléNna,8.634285442,0.1235132972,a,333.4961137,898.0068685,2256.86359,2540.062705,LL,9
a,0,deléNna,8.757590216,0.1230962493,NA,591.0214389,1532.222213,2321.305934,3832.272572,LL,9
æ,1,äl,9.312520595,0.07097655782,l,486.5928609,1951.470536,2350.871108,4034.834619,LL,9
l,0,äl,9.373937238,0.05185672785,v,349.1812827,1519.578101,2204.222586,3060.349261,LL,9
v,0,van,9.430036789,0.06034237423,a,339.1781001,1373.345751,2240.519159,3449.384849,LL,9
a,1,van,9.517579034,0.1147421162,n,762.2757323,1475.614747,2326.457809,3726.603787,LL,9
n,0,van,9.606261273,0.06262236186,i,588.9710169,2082.50327,2291.557703,4657.923428,LL,9
i,0,in,9.678586412,0.08202791497,n,328.37241,2287.54785,2896.199452,3684.464405,LL,9
n,0,in,9.746000158,0.05279957745,p,288.7025921,871.9971844,2374.307384,3667.521518,LL,9
p,0,piâza,9.816231073,0.08766225305,j,260.8349205,1479.427134,2474.901685,3753.966342,LL,9
j,0,piâza,9.8817584,0.04339239949,aː,345.2022539,2087.810117,2645.144683,3905.801161,LL,9
aː,1,piâza,9.971252038,0.1355948769,θ,759.9216392,1475.451729,2163.220165,3730.022634,LL,9
θ,0,piâza,10.08336341,0.08862786215,a,996.8125669,2044.557719,2520.550934,3832.047053,LL,9
a,0,piâza,10.15811143,0.06086817589,s,582.0727022,1342.07232,2076.01616,3863.291392,LL,9
s,0,san,10.23257385,0.08805666711,a,1562.413431,2468.673115,3584.107637,3998.954171,LL,9
a,0,san,10.33788741,0.1225704477,s,649.1723315,1478.470705,2167.599685,3875.983036,LL,9
s,0,stêven,10.44160086,0.08485646376,t,1559.393747,2355.860127,3675.2316,4246.769431,LL,9
t,0,stêven,10.51750025,0.06694232141,eː,1057.833811,2192.405925,3011.207834,3834.9176,LL,9
eː,1,stêven,10.63547656,0.1690102821,v,421.4825228,2127.033924,2578.3834,3138.285634,LL,9
v,0,stêven,10.76631278,0.09266216137,e,321.2602793,1400.569332,2267.284251,3464.498548,LL,9
e,0,stêven,10.85244072,0.07959371742,n,438.5860629,1740.826314,2423.394289,3879.878985,LL,9
n,0,stêven,10.93419438,0.08391361416,NA,360.6865289,1316.213976,2269.724617,4497.887328,LL,9
p,0,parché,11.30264903,0.09711350852,a,1263.857156,1712.6208,2904.543851,4356.750897,LL,9
a,0,parché,11.37666273,0.05091387825,r,578.9130979,1357.496884,2267.243767,3633.736957,LL,9
r,0,parché,11.42333378,0.04242823188,k,437.5389451,1508.666952,2288.561329,4012.178447,LL,9
k,0,parché,11.4902761,0.09145641094,e,388.2226514,1435.89649,2310.626948,3683.508707,LL,9
e,1,parché,11.55619835,0.04038807153,i,346.7688037,2166.534081,2599.620925,3600.266031,LL,9
i,0,incû,11.60926082,0.06573688503,n,365.2168609,2275.4902,2879.774699,3489.364569,LL,9
n,0,incû,11.66004341,0.0358282847,k,451.7544376,2037.283018,2344.605751,4352.426992,LL,9
k,0,incû,11.73209433,0.1082735566,uː,888.364706,1019.571446,2678.375775,3921.234807,LL,9
uː,1,incû,11.90778163,0.243101049,NA,335.9144788,714.572013,2546.10277,3388.88539,LL,9
ai,0,ai,12.16973698,0.1303076431,e,317.1938022,2116.830687,2922.560337,3745.307016,LL,9
e,1,é,12.34637848,0.2229753584,a,413.7793366,2092.522753,2465.444411,3487.342936,LL,9
a,0,al,12.49558014,0.07542796778,l,568.0216384,1568.731501,2226.049262,3941.306984,LL,9
l,0,al,12.56137115,0.05615405352,m,429.1640569,1229.848183,2373.674488,3712.884368,LL,9
m,0,marcadén,12.63140498,0.08391361416,a,284.925579,1078.253152,2351.723677,2424.442759,LL,9
a,0,marcadén,12.7058901,0.06505662221,r,709.111114,1323.298323,2268.779563,3746.145597,LL,9
r,0,marcadén,12.76608968,0.05534252872,k,422.6859106,1501.458417,2168.664666,3951.532136,LL,9
k,0,marcadén,12.83194635,0.07637081738,a,795.414519,1904.041563,2246.088951,3916.856627,LL,9
a,0,marcadén,12.8918173,0.04337108148,d,490.4354369,1591.896663,2240.658146,3738.763077,LL,9
d,0,marcadén,12.95666537,0.08632505221,e,255.5028384,1477.540186,2208.274316,3719.108132,LL,9
e,1,marcadén,13.04272755,0.08579931336,n,422.9745687,2037.089088,2356.060546,3750.512589,LL,9
n,0,marcadén,13.12703548,0.08281655465,d,318.1139587,812.1025027,2417.257407,2906.29535,LL,9
d,0,dl,13.19806642,0.05924531472,l,243.5902738,1204.154762,2319.605527,3825.455004,LL,9
l,0,dl,13.24418894,0.03299973591,a,305.8229634,1372.816054,2296.951922,3797.78853,LL,9
a,0,anticuarièt,13.28614575,0.05091387825,n,558.1573819,1477.086286,2277.243125,3732.796078,LL,9
n,0,anticuarièt,13.35261665,0.08202791497,t,268.5069562,1265.967993,2367.298773,4161.802768,LL,9
t,0,anticuarièt,13.42419614,0.06113107672,i,678.6176013,1917.133201,2519.242701,3868.048398,LL,9
i,0,anticuarièt,13.47503295,0.04054253268,k,315.1556278,2151.939712,2520.56681,3591.970156,LL,9
k,0,anticuarièt,13.53961815,0.08862786215,w,268.4580604,1545.086779,2321.924032,3817.186236,LL,9
w,0,anticuarièt,13.59738352,0.0269028937,a,389.1005453,1011.820746,2234.846589,3507.726491,LL,9
a,0,anticuarièt,13.63676333,0.05185672785,r,561.1517154,1155.752951,2185.206611,3417.352723,LL,9
r,0,anticuarièt,13.71643413,0.1074848541,j,453.3044494,1466.484854,2104.115954,3913.859791,LL,9
j,0,anticuarièt,13.81003895,0.07972479098,ɛː,345.3360395,2185.119416,2773.196422,3592.098442,LL,9
ɛː,1,anticuarièt,13.94612657,0.1924504484,t,554.1187685,2018.384206,2404.733472,3591.614744,LL,9
t,0,anticuarièt,14.15360804,0.222512505,NA,1202.679615,2241.511969,3116.817415,4145.533926,LL,9
k,0,quand,15.03369866,0.0358282847,w,281.8026059,989.9663004,2552.12689,3804.023588,LL,9
w,0,quand,15.07046979,0.03771398389,a,390.7027999,976.3087385,2171.565057,3682.404358,LL,9
a,0,quand,15.12138367,0.06411377262,n,750.1281383,1360.459476,2269.816067,4786.481421,LL,9
n,0,quand,15.17795465,0.04902817906,d,414.7584106,1338.419437,2382.437798,4432.978727,LL,9
d,0,quand,15.22132573,0.03771398389,æ,266.9389138,1504.728337,2817.709478,3679.069516,LL,9
æ,1,äli,15.26846821,0.05657097584,l,448.0645659,1805.995271,2377.539683,3615.533732,LL,9
l,0,äli,15.32975343,0.06599947181,i,322.556457,1964.924896,2408.611109,4011.597483,LL,9
i,0,äli,15.38671873,0.04793111955,a,334.6122812,2087.835331,2871.495815,4024.686942,LL,9
a,0,arîven,15.43998973,0.05861088495,r,572.0242887,1539.582945,2253.171896,4028.769469,LL,9
r,0,arîven,15.48996076,0.04133117237,iː,350.8582098,1486.638992,2247.649488,3698.290398,LL,9
iː,1,arîven,15.55292316,0.08459362574,v,310.5626322,2210.198832,2874.06678,3702.797746,LL,9
v,0,arîven,15.62295693,0.05547391633,e,283.8114298,1347.624198,2367.365069,3769.656295,LL,9
e,0,arîven,15.6794508,0.05751382544,n,496.1726874,1603.10968,2340.020646,3520.25939,LL,9
n,0,arîven,15.73507893,0.05374242705,a,332.9816932,1299.517026,2642.738459,4004.238207,LL,9
a,0,al,15.78625571,0.04861113112,l,668.809678,1347.011431,2719.727881,3777.200602,LL,9
l,0,al,15.83130396,0.04148538228,p,374.8078149,1257.883887,2555.841705,3884.532693,LL,9
p,0,palâz,15.91042626,0.116759203,a,424.2125714,1464.351501,2850.680563,3922.159348,LL,9
a,0,palâz,15.99331995,0.04902817906,l,666.0958325,1149.318483,2581.509643,3789.392641,LL,9
l,0,palâz,16.04651384,0.05735961552,aː,562.7599304,1163.121981,2615.228453,3881.298595,LL,9
aː,1,palâz,16.15109304,0.1517987852,θ,805.89174,1439.211974,2504.928785,3981.077695,LL,9
θ,0,palâz,16.26840075,0.08281661746,d,1268.520868,2107.704707,3065.916017,3886.26747,LL,9
d,0,däl,16.34940874,0.07919936617,æ,213.8337132,1341.777068,2412.355382,3651.072863,LL,9
æ,1,däl,16.42045105,0.06288526269,l,456.4906473,1768.859975,2470.568735,3688.590699,LL,9
l,0,däl,16.50657896,0.1093705533,t,278.6707835,1469.849011,2646.984213,3667.926009,LL,9
t,0,tèst,16.62408384,0.1256392006,ɛː,370.4225708,1839.974004,2038.220726,3533.816902,LL,9
ɛː,1,tèst,16.80946254,0.2451181986,s,588.4861005,1984.126147,2458.884825,3693.753753,LL,9
s,0,tèst,16.99033551,0.1166277525,t,1665.909667,2905.247985,3698.082077,4185.056747,LL,9
t,0,tèst,17.079292,0.06128522383,æ,1063.081417,2083.505197,2890.3368,3889.815157,LL,9
æ,1,äl,17.15000572,0.08014221577,l,548.3222614,1785.947972,2342.156003,4162.201311,LL,9
l,0,äl,17.22259376,0.06503386272,v,370.8722967,1580.180682,2667.57086,4200.443667,LL,9
v,0,vàdden,17.30979597,0.1093705533,a,322.1711644,1197.557224,2462.610726,4106.619202,LL,9
a,1,vàdden,17.43100652,0.1330505469,dː,799.8023936,1321.83348,2366.36714,4018.947679,LL,9
dː,0,vàdden,17.57437403,0.1536844844,e,242.209774,1386.440525,2486.646951,3993.054492,LL,9
e,0,vàdden,17.70164738,0.1008622102,n,440.374405,1750.979614,2387.252408,3796.367583,LL,9
n,0,vàdden,17.80324392,0.1023308615,u,286.0924815,1379.153037,2414.123851,3031.89067,LL,9
u,0,un,17.897309,0.08579931336,n,362.5707761,827.518678,2360.59476,3151.029131,LL,9
n,0,un,17.96849415,0.05657097584,u,299.662385,987.8886929,2356.358829,2937.273882,LL,9
u,0,umarèl,18.0302508,0.06694232141,m,381.21419,904.0322622,2340.451025,3410.26665,LL,9
m,0,umarèl,18.09342172,0.05939952463,a,301.554548,847.8980419,2411.307316,2424.870478,LL,9
a,0,umarèl,18.16319259,0.08014221577,r,683.2530652,1310.947959,2431.901971,3994.39464,LL,9
r,0,umarèl,18.21698936,0.02745132924,ɛː,495.5132886,1296.459218,2262.085953,3976.44982,LL,9
ɛː,1,umarèl,18.36977399,0.2781179345,l,603.3642253,1794.849205,2362.934361,3318.853669,LL,9
l,0,umarèl,18.54796122,0.07825651658,NA,335.0931513,1450.712584,2576.465408,4146.45894,LL,9
k,0,con,18.8533214,0.05661761029,o,920.8482934,1125.942439,2991.656225,3962.40404,LL,9
o,0,con,18.91177994,0.06029946397,n,436.2090539,1026.508187,2325.007141,4231.178472,LL,9
n,0,con,18.96781001,0.05176067961,u,320.8515698,1056.35519,2291.777654,4244.044649,LL,9
u,0,un,19.03855702,0.08973333055,n,368.6054345,881.9474736,2409.493223,3817.976675,LL,9
n,0,un,19.11200456,0.05716176332,dz,317.4823646,856.4747223,2385.457414,3598.658386,LL,9
dz,0,genèSi,19.19205015,0.1029294086,e,424.7017545,1842.566522,2967.866121,3458.999399,LL,9
e,0,genèSi,19.28491327,0.08279682327,n,385.8528964,1843.588491,2505.839069,4131.320285,LL,9
n,0,genèSi,19.36018161,0.06773986718,ɛː,382.3487669,1552.534407,2514.779706,4443.443533,LL,9
ɛː,1,genèSi,19.49470966,0.2013162406,z,592.5382327,2080.260668,2583.687071,4046.249492,LL,9
z,0,genèSi,19.64067432,0.09061306908,i,1757.628781,3075.021926,3467.084466,4542.139279,LL,9
i,0,genèSi,19.71531883,0.0586759555,n,309.2999982,2099.727424,2436.65919,3711.37923,LL,9
n,0,naigher,19.77544766,0.06158169744,ai,463.0376466,1340.765447,2486.279889,4269.454787,LL,9
ai,1,naigher,19.95728701,0.3020970033,g,602.972138,2054.637862,2518.551055,3896.182833,LL,9
g,0,naigher,20.15080821,0.0849454063,e,244.4196775,1254.927753,2392.072979,3968.549172,LL,9
e,0,naigher,20.25359367,0.1206255175,r,409.5508553,1983.819658,2335.449661,4173.595762,LL,9
r,0,naigher,20.35261493,0.07741699106,NA,442.9336089,1563.508548,2300.425538,3961.071543,LL,9
l,0,la,20.66035823,0.06334117451,a,396.7825554,1374.387032,2468.949807,3977.697151,LL,9
a,0,la,20.71402228,0.04398692674,k,662.1126324,1464.262716,2335.829768,3835.20397,LL,9
k,0,caramèla,20.79055953,0.1090875783,a,542.8449905,1628.315144,2420.440761,4060.000632,LL,9
a,0,caramèla,20.8773258,0.06444495648,r,625.1503761,1543.286798,2192.964525,3970.268586,LL,9
r,0,caramèla,20.9478169,0.07653725253,a,611.1257334,1382.354494,2173.880945,4037.783479,LL,9
a,0,caramèla,21.00587965,0.03958823407,m,609.7539552,1374.817825,2320.141851,3665.310647,LL,9
m,0,caramèla,21.06262278,0.07389803692,ɛː,321.5832996,1290.090645,2366.172511,3045.773735,LL,9
ɛː,1,caramèla,21.20065914,0.2021746749,l,599.0934844,1308.632846,2126.394046,3364.135042,LL,9
l,0,caramèla,21.33341706,0.06334117451,a,448.6829376,1438.042543,2834.072522,4078.703849,LL,9
a,0,caramèla,21.42333436,0.1164934139,NA,677.4956104,1612.346557,2511.715545,4009.260893,LL,9
e,0,e,21.75707251,0.04363539882,l,510.5143171,1885.828061,2363.377656,4086.443096,LL,9
l,0,la,21.80440262,0.05102483502,a,360.5098473,1479.87134,2623.16137,3822.428095,LL,9
a,0,la,21.85498759,0.05014509648,θ,664.8104913,1461.969515,2307.78683,3872.342177,LL,9
θ,0,zivålla,21.92999065,0.09986102207,i,773.4325363,1968.033632,2900.793386,4008.190335,LL,9
i,0,zivålla,22.00393241,0.04802249723,v,410.9755903,2109.72587,2699.538106,4177.548528,LL,9
v,0,zivålla,22.06593646,0.07598561703,ɑ,298.7229717,1192.428002,2549.085846,3710.994621,LL,9
ɑ,1,zivålla,22.14206479,0.07627102502,lː,761.1476315,1326.226934,2376.667901,3940.449629,LL,9
lː,0,zivålla,22.21033206,0.06026352594,i,366.2682576,1465.491686,2279.325831,3322.814967,LL,9
i,0,int,22.27530368,0.06967970187,n,337.2216143,2149.206976,2199.03073,3206.324618,LL,9
n,0,int,22.32048986,0.0206926629,t,318.9015371,1780.070277,2391.450317,4192.373143,LL,9
t,0,int,22.35908472,0.05649705557,a,290.9973037,1624.891895,2722.802281,3496.509529,LL,9
a,0,al,22.41026017,0.04585385406,l,606.197455,1463.240557,2403.529134,4050.265512,LL,9
l,0,al,22.44825298,0.03013176297,b,338.2274027,1338.138491,2363.983357,3362.590083,LL,9
b,0,bisachén,22.50380842,0.08097911298,i,272.4977791,1260.452302,2218.590955,4181.108684,LL,9
i,0,bisachén,22.56407194,0.0395479389,s,305.87791,2047.741447,2299.311872,3315.351959,LL,9
s,0,bisachén,22.6313976,0.09510337688,a,851.5898197,1841.081653,2813.551689,3510.290306,LL,9
a,0,bisachén,22.70355113,0.04920367452,k,494.6260271,1649.468192,2278.498342,4171.832396,LL,9
k,0,bisachén,22.77758789,0.09886984725,e,1457.271661,2310.114033,2743.300446,4254.561483,LL,9
e,1,bisachén,22.88384794,0.1136502579,n,445.0103863,2116.293164,2336.951709,2700.714451,LL,9
n,0,bisachén,22.99010799,0.09886984725,NA,186.5897437,840.5402805,2397.476057,2693.083211,LL,9
l,0,la,23.68767735,0.01883235186,a,443.9564598,1367.327523,2530.247312,3879.478807,LL,9
a,0,la,23.72722529,0.06026352594,d,615.9868475,1513.536968,2326.783082,3880.822922,LL,9
d,0,deléNna,23.79549256,0.07627102502,e,259.7914205,1550.91383,2286.6781,3900.456208,LL,9
e,0,deléNna,23.87081051,0.07436486569,l,505.6097715,1763.391794,2304.474722,3665.238851,LL,9
l,0,deléNna,23.93859551,0.06120514353,e,359.2735129,1559.838445,2175.530152,3388.900593,LL,9
e,1,deléNna,24.01627896,0.09416175928,ŋː,463.0656836,2140.02493,2325.825359,4221.370274,LL,9
ŋː,0,deléNna,24.09066675,0.05461382038,a,387.2758569,1609.943415,2430.463686,4461.24863,LL,9
a,0,deléNna,24.15140109,0.06685484909,l,616.4599871,1492.970225,2425.31384,4070.056049,LL,9
l,0,la,24.21025219,0.05084735001,a,414.3530217,1295.360094,2405.084485,3975.722937,LL,9
a,0,la,24.26345358,0.05555543798,d,664.7331961,1313.172104,2403.782967,3914.946039,LL,9
d,0,dmanda,24.35046466,0.1184667265,m,238.3681317,1274.976413,2497.168392,3771.709552,LL,9
m,0,dmanda,24.4351217,0.05084735001,a,253.2632393,1218.217053,2364.348115,3238.763561,LL,9
a,1,dmanda,24.52457537,0.1280599926,n,833.1178028,1592.611578,2428.304522,3465.020619,LL,9
n,0,dmanda,24.64442329,0.1116358436,d,681.8973794,2269.237774,2334.929808,4696.874201,LL,9
d,0,dmanda,24.73602268,0.07156293706,a,226.5290701,1308.877224,2456.995874,3880.866858,LL,9
a,0,dmanda,24.80878972,0.07397113992,NA,590.1107128,1534.155056,2299.751969,3970.41148,LL,9
e,0,ehi,25.20818467,0.1651048631,i,512.8393469,1384.292362,2217.933164,3953.417922,LL,9
i,0,ehi,25.38300085,0.18452751,k,429.0949623,684.158177,2786.274634,3200.625388,LL,9
k,0,ch'al,25.53501247,0.1194957168,a,310.8337537,2380.810355,2640.607379,4208.59297,LL,9
a,0,ch'al,25.62228625,0.05505186129,l,630.9043225,1372.797263,2160.449932,3558.105607,LL,9
l,0,ch'al,25.66900332,0.03838227544,s,501.9039824,1381.801724,2369.175629,3621.158374,LL,9
s,0,scûSa,25.72598224,0.07557555663,k,1319.108524,2162.597536,2990.908362,3934.33827,LL,9
k,0,scûSa,25.85755123,0.1875624239,uː,214.2118765,1477.292296,2764.12144,3568.15688,LL,9
uː,1,scûSa,26.05868577,0.2147066598,z,574.2438517,858.1666598,2319.918862,4053.427326,LL,9
z,0,scûSa,26.22329331,0.1145084191,a,1568.058211,2344.637507,3450.5993,4217.786753,LL,9
a,0,scûSa,26.33942559,0.1177561355,NA,599.5080614,1543.200518,2203.91615,4177.813385,LL,9
eː,1,êl,26.72576048,0.07719009285,lː,495.2177586,2117.954097,2373.153253,3560.040652,LL,9
lː,0,êl,26.84222125,0.15573145,o,357.3188977,1169.37349,2410.268241,3008.313754,LL,9
o,1,ló,26.96336879,0.08656363158,l,627.462529,1244.634651,2336.061331,3612.112838,LL,9
l,0,l,27.03298754,0.0526738728,a,550.2854866,1029.572944,2387.803171,3674.646014,LL,9
a,0,anticuèri,27.0864248,0.05420065173,n,630.9171803,1447.114805,2474.551862,3746.653076,LL,9
n,0,anticuèri,27.14406071,0.06107115687,t,403.8543097,1375.814396,2445.799874,3829.731405,LL,9
t,0,anticuèri,27.2178249,0.08645723039,i,400.7667949,1516.370887,2823.617504,3893.065243,LL,9
i,0,anticuèri,27.28548198,0.0488569255,k,363.1482768,2244.293422,2621.418305,3018.248444,LL,9
k,0,anticuèri,27.36862894,0.1174369947,w,418.4519094,1120.224797,2431.314225,3650.800706,LL,9
w,0,anticuèri,27.45597454,0.05725420957,ɛː,488.103069,997.5405703,2070.210354,4035.927488,LL,9
ɛː,1,anticuèri,27.58197771,0.1947521326,r,683.4781379,1429.039782,1996.559346,2867.877193,LL,9
r,0,anticuèri,27.72967496,0.1006423637,i,401.0332089,1431.130041,1893.378666,3801.329932,LL,9
i,0,anticuèri,27.81473036,0.06946844095,NA,363.0210104,2159.473744,2765.171503,4644.218988,LL,9
a,0,anticuèria,28.57359671,0.08702639855,n,724.0710181,1202.229934,2302.306115,3271.913638,LL,9
n,0,anticuèria,28.64917226,0.06412471472,t,358.7278631,1171.016073,2472.887702,2653.517424,LL,9
t,0,anticuèria,28.73543527,0.1084013035,i,316.4167549,1167.574956,2625.690274,3713.665084,LL,9
i,0,anticuèria,28.81864472,0.05801759903,k,392.0118435,2041.309757,2439.225085,3546.839812,LL,9
k,0,anticuèria,28.90391296,0.1125188733,w,523.4971294,1420.949133,2108.091686,3819.138101,LL,9
w,0,anticuèria,28.98994458,0.05954437795,ɛː,478.0143572,764.7761624,2207.229406,3696.517523,LL,9
ɛː,1,anticuèria,29.11327589,0.187118238,r,698.2147179,1601.278687,2364.108848,3859.356922,LL,9
r,0,anticuèria,29.24500448,0.07633894609,j,486.1199686,1274.151193,2063.399092,3749.167299,LL,9
j,0,anticuèria,29.32808892,0.08982992901,a,334.9912277,2016.33843,2534.797639,3456.349665,LL,9
a,0,anticuèria,29.4081198,0.07023183041,l,665.7794086,1447.280648,2367.436464,3814.304683,LL,9
l,0,la,29.46919096,0.05191048334,a,459.9551603,1136.614191,2560.613368,3734.529809,LL,9
a,0,la,29.524155,0.05801759903,s,682.2280274,1244.872481,2266.57035,3623.243562,LL,9
s,0,srà,29.65130325,0.1962789116,r,1410.523849,2347.55232,2620.645467,3744.446954,LL,9
r,0,srà,29.78651101,0.07413659782,a,625.6165401,1140.603071,1853.797085,3760.38558,LL,9
a,1,srà,29.85487828,0.0625979358,p,906.7342803,1256.256774,2384.447221,3540.063098,LL,9
p,0,pò,29.93415503,0.09595556298,ɔː,665.948903,1204.246888,2122.219764,3586.517415,LL,9
ɔː,1,pò,30.01992059,0.07557555663,l,523.399902,884.157149,2580.320534,3138.799404,LL,9
l,0,lî,30.0912975,0.06717827256,iː,455.6311294,1305.479272,2661.97707,4023.85339,LL,9
iː,1,lî,30.21784197,0.1859106627,b,426.7994183,2329.502605,2568.347471,4267.948244,LL,9
b,0,brótta,30.39120991,0.1608252117,r,209.9711446,906.5676506,2405.994833,3704.598509,LL,9
r,0,brótta,30.52183732,0.1004296242,o,611.9620193,1291.502827,1824.901135,2996.680917,LL,9
o,1,brótta,30.63694024,0.1297762084,tː,642.8189932,1191.931301,2169.211898,3640.686997,LL,9
tː,0,brótta,30.78360809,0.1635595031,a,426.9514897,1211.810449,2576.530128,3922.224153,LL,9
a,0,brótta,30.89859529,0.0664148831,v,589.3985246,1420.09215,2380.17745,3649.608809,LL,9
v,0,vècia,30.97639852,0.08919158464,ɛː,424.7644943,1297.643062,2341.286118,3780.870984,LL,9
ɛː,1,vècia,31.09962343,0.157258229,ʦ,693.0911407,1716.607037,2217.971092,3781.674525,LL,9
ʦ,0,vècia,31.24203947,0.1275738601,a,1081.948905,1890.55452,2808.387012,3497.939205,LL,9
a,0,vècia,31.33368083,0.05570884956,m,582.0782771,1523.399443,2407.411896,3820.273978,LL,9
m,0,meleduchè,31.4016132,0.0801558934,e,458.1967001,1289.506368,2205.766828,4032.530056,LL,9
e,0,meleduchè,31.46966126,0.05594023304,l,587.7858583,1730.217508,2296.936006,2604.989884,LL,9
l,0,meleduchè,31.51862459,0.04198642035,e,441.9109098,1540.953216,2585.499639,3632.232756,LL,9
e,0,meleduchè,31.56175609,0.04427658873,d,522.9775082,1552.552336,2499.287842,4233.567815,LL,9
d,0,meleduchè,31.61981757,0.07184636662,u,401.409684,1509.892148,2510.152877,4166.579305,LL,9
u,0,meleduchè,31.69162006,0.07175860933,k,414.3065644,1000.47805,2517.179251,3526.064652,LL,9
k,0,meleduchè,31.78049244,0.1059861528,ɛː,900.5974684,1896.371806,2913.23245,3933.307065,LL,9
ɛː,1,meleduchè,31.90360166,0.1402322773,m,620.3651424,1974.632586,2449.660628,4256.22505,LL,9
m,0,mé,32.03477963,0.1221236698,e,289.2738406,1278.252083,2281.239105,3024.755968,LL,9
e,1,mé,32.27527258,0.3588622228,NA,563.441118,2091.556548,2606.640428,3748.838583,LL,9
a,0,a,32.72910497,0.04962031496,s,744.468843,1429.745597,2162.887196,3179.889547,LL,9
s,0,sån,32.81002426,0.1122182508,ɑ,1457.626076,2017.465655,2845.23455,3679.193192,LL,9
ɑ,1,sån,32.89775155,0.06323634297,n,720.8524882,1553.952895,1935.669701,3324.222574,LL,9
n,0,sån,32.95647005,0.05420065173,e,513.2808828,1869.078236,2277.337086,3513.58355,LL,9
e,0,elegànt,33.01257918,0.05801759903,l,571.5786301,1647.37142,2333.007075,3302.652398,LL,9
l,0,elegànt,33.06812842,0.0530808965,e,456.1834205,1518.616792,2732.394175,3367.747493,LL,9
e,0,elegànt,33.12215089,0.05496404119,g,537.137195,1996.789773,2280.706496,3329.131202,LL,9
g,0,elegànt,33.17482477,0.05038370442,a,443.7185973,2096.798733,2279.599498,3973.817147,LL,9
a,1,elegànt,33.27292031,0.145807387,n,660.9719298,1646.087202,2329.166337,4045.675714,LL,9
n,0,elegànt,33.38419699,0.07674596979,t,586.1841696,1648.584465,2419.118655,4796.387012,LL,9
t,0,elegànt,33.53794815,0.2307563568,NA,1106.52882,1718.121264,2641.588057,3957.462519,LL,9
a,0,al,34.19220634,0.04891050608,l,696.2152805,1324.864179,2615.998245,3563.119437,LL,9
l,0,al,34.26125647,0.08918974637,f,371.0270762,1302.259612,2377.798476,3811.124609,LL,9
f,0,fà,34.37777855,0.1438544296,a,1293.95988,1821.413599,2409.389858,3521.154329,LL,9
a,1,fà,34.47847665,0.05754177185,l,624.5541695,1177.950399,2413.81984,3339.573229,LL,9
l,0,ló,34.53889551,0.06329594904,o,388.5079411,1124.107301,2348.409276,3707.519075,LL,9
o,1,ló,34.62592744,0.1107679108,t,485.1281447,919.4273871,2757.123116,3423.076316,LL,9
t,0,tótt,34.75036153,0.1381002524,o,511.1746984,1440.274421,3303.904372,3467.960266,LL,9
o,1,tótt,34.8435487,0.04827410379,tː,487.0638833,1029.166208,2467.013295,3591.274162,LL,9
tː,0,tótt,34.907965,0.0805584806,a,411.9672619,1029.692396,2582.346943,3633.272448,LL,9
a,0,arabé,34.97977455,0.06306061776,r,620.9657322,1318.840585,2168.550715,3500.086843,LL,9
r,0,arabé,35.03216375,0.04171778459,a,472.6832904,1207.73529,2200.692412,3700.044378,LL,9
a,0,arabé,35.08035498,0.05466468326,b,570.6308426,1365.897585,2397.686935,3687.385662,LL,9
b,0,arabé,35.14508947,0.07480430341,e,466.7171359,1213.014384,2486.309608,3536.560611,LL,9
e,1,arabé,35.22420941,0.08343556919,NA,466.0294607,1828.030177,2405.538095,3618.360414,LL,9
e,0,e,35.39524372,0.04251992661,a,504.7793635,1790.498807,2187.640019,3100.945734,LL,9
a,0,al,35.4369615,0.04091564258,l,619.8388459,1500.418483,2372.004298,3879.739209,LL,9
l,0,al,35.47867929,0.04251992661,v,407.6940899,1327.879542,2670.232359,4013.528783,LL,9
v,0,và,35.54956903,0.09925955645,a,291.0711553,1171.831485,2171.057504,3487.619258,LL,9
a,1,và,35.62868897,0.05898031615,v,597.3554526,1339.191432,2462.773266,3483.76315,LL,9
v,0,vî,35.70061618,0.08487411348,iː,276.2173723,1462.998662,2381.010537,3312.402546,LL,9
iː,1,vî,35.81979743,0.1534883729,NA,258.2614191,2330.022287,2605.237348,3387.513254,LL,9
a,0,al,36.39496705,0.1032378166,l,816.0352097,1376.0149,2875.539096,4303.089673,RM,9
l,0,al,36.47680191,0.06043189267,m,455.5376968,1619.27452,2513.586418,2852.021207,RM,9
m,0,marchè,36.54541729,0.0767988636,a,295.95685,1186.275277,2440.772278,2694.606525,RM,9
a,0,marchè,36.61214417,0.05665489938,r,919.8025552,1447.346322,2912.856112,4240.08243,RM,9
r,0,marchè,36.67446456,0.06798587925,k,481.0983846,1626.58405,2627.570806,2867.83474,RM,9
k,0,marchè,36.77931783,0.1417206629,ɛː,486.4091787,1906.020817,2828.292921,NA,RM,9
ɛː,1,marchè,36.95026848,0.2001806445,NA,611.8317083,1688.427397,2123.275754,2879.610477,RM,9
l,0,l,37.33458319,0.02895694857,e,382.9359457,1663.756803,2967.562249,4248.931568,RM,9
e,1,é,37.37864811,0.0591728949,p,525.0126954,1967.394042,2994.47909,4385.462396,RM,9
p,0,pió,37.45796497,0.09946082335,j,394.8047326,1808.539133,2893.555028,3901.79548,RM,9
j,0,pió,37.52343285,0.0314749441,o,493.6110054,1912.31176,2690.155664,4226.96665,RM,9
o,1,pió,37.56812727,0.05791389714,t,734.2220782,1566.570438,2812.467941,4232.73171,RM,9
t,0,ataiS,37.64463232,0.09509619539,ai,577.4990057,1588.07988,2453.782151,4271.796349,RM,9
ai,1,ataiS,37.79424698,0.2041331251,z,808.714982,1651.024545,2042.848189,2851.188575,RM,9
z,0,ataiS,37.9288567,0.06508632271,a,335.716702,1885.653471,2858.025967,4162.911926,RM,9
a,0,ala,37.9960223,0.06924487701,l,1003.192574,1529.994239,2908.742302,4372.031136,RM,9
l,0,ala,38.05015921,0.03902893068,a,467.8400292,1461.829975,2705.878317,4082.914566,RM,9
a,0,ala,38.10753135,0.07571535318,ʦ,515.7794376,1036.028047,1995.789725,3258.513188,RM,9
ʦ,0,cîsa,38.21255463,0.1343311997,iː,583.8416987,1735.854138,2942.924719,4021.854759,RM,9
iː,1,cîsa,38.44489687,0.3303532899,s,318.7353753,1912.750342,2864.260233,3182.672468,RM,9
s,0,cîsa,38.65350894,0.08687084571,a,332.1248993,1756.885917,2859.194117,4243.367423,RM,9
a,0,cîsa,38.79018265,0.1864765701,NA,940.4298307,1577.216417,2819.969894,4100.769213,RM,9
l,0,la,38.96903278,0.06043189267,a,380.0754146,1309.92703,2525.217833,3644.595255,LL,9
a,0,la,39.03952121,0.08054495653,r,653.3728115,1424.364109,2511.213636,3385.974051,LL,9
r,0,rédd,39.09867865,0.03776993292,e,709.9820458,1356.59728,2310.897019,3890.644417,LL,9
e,1,rédd,39.16477603,0.09442483229,dː,563.4579028,1587.358752,2345.348777,3831.148546,LL,9
dː,0,rédd,39.26864335,0.1133097988,l,241.8563577,1603.287199,2383.267957,3498.640974,LL,9
l,0,la,39.34733071,0.04406492174,a,366.9090062,1243.098164,2537.581432,3635.835351,LL,9
a,0,la,39.39139563,0.04406492174,k,618.6809195,1413.422135,2398.876871,3559.500412,LL,9
k,0,carólla,39.45910298,0.0913497884,a,557.6821395,1463.922,2192.139087,2792.299572,LL,9
a,0,carólla,39.54380681,0.07805786136,r,607.4095038,1498.100895,2223.588817,3523.651009,LL,9
r,0,carólla,39.61179269,0.05791389714,o,551.1634428,1296.225414,2206.986693,3716.993555,LL,9
o,1,carólla,39.68929347,0.09708766605,lː,532.3798687,1059.020518,2428.03451,2970.018751,LL,9
lː,0,carólla,39.794229,0.1127833995,a,385.658086,1181.833184,2467.293196,3692.788244,LL,9
a,0,carólla,39.88260682,0.06397222599,NA,483.9793115,1425.674443,2411.359297,3660.40735,LL,9
k,0,che,40.89985764,0.1526591178,e,630.4671289,1545.854478,3123.702983,NA,RM,9
e,0,che,41.03724859,0.1221227831,b,510.8653467,2180.397897,2425.901848,2810.756716,RM,9
b,0,blazza,41.18014483,0.1636697093,l,283.1226277,1220.943836,2484.159324,4312.726477,RM,9
l,0,blazza,41.38336994,0.2427804948,a,347.4250504,1763.146073,1831.322819,2872.328014,RM,9
a,1,blazza,41.53308763,0.05665489938,θː,1054.141119,1369.44409,2991.126513,4055.788456,RM,9
θː,0,blazza,41.74155394,0.360277706,a,680.6146059,1975.42793,2982.389655,3931.367657,RM,9
a,0,blazza,42.01063016,0.1778747323,NA,586.0489575,1470.213008,1971.443274,2576.702248,RM,9
l,0,la,42.79622944,0.02819339631,a,393.3490905,1303.769925,2297.510093,3837.898934,LL,9
a,0,la,42.83851953,0.05638679261,d,648.8636968,1452.978476,2370.759413,3929.402844,LL,9
d,0,deléNna,42.89960522,0.06578459138,e,301.8926609,1407.784342,2428.451669,3977.077591,LL,9
e,0,deléNna,42.96480245,0.06460986654,l,539.6911658,1753.449921,2193.762043,3591.255322,LL,9
l,0,deléNna,43.02118925,0.04816371869,e,444.004801,1557.817684,1913.640046,3105.588276,LL,9
e,1,deléNna,43.0828623,0.07518239015,ŋː,527.0324279,1898.785771,2202.63363,4303.533607,LL,9
ŋː,0,deléNna,43.17615684,0.1114066965,a,400.6294209,958.5559028,2248.468924,3655.63498,LL,9
a,0,deléNna,43.27884919,0.09397798769,NA,635.4333225,1600.537592,2455.352427,4092.298692,LL,9
l,0,la,43.7023483,0.09397798769,a,394.8805298,1321.655724,3058.513788,3964.421923,LL,9
a,0,la,43.78457904,0.07048349077,g,663.820784,1444.840406,2272.570722,4100.713982,LL,9
g,0,guèrda,43.86101804,0.0823944994,w,393.5907018,1330.884128,2722.294564,3881.791013,LL,9
w,0,guèrda,43.9239477,0.04346481931,ɛː,508.0714344,1148.960588,2356.803152,3462.732298,LL,9
ɛː,1,guèrda,44.04140598,0.1914517462,r,651.0736678,1766.073966,2205.499726,2485.695331,LL,9
r,0,guèrda,44.19410601,0.1139483101,d,637.6869203,1392.068124,2131.306969,4201.017932,LL,9
d,0,guèrda,44.3079582,0.1137560834,a,207.2478744,1385.188523,2685.930551,4132.15923,LL,9
a,0,guèrda,44.41182524,0.09397798769,NA,591.6767118,1536.808576,2437.435328,3907.299007,LL,9
e,0,e,44.93913798,0.1209681927,l,407.8369209,1873.725878,2419.053941,4429.33295,LL,9
l,0,la,45.02605338,0.05286261808,a,464.8219692,1550.731979,2586.489017,3904.004799,LL,9
a,0,la,45.09125061,0.07753183984,v,719.5471574,1462.43773,2625.592663,4028.222574,LL,9
v,0,vadd,45.16584564,0.07165821561,a,340.0475566,1230.239446,2799.908351,3877.413047,LL,9
a,1,vadd,45.27096931,0.1385891282,dː,833.6426884,1364.450011,2426.585992,3883.762842,LL,9
dː,0,vadd,45.41368418,0.1468406058,l,219.8276908,1257.734618,2546.044036,4028.525084,LL,9
l,0,la,45.53004961,0.08589027026,a,285.0522167,1344.549157,2605.513114,3603.293804,LL,9
a,0,la,45.60529968,0.06460986654,s,619.2369795,1420.083227,2211.354316,3864.680191,LL,9
s,0,sêna,45.72570898,0.1762087269,eː,1696.994308,2188.573596,3384.404194,3954.409727,LL,9
eː,1,sêna,45.94310075,0.2585748226,n,425.9929487,2170.879742,2544.691549,3672.889262,LL,9
n,0,sêna,46.10997936,0.07518239015,a,349.0683733,1588.131862,2535.709342,4387.458963,LL,9
a,0,sêna,46.17986129,0.06458146286,s,558.3528914,1503.873407,2348.803627,3892.514986,LL,9
s,0,spetacolåuSa,46.24856849,0.07283294046,p,1635.229145,2554.581108,3446.63584,4143.334692,LL,9
p,0,spetacolåuSa,46.32558061,0.08119130807,e,1750.285024,3191.241873,3715.577484,NA,LL,9
e,0,spetacolåuSa,46.38967076,0.04698899384,t,460.1935889,1627.421958,2295.664542,2609.358015,LL,9
t,0,spetacolåuSa,46.46132898,0.09632743738,a,419.9585087,1617.070077,2467.522448,3621.574006,LL,9
a,0,spetacolåuSa,46.53181247,0.04463954415,k,609.7892403,1456.90585,2160.421843,3795.588243,LL,9
k,0,spetacolåuSa,46.60758222,0.106899961,o,726.1002419,1415.211737,2369.81797,3445.97309,LL,9
o,0,spetacolåuSa,46.68686195,0.05165948956,l,571.0666035,1114.385673,2351.049632,2994.951664,LL,9
l,0,spetacolåuSa,46.73736091,0.04933844354,ɑu,496.1336435,1171.889367,2310.772157,3975.486931,LL,9
ɑu,1,spetacolåuSa,46.88335432,0.242648359,z,779.8468926,1218.549243,2223.388294,3927.052187,LL,9
z,0,spetacolåuSa,47.0631549,0.1169528004,a,1260.245763,2268.62809,3532.825959,4328.373329,LL,9
a,0,spetacolåuSa,47.18741589,0.1315691828,NA,620.3827713,1506.333547,2340.44689,3995.687975,LL,9
e,0,ed,47.60741929,0.07753183984,d,457.1697173,2015.873491,2259.373506,4053.888387,LL,9
d,0,ed,47.68495113,0.07753183984,p,436.2892858,1818.125549,3205.057849,3665.482277,LL,9
p,0,piâza,47.77035012,0.09326613967,j,474.9826709,1986.908797,3227.194309,3908.259888,LL,9
j,0,piâza,47.83930297,0.04463954415,aː,360.1345425,2132.531647,2500.811875,4149.343377,LL,9
aː,1,piâza,47.9685227,0.213799922,θ,830.4948652,1509.370793,2325.37803,3844.01256,LL,9
θ,0,piâza,48.11911892,0.08739251544,a,974.5940788,1928.571475,2767.872937,3918.355318,LL,9
a,0,piâza,48.19042121,0.05521206777,s,573.3607663,1411.499175,1877.491443,3947.892094,LL,9
s,0,san,48.26031734,0.08458018892,a,1734.467057,2314.174506,3471.635712,4139.466694,LL,9
a,0,san,48.37074147,0.1362680822,s,578.7929857,1484.075276,2186.531875,3938.570218,LL,9
s,0,stêven,48.47880196,0.07985288586,t,1619.107283,2240.788806,3499.907214,4201.146269,LL,9
t,0,stêven,48.55338278,0.06930876592,eː,1130.96863,2179.327782,3313.545727,4172.427534,LL,9
eː,1,stêven,48.64324923,0.1104241355,v,454.8291817,2050.612891,2482.189151,4325.442505,LL,9
v,0,stêven,48.7330196,0.06911660208,e,229.0341652,1173.924734,2419.269912,3451.677152,LL,9
e,0,stêven,48.79224713,0.04933844354,n,542.2871494,1783.22609,2423.889615,4154.264793,LL,9
n,0,stêven,48.84334766,0.05286261808,k,392.3451123,1377.739931,2423.160078,4352.453825,LL,9
k,0,coi,48.90836692,0.07717591584,o,503.8049132,1319.564126,2758.707097,4023.501045,LL,9
o,0,coi,48.97749773,0.061085692,j,553.9175892,1125.46426,2239.128678,4130.735064,LL,9
j,0,coi,49.05679165,0.09750216223,a,319.5895605,2142.626965,2684.755199,4129.132808,LL,9
a,0,arziprès,49.12885927,0.04663306984,r,587.3618166,1533.778438,2147.339784,3768.920305,LL,9
r,0,arziprès,49.19094173,0.07753183984,θ,537.4046436,1256.248325,1902.921261,3832.095377,LL,9
θ,0,arziprès,49.3054632,0.1515111015,i,1231.181127,1899.893144,3067.99476,3932.470706,LL,9
i,0,arziprès,49.40647533,0.05051316838,p,296.7260432,2131.188365,2530.17082,3268.421316,LL,9
p,0,arziprès,49.47872091,0.09397798769,r,279.4720704,2148.080262,2518.616181,4198.39634,LL,9
r,0,arziprès,49.56932425,0.08722869247,ɛː,500.2571956,1341.058724,2228.368452,3547.791072,LL,9
ɛː,1,arziprès,49.74215833,0.2584394661,s,621.3841331,1853.742383,2375.022741,3356.97775,LL,9
s,0,arziprès,49.98648689,0.2302176662,NA,1576.907732,2391.252905,3552.878615,4190.721846,LL,9
i,0,i,50.45165423,0.05780129883,p,316.0944024,2330.431819,2705.521723,3557.327657,LL,9
p,0,palâz,50.52551144,0.08991313152,a,323.4163367,2355.717144,2468.062269,4042.691211,LL,9
a,0,palâz,50.60149645,0.06205687511,l,716.4313449,1236.834075,2441.05691,3804.931474,LL,9
l,0,palâz,50.66089034,0.05673090441,aː,541.1736773,1248.014135,2486.527418,3903.247547,LL,9
aː,1,palâz,50.76685938,0.1552071913,θ,855.7107527,1373.619778,2420.049103,3940.354319,LL,9
θ,0,palâz,50.88451517,0.0801043813,d,1501.292531,2513.709733,3842.233024,4754.418757,LL,9
d,0,d,50.96096077,0.07278682075,a,219.6337545,1367.179935,2582.965671,3868.180436,LL,9
a,0,atåuren,51.02786042,0.0610124821,t,605.268998,1367.786054,2532.366455,3973.605992,LL,9
t,0,atåuren,51.12082254,0.1249117481,ɑu,580.6178899,1334.386974,2983.196206,3662.078377,LL,9
ɑu,1,atåuren,51.32424608,0.2819353288,r,701.9427219,1174.230559,2380.762134,4146.325593,LL,9
r,0,atåuren,51.50374794,0.07706839845,e,342.5757032,1221.758788,1916.512524,2907.907432,LL,9
e,0,atåuren,51.57546437,0.06636445422,n,489.1310086,1607.256506,2368.631262,2868.061298,LL,9
n,0,atåuren,51.63647685,0.05566050999,e,325.9673649,1385.845534,2329.6392,2787.497172,LL,9
e,0,e,51.78203749,0.2354607716,NA,452.2096469,2015.426305,2487.112153,3123.096641,LL,9
i,0,in,52.26409757,0.09205392037,n,300.1025665,2350.573389,2949.843515,4051.252667,LL,9
n,0,in,52.34635574,0.07246242133,v,381.0352936,1436.427384,2402.941668,3986.769045,LL,9
v,0,vatta,52.40308665,0.04099938749,a,331.920806,1221.829991,2364.199943,3944.513373,LL,9
a,1,vatta,52.46623992,0.08530715441,tː,794.5004438,1372.635554,2376.289818,3863.053985,LL,9
tː,0,vatta,52.55224447,0.08670194825,a,745.0112572,1399.622068,1676.868518,3636.930939,LL,9
a,0,vatta,52.65125595,0.11132102,NA,707.5568845,1424.121059,2483.103438,3929.173537,LL,9
a,0,ala,52.86238305,0.07948158387,l,756.1494306,1330.078959,2477.788171,3842.227621,LL,9
l,0,ala,52.91817976,0.03211183269,a,527.9627497,1186.757952,2485.993143,3882.761203,LL,9
a,0,ala,52.96206593,0.05566050999,s,634.8243271,1239.296796,2193.548058,3695.442947,LL,9
s,0,salghè,53.0450215,0.1102506256,a,1555.730763,2114.134757,2970.608054,3877.537416,LL,9
a,0,salghè,53.13171045,0.06312726953,l,648.0886,1292.040023,2477.633691,4256.485904,LL,9
l,0,salghè,53.20020269,0.07385721518,g,445.2437268,1225.623052,2571.117499,3672.868344,LL,9
g,0,salghè,53.28369345,0.09312431479,ɛː,240.8474723,2065.371141,2348.789717,3543.900313,LL,9
ɛː,1,salghè,53.45433376,0.2481563057,NA,554.5972849,2048.87191,2455.694864,3902.701852,LL,9
u,0,un,54.03509393,0.0749276096,n,386.7157192,831.8972674,2295.41128,3635.879191,LL,9
n,0,un,54.10573997,0.06636445422,s,415.4947755,897.7259643,2433.330632,3139.222359,LL,9
s,0,sparvêrs,54.18655474,0.09526510363,p,1234.827632,2032.870952,3036.080287,3862.020874,LL,9
p,0,sparvêrs,54.28449583,0.1006170757,a,1253.398503,1901.152206,3040.871107,3904.255747,LL,9
a,0,sparvêrs,54.37003979,0.07047083149,r,622.4259,1371.640063,2297.59744,4194.918864,LL,9
r,0,sparvêrs,54.46069891,0.1108474216,v,475.5826844,1349.926755,2047.691619,4015.758571,LL,9
v,0,sparvêrs,54.54823446,0.06422366537,eː,473.1174522,1160.394993,2483.162303,3802.009847,LL,9
eː,1,sparvêrs,54.66046367,0.160234764,r,427.8497965,2089.724728,2488.170776,3896.46828,LL,9
r,0,sparvêrs,54.77750966,0.07385721518,s,461.4258739,1250.343117,2124.979431,3851.106031,LL,9
s,0,sparvêrs,54.87383216,0.1187877795,e,1453.051847,2402.023962,2929.336982,3581.729306,LL,9
e,0,ed,54.97229545,0.07813879287,d,451.6604297,1644.586391,2340.443783,4192.002225,LL,9
d,0,ed,55.06220858,0.1016874702,r,291.6707123,2001.76627,2720.187054,4056.714644,LL,9
r,0,ròba,55.1672434,0.1083821705,ɔː,375.4552998,1362.620616,1564.586311,3448.998353,LL,9
ɔː,1,ròba,55.30813643,0.1734038965,b,622.0863476,956.1475081,2274.631501,3908.734328,LL,9
b,0,ròba,55.43090739,0.07213802191,a,244.509912,840.4636878,2695.139801,3836.667346,LL,9
a,0,antîga,55.52317211,0.1123914144,n,701.4979219,1336.448567,2246.04282,3918.785778,LL,9
n,0,antîga,55.61843721,0.07813879287,t,347.6666883,1273.055977,2397.446721,3565.249697,LL,9
t,0,antîga,55.73127622,0.1475392299,iː,278.4004285,1269.093952,2501.603025,3506.642623,LL,9
iː,1,antîga,55.9075669,0.2050421308,g,264.7975663,2303.824397,3166.948488,3841.282246,LL,9
g,0,antîga,56.04463899,0.06910203907,a,212.6337807,2318.584129,2433.390769,3837.667525,LL,9
a,0,antîga,56.15197683,0.1455736415,NA,448.169295,1667.618454,2411.166172,3240.170531,LL,9
p,0,però,57.07958007,0.02997104384,e,1128.634671,2238.858867,3227.687382,NA,LL,9
e,0,però,57.14663142,0.104131652,r,544.5052257,1556.069206,2279.296945,4046.998728,LL,9
r,0,però,57.20964785,0.02190121195,ɔː,476.0148427,1294.318008,1956.976637,2699.409157,LL,9
ɔː,1,però,57.30134821,0.1614994902,NA,612.5335739,1014.873781,2211.539363,3674.217959,LL,9
a,0,a,57.76590872,0.08669229729,l,663.3231165,1419.376239,2329.445347,4101.174873,LL,9
l,0,lî,57.84712572,0.07574169132,iː,332.2516533,1529.563668,2372.133313,3963.442058,LL,9
iː,1,lî,57.96750779,0.1650224514,NA,326.1930285,2336.962497,2710.534141,4017.790067,LL,9
ai,0,ai,58.40307944,0.0830420953,p,457.9382491,1991.40076,2356.933098,3907.389211,LL,9
p,0,pèr,58.49243479,0.09566861354,ɛː,357.8422818,2152.412197,3081.505726,3928.07769,LL,9
ɛː,1,pèr,58.5735026,0.0664669976,r,605.6567356,1591.739803,2324.210127,3814.007676,LL,9
r,0,pèr,58.61996808,0.02646396444,e,452.0289816,1424.052781,2285.399167,4073.078077,LL,9
e,0,ed,58.66513933,0.06387853485,d,507.6079286,1485.261383,2214.401632,3977.51455,LL,9
d,0,ed,58.73129924,0.06844128734,v,271.0878644,1490.439483,2482.870413,3919.427446,LL,9
v,0,vàdder,58.78468345,0.03832712091,a,310.7061753,1215.312939,2507.000928,3696.261937,LL,9
a,1,vàdder,58.84399923,0.08030444381,dː,677.7223846,1293.047756,2296.687287,3546.72986,LL,9
dː,0,vàdder,58.91718313,0.06606335495,e,381.4455294,1370.569064,1889.108234,3700.28484,LL,9
e,0,vàdder,58.97804759,0.05566558037,r,542.7490519,1551.98367,2408.215437,3781.872543,LL,9
r,0,vàdder,59.01774354,0.02372631294,s,419.4883054,1388.502815,2218.965371,3848.461005,LL,9
s,0,såul,59.09120386,0.1231943172,ɑu,1493.018031,2311.727297,3322.278337,4059.591724,LL,9
ɑu,1,såul,59.20609964,0.1065972577,l,667.206634,1152.753326,2531.690311,3549.284964,LL,9
l,0,såul,59.27837099,0.03794544003,d,486.5114576,1021.258547,2584.838052,3726.059706,LL,9
d,0,dla,59.32472023,0.05475302987,l,274.431846,1385.828862,1708.472974,3590.138656,LL,9
l,0,dla,59.3712603,0.03832712091,a,309.0041032,1275.797366,2289.010507,3724.882425,LL,9
a,0,dla,59.42456991,0.0682920986,z,508.2105365,1275.276851,2238.444142,4015.501968,LL,9
z,0,Sbagiózza,59.49137694,0.06532195496,b,1314.815364,2336.539813,3506.52376,4353.960922,LL,9
b,0,Sbagiózza,59.57552243,0.1029690175,a,215.8811843,890.2759931,2450.949723,3505.574561,LL,9
a,0,Sbagiózza,59.655296,0.05657813087,dz,548.591941,1306.422541,2480.903596,3440.640001,LL,9
dz,0,Sbagiózza,59.73467691,0.102183694,o,250.9208981,1662.402763,2719.839061,3764.098662,LL,9
o,1,Sbagiózza,59.83094001,0.09034249929,θ,513.5589023,1134.974831,2157.716461,3087.610215,LL,9
θ,0,Sbagiózza,59.96650639,0.1807902638,a,1289.433453,1857.259605,2903.891075,3970.622169,LL,9
a,0,Sbagiózza,60.10982945,0.1058558577,NA,482.2211788,1422.175208,2414.310291,4000.642624,LL,9
i,0,invêzi,60.65440702,0.07482914082,n,301.6919507,2268.872592,2967.674205,3572.871214,LL,9
n,0,invêzi,60.72604224,0.06844128734,v,327.1407462,1370.753806,2418.997018,3591.417117,LL,9
v,0,invêzi,60.79539608,0.07026638833,eː,157.039255,1498.070376,2558.010143,3720.402173,LL,9
eː,1,invêzi,60.879807,0.09855545377,θ,446.7407366,2105.543442,2622.280133,3592.145807,LL,9
θ,0,invêzi,60.98186343,0.1055574175,i,343.6021941,2104.913333,2887.064919,3954.311296,LL,9
i,0,invêzi,61.05928101,0.04927772688,l,387.0347073,1867.255588,2384.105852,3994.302928,LL,9
l,0,la,61.10718991,0.04654007539,a,348.1009792,1397.356243,2535.632816,3621.239377,LL,9
a,0,la,61.15464253,0.04836517639,k,639.0928937,1410.845968,2277.149308,3742.479795,LL,9
k,0,carólla,61.22308382,0.08851739829,a,589.9446103,1537.086575,2430.006049,3954.413734,LL,9
a,0,carólla,61.29464444,0.05460384113,r,544.5770378,1395.685776,2184.41716,3963.271544,LL,9
r,0,carólla,61.33974109,0.03558946942,o,415.8863762,1216.025992,2266.852555,3734.660558,LL,9
o,1,carólla,61.3931253,0.07117893883,lː,551.9399866,1124.233234,2696.765232,4363.99575,LL,9
lː,0,carólla,61.45746011,0.05749068136,a,438.5323996,1222.609463,2293.067715,4241.716189,LL,9
a,0,carólla,61.51950256,0.06659422456,l,622.2107833,1391.398801,2782.115672,4145.036975,LL,9
l,0,l'é,61.58975797,0.07391659032,e,309.076145,1435.126257,2664.563674,3948.88125,LL,9
e,1,l'é,61.70596995,0.1585073709,a,409.655285,2034.931976,2193.418592,2725.59099,LL,9
a,0,alîgra,61.84139812,0.1123489764,l,734.596082,1538.622242,2428.369621,4252.96883,LL,9
l,0,alîgra,61.93406365,0.07298207805,iː,269.2752516,1681.110024,2486.473386,3309.360076,LL,9
iː,1,alîgra,62.0772485,0.2133876278,g,273.6606328,2337.571781,3206.627981,4301.894187,LL,9
g,0,alîgra,62.23185122,0.09581780227,r,285.2790803,2099.635924,2235.061657,4190.519069,LL,9
r,0,alîgra,62.31489331,0.07026638833,a,496.9828621,1525.167305,2205.47574,4167.080298,LL,9
a,0,alîgra,62.40659366,0.1131343,e,629.659595,1669.366296,2413.61581,4214.163585,LL,9
e,0,e,62.52521424,0.1241068677,n,402.1388458,2178.958127,2613.770203,4209.328462,LL,9
n,0,entuSiaSmè,62.61829439,0.06205343385,t,364.2508001,1452.805587,2550.633167,4360.982658,LL,9
t,0,entuSiaSmè,62.71501376,0.1313853099,u,296.5113317,1823.820083,2880.943074,3850.756478,LL,9
u,0,entuSiaSmè,62.81889533,0.07637782612,z,313.5021898,953.0278693,2332.065115,3332.322159,LL,9
z,0,entuSiaSmè,62.90818707,0.1022056558,j,2054.648969,2969.509031,3785.463938,NA,LL,9
j,0,entuSiaSmè,62.97883514,0.03909048267,a,362.3264608,1903.164293,2321.431739,4140.74205,LL,9
a,0,entuSiaSmè,63.03351358,0.07026638833,z,534.011209,1523.257878,2283.677014,4197.817602,LL,9
z,0,entuSiaSmè,63.13877495,0.140256361,m,1420.467718,2754.350525,3358.959993,4042.426211,LL,9
m,0,entuSiaSmè,63.25270556,0.08760484779,ɛː,283.318426,1090.061799,2210.513916,2683.691854,LL,9
ɛː,1,entuSiaSmè,63.39302553,0.1930351011,NA,617.347886,1828.42137,2416.661848,3704.656402,LL,9
l,0,la,63.81088963,0.03661310471,a,399.8729054,1424.518446,2358.937135,3958.578589,LL,9
a,0,la,63.85814608,0.05789979349,k,684.1506321,1431.717361,2464.146668,3863.59581,LL,9
k,0,córr,63.95053031,0.1268686651,o,649.1574711,1425.671682,2366.694795,3992.9648,LL,9
o,1,córr,64.05482482,0.08172036151,rː,471.6381556,1022.534161,2291.871379,3515.771319,LL,9
rː,0,córr,64.19645496,0.2015399185,NA,423.2117947,1242.211081,1599.164615,3489.241102,LL,9
a,0,a,64.56132724,0.04172191002,u,635.4615241,1221.066831,2319.206761,3696.623194,LL,9
u,0,un,64.64932519,0.1342739819,n,413.6673184,754.5425004,2331.20975,3669.541349,LL,9
n,0,un,64.72723447,0.02154457995,b,278.1328938,859.8508336,2408.38053,3708.508549,LL,9
b,0,bancàtt,64.77747105,0.07892859111,a,221.771476,1001.899698,2433.972591,3892.506434,LL,9
a,0,bancàtt,64.86108269,0.08829467136,n,685.0833546,1322.888193,2370.321317,3729.666887,LL,9
n,0,bancàtt,64.94993207,0.08940409289,k,387.5943504,662.4198446,2363.302962,4086.199789,LL,9
k,0,bancàtt,65.06578078,0.1422933357,a,327.8028199,1840.490697,2830.397256,3928.931487,LL,9
a,1,bancàtt,65.19312431,0.1123937168,tː,791.8442023,1487.191144,2141.540293,3760.858206,LL,9
tː,0,bancàtt,65.3841396,0.269636862,NA,689.7659653,1941.231485,2748.889529,3873.073924,LL,9
i,0,in,65.83895019,0.05789979349,n,324.9393211,2318.305768,2746.609514,4038.149618,LL,9
n,0,in,65.89927544,0.06275070763,d,330.5098868,981.0509504,2483.636448,4289.489804,LL,9
d,0,duv,65.95619482,0.05108805308,u,274.9967007,1541.529984,2636.753792,3305.102969,LL,9
u,0,duv,66.00557994,0.04768218287,v,362.6190015,1209.961141,2361.147583,3922.352752,LL,9
v,0,duv,66.05113345,0.04342484512,i,328.7835743,1093.730092,2434.296724,3779.253394,LL,9
i,0,i,66.1040329,0.06237403838,v,326.9300177,1929.163886,2327.032986,4065.48242,LL,9
v,0,vànnden,66.16885288,0.06726593656,a,273.3496623,1204.582203,2344.238797,3503.311812,LL,9
a,1,vànnden,66.25570257,0.1064334439,nː,724.3504731,1372.036762,2442.923785,3756.774811,LL,9
nː,0,vànnden,66.35415556,0.09047253038,d,327.5125495,1244.020601,2560.668412,4268.242292,LL,9
d,0,vànnden,66.42578732,0.05279098818,e,230.1134914,1454.246467,2541.295656,3824.518528,LL,9
e,0,vànnden,66.48709298,0.06982033921,n,486.0677826,1692.052579,2544.603719,4005.562082,LL,9
n,0,vànnden,66.57855613,0.1131059456,NA,274.0107486,981.8501101,2478.125046,4239.968333,LL,9
d,0,dla,66.97899142,0.08088941738,l,248.5294286,1405.531996,2807.390197,3589.911995,LL,9
l,0,dla,67.03348534,0.02809842919,a,317.9280404,1419.034622,2449.439145,3488.625539,LL,9
a,0,dla,67.07733592,0.05960272859,t,658.0901788,1392.006955,2413.058984,3375.369181,LL,9
t,0,taila,67.18296699,0.151659416,ai,612.4754376,1371.7044,2702.162457,3718.444942,LL,9
ai,1,taila,67.36175465,0.2059159087,l,400.8257717,2158.361178,2345.533588,3849.207796,LL,9
l,0,taila,67.50686025,0.08429528758,a,307.6304031,1601.79777,2534.668235,3505.343854,LL,9
a,0,taila,67.58013559,0.06225538591,n,618.8462194,1559.900372,2472.566238,3850.144523,LL,9
n,0,naigra,67.63425291,0.04597924777,ai,295.7408489,1376.137796,2468.47968,3851.255726,LL,9
ai,1,naigra,67.79419983,0.2739145976,g,591.3547544,1670.705586,2440.748919,4255.535161,LL,9
g,0,naigra,67.97645275,0.09059124566,r,309.579678,2029.614049,2335.358812,4409.70677,LL,9
r,0,naigra,68.05963868,0.07578061207,a,587.1809424,1596.506698,2265.908168,3865.921601,LL,9
a,0,naigra,68.14861704,0.1021761062,NA,675.3964007,1600.583831,2339.936767,3966.571245,LL,9
e,0,e,68.30988009,0.0613056637,u,436.1285608,2182.467257,2277.33568,4255.080617,LL,9
u,0,una,68.37544309,0.06982033921,n,345.381217,1245.818425,2350.03256,3913.550168,LL,9
n,0,una,68.45037224,0.08003794983,a,353.9474347,1382.212691,2300.434288,2526.196919,LL,9
a,0,una,68.5202417,0.05970098326,s,612.8383993,1371.975066,2321.377646,3824.062772,LL,9
s,0,scrâna,68.60633818,0.1124919714,k,1396.928743,2246.678513,3140.954509,3602.8312,LL,9
k,0,scrâna,68.71452369,0.1038790413,r,1410.49561,2049.023125,2947.067817,3968.325634,LL,9
r,0,scrâna,68.79669031,0.06045419614,aː,640.4346761,1404.194264,2097.296507,3668.931019,LL,9
aː,1,scrâna,68.93187511,0.2099154181,n,823.6874717,1514.893661,2275.376905,4068.841971,LL,9
n,0,scrâna,69.07216873,0.07067180676,a,348.3729964,1297.282064,2410.86909,4256.92459,LL,9
a,0,scrâna,69.13688026,0.05875126104,k,643.2897516,1536.742783,2255.588068,3827.287359,LL,9
k,0,quêrta,69.23053146,0.1285511396,w,585.4072605,1575.408989,2697.173569,3835.829139,LL,9
w,0,quêrta,69.33312307,0.07663207962,eː,378.7578439,1030.019825,2284.473843,3252.268335,LL,9
eː,1,quêrta,69.43078395,0.1186896749,r,362.0250623,2203.784836,2545.305545,4304.944263,LL,9
r,0,quêrta,69.54419697,0.108136379,t,347.6363185,1331.312604,2253.091129,3555.737306,LL,9
t,0,quêrta,69.65487753,0.1132247237,e,314.1543041,1340.918757,2618.486418,3633.869147,LL,9
e,0,ed,69.74299419,0.0630085988,d,456.5130995,1735.706166,2385.869925,4139.786477,LL,9
d,0,ed,69.81712099,0.0852450098,v,278.6657758,1607.895037,2445.424089,4066.66617,LL,9
v,0,vlûd,69.92517755,0.1308681117,l,637.1011767,1793.59075,3011.69164,4001.440274,LL,9
l,0,vlûd,70.03957099,0.0979187684,uː,299.765715,1152.50974,1681.400913,3838.313602,LL,9
uː,1,vlûd,70.20338927,0.2297177868,d,400.4817907,680.1525243,2451.823334,4207.549154,LL,9
d,0,vlûd,70.37139902,0.106301717,t,142.2184312,1695.635346,2462.45655,3451.011978,LL,9
t,0,tótt,70.49640329,0.143706828,o,360.1676179,1336.165682,2486.451545,3528.564878,LL,9
o,1,tótt,70.60602993,0.07554643711,tː,507.9629191,1073.121657,2350.03136,3732.833041,LL,9
tː,0,tótt,70.73555165,0.1834970115,r,603.6640948,1301.367965,2752.108008,3584.633523,LL,9
r,0,råss,70.86878165,0.08296298972,ɑ,550.4281204,1214.131293,2045.501879,3939.266836,LL,9
ɑ,1,råss,70.98745844,0.154390589,sː,888.7385386,1397.656004,2215.05749,3707.98879,LL,9
sː,0,råss,71.17798864,0.2266698177,NA,1404.450456,2112.287271,2907.619631,3645.346939,LL,9
e,0,e,71.39741834,0.09364675069,l,474.5825315,1826.6391,2271.744255,4040.883545,LL,9
l,0,la,71.46322416,0.03796489893,a,450.2338122,1410.448982,2505.127128,4065.582008,LL,9
a,0,la,71.50941479,0.05441635513,t,672.480289,1365.749613,2316.77888,3891.172304,LL,9
t,0,tâca,71.58452016,0.0957943832,aː,566.6094744,1342.797837,2850.765768,4038.202936,LL,9
aː,1,tâca,71.68113897,0.09744324058,k,851.6796552,1331.549273,2186.450698,3771.532484,LL,9
k,0,tâca,71.76782549,0.07592979786,a,925.9984815,1531.175189,2551.371823,3790.538669,LL,9
a,0,a,71.83552956,0.05947834166,k,691.833384,1457.80965,2265.707247,3754.42981,LL,9
k,0,cuntratèr,71.91568166,0.1008258633,u,651.7051402,1374.215261,2253.449435,3936.117762,LL,9
u,0,cuntratèr,72.00469224,0.07719529449,n,313.3720284,705.0027286,2448.07285,3263.478674,LL,9
n,0,cuntratèr,72.07302906,0.05947834166,t,293.5003367,2250.309089,2566.092724,4799.778577,LL,9
t,0,cuntratèr,72.14136588,0.07719529449,r,234.7645611,1799.152955,2866.125371,3813.164305,LL,9
r,0,cuntratèr,72.2059062,0.05188536187,a,614.5680449,1295.687297,2155.784531,3777.173165,LL,9
a,0,cuntratèr,72.26791554,0.07213330796,t,687.3944419,1374.808268,2137.34616,4019.707958,LL,9
t,0,cuntratèr,72.35829508,0.1086257767,ɛː,597.7227542,1476.894194,3084.910609,3217.283209,LL,9
ɛː,1,cuntratèr,72.52631095,0.22740597,r,616.2293706,2037.758352,2340.065724,2538.026394,LL,9
r,0,cuntratèr,72.65203616,0.02404443599,NA,579.791964,1404.912398,2240.00775,3803.125144,LL,9
l,0,la,73.29859048,0.0329029124,a,391.39618,1226.26207,2408.484586,4022.503931,LL,9
a,0,la,73.35047584,0.07086781133,d,618.2510797,1447.125747,2292.420106,4015.403498,LL,9
d,0,deléNna,73.4232419,0.07466430123,e,265.5795698,1557.084646,2236.255133,3848.864384,LL,9
e,0,deléNna,73.49157871,0.06200933492,l,437.8617196,1813.8081,2496.401656,3946.836787,LL,9
l,0,deléNna,73.5516898,0.05821284502,e,425.648738,1523.318287,2523.322808,4132.680427,LL,9
e,1,deléNna,73.60420791,0.04682337535,ŋː,512.3157154,1898.331859,2493.20126,4005.385997,LL,9
ŋː,0,deléNna,73.70671314,0.1581870789,a,618.4295544,1824.972176,2487.10014,4356.683283,LL,9
a,0,deléNna,73.83895754,0.106301717,NA,634.3978044,1525.285925,2499.084382,3892.256003,LL,9
l,0,l'é,74.1399083,0.04049589219,e,299.1930257,1408.172484,2469.538402,4100.189277,LL,9
e,1,l'é,74.18166969,0.04302688545,t,444.8743328,1684.391482,2499.706655,4078.076591,LL,9
t,0,tótta,74.24241352,0.07846079112,o,398.8822156,1760.516453,2543.008218,4066.517675,LL,9
o,1,tótta,74.30695385,0.05061986524,tː,529.2641298,1161.736193,2366.232954,3601.62257,LL,9
tː,0,tótta,74.37320075,0.08187392026,a,516.844038,1178.169116,2422.285117,3617.042784,LL,9
a,0,tótta,74.43248741,0.0366994023,m,569.0659187,1330.548111,2339.440625,4051.635871,LL,9
m,0,maraviè,74.48247452,0.06327483155,a,294.9031826,1146.814131,2389.158201,2805.550896,LL,9
a,0,maraviè,74.54564589,0.06306789797,r,708.7236399,1345.238374,2379.976727,3898.450671,LL,9
r,0,maraviè,74.59299854,0.03163741577,a,559.4331755,1308.964225,2236.572772,3859.518488,LL,9
a,0,maraviè,74.64108742,0.06454032818,v,613.8592913,1441.189485,2274.131434,3860.630723,LL,9
v,0,maraviè,74.70615703,0.06559889123,j,311.9337913,1432.358791,2254.52407,3853.796064,LL,9
j,0,maraviè,74.75350968,0.02910642251,ɛː,277.3405407,2174.735013,2491.506299,3487.498825,LL,9
ɛː,1,maraviè,74.83639971,0.1366736361,NA,555.6552871,1921.259473,2424.015476,3688.822139,LL,9
m,0,mo,75.17840615,0.08352277764,o,578.0872982,2059.08529,2486.445574,4715.935651,LL,9
o,0,mo,75.24927396,0.05821284502,s,567.7884975,1005.215807,2483.361927,2944.903398,LL,9
s,0,sôrbla,75.35494293,0.1531250923,oː,1325.485611,2130.376887,2973.763263,3755.594332,LL,9
oː,1,sôrbla,75.51429204,0.1655731251,r,532.4547591,989.5578923,2638.426196,4285.539211,LL,9
r,0,sôrbla,75.62428678,0.05441635513,b,409.6847057,1048.729781,1526.091875,3452.959403,LL,9
b,0,sôrbla,75.68990092,0.07681193374,l,241.0623613,908.3594214,2625.736427,4129.104713,LL,9
l,0,sôrbla,75.74982033,0.04302688545,a,438.5655552,1119.549814,2210.307008,3903.160338,LL,9
a,0,sôrbla,75.78968348,0.0366994023,k,658.1075355,1310.379629,2193.6087,3757.845455,LL,9
k,0,carólla,75.87111633,0.1261663023,a,601.1257966,1483.171869,2633.682058,3894.045955,LL,9
a,0,carólla,75.97089888,0.0733988046,r,638.8424913,1403.630608,1888.444384,3559.514737,LL,9
r,0,carólla,76.03334929,0.05150200112,o,550.0837219,1303.10383,1922.845699,3946.814045,LL,9
o,1,carólla,76.09885996,0.07951935417,lː,597.547454,1104.162753,2229.818068,2304.958009,LL,9
lː,0,carólla,76.20642718,0.1356150731,a,446.585337,1247.986336,2193.586648,4158.067555,LL,9
a,0,carólla,76.30070668,0.05294392492,NA,633.4617366,1351.004323,2367.387749,4157.141625,LL,9
m,0,mé,76.83855469,0.08858476417,e,265.8952363,1319.120287,2301.618945,2559.462472,LL,9
e,1,mé,76.93473244,0.1037707237,s,495.8772375,1977.964364,2397.865415,4224.879601,LL,9
s,0,sänza,77.03894423,0.1046528596,æ,1496.598751,2630.418011,3434.082574,4128.728848,LL,9
æ,1,sänza,77.17732443,0.1721075418,θ,700.6005018,1525.364941,2261.061425,2733.736628,LL,9
θ,0,sänza,77.32844781,0.1301392194,u,1097.804226,1471.023878,2713.158452,4242.59383,LL,9
u,0,ucèl,77.44919927,0.1113637035,ʦ,410.6633393,917.4431484,2181.394706,3208.059557,LL,9
ʦ,0,ucèl,77.56497696,0.1201916735,ɛː,1216.644361,1899.105148,3017.931949,3654.621828,LL,9
ɛː,1,ucèl,77.7364365,0.222727407,l,626.3998661,1851.835146,2406.18782,3409.576572,LL,9
l,0,ucèl,77.86966647,0.04373253135,a,439.9229636,1435.386155,2444.88359,4203.419375,LL,9
a,0,a,77.92317015,0.06327483155,f,661.4051747,1425.41783,2384.087827,3756.664247,LL,9
f,0,fâg,77.99530346,0.08099178438,aː,1043.369737,1280.473543,2275.51705,3541.766122,LL,9
aː,1,fâg,78.0817983,0.09199789331,g,749.635694,1323.338267,2121.817583,3616.067483,LL,9
g,0,fâg,78.1638639,0.07213330796,f,664.8887517,1334.432582,2117.902003,3646.788572,LL,9
f,0,fadîga,78.25297794,0.1060947834,a,1212.740717,2131.597103,3493.219826,4444.956563,LL,9
a,0,fadîga,78.33973742,0.06742417579,d,597.0771037,1355.531983,2248.558324,3808.797714,LL,9
d,0,fadîga,78.40825067,0.0696023147,iː,346.567984,1395.500348,2157.119938,3974.224164,LL,9
iː,1,fadîga,78.50351577,0.1209278886,g,376.9674164,2257.501149,2773.395985,4242.358104,LL,9
g,0,fadîga,78.60004637,0.07213330796,a,296.1943505,1955.650107,2361.915714,3317.330707,LL,9
a,0,fadîga,78.68283293,0.09343981712,l,684.1829825,1500.665191,2360.705278,4146.601276,LL,9
l,0,lèZer,78.75169903,0.04429238208,ɛː,457.6637964,1304.681106,2053.288446,3913.338024,LL,9
ɛː,1,lèZer,78.89315476,0.2386190753,ð,619.0124811,1939.854998,2448.097639,3697.458032,LL,9
ð,0,lèZer,79.05475497,0.0845813407,e,685.2345592,2097.051294,3233.650928,4072.548047,LL,9
e,0,lèZer,79.14576726,0.09744324058,r,600.3448978,1604.941285,2184.933886,4163.910586,LL,9
r,0,lèZer,79.21790057,0.04682337535,NA,522.4859667,1527.782816,2432.948138,4144.513878,LL,9
m,0,mo,79.50468147,0.04302688545,o,265.310793,868.7556599,2482.718937,2578.736194,LL,9
o,0,mo,79.5875715,0.1227531732,NA,577.3413081,971.2318769,2494.40217,3518.994401,LL,9
ai,0,ai,80.17920313,0.1075672136,e,752.5879909,1516.505905,2537.834581,4031.887798,LL,9
e,1,é,80.29942531,0.1328771463,s,419.552232,2217.045027,2503.73622,4287.551171,LL,9
s,0,scrétt,80.41629206,0.1008563697,k,941.8455752,1923.878192,2876.179235,3707.186382,LL,9
k,0,scrétt,80.52619859,0.1189566833,r,1308.4073,2063.222345,2295.880936,3864.268552,LL,9
r,0,scrétt,80.62842389,0.08549392017,e,490.2776776,1297.84138,2136.335491,3632.833236,LL,9
e,1,scrétt,80.72242347,0.1025052271,tː,484.1216211,1959.530617,2121.609798,2562.001567,LL,9
tː,0,scrétt,80.90093145,0.2545107436,NA,416.4942131,2056.43432,2888.930915,4137.75807,LL,9
l,0,luigi,81.64971773,0.08686702849,u,268.2973989,1320.100831,1566.172176,3968.872096,LL,9
u,0,luigi,81.7510276,0.1157527118,w,342.5324279,917.7529038,2365.22674,3820.226546,LL,9
w,0,luigi,81.82860772,0.0394075291,i,348.8240079,1181.879283,2311.792587,3533.279442,LL,9
i,0,luigi,81.96470465,0.2327863416,dz,295.9522266,2256.450523,2521.393919,4295.703956,LL,9
dz,0,luigi,82.16904356,0.1758914784,i,1271.433359,2347.629081,3547.655153,4260.765949,LL,9
i,0,luigi,82.31245388,0.1109291652,g,361.4358815,2253.721662,2634.308347,4243.929182,LL,9
g,0,XIV,82.43013659,0.124436243,z,315.0614135,1252.593422,2363.084266,4182.074208,LL,9
z,0,XIV,82.63531898,0.2859285347,iː,1759.372628,2559.737915,3541.3376,4321.722283,LL,9
iː,0,XIV,82.99392599,0.4312854866,v,307.7968291,2527.499171,2540.609079,3737.079186,LL,9
v,0,XIV,83.29125293,0.1633684069,NA,117.8409882,1601.292197,2362.954413,3539.011273,LL,9
k,0,cus'êl,83.73374774,0.04638855997,u,733.7113209,1274.428945,3434.267127,3565.19421,LL,9
u,0,cus'êl,83.79274189,0.07159973387,s,367.5322492,951.1184254,2258.778285,3657.345561,LL,9
s,0,cus'êl,83.89862882,0.1401741269,eː,1242.437216,2162.893263,2809.6026,3630.304619,LL,9
eː,1,cus'êl,84.13299812,0.3285644874,l,392.4575659,2194.205003,2487.426465,3596.018864,LL,9
l,0,cus'êl,84.33249356,0.07042638165,NA,249.2235204,1711.925529,2719.571707,4118.177808,LL,9
l,0,luigi,85.1107344,0.1119376121,u,292.224369,1395.014515,1867.258121,3217.506522,RM,9
u,0,luigi,85.22655305,0.1196996922,i,314.3329541,964.0252366,2892.051144,3759.643501,RM,9
i,1,luigi,85.42772612,0.2826464539,g,306.70735,2617.614913,2924.091141,3732.232836,RM,9
g,0,luigi,85.62745679,0.1168148788,i,1351.053136,2932.499431,3878.817946,4370.140496,RM,9
i,0,luigi,85.71763031,0.06353215823,k,329.6208809,2566.068418,3065.865018,4413.695912,RM,9
k,0,XIV,85.82804306,0.1572933473,w,379.4319778,2521.616391,2854.601089,4329.859196,RM,9
w,0,XIV,85.91929532,0.0252111739,a,493.0201336,980.594961,2745.88257,3650.160281,RM,9
a,0,XIV,85.97072612,0.07765041561,t,859.9331402,1299.71751,2929.471009,4390.942001,RM,9
t,0,XIV,86.11909625,0.219089855,oː,580.0797,1061.166726,2567.824713,3774.16937,RM,9
oː,1,XIV,86.30224562,0.1472088778,r,520.9797864,1049.4339,2970.470739,3870.411142,RM,9
r,0,XIV,86.43534843,0.1189967408,d,435.667286,1536.706397,2586.84849,3419.667094,RM,9
d,0,XIV,86.54569092,0.1016882373,i,278.3193205,1426.364459,2631.6362,NA,RM,9
i,0,XIV,86.63736495,0.08165982563,dz,317.1499092,2522.624193,3068.636699,4461.114672,RM,9
dz,0,XIV,86.75887062,0.161351513,eː,1344.717906,1415.714517,3108.976358,3970.921837,RM,9
eː,1,XIV,87.02875858,0.3784244113,z,360.5128169,1409.964782,2482.59253,3232.587274,RM,9
z,0,XIV,87.29726218,0.1585827864,i,367.1582233,1791.930326,3341.065064,3711.412972,RM,9
i,0,XIV,87.4220041,0.09090106755,m,380.5361189,2404.941243,2860.943016,3302.01768,RM,9
m,0,XIV,87.51586009,0.09681090777,o,326.7772989,1190.999991,2404.522501,2847.587045,RM,9
o,0,XIV,87.68475061,0.2409701297,NA,475.0957256,1025.13237,3011.78721,3716.961987,RM,9
l,0,l'arspånnd,87.85872434,0.02815455476,a,492.2706424,1270.533728,2801.50881,3768.964647,LL,9
a,0,l'arspånnd,87.90809727,0.07059128692,r,672.1277943,1371.525525,2170.922598,3569.331825,LL,9
r,0,l'arspånnd,87.97255526,0.05832470413,s,493.7232841,1309.028691,2480.944507,3786.519688,LL,9
s,0,l'arspånnd,88.04457661,0.08571799126,p,1558.22243,1992.84295,2986.209502,3760.100972,LL,9
p,0,l'arspånnd,88.12273125,0.07059128692,ɑ,937.388779,1873.573722,2785.434051,3807.499463,LL,9
ɑ,1,l'arspånnd,88.21074731,0.1054408445,nː,724.1258208,1353.244305,2353.845815,3556.529093,LL,9
nː,0,l'arspånnd,88.29608951,0.06524355659,d,337.2971147,1185.877645,2337.902491,4073.471634,LL,9
d,0,l'arspånnd,88.33728309,0.01714359825,l,245.39983,1278.663823,2017.90748,3831.132602,LL,9
l,0,la,88.36199004,0.03227030259,a,307.9941959,1207.502514,2327.016953,3690.085025,LL,9
a,0,la,88.41291661,0.06958283996,k,625.7661426,1385.586755,2352.59708,3634.574622,LL,9
k,0,carólla,88.48443386,0.07345165971,a,529.0873927,1627.97306,2249.689363,2836.398914,LL,9
a,0,carólla,88.55544689,0.06857439301,r,601.8237423,1435.329124,2140.129209,3711.636608,LL,9
r,0,carólla,88.62250861,0.06554905214,o,521.2355876,1222.87959,1855.533726,3848.557532,LL,9
o,1,carólla,88.6970512,0.08353612927,lː,564.4709175,1047.398287,2260.579097,3665.368716,LL,9
lː,0,carólla,88.81294012,0.1482417025,a,369.0698598,1224.161973,2354.161741,3798.197755,LL,9
a,0,carólla,88.9112637,0.04840545389,NA,560.7448667,1367.937407,2560.478769,2950.438521,LL,9
l,0,l'é,89.15150643,0.05647302953,e,303.9064445,1759.375736,2999.728735,3341.870167,RM,9
e,1,l'é,89.20243301,0.04538011302,u,379.6295075,1787.99614,2447.943767,3141.420871,RM,9
u,0,una,89.25688914,0.06353215823,n,364.9171944,1301.524924,2377.593706,3295.082498,RM,9
n,0,una,89.31739596,0.05748147649,a,317.0462543,1280.646328,2489.513417,3136.904897,RM,9
a,0,una,89.38597035,0.07966730952,s,1009.607546,1812.031159,3170.196762,3817.451212,RM,9
s,0,scrâna,89.46425339,0.07689877142,k,1354.764397,1846.075858,3255.928744,4523.424927,RM,9
k,0,scrâna,89.54657022,0.08773488517,r,1464.906803,2192.311443,2779.25233,4351.487135,RM,9
r,0,scrâna,89.62371641,0.06655749909,aː,539.5134698,1467.428238,2494.117998,3974.394693,RM,9
aː,1,scrâna,89.70439217,0.09479401386,n,978.7019672,1619.653338,2308.10677,2856.70536,RM,9
n,0,scrâna,89.77403315,0.04448794135,a,464.9811697,1401.588199,2191.903481,2941.118334,RM,9
a,0,scrâna,89.83358965,0.07462507474,f,731.8760723,1351.931286,1616.750579,3037.158094,RM,9
f,0,franzaiSa,89.90914072,0.07647706338,r,231.3155484,1502.229269,2945.908785,3233.061411,RM,9
r,0,franzaiSa,89.9655313,0.03630409041,a,524.4923116,1433.048184,1912.092011,3266.308674,RM,9
a,0,franzaiSa,90.02906346,0.09076022604,n,1095.405824,1468.607937,1705.61942,2922.061181,RM,9
n,0,franzaiSa,90.09763785,0.04638855997,θ,375.7556007,1341.368164,2170.719631,3011.823565,RM,9
θ,0,franzaiSa,90.16979995,0.09793563002,ai,1052.73928,2000.168487,3040.15716,4020.847066,RM,9
ai,1,franzaiSa,90.3242789,0.2110222794,z,790.6749674,1806.165184,2046.4642,2995.752754,RM,9
z,0,franzaiSa,90.46710258,0.07462507474,a,257.8380316,1936.873742,2973.811664,4126.908991,RM,9
a,0,franzaiSa,90.54021498,0.07159973387,d,734.6978299,1612.011477,2850.133036,4390.910997,RM,9
d,0,d,90.59804793,0.04406617051,u,344.762119,1541.63332,2931.256694,4207.148395,RM,9
u,0,una,90.6518471,0.06353215823,n,411.7469479,1157.835373,3027.267255,3863.317428,RM,9
n,0,una,90.70327789,0.03932943128,a,367.8633652,1597.043248,2219.73955,3136.698606,RM,9
a,0,una,90.75622136,0.06655749909,v,793.9085386,1547.775462,2959.339765,4257.055468,RM,9
v,0,vôlta,90.81462883,0.05025744253,oː,364.5235506,1367.95964,2048.054528,2921.97116,RM,9
oː,1,vôlta,90.94261914,0.205723179,l,443.6278206,907.0627582,3109.389036,3444.059915,RM,9
l,0,vôlta,91.09898656,0.1070116526,t,367.0241539,1316.387867,1772.776963,3154.996986,RM,9
t,0,vôlta,91.22308367,0.1411825738,a,372.5446802,1711.907585,3101.615493,3819.374327,RM,9
a,0,vôlta,91.36705638,0.1467628547,NA,776.0725683,1468.51858,2387.178257,2456.038807,RM,9
m,0,mo,92.43856539,0.1140707813,o,329.2098608,889.9210881,2376.215877,4627.370336,LL,9
o,0,mo,92.53190487,0.07260818083,NA,550.4966597,1117.87908,2392.088616,3700.185566,LL,9
m,0,mo,92.81354196,0.0736559647,o,314.2476761,880.7515283,2312.971296,4430.386156,LL,9
o,1,mo,92.90244984,0.1041598036,NA,619.4647097,1084.47945,2439.884201,3517.312218,LL,9
s,0,se,93.13834189,0.08722266735,e,1217.217633,2319.428024,3388.721714,3685.973623,LL,9
e,0,se,93.20594732,0.04798819679,k,566.3405891,1776.534048,2530.339198,3885.840301,LL,9
k,0,cal,93.28592765,0.1119724592,a,531.5161563,1853.628643,2389.746054,4155.041466,LL,9
a,0,cal,93.36844562,0.05306348797,l,648.040201,1557.310741,2120.694412,4002.210006,LL,9
l,0,cal,93.42979233,0.0696299326,b,506.3502004,1292.722162,2157.013044,3951.52101,LL,9
b,0,banzôl,93.51494786,0.1006811188,a,319.1696393,1086.063937,2283.697406,4088.760411,LL,9
a,0,banzôl,93.61010304,0.08962924977,n,644.5900342,1412.07273,2412.585402,4060.948124,LL,9
n,0,banzôl,93.67702988,0.04422441665,θ,412.4111594,1156.426948,2167.871306,4523.813693,LL,9
θ,0,banzôl,93.76077398,0.1232637996,oː,1324.490055,2108.317271,3568.059276,4393.868521,LL,9
oː,1,banzôl,93.87119245,0.09757312554,l,551.9399578,1048.827371,2642.750638,2991.233563,LL,9
l,0,banzôl,93.95855776,0.07715749288,k,458.5076447,1141.474618,1509.815395,2642.033963,LL,9
k,0,che,94.05922745,0.1241819013,e,682.9337784,2238.448126,2633.892545,4697.475787,LL,9
e,0,che,94.16177904,0.08092127302,l,491.943285,1976.940925,2082.017717,2903.305621,LL,9
l,0,lé,94.23597109,0.06746282161,e,522.9523059,1501.513449,2347.247106,3952.416573,LL,9
e,1,lé,94.33462771,0.1298504148,NA,599.3067603,2116.363947,2185.503076,3853.325253,LL,9
s,0,se,94.7565188,0.1298504148,e,1571.891453,1908.538261,2872.615103,3719.476292,LL,9
e,0,se,94.85437709,0.06586615246,k,469.6032457,1778.245318,2181.044232,3764.328968,LL,9
k,0,chèSo,94.94852575,0.1224311686,ɛː,440.010584,2074.097132,2927.713149,3668.522758,LL,9
ɛː,1,chèSo,95.09976534,0.1800480134,z,705.6950936,1477.252144,2486.156725,4060.532785,LL,9
z,0,chèSo,95.23713189,0.09468509354,o,1377.624724,2388.423468,3490.711193,4353.324884,LL,9
o,0,chèSo,95.33009226,0.09123564786,NA,526.5941862,1143.753305,2353.300584,2819.800028,LL,9
a,0,al,95.62290868,0.03309422345,l,760.2614988,1417.80336,2522.344114,3610.584641,LL,9
l,0,al,95.67732854,0.07574548724,s,568.2693835,1379.910889,2515.920378,3905.747089,LL,9
s,0,sèlta,95.7662721,0.1021416419,ɛː,1270.129946,2468.589677,3117.424934,3774.427268,LL,9
ɛː,1,sèlta,95.85292035,0.07115485165,l,627.5881128,1549.296488,2607.172062,4095.202549,LL,9
l,0,sèlta,95.91202478,0.0470540148,t,455.7707822,1692.338931,2378.770919,4003.127199,LL,9
t,0,sèlta,95.96693846,0.06277332959,a,430.5752537,1543.492559,2557.28427,4155.011229,LL,9
a,0,sèlta,96.02185213,0.0470540148,f,578.0868106,1356.709155,2171.215874,3710.836096,LL,9
f,0,fòra,96.10086667,0.1109750661,ɔː,197.0025449,1490.112877,2587.885892,3680.515091,LL,9
ɔː,1,fòra,96.20570353,0.09869866519,r,575.5559334,1050.29645,2261.93859,3584.156498,LL,9
r,0,fòra,96.26595563,0.02180551905,a,547.016029,1102.504759,1585.420884,3409.737123,LL,9
a,0,fòra,96.3141573,0.07459782834,d,612.9675174,1251.853668,2470.631649,3770.689016,LL,9
d,0,dala,96.37693069,0.05094895646,a,325.3272089,1222.534733,2172.697104,3820.726151,LL,9
a,0,dala,96.43109664,0.05738294488,l,652.1025771,1348.622464,2454.649705,3826.355758,LL,9
l,0,dala,96.48962725,0.05967826267,a,502.7113545,1196.60681,2255.303179,3706.933593,LL,9
a,0,dala,96.54299339,0.0470540148,k,645.5140515,1452.404519,2224.504628,3807.240412,LL,9
k,0,cantéNna,96.61520195,0.09736312171,a,517.456691,1428.492644,2185.62875,3961.457575,LL,9
a,0,cantéNna,96.69200116,0.05623528598,n,568.5749909,1508.678347,2136.79515,3892.889257,LL,9
n,0,cantéNna,96.74823644,0.05623528598,t,418.948771,1246.146501,2289.560162,3896.1492,LL,9
t,0,cantéNna,96.83405696,0.1154057393,e,206.0781181,1347.80252,1944.230373,3181.45089,LL,9
e,1,cantéNna,96.92618959,0.06885953385,ŋː,575.8753719,1810.440814,2242.15604,3795.713667,LL,9
ŋː,0,cantéNna,97.02995878,0.138678842,e,473.3627141,1821.230236,2408.488886,4177.075536,LL,9
e,0,ed,97.13258031,0.06656421606,d,522.3025354,1710.212259,2384.016439,3921.365749,LL,9
d,0,ed,97.19084302,0.04996119714,m,265.9935687,1571.996978,2476.87556,3971.924779,LL,9
m,0,mî,97.28436322,0.1370792182,iː,305.7408919,790.8937534,2212.590028,3323.665424,LL,9
iː,1,mî,97.39166933,0.07753299568,n,591.0113216,2374.925214,2986.080849,4266.689874,LL,9
n,0,nôra,97.4591273,0.05738294488,oː,463.350465,739.4429823,2490.381335,3148.612287,LL,9
oː,1,nôra,97.64929083,0.3229441152,r,552.6144628,814.6192328,2437.145195,3553.756628,LL,9
r,0,nôra,97.84748797,0.07345016944,a,441.6153,1165.898812,1995.939496,3667.065332,LL,9
a,0,nôra,97.94389132,0.1193565253,NA,584.9093237,1465.597553,2039.907839,3838.427529,LL,9
m,0,mo,98.86145492,0.04459873462,o,207.2542252,834.7590816,2342.16373,2664.166976,LL,9
o,0,mo,98.90326448,0.03902040252,l,602.4617171,756.6365343,2241.112775,3034.914942,LL,9
l,0,la,98.95146616,0.05738294488,a,477.5150347,1042.758342,2318.773792,3002.941775,LL,9
a,0,la,99.00425847,0.0482016737,k,613.3337942,1154.463331,1969.912681,3601.885066,LL,9
k,0,carólla,99.0691012,0.08148378172,a,701.5386052,1508.300877,2660.930663,4159.333309,LL,9
a,0,carólla,99.14369902,0.06771187495,r,647.4407416,1397.615167,2119.7912,3889.19473,LL,9
r,0,carólla,99.19706516,0.03902040252,o,535.4991137,1282.068776,2327.5948,3919.220332,LL,9
o,1,carólla,99.24788205,0.0626133672,lː,597.6046513,1137.401274,2466.003519,4278.628463,LL,9
lː,0,carólla,99.30443723,0.05049699149,a,435.8789053,1214.197896,2531.28419,4069.712833,LL,9
a,0,carólla,99.36985378,0.08033612283,NA,637.2617156,1347.414051,2733.523537,4011.969124,LL,9
l,0,la,99.63279971,0.05508762708,a,438.108001,1246.391901,2045.95633,3967.841403,LL,9
a,0,la,99.68960883,0.05853060377,v,688.1364981,1288.902324,2311.928079,3931.233829,LL,9
v,0,và,99.74689783,0.0560474014,a,497.2630463,1084.624896,2532.498889,3543.025565,LL,9
a,1,và,99.80992513,0.07000719275,z,638.9376137,1243.402908,2237.676995,3564.746552,LL,9
z,0,Svêlta,99.89295644,0.09605543762,v,1446.238734,2405.178064,3553.138845,4179.916851,LL,9
v,0,Svêlta,99.97426627,0.06656421606,eː,1087.400394,2288.896797,3537.536125,4371.969991,LL,9
eː,1,Svêlta,100.0803308,0.1455647954,l,443.9688907,2042.231718,2617.639795,3524.494752,LL,9
l,0,Svêlta,100.1778818,0.04953721717,t,353.7844905,1568.277544,2713.622884,3832.850218,LL,9
t,0,Svêlta,100.2628085,0.1203162997,a,293.9271803,2010.956654,2142.595199,3927.198209,LL,9
a,0,Svêlta,100.352232,0.05853060377,NA,599.6035812,1514.990301,2369.684583,3789.248768,LL,9
l,0,la,100.6068912,0.05771048012,a,421.2960382,1310.592667,2495.716128,3765.920926,LL,9
a,0,la,100.6565222,0.04155154569,p,634.4306981,1336.527866,2599.064272,3828.889656,LL,9
p,0,pèga,100.7419337,0.1292714755,ɛː,580.1418664,1295.48592,2924.978722,3918.552443,LL,9
ɛː,1,pèga,100.9011202,0.189101361,g,618.6250824,1727.570151,2291.464694,4046.842896,LL,9
g,0,pèga,101.0453019,0.0992620258,a,239.1522702,1914.464909,2232.411198,4046.145446,LL,9
a,0,pèga,101.1596737,0.1294816762,l,681.5219577,1511.941608,2328.562949,3910.204585,LL,9
l,0,al,101.2448652,0.04090126724,p,393.8629197,1331.224424,2398.109799,3892.551985,LL,9
p,0,prêzi,101.3351231,0.139614497,r,387.9970356,1412.878012,2866.518555,3921.064952,LL,9
r,0,prêzi,101.436278,0.06269541219,eː,556.6865269,1271.879504,2157.89693,3946.050359,LL,9
eː,1,prêzi,101.5305559,0.1258602811,θ,380.4410383,2140.534753,2192.401223,3250.403828,LL,9
θ,0,prêzi,101.6510391,0.1151061847,i,1594.128591,2034.108253,3667.710471,4525.248082,LL,9
i,0,prêzi,101.7299169,0.04264950205,k,324.5800848,2006.540987,2526.532942,4241.890808,LL,9
k,0,cuntratè,101.8022171,0.101950892,u,1014.040224,2087.250954,3057.193055,4152.595482,LL,9
u,0,cuntratè,101.9025762,0.09876726791,n,329.5577603,823.0106681,2363.697167,3941.273116,LL,9
n,0,cuntratè,101.9732846,0.04264950205,t,302.0363836,975.2136809,2326.637177,3301.626762,LL,9
t,0,cuntratè,102.0347659,0.08031316982,r,391.966975,1639.901292,2765.481546,3925.641968,LL,9
r,0,cuntratè,102.0956861,0.04152714674,a,576.8026049,1314.326516,2098.657618,3755.057746,LL,9
a,0,cuntratè,102.1534874,0.07407545093,t,589.8768853,1377.098331,1432.31863,3842.173016,LL,9
t,0,cuntratè,102.2432623,0.1054744435,ɛː,510.6917816,1283.398817,2598.781513,3967.257532,LL,9
ɛː,1,cuntratè,102.3784927,0.1649862316,NA,588.0648864,1823.283846,2488.112502,3203.966858,LL,9
e,0,e,102.6638435,0.08159201072,a,479.8046776,2108.51586,2601.680602,4226.162218,LL,9
a,0,adès,102.7433607,0.07744251689,d,684.9147661,1556.681045,2330.395993,4175.278371,LL,9
d,0,adès,102.8101409,0.05611776586,ɛː,330.8565987,1423.014634,2745.650665,4359.904788,LL,9
ɛː,1,adès,102.9622848,0.2481700544,s,609.2516036,1883.429321,2478.105933,4110.93888,LL,9
s,0,adès,103.1743047,0.1758697946,l,1525.484396,2678.36007,3187.897936,3985.598894,LL,9
l,0,l'é,103.2947879,0.0650966084,e,276.0081398,1366.233156,2718.630309,3692.754723,LL,9
e,1,l'é,103.3632516,0.0718307403,t,481.8628807,1659.064151,2269.768454,3820.989911,LL,9
t,0,tótta,103.4912648,0.1841957385,o,328.3829322,1689.798892,2321.962112,3889.618832,LL,9
o,1,tótta,103.6170334,0.06734131903,tː,536.8390672,1118.279388,2499.205384,3960.558146,LL,9
tː,0,tótta,103.751859,0.202309972,a,437.0999234,1058.1399,2610.150217,3809.881493,LL,9
a,0,tótta,103.8777058,0.04938363396,k,582.511132,1362.835331,2181.443015,3694.802834,LL,9
k,0,cuntänta,103.9416801,0.0785648722,u,550.3039515,1241.544861,2258.256468,3985.170721,LL,9
u,0,cuntänta,104.0521403,0.1423556834,n,366.5639316,876.7123717,2371.47369,4526.493942,LL,9
n,0,cuntänta,104.1468876,0.04713892332,t,262.9843566,1014.336711,2442.928327,3084.32766,LL,9
t,0,cuntänta,104.2156643,0.09041436768,æ,221.3445741,1820.150909,3213.738598,3993.44735,LL,9
æ,1,cuntänta,104.3117218,0.1017007483,n,670.7851218,1615.400636,2328.517296,3014.334733,LL,9
n,0,cuntänta,104.4675593,0.2099741024,t,606.6289691,2335.718864,2666.980046,4822.266752,LL,9
t,0,cuntänta,104.637473,0.1298532894,a,194.5591073,1893.642863,2614.540326,3962.634129,LL,9
a,0,cuntänta,104.7512221,0.09764491259,NA,580.4333385,1534.541164,2328.314556,3846.941849,LL,9
m,0,mo,105.586927,0.03816008078,o,280.9597215,866.3362763,2357.014061,2540.997002,LL,9
o,0,mo,105.6497789,0.08754371474,ð,532.2225759,976.9721689,2414.385254,4012.481852,LL,9
ð,0,ZîZla,105.732272,0.07744251689,iː,326.9052015,1135.858382,2689.111804,4052.923702,LL,9
iː,1,ZîZla,105.8864259,0.2308652679,ð,362.084099,2267.684857,2741.367893,3716.589018,LL,9
ð,0,ZîZla,106.0741588,0.1446003941,l,326.3778873,1243.049737,2498.708726,3624.678638,LL,9
l,0,ZîZla,106.1795684,0.06621896371,a,418.6336722,1261.5489,2432.111881,4083.628331,LL,9
a,0,ZîZla,106.2716016,0.1178473083,NA,580.8008227,1374.383049,1719.874025,4050.576287,LL,9
l,0,la,106.5414741,0.0718307403,a,398.5780416,1230.285601,2102.065807,3912.685015,LL,9
a,0,la,106.6032037,0.05162834459,f,647.0993668,1372.979206,2303.282486,3829.482202,LL,9
f,0,fà,106.6755956,0.09315549133,a,667.0492518,1472.804152,2607.210712,3686.626817,LL,9
a,1,fà,106.749501,0.0546554203,l,654.5197883,1260.00265,2365.575129,3763.35763,LL,9
l,0,la,106.7908582,0.02805888293,a,587.8809282,1241.240844,2468.335077,4008.521811,LL,9
a,0,la,106.8430477,0.07632016157,d,631.5840299,1396.224903,2581.557861,3870.562467,LL,9
d,0,deléNna,106.9095796,0.05674364535,e,267.9275595,1382.834469,2553.787701,3927.260961,LL,9
e,0,deléNna,106.9693774,0.06285189776,l,541.6343679,1650.601433,2654.535477,3902.089544,LL,9
l,0,deléNna,107.0254951,0.04938363396,e,472.3605118,1483.820972,2545.212163,3917.137907,LL,9
e,1,deléNna,107.1017236,0.1030732473,ŋː,487.5549745,1906.622737,2405.548637,3751.54562,LL,9
ŋː,0,deléNna,107.2048886,0.1032566892,a,538.709837,2365.733846,3021.551871,4793.098306,LL,9
a,0,deléNna,107.278964,0.04489421269,NA,615.6650522,1617.990056,2502.985423,3817.175485,LL,9
s,0,st'ètra,107.5327458,0.0650966084,t,1620.271885,2286.828583,2686.137985,3738.429255,LL,9
t,0,st'ètra,107.5902989,0.05000957626,ɛː,1231.646042,2030.383596,3105.950236,4203.003723,LL,9
ɛː,1,st'ètra,107.6495356,0.06846367435,t,560.0050193,1554.07582,2243.808119,2909.62469,LL,9
t,0,st'ètra,107.720074,0.07261316818,r,435.8351839,1772.792858,2571.998687,3856.901893,LL,9
r,0,st'ètra,107.7962242,0.07968722752,a,477.0570036,1249.175118,2180.470858,3964.273491,LL,9
a,0,st'ètra,107.8500972,0.02805888293,v,563.0614243,1260.194738,2241.740033,2481.780741,LL,9
v,0,vôlta,107.8910632,0.05387305522,oː,324.6749866,987.7412186,2255.481682,3709.461448,LL,9
oː,1,vôlta,107.9498951,0.06379081122,l,546.9173239,1058.164915,2374.791911,3974.156566,LL,9
l,0,vôlta,108.0143388,0.0650966084,t,486.4766568,999.6135863,2755.304556,3011.158997,LL,9
t,0,vôlta,108.1027567,0.1117391187,a,463.3850038,993.8417989,2805.234129,3766.581479,LL,9
a,0,vôlta,108.1922969,0.06734131903,NA,633.5638915,1566.241383,2475.514944,3804.143112,LL,9
k,0,che,108.4539352,0.08754371474,e,401.0005983,1694.442812,2551.133291,3628.199292,LL,9
e,0,che,108.5235213,0.05162834459,t,469.9622052,1628.226704,2286.752901,4101.685982,LL,9
t,0,t,108.5835538,0.06843671806,v,258.5095341,1550.656294,2372.753363,4289.066244,LL,9
v,0,vû,108.6413416,0.04713892332,uː,266.3311562,1318.572971,2416.568693,3985.393341,LL,9
uː,1,vû,108.6918476,0.05387305522,k,476.7184376,982.3790422,2279.488778,3889.802591,LL,9
k,0,cunprèr,108.7634301,0.08929201236,u,592.9164425,763.2749794,2305.374563,3790.092421,LL,9
u,0,cunprèr,108.8445527,0.07295309562,n,471.3950227,731.6315862,2287.338972,3631.331424,LL,9
n,0,cunprèr,108.8978646,0.03367065952,p,664.9844943,2376.020131,2753.687694,4629.00611,LL,9
p,0,cunprèr,108.9487618,0.06812374691,r,347.9158156,1166.784332,2814.71323,3634.116311,LL,9
r,0,cunprèr,109.003026,0.04040479142,ɛː,477.0420632,1280.468992,1648.675764,3679.263117,LL,9
ɛː,1,cunprèr,109.0714897,0.09652255728,r,659.98913,1674.226244,2334.740948,3863.939515,LL,9
r,0,cunprèr,109.137134,0.03476605855,u,445.8011377,1387.482037,1850.804644,3547.304621,LL,9
u,0,una,109.1803447,0.05165530088,n,459.673192,1043.66548,1877.969083,2213.67787,LL,9
n,0,una,109.2359013,0.05945787553,a,389.7744746,1219.687882,2483.645069,NA,LL,9
a,0,una,109.2976174,0.06397425308,s,645.0095704,1344.153402,2278.727741,3810.153853,LL,9
s,0,scrâna,109.3694481,0.07968722752,k,1440.149456,2597.977119,3467.3171,4110.740619,LL,9
k,0,scrâna,109.4628248,0.1070662556,r,747.7613715,1579.818659,3225.328216,3746.973759,LL,9
r,0,scrâna,109.5556404,0.0785648722,aː,569.8826241,1312.001588,1995.911475,3800.676266,LL,9
aː,1,scrâna,109.6661924,0.1425391253,n,896.8573862,1629.126462,2773.9891,4144.621313,LL,9
n,0,scrâna,109.7632761,0.05162834459,a,390.4415991,1332.533281,2499.61508,3345.811787,LL,9
a,0,scrâna,109.8536905,0.1292003908,NA,744.0377562,1547.757288,2727.73086,3891.657649,LL,9
dz,0,gigén,110.2483927,0.06285189776,i,1474.895131,2761.922813,3640.653051,4441.294961,LL,9
i,0,gigén,110.3280799,0.09652255728,dz,352.772381,2219.442288,2718.808699,4014.788384,LL,9
dz,0,gigén,110.4211437,0.08960498351,e,1101.21623,2406.039344,3472.404649,3990.866003,LL,9
e,1,gigén,110.537124,0.1423556206,n,453.9745802,1843.632228,2163.198317,2837.094617,LL,9
n,0,gigén,110.6324324,0.04826127864,k,397.9454507,1807.028016,3235.560758,4118.103547,LL,9
k,0,quatôrg',110.7203674,0.1276085787,w,342.022164,1292.994074,2643.555354,3868.379092,LL,9
w,0,quatôrg',110.8026905,0.03703772547,a,433.0739998,973.5640724,2064.774229,3999.551296,LL,9
a,0,quatôrg',110.84534,0.04826127864,t,642.8510874,1366.575704,2277.11542,3855.809326,LL,9
t,0,quatôrg',110.9278331,0.116724953,oː,580.8899172,1242.286826,3552.716787,4216.864683,LL,9
oː,1,quatôrg',111.1350372,0.2976832176,r,430.5680371,833.4121133,2414.109518,3707.897246,LL,9
r,0,quatôrg',111.3226001,0.07744251689,dz,342.9163274,1213.36497,3069.010166,4031.215219,LL,9
dz,0,quatôrg',111.443801,0.1649592753,NA,1580.822332,2660.797756,3470.456116,4343.791138,LL,9
t,0,t,111.855352,0.0392824361,a,963.3913137,1657.35443,2857.305281,3921.485201,LL,9
a,0,am,111.908011,0.06603552185,m,662.420537,1404.873086,2468.444027,3815.077327,LL,9
m,0,am,111.9876065,0.09315549133,f,818.8365765,2272.769785,2831.653487,4693.044464,LL,9
f,0,fè,112.1099432,0.1515179678,ɛː,1198.204161,1658.509469,2453.458403,3750.715173,LL,9
ɛː,1,fè,112.2391571,0.10690977,u,610.1143905,1656.012356,2279.757405,3686.427532,LL,9
u,0,un,112.3470462,0.1088684658,f,498.6699012,882.2269183,2259.471027,4109.771789,LL,9
f,0,féssti,112.4800453,0.1571297444,e,928.3525905,1728.211321,2575.098175,3731.155435,LL,9
e,1,féssti,112.6086197,0.1000191525,sː,562.414469,1620.101233,2083.673405,2693.086536,LL,9
sː,0,féssti,112.7192365,0.1212143743,t,530.8854742,2158.353018,3045.486856,3588.435215,LL,9
t,0,féssti,112.8427604,0.1258333248,i,560.6270293,2230.681009,3497.620315,4020.177075,LL,9
i,0,féssti,112.9421536,0.07295309562,NA,280.3962885,2243.064131,2518.796428,3339.811112,LL,9
e,0,[E],113.4030747,0.1964121805,k,472.7455766,2007.497486,2317.10211,4137.550416,LL,9
k,0,che,113.5471274,0.09169320857,e,384.3292527,2156.478649,2717.228365,4421.292005,LL,9
e,0,che,113.6187882,0.05162834459,m,469.0125535,1854.312805,2167.69097,3977.469941,LL,9
m,0,mé,113.6841978,0.07919081451,e,288.9884067,1289.364928,2401.098457,4292.300356,LL,9
e,1,mé,113.7787886,0.1099908211,NA,434.8970212,2274.509926,2716.452244,3090.701986,LL,9
a,0,a,114.0669587,0.05724012118,v,784.3659934,1410.537363,2038.459721,3625.27281,LL,9
v,0,vâg,114.1253212,0.05948483181,aː,401.1798992,1274.429443,2250.427265,3681.278079,LL,9
aː,1,vâg,114.1921014,0.07407545093,g,772.3491484,1373.103295,2234.228943,3752.274099,LL,9
g,0,vâg,114.2616739,0.0650695893,i,583.7046216,1470.011321,2239.410573,4152.486519,LL,9
i,0,int,114.3357358,0.08305429347,n,271.60131,2372.455966,2559.980954,3407.257122,LL,9
n,0,int,114.4143007,0.07407545093,t,293.8976873,726.8637837,2565.928827,2922.06023,LL,9
t,0,int,114.507038,0.1113991913,a,321.4826007,1660.717341,3097.392801,3822.807439,LL,9
a,0,al,114.5874294,0.04938363396,l,717.6341472,1446.680582,2287.581376,3984.917656,LL,9
l,0,al,114.6558931,0.08754371474,g,443.5659988,1405.457801,2677.084074,3409.372692,LL,9
g,0,granèr,114.7448721,0.09041436768,r,260.9861799,1548.908397,2249.947053,3825.298083,LL,9
r,0,granèr,114.839463,0.09876726791,a,508.4135233,1386.208068,2045.960119,3919.1939,LL,9
a,0,granèr,114.9381385,0.09858376324,n,632.7134491,1534.611823,2167.855042,3914.105338,LL,9
n,0,granèr,115.0182951,0.06172954244,ɛː,382.9185265,1452.155096,2399.807116,4473.534272,LL,9
ɛː,1,granèr,115.1542431,0.2101664592,r,744.1665621,2100.53479,2635.009093,4304.124521,LL,9
r,0,granèr,115.3059041,0.09315549133,NA,502.5630481,1332.969149,2077.047878,3823.228941,LL,9
e,0,e,115.578426,0.04920006648,a,454.544284,1426.299341,2184.828091,4061.011845,LL,9
a,0,a,115.6356661,0.06528017588,t,550.3862182,1470.425088,2301.997293,4211.374684,LL,9
t,0,tói,115.7457352,0.1548580775,o,483.9633348,955.8196473,2223.756199,3957.48692,LL,9
o,1,tói,115.8635691,0.08080958284,i,437.98119,1158.328468,2255.619273,4104.649356,LL,9
i,0,tói,115.9559934,0.1040390543,ð,311.5020984,2178.71856,2257.598033,4243.000028,LL,9
ð,0,Zå,116.0764766,0.1369273487,ɑ,1583.708916,2696.220069,3686.569965,4425.634933,LL,9
ɑ,1,Zå,116.2362422,0.1826039265,NA,773.2541775,1440.235704,2244.621785,3724.659202,LL,9
u,0,un,116.4806269,0.08754371474,n,320.8431081,732.2753781,3043.326393,3316.155146,LL,9
n,0,un,116.5816389,0.1144802424,b,698.5200499,2277.891461,3213.931248,4765.745693,LL,9
b,0,brótt,116.6796751,0.08159201072,r,228.8180817,827.8630208,2450.088657,3584.876068,LL,9
r,0,brótt,116.7720994,0.1032566892,o,360.8759715,1247.075867,1650.629074,3438.325902,LL,9
o,1,brótt,116.878162,0.1088684658,tː,614.2844567,1207.491133,2501.321705,3713.698066,LL,9
tː,0,brótt,117.002247,0.1393015886,b,357.8516114,1101.046596,2667.786624,3799.84988,LL,9
b,0,banzôl,117.1235261,0.1032566892,a,232.9660945,1014.470321,1350.881149,3151.743638,LL,9
a,0,banzôl,117.2226064,0.09490378895,n,634.2961466,1369.342442,2527.99139,3802.786739,LL,9
n,0,banzôl,117.3183196,0.09652255728,θ,376.8186001,1045.020573,2461.200208,4138.311165,LL,9
θ,0,banzôl,117.4456152,0.1580686579,oː,1143.531718,1933.252755,2913.388763,4032.79829,LL,9
oː,1,banzôl,117.6296545,0.2100099108,l,506.3470722,941.5577137,2725.484974,3651.083457,LL,9
l,0,banzôl,117.7784313,0.08754371474,v,356.9331235,1128.603493,1703.029344,4071.475569,LL,9
v,0,vèc',117.8876909,0.1309756447,ɛː,309.9487733,1213.27709,2371.797586,3648.760734,LL,9
ɛː,1,vèc',118.0893749,0.2723923518,ʦ,616.6546458,1777.02248,2564.863661,3282.177072,LL,9
ʦ,0,vèc',118.2878484,0.1245544839,e,1200.823822,2088.750295,2947.120938,3614.560062,LL,9
e,0,e,118.389408,0.0785648722,s,446.7525856,1764.149276,2347.437829,3135.28147,LL,9
s,0,scalastrè,118.4702176,0.08305429347,k,1802.437244,2889.124177,3521.06763,4340.184427,LL,9
k,0,scalastrè,118.5614414,0.09939321022,a,1126.486949,1849.737929,2986.372959,3967.967144,LL,9
a,0,scalastrè,118.6448086,0.06734131903,l,672.4213199,1440.915184,2237.425901,3732.132358,LL,9
l,0,scalastrè,118.70428,0.05160138831,a,451.7595451,1255.816065,2373.774907,3827.368898,LL,9
a,0,scalastrè,118.762629,0.0650966084,s,633.5084999,1392.033624,2365.550778,3795.466507,LL,9
s,0,scalastrè,118.8585904,0.1268261508,t,1498.894591,2478.060475,3458.767855,4310.942079,LL,9
t,0,scalastrè,118.9527765,0.06154610058,r,896.0678366,1480.614014,2572.23773,3733.861746,LL,9
r,0,scalastrè,119.0153667,0.06363432564,ɛː,545.5195022,1357.050669,2294.769587,3988.549438,LL,9
ɛː,1,scalastrè,119.1515629,0.208758089,NA,617.061802,1711.320667,2221.177152,3056.077578,LL,9
a,0,acsé,119.5042685,0.07632016157,k,751.8010872,1403.00505,2274.60589,3895.88143,LL,9
k,0,acsé,119.581711,0.0785648722,s,295.7948548,1589.849593,2526.040902,3493.637803,LL,9
s,0,acsé,119.6761319,0.110276836,e,1778.122539,2580.536692,3332.480258,4318.043933,LL,9
e,1,acsé,119.7722363,0.08193193815,a,450.7917471,1702.597358,2243.819242,3118.043366,LL,9
a,0,almànc,119.8474341,0.06846367435,l,661.60512,1460.187812,2250.406075,3130.492251,LL,9
l,0,almànc,119.9108471,0.05836247649,m,510.8700379,1221.591904,2263.965486,3753.809619,LL,9
m,0,almànc,119.985392,0.09072733883,a,312.3162547,1075.358029,2193.171037,2499.902209,LL,9
a,1,almànc,120.1255947,0.1896780486,n,815.5153988,1556.789135,2427.462979,3840.984316,LL,9
n,0,almànc,120.2444727,0.04807783678,k,576.3586902,1514.196805,2111.915535,4033.957648,LL,9
k,0,almànc,120.3201265,0.1032297329,NA,1143.07152,1957.197726,2513.211608,3562.605228,LL,9
t,0,tótt,120.5883559,0.04938363396,o,1293.088504,2041.999404,2988.448671,3558.005382,LL,9
o,1,tótt,120.6543267,0.08255788046,tː,486.1135279,1086.10621,2245.993499,3546.622121,LL,9
tː,0,tótt,120.7360104,0.08080958284,k,412.7669714,1124.161669,2477.774884,3908.454932,LL,9
k,0,chi,120.8313189,0.1098073792,i,1162.648658,2247.38807,2950.3602,3012.101376,LL,9
i,0,chi,120.9109144,0.04938363396,g,278.427228,2096.159271,2529.039722,4108.167615,LL,9
g,0,góbbi,120.9785687,0.08592494641,o,285.4684096,1448.118238,2340.080189,3658.584831,LL,9
o,1,góbbi,121.0855054,0.1279485062,bː,553.0676301,1062.453828,2356.119691,3425.19639,LL,9
bː,0,góbbi,121.2164028,0.1338462976,i,419.7518624,1045.95142,2160.770207,3787.510617,LL,9
i,0,góbbi,121.343372,0.1200920189,NA,512.3691658,1458.525669,2231.332741,3460.736096,LL,9
j,0,i,121.5762337,0.06285189776,e,302.5221098,2122.987238,2685.252315,4074.77506,LL,9
e,1,én,121.6576045,0.09988962323,n,488.0351353,1999.199086,2261.820644,3153.507657,LL,9
n,0,én,121.7343941,0.05368961336,p,440.135141,1977.249796,2331.472543,3958.119222,LL,9
p,0,par,121.8179179,0.113357887,a,178.7044221,824.0640788,2288.038739,3493.310533,LL,9
a,0,par,121.9192428,0.08929201236,r,655.6467259,1320.419987,2332.261868,3467.113406,LL,9
r,0,par,122.0042936,0.08080958284,m,576.9369165,1409.811526,2242.122506,2593.230916,LL,9
m,0,mé,122.0984797,0.1075626686,e,330.7508605,879.1262765,2049.34871,2452.381532,LL,9
e,1,mé,122.2392436,0.1739650742,NA,595.9176133,2046.344835,2762.344504,4024.973015,LL,9
d,0,dêzima,0.288937521,0.05361337957,e:,388.4202452,1876.884227,2599.121629,3251.962038,LL,10
eː,1,dêzima,0.3663790692,0.101269717,θ,390.8586249,2087.20051,2605.120608,2922.33782,LL,10
θ,0,dêzima,0.4929662155,0.1519045755,i,1624.87982,2201.283937,3185.250674,4156.956643,LL,10
i,0,dêzima,0.612107059,0.08637711153,m,319.2251449,2037.40133,2611.74567,3594.848776,LL,10
m,0,dêzima,0.6910378678,0.0714845061,a,365.7106873,1085.888191,2386.901986,3435.383065,LL,10
a,0,dêzima,0.7640116344,0.07446302718,l,606.6970824,1420.760747,2546.153459,3558.144702,LL,10
l,0,leziån,0.8201786362,0.03787097632,e,333.1067557,1356.241468,2546.705119,3484.08136,LL,10
e,0,leziån,0.8732402004,0.0682521521,θ,428.9897805,1611.416286,2457.632819,3609.745728,LL,10
θ,0,leziån,0.9585553905,0.1023782282,j,898.9386026,1707.840296,2711.514029,3761.870918,LL,10
j,0,leziån,1.036844624,0.05420023843,ɑ,410.6130712,1999.405535,2132.346613,3242.52325,LL,10
ɑ,1,leziån,1.106100484,0.08431148201,n,638.5961987,1844.295976,2606.983392,2760.390901,LL,10
n,0,leziån,1.219519501,0.1425265529,NA,549.7369548,932.1734014,2183.035395,3495.333761,LL,10
l,0,leziån,1.697266996,0.06693600487,e,373.5001858,2001.232384,3692.318862,4582.382934,RM,10
e,0,leziån,1.77289074,0.08431148201,θ,433.4510597,2139.153813,2281.643474,2996.606544,RM,10
θ,0,leziån,1.881439623,0.1327862855,j,845.8931301,1856.751614,2618.417847,3726.310165,RM,10
j,0,leziån,1.983817851,0.0719701708,ɑ,372.9984299,2061.702811,2440.200398,2968.063517,RM,10
ɑ,1,leziån,2.08619608,0.1327862855,n,1032.254199,1650.679184,1813.324563,2895.12353,RM,10
n,0,leziån,2.218685551,0.1321926579,NA,510.0864741,863.7011002,2046.578456,3430.237042,RM,10
n,0,nómmer,2.635634501,0.1746452127,o,339.0887232,2147.678817,3107.993262,3908.13344,RM,10
o,1,nómmer,2.767778339,0.08964246172,m:,469.4877635,1049.511834,2667.561924,3444.61167,RM,10
mː,0,nómmer,2.889309037,0.1534189353,e,316.7187655,866.435188,2102.509057,2999.943756,RM,10
e,0,nómmer,3.030255824,0.1284746392,r,479.3693472,2111.826103,2825.112897,3461.785663,RM,10
r,0,nómmer,3.14467855,0.1003708119,NA,464.6006671,1708.925329,2700.489957,3088.558293,RM,10
d,0,dîS,3.450512713,0.06222990339,i:,303.5348126,1953.893338,2495.021888,3025.870606,RM,10
iː,1,dîS,3.584005892,0.2047564563,z,299.0561441,1022.678499,2865.948351,3475.523993,RM,10
z,0,dîS,3.789766057,0.2067638725,NA,1636.872893,2138.913028,3620.124987,4313.885191,RM,10
d,0,dèt,4.858959307,0.09599277488,ɛ:,223.7693522,910.9049068,2594.711327,3794.682724,LL,10
ɛː,1,dèt,4.941081771,0.0682521521,t,504.8614069,1648.43889,2478.410585,3372.418738,LL,10
t,0,dèt,5.025393253,0.1003708119,i,459.9230749,1723.229718,2666.481178,3520.986753,LL,10
i,0,i,5.104686194,0.05821507091,n,313.2357255,2013.729756,2449.822351,3296.683231,LL,10
n,0,nómmer?,5.167919806,0.0682521521,o,321.9832168,1873.581936,2330.303185,3548.121937,LL,10
o,1,nómmer?,5.264275785,0.1244598068,m:,537.0124395,1074.794486,2614.613782,3461.317316,LL,10
mː,0,nómmer?,5.381709635,0.1104078931,e,268.0022008,1183.561818,2326.483734,3037.53653,LL,10
e,0,nómmer?,5.495128653,0.1164301418,r,472.6601216,1482.436537,2379.234879,3532.151759,LL,10
r,0,nómmer?,5.604532837,0.1023782282,NA,393.3486722,1326.32857,2098.8228,3752.598199,LL,10
a,0,al,7.962682596,0.07670752295,l,805.1107052,1355.042719,2483.090636,3260.134497,LL,10
l,0,al,8.043192098,0.08431148201,s,569.6841756,1308.463471,2447.470112,3832.800259,LL,10
s,0,sèt,8.185718651,0.2007416238,ɛ:,1600.522528,2363.567947,2745.309194,3858.571976,LL,10
ɛː,1,sèt,8.399508481,0.2268380349,t,537.165406,1849.604262,2386.611126,4171.239338,LL,10
t,0,sèt,8.564116612,0.1023782282,k,494.8314094,1658.789694,2452.806754,3967.597988,LL,10
k,0,ch'ali,8.669785208,0.1089589643,a,1472.214476,2224.690518,2744.751982,3744.416926,LL,10
a,0,ch'ali,8.769431556,0.09033373072,l,465.2984302,1829.610925,2324.455804,3763.6285,LL,10
l,0,ch'ali,8.862776411,0.09635597944,i,360.5055938,1818.248422,2475.705838,3765.406868,LL,10
i,0,ch'ali,8.97017318,0.1184375581,ɔ:,277.6550835,1941.253532,2385.854957,3719.803849,LL,10
ɔː,1,òt,9.237159539,0.4155351613,t,521.8228263,889.0268705,2562.454779,3608.003543,LL,10
t,0,òt,9.463997574,0.03814090853,a,917.1582452,1887.688344,2699.247956,3754.165386,LL,10
a,0,al,9.504885989,0.04363592046,l,555.9101942,1328.562078,2364.660045,3833.791243,LL,10
l,0,al,9.55280036,0.05219282219,m,442.5065862,1202.834317,2478.631464,3832.147083,LL,10
m,0,màsster,9.637111842,0.1164301418,a,286.7266342,1044.571283,2385.444703,2733.178762,LL,10
a,1,màsster,9.744393399,0.09813297267,s,830.3534245,1307.179151,2134.182688,3375.2693,LL,10
s,0,màsster,9.8186678,0.05041582896,t,1440.232574,2074.206257,2477.603578,3591.491932,LL,10
t,0,màsster,9.894949617,0.1021478051,e,1448.490771,2597.016077,3695.926994,4697.847995,LL,10
e,0,màsster,9.990301889,0.08855673748,r,457.2995357,1666.77452,2396.061277,3602.957162,LL,10
r,0,màsster,10.0887805,0.1084004769,n,381.1610219,1340.037855,2284.188339,3462.019507,LL,10
n,0,nôv,10.18615581,0.08635014892,o:,326.3058603,987.2343638,2490.145985,2830.612678,LL,10
oː,1,nôv,10.36618082,0.2736998774,v,465.0191894,784.5828332,2492.862355,3230.610052,LL,10
v,0,nôv,10.53013088,0.05420023843,a,289.4242796,927.8483785,2357.45377,3272.452216,LL,10
a,0,al,10.61143124,0.1084004769,l,570.441222,1259.623004,2535.478428,3672.887447,LL,10
l,0,al,10.69975755,0.0682521521,d,285.7709533,1257.719396,2513.484487,3675.808601,LL,10
d,0,dîS,10.7920987,0.1164301418,i:,244.7886516,1394.763686,2560.103731,3903.641259,LL,10
iː,1,dîS,10.95771054,0.2147935375,z,302.5315556,2370.87778,2522.7573,3557.870651,LL,10
z,0,dîS,11.11830384,0.1063930606,k,1842.320644,2235.195381,2904.349286,3631.532193,LL,10
k,0,ch'äli,11.19085007,0.03869939598,æ,719.5906714,2084.601457,2290.42894,3428.472223,LL,10
æ,1,ch'äli,11.25536663,0.09033373072,l,426.537806,1918.966544,2460.841384,3656.263826,LL,10
l,0,ch'äli,11.34670407,0.09234114696,i,263.5084245,1913.188324,2766.868475,3702.316032,LL,10
i,0,ch'äli,11.42298589,0.06022248715,o,288.6772998,1957.639378,2479.84465,3428.488132,LL,10
o,1,ónng',11.50428624,0.1023782282,n:,499.6908099,1169.78306,2520.288958,3481.723198,LL,10
nː,0,ónng',11.59261256,0.07427440082,g,486.4932849,1219.139172,2605.413019,3023.432305,LL,10
g,0,ónng',11.65885729,0.05821507091,d,287.6482811,1777.082318,3032.917996,3583.709878,LL,10
d,0,di,11.74195027,0.1079708815,i,220.0937496,1655.541267,3251.21671,4064.620194,LL,10
i,0,di,11.90433619,0.2168009537,p,229.387005,2194.526036,2509.183819,3648.417948,LL,10
p,0,pî,12.03080341,0.03613349229,i:,660.4964358,1899.034279,2505.908211,3641.346044,LL,10
iː,1,pî,12.13318164,0.168622964,i,318.1408082,2377.055012,2697.458913,3680.797512,LL,10
i,0,i,12.25964886,0.08431148201,e,292.7849317,2312.266481,3166.971654,3724.222144,LL,10
e,1,én,12.33593068,0.0682521521,n,417.6216018,2153.382471,2772.416752,3647.034319,LL,10
n,0,én,12.45737936,0.1746452127,d,323.7921416,898.8174196,2456.89761,2712.623416,LL,10
d,0,dågg'?,12.56207744,0.03475095428,ɑ,384.3212074,1455.222544,2033.171846,3337.505476,LL,10
ɑ,1,dågg'?,12.65573474,0.1525636341,dz:,762.8023084,1481.714514,2186.884262,3880.89935,LL,10
dzː,0,dågg'?,12.86017876,0.2563244003,NA,1861.029508,2916.059052,3403.257588,3994.992907,LL,10
f,0,fòra,14.39729457,0.1298937305,ɔ:,1123.59142,1851.579152,2668.259756,3583.636063,LL,10
ɔː,1,fòra,14.56261224,0.2007416238,r,576.6541137,980.1531879,2512.950778,3274.151989,LL,10
r,0,fòra,14.69811284,0.07025956834,a,557.139339,1172.566342,1967.133176,3613.900158,LL,10
a,0,fòra,14.76837241,0.07025956834,m,588.6726364,1183.135675,2114.984608,3331.148925,LL,10
m,0,mèrz,14.83060231,0.05420023843,ɛ:,304.0971025,1079.940314,2270.090731,2705.968208,LL,10
ɛː,1,mèrz,14.92495087,0.134496888,r,578.55551,1653.369802,2360.199892,3263.675256,LL,10
r,0,mèrz,15.0142809,0.04416315724,θ,540.5705993,1369.646896,2358.588615,3818.432601,LL,10
θ,0,mèrz,15.11129495,0.1498649489,NA,1498.829955,2327.340951,3723.681017,NA,LL,10
k,0,ch'a,15.47970465,0.04896690017,a,484.6203657,1671.616278,2151.063881,3371.338406,LL,10
a,0,ch'a,15.52727339,0.04617057348,s,547.416155,1452.350625,2131.419007,3785.873234,LL,10
s,0,sän,15.5857677,0.07081805579,æ,1467.016528,2328.180384,3126.891873,4022.580137,LL,10
æ,1,sän,15.68039551,0.1184375581,n,754.8015473,1484.073226,2222.616578,3368.91715,LL,10
n,0,sän,15.80485532,0.1304820555,d,286.9088017,1159.600216,2422.03923,2539.280352,LL,10
d,0,d,15.88859074,0.03698879352,a,556.6613104,1338.814389,2432.404202,3539.195908,LL,10
a,0,avréll!,15.93418526,0.05420023843,v,542.8056107,1153.734614,2352.463309,3426.747353,LL,10
v,0,avréll!,15.98537437,0.04817798972,r,537.529031,1124.469848,2148.84147,3335.43429,LL,10
r,0,avréll!,16.03656348,0.05420023843,e,539.5401905,1488.378749,2289.557934,3880.676263,LL,10
e,1,avréll!,16.10883047,0.09033373072,l:,524.9293324,1664.089681,2432.511721,3511.060375,LL,10
lː,0,avréll!,16.2112087,0.1144227256,NA,307.8001373,1442.505013,2525.777575,3605.77956,LL,10
ai,0,ai,18.0631283,0.1746452127,ɔ:,445.0774735,2015.24247,2815.159994,3147.623967,LL,10
ɔː,1,ò,18.22271789,0.1445339692,NA,615.8801085,1056.587672,2616.997828,3436.474093,LL,10
t,0,tränt',18.52284225,0.05021665663,r,579.189658,1324.485082,2340.24314,3685.05197,LL,10
r,0,tränt',18.56400991,0.03211865981,æ,572.4356285,1255.678213,2026.63088,3606.679479,LL,10
æ,1,tränt',18.6131916,0.06624473586,n,742.740672,1385.90373,2115.329033,3608.173674,LL,10
n,0,tränt',18.68343555,0.07424315014,t,503.4265526,914.6221398,2346.419497,2861.452547,LL,10
t,0,tränt',18.78816682,0.1352194076,a:,491.0077544,1625.534653,3197.365067,4291.79724,LL,10
aː,1,ân,18.91700272,0.1224523905,n,769.0728474,1217.046173,2146.532603,3710.66279,LL,10
n,0,ân,19.05350703,0.1505562179,e,765.6523025,1389.951648,2711.518595,3980.384764,LL,10
e,0,e,19.18398908,0.1104078931,z,454.5465158,1597.57798,2233.536954,3096.643008,LL,10
z,0,SbléSSga,19.32238559,0.1663851248,b,193.1149303,1687.050265,2177.336277,3311.342312,LL,10
b,0,SbléSSga,19.4487376,0.08631889824,l,378.3437803,1233.887578,2313.394597,3527.350611,LL,10
l,0,SbléSSga,19.50163732,0.01948053483,e,474.0550192,1455.830575,2567.933533,3562.630519,LL,10
e,1,SbléSSga,19.56959266,0.1164301418,z:,472.181529,1600.432024,2334.191947,3016.771789,LL,10
zː,0,SbléSSga,19.72215629,0.1886971264,g,1338.712658,2343.644855,3244.530609,4112.183194,LL,10
g,0,SbléSSga,19.87672734,0.1204449743,a,264.581784,1448.122836,2325.501148,4165.460941,LL,10
a,0,SbléSSga,20.01242517,0.1509506731,NA,484.3272134,1521.370733,2153.421486,4005.724716,LL,10
s,0,sänper,21.72769401,0.1110327713,æ,1435.372762,2580.183844,3367.318303,3524.635487,LL,10
æ,1,sänper,21.81934389,0.07226698458,n,722.1770223,1468.714198,2623.348862,3901.150705,LL,10
n,0,sänper,21.94581111,0.1806674614,p,495.5845228,764.9606094,2206.218707,3121.091462,LL,10
p,0,sänper,22.06926721,0.06624473586,e,640.159033,1250.427941,2752.619852,4010.279647,LL,10
e,0,sänper,22.1304934,0.05620765467,r,482.5035697,1564.859116,2302.165393,3613.861003,LL,10
r,0,sänper,22.17867139,0.04014832476,t,424.7474859,1270.204611,2159.748251,3784.960749,LL,10
t,0,tränta,22.26202799,0.1265648645,r,430.0001393,1395.305147,2161.563292,3499.681264,LL,10
r,0,tränta,22.35441795,0.05821507091,æ,496.3775512,1291.495564,2136.61952,3910.312476,LL,10
æ,1,tränta,22.41865527,0.07025956834,n,744.1035927,1490.940308,2650.623261,3967.872784,LL,10
n,0,tränta,22.56519666,0.2228232024,t,363.5504446,875.0150202,2297.703494,3008.59883,LL,10
t,0,tränta,22.69066017,0.02810382734,a,613.3086799,1608.780674,2553.236177,3607.318754,LL,10
a,0,tränta,22.71675659,0.02408899486,i,407.3153847,1767.017237,2388.865795,3535.144386,LL,10
i,0,i,22.7559012,0.05420023843,d,348.3751607,1999.115838,2525.848688,3691.591684,LL,10
d,0,dé,22.83920898,0.1124153093,e,229.7738142,1539.75272,2433.727341,3775.89244,LL,10
e,1,dé,22.91950563,0.04817798972,e,417.1851769,1845.765882,2524.791814,3716.95705,LL,10
e,0,ed,22.96969103,0.05219282219,d,370.1378558,1674.779323,2538.088987,3737.100008,LL,10
d,0,ed,23.06203218,0.1324894717,n,228.5682086,1252.119319,2470.971917,3779.988516,LL,10
n,0,nuvàmmber,23.16928054,0.08200725199,u,285.1856851,952.7826224,2345.950617,3051.38888,LL,10
u,0,nuvàmmber,23.24039541,0.06022248715,v,352.7126727,922.3944959,2553.868255,3433.284437,LL,10
v,0,nuvàmmber,23.29058082,0.04014832476,a,367.5718515,1063.88936,2294.468052,3479.247567,LL,10
a,1,nuvàmmber,23.36184409,0.1023782282,m:,806.6444128,1279.108186,2457.570735,3800.79677,LL,10
mː,0,nuvàmmber,23.50437064,0.1826748777,b,261.9258815,1226.667844,2333.291878,3310.62429,LL,10
b,0,nuvàmmber,23.63192359,0.0724310168,e,197.0263681,1220.38838,2399.67424,3707.346454,LL,10
e,0,nuvàmmber,23.71330597,0.09033373072,r,505.2289436,1535.969325,2539.4548,3684.184087,LL,10
r,0,nuvàmmber,23.79661374,0.07628181705,NA,430.8967648,1512.44899,2379.927586,2438.740654,LL,10
k,0,quî,24.32938358,0.06624473586,w,702.6441016,1218.34073,2284.522925,3762.034838,LL,10
w,0,quî,24.40064686,0.07628181705,i:,283.2082984,1806.379491,2292.697392,3441.237704,LL,10
iː,1,quî,24.47391755,0.07025956834,d,221.5811768,2034.974251,2642.696502,3562.182901,LL,10
d,0,d,24.52989478,0.041694895,a,461.8690174,1524.540897,2633.011916,3666.917031,LL,10
a,0,avréll,24.58787943,0.07427440082,v,587.7253509,1326.892442,2534.81906,3554.808488,LL,10
v,0,avréll,24.66315754,0.07628181705,r,421.1033371,1135.178329,2352.970362,3574.769062,LL,10
r,0,avréll,24.72940227,0.05620765467,e,426.1453049,1391.835836,2416.731975,2668.304311,LL,10
e,1,avréll,24.81772859,0.1204449743,l:,462.0968153,1712.592532,2510.817117,3639.3185,LL,10
lː,0,avréll,24.93840398,0.1209058203,NA,313.3391841,1571.097333,2841.577678,4183.987465,LL,10
ð,0,Zóggn,25.24408974,0.1365043042,o,1315.832431,2338.143456,3476.740642,4015.89173,LL,10
o,1,Zóggn,25.37156067,0.1184375581,ɲ,526.7509288,1121.428112,2517.511112,3441.823119,LL,10
ɲ,0,Zóggn,25.56621366,0.2708684106,e,443.3876111,1968.971117,3249.30674,3673.617491,LL,10
e,0,e,25.73434258,0.06538943463,s,455.1012484,1770.202419,2517.803619,3415.917519,LL,10
s,0,setàmmber,25.80333482,0.07259504903,e,1497.874713,2419.321382,3429.932601,3918.020698,LL,10
e,0,setàmmber,25.91189933,0.1445339692,t,351.5458984,1581.68063,2454.05935,3535.258023,LL,10
t,0,setàmmber,25.99420339,0.02007416238,a,581.4069086,1508.755847,2566.996608,3851.26238,LL,10
a,1,setàmmber,26.04948936,0.09049776295,m:,737.9732885,1387.646583,2415.977621,3836.771807,LL,10
mː,0,setàmmber,26.19009051,0.1907045426,b,258.0722199,1275.162816,2396.506678,2645.135084,LL,10
b,0,setàmmber,26.30350953,0.03613349229,e,479.9019651,1540.079581,2523.77682,3736.257141,LL,10
e,0,setàmmber,26.33362077,0.02408899486,r,503.7967086,1534.020015,2512.824222,3728.007953,LL,10
r,0,setàmmber,26.38179876,0.07226698458,NA,506.8165136,1754.178732,2570.462694,4134.485241,LL,10
i,0,i,27.13005341,0.1063930606,v,340.1484765,2312.994803,2572.87988,3937.594013,LL,10
v,0,ventiòt,27.22239455,0.07828923329,e,255.5936295,1273.225513,2387.992659,3646.880955,LL,10
e,0,ventiòt,27.29968008,0.07628181705,n,480.8283516,1828.832542,2648.70689,3773.478115,LL,10
n,0,ventiòt,27.44421405,0.2127861213,t,294.8911035,1077.312009,2397.550666,3792.339021,LL,10
t,0,ventiòt,27.58469999,0.06818576132,i,1719.975781,2658.748814,3386.484928,4108.124046,LL,10
i,0,ventiòt,27.63886703,0.04014832476,ɔ:,334.9671779,1908.740852,2392.425048,3582.563772,LL,10
ɔː,1,ventiòt,27.79243437,0.2669863597,t,517.2493313,908.4623231,2689.976578,3402.6283,LL,10
t,0,ventiòt,27.96206105,0.07226698458,d,530.0395871,1389.22034,2964.824119,3591.927169,LL,10
d,0,d,28.05038736,0.1043856444,f,298.639585,1697.31643,2402.89151,3729.732922,LL,10
f,0,febrèr,28.17288857,0.1406167781,e,1056.252714,1615.101396,2577.076437,3545.072912,LL,10
e,0,febrèr,28.29840091,0.1104078931,b,452.5719801,1530.597939,2452.799622,3508.922533,LL,10
b,0,febrèr,28.39877172,0.09033373072,r,489.2514886,1305.89095,2307.343202,3550.122621,LL,10
r,0,febrèr,28.46401275,0.04014832476,ɛ:,567.3476712,1290.930212,2144.737629,3774.141003,LL,10
ɛː,1,febrèr,28.57642806,0.1846822939,r,578.0453786,1789.40284,2548.364644,3637.793262,LL,10
r,0,febrèr,28.70189157,0.06624473586,s,516.1796242,1355.198228,2175.340635,4005.170663,LL,10
s,0,sutîl,28.82616978,0.1823116731,u,1362.667485,2259.843751,3199.857913,3662.555486,LL,10
u,0,sutîl,28.96249248,0.09033373072,t,296.621356,1011.419499,2516.001421,3227.689213,LL,10
t,0,sutîl,29.0769152,0.1385117204,i:,198.3020817,2384.030644,3274.036565,3813.971046,LL,10
iː,1,sutîl,29.3124898,0.332637468,l,260.6025402,2325.679242,2769.66523,3448.380198,LL,10
l,0,sutîl,29.52527592,0.09293477451,NA,257.7877884,1482.875192,2483.165477,3248.262243,LL,10
i,0,i,30.09937939,0.08486996946,e,275.1206909,2200.93433,3291.146441,3707.05796,LL,10
e,1,én,30.16733473,0.05104070719,ŋ:,323.6741407,2331.443819,2886.998548,3392.024011,LL,10
ŋː,0,én,30.24002937,0.0943485632,v,300.3782909,797.177815,2453.333194,2973.026975,LL,10
v,0,ventnôv,30.31631118,0.05821507091,e,219.2946301,1280.040922,2504.38717,3496.578439,LL,10
e,0,ventnôv,30.3655749,0.04031235699,n,424.1460537,1942.911327,2414.535747,3594.358206,LL,10
n,0,ventnôv,30.4379239,0.1043856444,t,324.9467025,1105.883577,2409.181616,3589.272014,LL,10
t,0,ventnôv,30.55234662,0.1244598068,n,256.5908814,1907.925996,2519.71983,3563.751831,LL,10
n,0,ventnôv,30.65271744,0.07628181705,o:,326.4697198,1121.56693,2376.807324,2936.683999,LL,10
oː,1,ventnôv,30.79874915,0.2157816203,v,462.2840123,857.3226301,2542.329991,3331.673984,LL,10
v,0,ventnôv,30.96776657,0.1222532182,k,1062.870818,1687.070439,2538.450754,3555.213479,LL,10
k,0,col,31.04194139,0.0260964111,o,793.9022853,1103.489673,2182.720711,3800.330323,LL,10
o,0,col,31.08409713,0.05821507091,l,501.023685,1010.503898,2556.568583,3411.615817,LL,10
l,0,col,31.13327883,0.04014832476,b,290.4069724,1151.019372,2320.125008,3626.205708,LL,10
b,0,biSestîl,31.18747907,0.0682521521,i,218.3144798,1026.416908,2245.846633,3503.932195,LL,10
i,0,biSestîl,31.25472751,0.06624473586,z,294.5345228,1914.593523,2421.712542,3446.349661,LL,10
z,0,biSestîl,31.31695741,0.05821507091,e,1910.557278,2785.560129,3546.517378,4382.757625,LL,10
e,0,biSestîl,31.3771799,0.06222990339,s,393.530313,1791.809712,2494.370724,3781.846682,LL,10
s,0,biSestîl,31.43639868,0.05620765467,t,1706.139103,2733.924158,3324.701804,4218.919853,LL,10
t,0,biSestîl,31.51569162,0.1023782282,i:,1442.710812,2603.267705,3280.933673,3726.790616,LL,10
iː,1,biSestîl,31.69234425,0.2509270298,l,289.2024925,2345.904193,2526.843049,3678.663141,LL,10
l,0,biSestîl,31.85394126,0.07226698458,NA,252.5588952,1461.530679,2573.255201,3868.209543,LL,10
i,0,i,32.58909693,0.1063930606,s,271.4713032,2255.793359,2668.086816,3416.182002,LL,10
s,0,sèt,32.70653078,0.1284746392,ɛ:,1566.206282,2517.754645,3484.119216,3895.133717,LL,10
ɛː,1,sèt,32.86310925,0.1846822939,t,573.7911348,1802.023536,2372.008946,3501.108934,LL,10
t,0,sèt,33.01466917,0.1184375581,k,982.6267861,2082.431262,3043.558706,3644.070558,LL,10
k,0,ch'i,33.1050029,0.06222990339,i,1370.12704,2796.609085,3258.14324,3712.469458,LL,10
i,0,ch'i,33.15719573,0.042155741,a,318.2066131,2140.321969,2849.049626,3631.528092,LL,10
a,0,avànzen,33.21039226,0.06423731962,v,497.4056133,1861.583243,2572.289708,3680.4265,LL,10
v,0,avànzen,33.26961104,0.05420023843,a,532.286869,1326.930045,2152.002451,3464.029923,LL,10
a,1,avànzen,33.36195218,0.1304820555,n,807.3424775,1580.152277,2381.479446,3746.31365,LL,10
n,0,avànzen,33.47737862,0.1003708119,θ,464.9011021,1034.409199,2288.107884,2746.900798,LL,10
θ,0,avànzen,33.63068234,0.2062366358,e,728.0355411,1841.861401,2503.152819,3588.349238,LL,10
e,0,avànzen,33.76835438,0.06910745333,n,432.8557358,1667.219857,2257.264327,4094.426833,LL,10
n,0,avànzen,33.83459912,0.06338201839,i,465.0492929,1715.742374,2159.993041,4291.048128,LL,10
i,0,i,33.90184756,0.07111486957,e,410.3373507,2261.177791,3095.412802,4143.936695,LL,10
e,1,én,33.96914483,0.06347965984,ŋ:,398.5275158,2162.622944,2180.633567,3364.191037,LL,10
ŋː,0,én,34.09919923,0.1966291499,p,387.0795442,1042.357133,2299.081359,3450.360479,LL,10
p,0,prezîS:,34.21679712,0.03856661443,r,513.5884476,1265.636325,2160.936193,3720.505557,LL,10
r,0,prezîS:,34.25515088,0.03814090853,e,403.8299374,1374.768684,2277.29262,3392.113402,LL,10
e,0,prezîS:,34.30533628,0.06222990339,θ,386.1699429,1587.25113,2263.919814,3229.679501,LL,10
θ,0,prezîS:,34.38864406,0.1043856444,i:,1480.278604,1845.280728,3177.309039,4183.884727,LL,10
iː,1,prezîS:,34.57834489,0.2750160246,z,270.9153908,2312.242459,2623.817065,3653.65374,LL,10
z,0,prezîS:,34.78310135,0.134496888,NA,1620.425239,2391.643242,3300.653007,4016.521949,LL,10
t,0,träntón,35.50896198,0.042155741,r,937.4970802,1624.045961,2663.640303,3471.322566,LL,10
r,0,träntón,35.55011401,0.04014832476,æ,654.0934686,1281.580566,2188.226772,4116.73026,LL,10
æ,1,träntón,35.60431425,0.0682521521,n,651.0975673,1423.001771,2212.01683,2508.432676,LL,10
n,0,träntón,35.69264056,0.1084004769,t,574.9169888,1108.02382,2284.984989,3194.452018,LL,10
t,0,träntón,35.78035762,0.06703364632,o,437.0862201,1343.270264,2393.78126,3742.78707,LL,10
o,1,träntón,35.84800052,0.0682521521,n,567.3205023,1131.989781,2402.504575,3410.984667,LL,10
n,0,träntón,35.93030459,0.09635597944,d,423.1913581,792.48685,2359.382376,3275.437353,LL,10
d,0,dé,36.01260865,0.0682521521,e,243.7793652,1249.284928,2600.713448,3906.304732,LL,10
e,1,dé,36.12610969,0.158749915,NA,436.5491101,1839.193784,2553.19493,3354.874591,LL,10
p,0,par,36.47409959,0.042155741,a,599.0393249,1408.63076,2595.354908,3400.474308,LL,10
a,0,par,36.51424792,0.03814090853,r,622.1127307,1209.872289,2469.987814,3394.112294,LL,10
r,0,par,36.56041849,0.05420023843,t,463.0972312,1246.01001,2158.762752,3714.480555,LL,10
t,0,tótt,36.64721386,0.1193905007,o,437.4565144,1229.557158,2577.678497,3600.488011,LL,10
o,1,tótt,36.73802406,0.06222990339,t:,451.3547654,1146.866503,2427.206993,3407.282341,LL,10
tː,0,tótt,36.80828363,0.07828923329,i,398.4070004,1146.793791,2830.081678,3462.593815,LL,10
i,0,i,36.87553207,0.05620765467,m,334.4929815,2042.997174,2551.254775,3542.330792,LL,10
m,0,mîS!,36.94478793,0.08230406577,i:,298.7932305,1173.600432,2329.399014,3803.361081,LL,10
iː,1,mîS!,37.1013664,0.2308528674,z,289.4051386,2386.282854,2408.559361,3471.682903,LL,10
z,0,mîS!,37.29307465,0.1525636341,NA,1567.340654,2398.348252,3371.675026,3985.834391,LL,10
k,0,qualla,0.269701015,0.077578711,w,606.9242087,1298.993375,3226.078461,3696.575936,LL,11
w,0,qualla,0.3382850924,0.059589444,a,566.3936307,998.4197227,2175.186112,3129.937916,LL,11
a,1,qualla,0.4108043218,0.085449014,lː,719.590815,1245.23144,2806.645189,3275.787657,LL,11
lː,0,qualla,0.5198642481,0.1326708382,a,433.4485799,1231.001826,2480.794144,3305.86092,LL,11
a,0,qualla,0.686827125,0.2012549156,d,730.2302494,1385.569312,2554.186563,3475.455071,LL,11
d,0,däli,0.8481547905,0.1214004151,æ,417.0679666,1514.469192,2495.68156,3920.657843,LL,11
æ,1,däli,0.9616065372,0.1055030784,l,495.8105272,1835.361679,2444.031868,3241.905483,LL,11
l,0,däli,1.128307162,0.2278981716,j,282.3043024,1798.052587,2595.922588,3495.446547,LL,11
j,0,däli,1.266991489,0.049470482,o,376.7530037,1776.913095,2465.306379,3562.643876,LL,11
o,1,ónng',1.341197212,0.098940964,nː,499.33035,1120.133892,2343.411794,3376.388479,LL,11
nː,0,ónng',1.447276013,0.1132166376,dz,377.2015026,1208.818648,2373.660491,3139.597944,LL,11
dz,0,ónng',1.599360378,0.1909520929,l,1874.238798,2994.929055,3549.509633,4705.943802,LL,11
l,0,leziån,1.728566299,0.067459748,e,350.1239881,1409.723664,2698.026378,3803.587178,LL,11
e,0,leziån,1.796588212,0.068584077,θ,508.5362079,1642.235979,2390.930578,3770.449708,LL,11
θ,0,leziån,1.893750752,0.1257410029,j,1024.982241,1902.995261,2794.854974,3769.28402,LL,11
j,0,leziån,1.999018675,0.084794844,ɑ,410.0897732,1970.564277,2559.299869,3542.560073,LL,11
ɑ,1,leziån,2.092402789,0.1019733843,n,632.4395621,1668.370845,2292.377813,3706.400028,LL,11
n,0,leziån,2.187800482,0.088822002,NA,466.2327603,973.8453557,2113.362273,3377.976464,LL,11
l,0,leziån,2.766239237,0.09107066,e,310.64808,1804.225679,2562.699133,3598.234545,RM,11
e,0,leziån,2.848877429,0.074205723,θ,422.3648297,1919.111194,2252.332485,3033.160158,RM,11
θ,0,leziån,2.971991469,0.1720223581,j,1075.505121,1711.485555,2899.641354,3773.751034,RM,11
j,0,leziån,3.077678408,0.03935151982,ɑ,357.9660013,2057.910256,2574.036551,3134.372445,RM,11
ɑ,1,leziån,3.175559858,0.1564113792,n,1148.5413,1451.700763,1747.77691,2901.755032,RM,11
n,0,leziån,3.317852308,0.1281735217,NA,542.6897247,1352.302567,2654.289442,3666.144845,RM,11
n,0,nómmr,3.772013491,0.1345788912,o,290.5079828,950.012657,2171.47878,3034.520747,RM,11
o,1,nómmr,3.883151773,0.087697673,mː,655.6392357,1118.30165,3046.720077,3757.5907,RM,11
mː,0,nómmr,3.983217066,0.1124329138,r,399.3468116,2089.377632,3227.005999,4359.899168,RM,11
r,0,nómmr,4.116436492,0.1540059381,o,839.0609495,1473.490818,3076.95595,3404.654426,RM,11
o,1,ónng',4.256401892,0.125924863,nː,577.5900466,1085.429126,2821.178445,3348.004772,RM,11
nː,0,ónng',4.390667294,0.14260594,dz,510.7169665,2130.452699,2168.198935,3370.093113,RM,11
dz,0,ónng',4.601216794,0.2784930589,NA,1372.872172,2623.012662,2929.654865,3557.544362,RM,11
k,0,che,6.172014625,0.087697673,e,1224.5738,2284.4825,2345.370857,3951.34702,LL,11
e,0,che,6.352469452,0.2732119805,r,504.999295,1854.833777,2334.818464,3144.215755,LL,11
r,0,eròe,6.555973026,0.1337951674,ɔː,561.9362312,1237.95183,1978.92138,3757.965856,LL,11
ɔː,1,eròe,6.75656027,0.26737932,e,595.2758151,934.0943829,2478.074438,3167.202648,LL,11
e,0,eròe,6.970077299,0.1596547376,NA,499.9707461,1620.012347,2392.941095,3386.69928,LL,11
m,0,mé,8.920230783,0.096692306,e,299.0664954,1202.940209,2416.563069,2601.156071,LL,11
e,1,mé,9.107431585,0.277709297,NA,444.6673803,2155.688033,2740.149659,3873.794764,LL,11
a,0,a,9.486303388,0.037102862,s,693.1196244,1555.259467,2325.920103,3334.338375,LL,11
s,0,sån,9.556011795,0.1023139515,ɑ,1466.062875,2393.35572,3672.216705,4181.385449,LL,11
ɑ,1,sån,9.644493192,0.074648842,n,708.1059303,1555.873686,2607.660641,3111.724994,LL,11
n,0,sån,9.705428524,0.047221824,o,583.3194733,1583.175498,2289.836815,3921.311992,LL,11
o,1,ón,9.785255893,0.1124329138,n,533.1097938,1130.943387,2340.381424,4267.320567,LL,11
n,0,ón,9.863958933,0.044973166,k,370.1147482,873.5692925,2328.254833,4328.095414,LL,11
k,0,ch'a,9.928437536,0.083984042,a,1332.251137,1549.366009,2589.457635,3815.042919,LL,11
a,0,ch'a,9.993478305,0.046097495,v,486.4671771,1379.291047,2102.383537,3144.475394,LL,11
v,0,vói,10.05233528,0.07161646,o,340.2345534,999.9456866,2228.334656,3290.910614,LL,11
o,1,vói,10.11400308,0.05171914,i,440.2433348,1110.671873,2321.19278,3293.892885,LL,11
i,0,vói,10.17021954,0.060713773,b,315.3670308,1936.092472,2284.062639,3566.4894,LL,11
b,0,bän,10.26883346,0.13651406,æ,217.6738273,1113.575526,2224.376693,3815.556306,LL,11
æ,1,bän,10.39650963,0.1188382833,n,760.5785867,1558.163361,2514.83928,3725.281421,LL,11
n,0,bän,10.48066401,0.049470482,a,472.8850794,665.5929241,2354.787437,2440.734379,LL,11
a,0,a,10.53663179,0.062465082,t,631.6204571,1479.744861,2429.275675,3793.128644,LL,11
t,0,tótt,10.62857811,0.1214275469,o,500.9665967,1365.13318,2424.760168,3728.172865,LL,11
o,1,tótt,10.73932453,0.1000652933,tː,522.7648798,1075.532419,2609.838399,3399.624294,LL,11
tː,0,tótt,10.87270072,0.1666870862,NA,1132.355355,2186.362459,3209.899444,3739.846742,LL,11
p,0,però,11.49757607,0.03822719068,e,432.3753528,1575.046496,2478.735163,3298.512371,LL,11
e,0,però,11.56391149,0.094443648,r,509.5064374,1556.355244,2332.545119,4153.266712,LL,11
r,0,però,11.65666864,0.09107066,ɔː,465.9665897,1290.305145,1776.985631,2481.547336,LL,11
ɔː,1,però,11.81743415,0.2304603575,NA,611.7271033,1077.333904,2469.843611,3908.859766,LL,11
a,0,a,12.33986592,0.055092128,n,632.1082899,1165.131247,2388.703578,3669.619112,LL,11
n,0,n,12.39833103,0.061838103,v,301.0015224,974.0832868,2279.158821,3052.948484,LL,11
v,0,vói,12.46473127,0.070962365,o,258.6180706,1569.74448,2614.570974,3678.385137,LL,11
o,1,vói,12.51876388,0.037102862,i,418.6335804,1160.028238,2312.989963,3272.54831,LL,11
i,0,vói,12.57048302,0.066335419,b,375.9723424,1923.464153,2292.751799,3516.294423,LL,11
b,0,brîSa,12.65182658,0.096351701,r,244.6687672,834.661279,2127.055647,3471.468875,LL,11
r,0,brîSa,12.71911603,0.03822719068,iː,300.9818259,1315.953125,2543.484439,3196.145715,LL,11
iː,1,brîSa,12.78713794,0.097816635,z,337.1308794,1911.615787,2309.627304,3317.00405,LL,11
z,0,brîSa,12.86303016,0.053967799,a,1723.38722,2556.373536,3561.664843,4179.231654,LL,11
a,0,brîSa,12.90968981,0.03935152,k,470.6505346,1547.407763,2158.29925,3756.304815,LL,11
k,0,catèr,12.96982787,0.080924582,a,483.8746434,1655.312531,2272.092302,3848.125365,LL,11
a,0,catèr,13.03109025,0.041600178,t,564.8591866,1563.061513,2303.837211,3706.534156,LL,11
t,0,catèr,13.10136082,0.098940964,ɛː,505.7986528,1519.611233,2348.95607,3724.170541,LL,11
ɛː,1,catèr,13.19949092,0.097319247,r,539.8908313,1671.828458,2206.191558,3065.705889,LL,11
r,0,catèr,13.28019393,0.064086761,d,430.7268813,1327.479631,2162.463552,3603.746172,LL,11
d,0,däl,13.35085636,0.077238105,æ,232.1920246,1237.922771,2488.561554,3882.267068,LL,11
æ,1,däl,13.41870797,0.05846511516,lː,412.6977415,1704.366831,2446.416014,3639.006479,LL,11
lː,0,däl,13.56613827,0.2363954927,iː,267.5720681,1677.160383,2517.211596,3564.01501,LL,11
iː,1,lît,13.79491214,0.2211522348,t,271.4265392,2323.024324,2777.655431,3734.285442,LL,11
t,0,lît,14.02899416,0.247011805,NA,1047.39825,1688.67762,2556.42014,3715.794314,LL,11
s,0,s'a,15.02813815,0.1720223581,a,1532.203159,2302.774721,3586.711966,3956.546103,LL,11
a,0,s'a,15.1495657,0.070832736,v,644.4868183,1293.987829,1960.224597,3841.770087,LL,11
v,0,vadd,15.23164173,0.093319318,a,250.3376869,1211.625508,2469.304945,3670.779614,LL,11
a,1,vadd,15.33564217,0.114681572,dː,787.6153661,1278.844546,2453.894497,3945.614861,LL,11
dː,0,vadd,15.48524276,0.1845196076,l,246.6134664,1226.783954,2759.310753,3841.086562,LL,11
l,0,dla,15.60055131,0.046097495,a,309.8362351,1328.987172,2655.585846,3621.924847,LL,11
a,0,dla,15.66969755,0.092194989,ð,569.3576258,1364.419144,2518.231133,3814.904281,LL,11
ð,0,Zänt,15.75906816,0.086546228,æ,227.8460825,1583.395127,2316.572302,3715.68208,LL,11
æ,1,Zänt,15.91452552,0.2243684775,n,769.3856434,1621.881291,2507.568777,4092.995849,LL,11
n,0,Zänt,16.0483855,0.043351486,t,297.9418773,1155.821905,2320.73099,4115.849773,LL,11
t,0,Zänt,16.11109925,0.082076027,k,507.8161063,1621.12532,2195.263674,3542.823214,LL,11
k,0,ch'i,16.18418065,0.064086761,i,1082.017127,2119.240631,2785.36599,3598.167726,LL,11
i,0,ch'i,16.23621328,0.039978499,l,309.7452948,2071.513012,2492.214545,3711.578723,LL,11
l,0,lâsen,16.28542153,0.058437999,aː,401.3956651,1443.923469,2573.12793,3701.081294,LL,11
aː,1,lâsen,16.35794076,0.086600459,s,767.0682378,1341.264348,2291.408819,3721.781743,LL,11
s,0,lâsen,16.45688172,0.1112814689,e,1580.903654,2374.223474,3554.171183,3897.879906,LL,11
e,0,lâsen,16.53613337,0.047221824,n,487.1074929,1588.411825,2430.959086,3966.014575,LL,11
n,0,lâsen,16.59459848,0.069708407,p,263.3517946,1177.971269,2316.338379,2870.761219,LL,11
p,0,par,16.71279621,0.1666870481,a,171.9144853,1551.8006,2387.588959,3313.032014,LL,11
a,0,par,16.84319125,0.094103042,r,683.594295,1276.417677,2358.441957,3596.596447,LL,11
r,0,par,16.93071862,0.080951698,l,447.3289685,1127.554963,2027.933678,3776.541042,LL,11
l,0,la,16.99480539,0.047221824,a,458.2853083,1153.818288,2406.674884,3647.075835,LL,11
a,0,la,17.05214617,0.067459748,s,607.3370745,1318.111929,2389.05319,3712.975707,LL,11
s,0,strè,17.14136002,0.1109679413,t,1537.306585,2061.612907,2657.456932,3856.021329,LL,11
t,0,strè,17.23844417,0.083200356,r,1072.822206,1715.17239,2518.746181,3647.145926,LL,11
r,0,strè,17.31063635,0.06118400775,ɛː,541.5372933,1290.770852,2254.520936,3722.553112,LL,11
ɛː,1,strè,17.44850985,0.2145630048,u,582.1574987,1791.291466,2372.555306,3706.229803,LL,11
u,0,una,17.58878876,0.065994814,n,460.7640334,921.0648015,2373.680906,3287.943025,LL,11
n,0,una,17.64427275,0.044973166,a,302.2832535,1073.385778,2439.531011,2792.411718,LL,11
a,0,una,17.69318107,0.052843469,b,579.0929731,1202.141742,2536.264781,3513.761129,LL,11
b,0,batrî,17.76401381,0.088822002,a,224.5467194,864.633796,2393.703993,3471.462375,LL,11
a,0,batrî,17.83203572,0.047221824,t,590.3306593,1252.29226,2572.504591,3453.567541,LL,11
t,0,batrî,17.92807393,0.1448545983,r,508.147286,1371.792485,2123.887556,3555.720301,LL,11
r,0,batrî,18.03446622,0.067929983,iː,441.5424116,1391.298845,2296.899779,3629.956156,LL,11
iː,1,batrî,18.12608549,0.1153085511,d,271.5315332,2206.092475,2795.007587,3598.228202,LL,11
d,0,da,18.21915613,0.070832736,a,213.8782036,1605.467855,2535.185916,3593.210068,LL,11
a,0,da,18.28774021,0.066335419,m,605.1170542,1330.752113,2516.412067,3618.518762,LL,11
m,0,mâchina,18.36939724,0.096978642,aː,244.2808798,1054.341836,2357.424251,2590.981881,LL,11
aː,1,mâchina,18.47466518,0.1135572429,k,882.8201694,1264.553859,2242.637958,3536.488285,LL,11
k,0,mâchina,18.58917645,0.1154652959,i,606.4800707,1337.702137,2447.773611,3510.858582,LL,11
i,0,mâchina,18.67108217,0.048346153,n,313.2077854,2249.621068,2623.941027,3671.7726,LL,11
n,0,mâchina,18.72111482,0.05171914033,a,380.2981916,1866.527138,2548.831129,3595.566657,LL,11
a,0,mâchina,18.78295292,0.071957065,v,582.6306004,1466.546971,2580.816032,3643.048065,LL,11
v,0,vècia,18.85152344,0.065183974,ɛː,307.1427738,1202.712074,2418.249394,3566.608067,LL,11
ɛː,1,vècia,19.01436729,0.2605037166,ʦ,584.872466,1890.277739,2377.527139,3339.95302,LL,11
ʦ,0,vècia,19.23559788,0.1819574598,a,1242.123528,2123.443572,3056.590874,3664.101437,LL,11
a,0,vècia,19.36030648,0.067459748,NA,452.27138,1502.763853,2157.927756,4196.307878,LL,11
a,0,anc,20.06452541,0.1056869389,n,788.5749502,1547.25868,2656.288718,3669.117976,LL,11
n,0,anc,20.15053659,0.066335419,s,507.0372796,952.1397053,2210.707743,3549.747573,LL,11
s,0,s'a,20.23710993,0.1068112681,a,1574.832774,2235.184057,3214.064277,3839.051507,LL,11
a,0,s'a,20.31419129,0.04735145281,s,539.3736344,1483.948266,2373.802739,3381.767844,LL,11
s,0,sò,20.38565101,0.095567977,ɔː,1365.624149,2305.773872,3342.684529,3553.196091,LL,11
ɔː,1,sò,20.46604054,0.06521109,k,618.3264567,1125.022257,2218.596215,3352.167785,LL,11
k,0,ch'l'incuéNna,20.54586791,0.094443648,l,501.1584662,1085.713947,2451.926786,3569.056028,LL,11
l,0,ch'l'incuéNna,20.61709251,0.048005548,i,288.3588709,1675.625263,2468.448861,3715.324558,LL,11
i,0,ch'l'incuéNna,20.67570081,0.069211056,n,320.2312663,2293.006798,2702.40961,3761.595469,LL,11
n,0,ch'l'incuéNna,20.73447941,0.048346153,k,336.5329983,786.7360218,2346.025185,2921.776087,LL,11
k,0,ch'l'incuéNna,20.79389855,0.07049213,w,944.7709977,1148.125918,2398.695459,3687.131933,LL,11
w,0,ch'l'incuéNna,20.84600956,0.03372987413,e,413.7665191,1156.400112,2080.207212,3384.553125,LL,11
e,1,ch'l'incuéNna,20.93764238,0.1495357753,ŋː,478.6667893,2049.822571,2237.76483,3790.064527,LL,11
ŋː,0,ch'l'incuéNna,21.04670231,0.068584077,a,377.3159945,1315.47179,2342.350258,4169.469629,LL,11
a,0,ch'l'incuéNna,21.12821617,0.094443648,NA,500.8439395,1402.029745,2292.746144,3892.318184,LL,11
a,0,a,21.3809144,0.073081394,n,719.9231239,1301.323966,2617.469653,3729.413118,LL,11
n,0,n,21.4523093,0.069708407,d,314.3876831,1220.898819,2366.852692,3165.716131,LL,11
d,0,dégg,21.5283447,0.082362401,e,279.0159866,1396.641448,2576.10196,3910.093582,LL,11
e,1,dégg,21.6060666,0.073081394,gː,409.6932069,2005.738813,2460.499746,3378.427124,LL,11
gː,0,dégg,21.71286431,0.1405140265,ɲ,280.0539949,1702.481236,2846.770336,3881.261475,LL,11
ɲ,0,gnínta,21.80504574,0.043848836,i,298.5364702,928.6966852,2229.045503,4049.022071,LL,11
i,1,gnínta,21.88768393,0.1214275469,n,332.4221899,2309.712612,3514.87234,3729.670752,LL,11
n,0,gnínta,21.99843035,0.1000652933,t,310.3580777,880.7224892,2415.369498,3024.044675,LL,11
t,0,gnínta,22.13012005,0.1633140988,a,707.340768,1674.605204,2773.245516,3605.932386,LL,11
a,0,gnínta,22.25787459,0.092194989,NA,518.2903679,1554.712001,2417.45687,3719.707434,LL,11
a,0,[A],22.84430117,0.2645036831,NA,661.5468995,1190.609479,2539.008155,3740.762936,LL,11
a,0,a,23.20341883,0.062465082,n,639.7278026,1191.065007,2606.640869,3138.448587,LL,11
n,0,n,23.25713795,0.044973166,v,535.0391008,2084.948682,2689.263413,4116.654903,LL,11
v,0,vói,23.30492194,0.050594811,o,285.6573856,968.1712319,2463.616239,3116.721102,LL,11
o,1,vói,23.34643019,0.032421684,i,438.8097813,1057.33264,2477.969416,3288.371402,LL,11
i,0,vói,23.39412224,0.062962432,m,338.2065292,1765.68056,2332.831387,3463.667332,LL,11
m,0,mégga,23.458209,0.06521109,e,282.6752668,1211.734406,2200.599866,3204.202237,LL,11
e,1,mégga,23.51105247,0.04047584896,gː,430.0848817,1509.39229,2188.465088,3452.645559,LL,11
gː,0,mégga,23.56533376,0.068086727,a,249.8117805,1570.093349,2127.940819,3509.657931,LL,11
a,0,mégga,23.61624206,0.033729874,d,376.038251,1492.703183,2217.425295,3501.552803,LL,11
d,0,di,23.6600909,0.053967799,i,246.5289575,1410.558535,2301.511299,3507.414198,LL,11
i,0,di,23.71068571,0.047221824,s,293.7129491,1851.204797,2458.437821,3488.802536,LL,11
s,0,scuntrómmbel,23.7661697,0.063746156,k,1646.896739,2740.883576,3102.392258,3948.602342,LL,11
k,0,scuntrómmbel,23.84325106,0.090416565,u,1030.330943,2212.794944,3200.835206,3747.360121,LL,11
u,0,scuntrómmbel,23.91920809,0.061497497,n,462.3815003,694.9987315,2323.467078,3416.035027,LL,11
n,0,scuntrómmbel,23.97637857,0.052843469,t,232.146105,1068.098034,2367.358223,3063.43644,LL,11
t,0,scuntrómmbel,24.04945997,0.093319318,r,481.1369334,1628.394862,2539.909071,3656.96076,LL,11
r,0,scuntrómmbel,24.11298456,0.03372987413,o,819.5930581,1136.642481,2668.35844,3000.465995,LL,11
o,1,scuntrómmbel,24.18701999,0.1143409668,mː,548.5327717,1046.228128,2472.038202,3074.442939,LL,11
mː,0,scuntrómmbel,24.30128258,0.114184222,b,785.549873,2411.170551,2779.134454,4668.252673,LL,11
b,0,scuntrómmbel,24.39210456,0.067459748,l,236.4870976,996.7766633,2321.726596,3117.044838,LL,11
l,0,scuntrómmbel,24.48750224,0.1233355999,NA,464.7843376,1372.673565,2461.548948,3473.422647,LL,11
s,0,s'a,25.45227929,0.1484114462,a,1465.604058,2361.98222,3060.579508,3715.749071,LL,11
a,0,s'a,25.56246354,0.071957065,s,556.991715,1448.746927,2360.340223,3786.952058,LL,11
s,0,sént,25.66927481,0.1416654714,e,1596.505639,2599.234553,3217.183926,3913.447362,LL,11
e,1,sént,25.80795916,0.1357032204,n,418.0915065,2140.570799,2585.567217,4181.317412,LL,11
n,0,sént,25.8926757,0.033729874,t,438.2127783,1304.334994,2470.573971,4291.432999,LL,11
t,0,sént,25.94776783,0.076454381,k,204.1347269,1915.090184,2831.488304,3748.040468,LL,11
k,0,che,26.03417087,0.096351701,e,1150.442193,2156.186506,2512.6498,3259.958307,LL,11
e,0,che,26.096963,0.02923255758,a,423.8967286,1954.371367,2386.478349,3714.159916,LL,11
a,0,al,26.12619556,0.02923255758,l,497.248783,1582.612296,2257.529291,3766.591535,LL,11
l,0,al,26.16386059,0.04609749465,m,397.5932415,1327.300202,2473.146264,3723.99171,LL,11
m,0,mî,26.23300683,0.092194989,iː,313.0720415,1558.618183,2256.21474,4389.752039,LL,11
iː,1,mî,26.30872874,0.059248839,v,277.0783374,2195.986423,2473.41595,3278.375281,LL,11
v,0,vSén,26.40002096,0.1233355999,z,222.9045469,1628.706001,2474.502854,3377.206107,LL,11
z,0,vSén,26.49485647,0.066335419,e,1910.807015,2484.801939,3595.141479,4185.436497,LL,11
e,1,vSén,26.57637033,0.096692306,n,436.1605618,1930.786753,2476.458657,3440.916715,LL,11
n,0,vSén,26.66100851,0.072584044,e,311.9751306,712.5783572,2367.20598,2563.446856,LL,11
e,0,ed,26.73552772,0.076454381,d,441.7428527,1982.422813,2473.155274,3695.291724,LL,11
d,0,ed,26.82594429,0.1043787493,k,403.9242132,1883.283641,3137.49284,3998.064996,LL,11
k,0,cà,26.91298786,0.069708407,a,1277.556306,2029.741333,2704.747294,3803.260043,LL,11
a,1,cà,27.08065609,0.2656280503,l,763.2242721,1442.429072,2272.082037,3637.706408,LL,11
l,0,al,27.23202155,0.037102862,p,455.4913665,1330.580742,2486.586536,3961.164283,LL,11
p,0,péccia,27.32292191,0.1446978535,e,551.0874735,1586.731048,2823.357116,3798.237968,LL,11
e,1,péccia,27.4228169,0.05509212775,ʦː,436.5280122,1809.513786,2469.231873,3304.043645,LL,11
ʦː,0,péccia,27.5031145,0.1055030784,a,1011.866382,2159.423103,3222.861215,3863.775637,LL,11
a,0,péccia,27.57273098,0.033729874,s,456.815897,1434.61606,2253.421283,3731.946615,LL,11
s,0,sô,27.65030969,0.1214275469,oː,1316.876031,2178.446403,3112.251998,3892.575274,LL,11
oː,1,sô,27.74177221,0.06149749729,m,419.7732556,977.5197116,2342.624516,2846.31359,LL,11
m,0,mujêr,27.80119135,0.057340786,u,224.2967602,467.8598912,2396.12313,3013.473364,LL,11
u,0,mujêr,27.86854561,0.077367734,j,403.2923531,733.9405526,2452.206118,3250.308556,LL,11
j,0,mujêr,27.95557563,0.096692306,eː,254.7252984,2198.164277,2510.548786,3209.117912,LL,11
eː,1,mujêr,28.1163547,0.2248658275,r,414.1359608,2142.99287,2538.98966,3345.047094,LL,11
r,0,mujêr,28.27319861,0.088822002,NA,390.1893617,1344.309444,2361.433915,3806.002473,LL,11
a,0,a,28.75595178,0.03935152,s,809.7841255,1326.793731,1776.006442,3617.416895,LL,11
s,0,stâg,28.82509802,0.098940964,t,1465.983912,2102.532886,2774.100262,3505.365933,LL,11
t,0,stâg,28.92010383,0.09107066,aː,1609.451796,2404.437432,3375.823949,4082.717726,LL,11
aː,1,stâg,28.99943385,0.067589377,g,827.0171994,1445.684937,2122.897276,3568.367192,LL,11
g,0,stâg,29.07707737,0.087697673,θ,812.430272,1525.645654,2318.577758,3140.757071,LL,11
θ,0,zétt,29.19119678,0.1405411422,e,1260.487127,1985.712077,2901.295554,3911.577922,LL,11
e,1,zétt,29.30634859,0.089762471,tː,484.6232449,2071.994615,2490.037317,4222.55637,LL,11
tː,0,zétt,29.49986283,0.2972660109,NA,292.0081777,1927.121356,2993.715367,3749.378064,LL,11
e,0,es,29.91268603,0.03822719068,s,424.3890915,1995.913109,2265.031119,2781.241619,LL,11
s,0,es,29.98801608,0.1124329138,a,1539.107306,2271.980986,2922.676734,3799.399906,LL,11
a,0,a,30.07740025,0.066335419,v,615.3093965,1401.831712,2112.820906,4292.141791,LL,11
v,0,vâg,30.14098966,0.06084340246,aː,225.6163754,1027.168047,2323.252639,3566.272426,LL,11
aː,1,vâg,30.24336842,0.1439141296,g,901.0371441,1306.679955,2199.717557,3868.09544,LL,11
g,0,vâg,30.37980411,0.1289572456,p,966.7794027,1857.925688,2403.086078,3201.958149,LL,11
p,0,pr,30.48194776,0.075330052,r,846.0536746,1457.963127,2326.203242,3350.818517,LL,11
r,0,pr,30.56119941,0.08317324,i,870.9588668,1624.250498,2442.141869,3645.121948,LL,11
i,0,i,30.63033209,0.05509212775,m,282.5199644,2196.686712,2396.781001,3305.308196,LL,11
m,0,mî,30.7000405,0.084324685,iː,282.4304489,921.3000285,2350.129842,3650.887149,LL,11
iː,1,mî,30.8032301,0.122054526,f,265.2171666,2322.356945,3421.633321,4226.279361,LL,11
f,0,furmintón:,30.91805486,0.1075949919,u,1087.661348,2038.455747,3001.540464,3904.369111,LL,11
u,0,furmintón:,30.99433894,0.044973166,r,372.0026543,863.1240874,2328.263648,3667.335484,LL,11
r,0,furmintón:,31.06348518,0.093319318,m,385.65545,1040.136397,2058.113306,2813.01458,LL,11
m,0,furmintón:,31.13993956,0.059589444,i,316.9487628,1151.030073,2076.796253,2401.776746,LL,11
i,0,furmintón:,31.20851008,0.077551595,n,342.8335953,2274.469129,2602.027486,3370.705408,LL,11
n,0,furmintón:,31.27145896,0.048346153,t,322.7555795,1399.514125,2390.624854,4227.952994,LL,11
t,0,furmintón:,31.35392685,0.116589625,o,279.6972562,2215.066805,3122.576336,3801.070406,LL,11
o,1,furmintón:,31.48288409,0.1413248661,n,596.4980197,1132.734623,2426.692022,3470.604522,LL,11
n,0,furmintón:,31.5855899,0.064086761,s,403.7175335,940.6751798,2522.594669,2468.37488,LL,11
s,0,sé,31.68604706,0.1368275495,NA,1506.71536,2364.187866,3056.927669,3793.835301,LL,11
e,1,sé,31.86183427,0.2147468653,NA,464.4338128,1898.22162,2351.160248,3159.218295,LL,11
a,0,a,32.13205156,0.076454381,d,640.1848073,1488.172719,2322.972182,3147.900599,LL,11
d,0,dégg,32.21363024,0.086702973,e,235.7365571,1408.073296,2507.618144,3947.343839,LL,11
e,1,dégg,32.31319818,0.1124329138,gː,446.3232027,1907.945382,2477.409396,3599.080852,LL,11
gː,0,dégg,32.45236632,0.1659033623,NA,1896.575901,2273.470438,3381.551903,3951.749528,LL,11
ai,0,ai,32.93889793,0.089946331,j,459.6971794,1848.124774,2527.494652,3567.068706,LL,11
j,0,ai,33.00186036,0.035978532,o,423.0896322,1721.592315,2455.403639,3488.646026,LL,11
o,1,ò,33.03502807,0.030356887,d,479.3895908,1321.478076,2477.148611,3595.416798,LL,11
d,0,da,33.08223634,0.064059645,a,250.9564563,1269.328593,2472.040935,3633.592752,LL,11
a,0,da,33.13450409,0.04047584896,f,527.6559577,1243.910339,2337.765432,3605.160676,LL,11
f,0,fèr,33.20870981,0.1079355972,ɛː,649.5827279,1890.152834,2551.971939,3428.390008,LL,11
ɛː,1,fèr,33.32169131,0.1180274056,r,606.7597977,1680.763576,2244.39302,3318.972604,LL,11
r,0,fèr,33.40881324,0.056216457,l,478.8493104,1413.82374,2347.170882,3640.523962,LL,11
l,0,la,33.46390537,0.05396779861,a,452.044038,1103.692119,2449.087395,3599.936537,LL,11
a,0,la,33.50775421,0.03372987413,m,604.2428446,1339.309116,2413.151222,3512.417566,LL,11
m,0,mî,33.56661118,0.08398408,iː,258.7925622,1737.539171,2235.630577,3592.29935,LL,11
iː,1,mî,33.63221414,0.047221824,v,327.4001237,2020.293448,2561.874329,3329.376228,LL,11
v,0,vétta,33.6850576,0.05846511516,e,382.2019397,1535.990678,2459.906687,3630.231792,LL,11
e,1,vétta,33.76263632,0.096692306,tː,514.8199673,1670.948518,2449.165076,3559.654172,LL,11
tː,0,vétta,33.8828476,0.1437302691,a,472.1147124,1646.263375,2506.736099,3798.687311,LL,11
a,0,vétta,33.98788045,0.066335419,m,517.7175416,1449.136951,2354.335628,3581.266091,LL,11
m,0,mé,34.06005907,0.078021829,e,258.0437222,1251.330156,2255.400932,3362.532248,LL,11
e,1,mé,34.15528644,0.1124329138,NA,488.1104913,1745.566243,2445.85726,3586.273091,LL,11
a,0,a,35.44657707,0.061838103,b,747.8169638,1296.302669,2193.350568,3204.976101,LL,11
b,0,bèd,35.52134496,0.087697673,ɛː,264.1824954,1241.124715,2459.673685,3645.922695,LL,11
ɛː,1,bèd,35.6174751,0.1045626098,d,608.776544,1791.061289,2465.582284,3626.073312,LL,11
d,0,bèd,35.71079442,0.082076027,a,242.9938674,1571.983715,2575.63611,3690.692787,LL,11
a,0,al,35.78137848,0.059092094,l,586.4185628,1368.222877,2410.730598,3750.911795,LL,11
l,0,al,35.8350976,0.048346153,m,358.3623445,1337.67568,2325.559125,3684.787687,LL,11
m,0,mî,35.91098982,0.1034382807,iː,265.1584691,1337.867192,2303.507339,4130.484761,LL,11
iː,1,mî,35.98575771,0.046097495,p,284.2831995,2182.057224,2808.546586,3732.19523,LL,11
p,0,pîguer,36.07561211,0.1336113069,iː,261.2474919,2124.044243,2801.395406,3815.923684,LL,11
iː,1,pîguer,36.25411821,0.2234008931,g,334.6991737,2366.239885,3021.578871,3423.588133,LL,11
g,0,pîguer,36.40323501,0.074832702,w,233.159184,1823.613548,2391.472993,3802.462319,LL,11
w,0,pîguer,36.48337587,0.085449014,e,328.5735154,1207.531137,2396.289214,3607.191577,LL,11
e,0,pîguer,36.56611917,0.080037603,r,472.7294357,1619.1418,2353.027156,3822.954993,LL,11
r,0,pîguer,36.6302666,0.048257242,NA,407.7499995,1346.203692,2261.576612,4090.812324,LL,11
a,0,anc,37.01531041,0.1059561173,n,898.7232109,1586.307397,2159.657213,3815.054647,LL,11
n,0,anc,37.1126419,0.088706851,s,654.9691326,1673.766109,2405.006577,4678.842505,LL,11
s,0,s'a,37.24031059,0.166630531,a,1531.784915,2074.595348,3373.325007,3784.369189,LL,11
a,0,s'a,37.35299983,0.058747946,v,608.4603625,1426.044578,2288.645667,3849.443081,LL,11
v,0,vadd,37.42643476,0.088121919,a,256.8522243,1100.736822,2407.554491,3831.621927,LL,11
a,1,vadd,37.52892576,0.1168600799,dː,819.5311318,1324.131748,2377.620236,3759.021444,LL,11
dː,0,vadd,37.71623249,0.2577533908,i,214.5678932,1499.215247,2664.265474,3908.404186,LL,11
i,0,di,37.88602294,0.081827496,m,282.4830762,2155.872053,2704.672631,3593.298642,LL,11
m,0,moramazè,37.9697896,0.085705834,o,289.8917791,964.6877378,2431.692679,3380.789625,LL,11
o,0,moramazè,38.05198266,0.078680285,r,485.39684,969.5871498,2311.451172,3467.018613,LL,11
r,0,moramazè,38.13470028,0.086754943,a,537.0400678,1176.119163,1577.381197,3568.799593,LL,11
a,0,moramazè,38.19591195,0.035668396,m,603.9780053,1237.000015,1984.327946,3671.875152,LL,11
m,0,moramazè,38.25675803,0.086023778,a,250.8294694,1025.714258,2408.593555,2522.367937,LL,11
a,0,moramazè,38.33168073,0.063821625,θ,641.8457665,1278.042886,2426.049419,3946.062714,LL,11
θ,0,moramazè,38.43597741,0.1447717246,ɛː,1029.460957,1884.307347,2886.719853,3615.862387,LL,11
ɛː,1,moramazè,38.62876159,0.2407966279,NA,584.4635528,1907.116697,2429.305697,3819.604508,LL,11
t,0,torturèr,39.00315575,0.086023778,o,1444.262954,2194.034294,3114.298681,3869.288394,LL,11
o,0,torturèr,39.07449254,0.05664980527,r,450.7732662,974.5493162,2425.67942,3177.397304,LL,11
r,0,torturèr,39.14005944,0.074484003,t,425.5398254,1083.204646,2164.121579,2888.86039,LL,11
t,0,torturèr,39.22435066,0.094098436,u,408.2910541,1554.413914,2711.651867,3630.624282,LL,11
u,0,torturèr,39.29918753,0.0555752942,r,388.3502607,840.4298814,2585.914202,3305.449365,LL,11
r,0,torturèr,39.35530008,0.056649805,ɛː,417.3442438,1108.967248,2076.667101,3080.379448,LL,11
ɛː,1,torturèr,39.44027478,0.1132996105,r,637.8150236,1657.809902,2301.819991,3734.151923,LL,11
r,0,torturèr,39.51617344,0.038497701,u,388.5548154,1180.804538,1845.404428,2928.176201,LL,11
u,0,un,39.57476243,0.078680285,n,385.6947851,788.8148936,2225.210067,3068.158576,LL,11
n,0,un,39.67022785,0.1122505401,g,440.9917159,571.376164,2286.039592,2930.671643,LL,11
g,0,gât,39.77040135,0.088096479,aː,214.1146074,1403.993829,2451.489084,3980.355113,LL,11
aː,1,gât,39.99307132,0.3572434498,t,833.4011039,1376.46299,2223.397716,3839.606684,LL,11
t,0,gât,40.24827519,0.1531642883,NA,577.6900302,1297.355167,2540.611244,3662.541844,LL,11
o,0,o,40.65307967,0.03881560731,d,435.249066,891.8655616,2849.602599,3209.801164,LL,11
d,0,dèr,40.71340122,0.081827496,ɛː,248.0073806,1100.233163,2741.766176,3785.875508,LL,11
ɛː,1,dèr,40.80309675,0.097563554,r,542.4835179,1881.59248,2505.569286,3789.816771,LL,11
r,0,dèr,40.88754692,0.071336792,d,437.4929206,1233.746646,2086.166809,3745.974724,LL,11
d,0,däl,40.96928858,0.092146528,æ,222.2375855,1248.060068,2599.563928,3657.807087,LL,11
æ,1,däl,41.04945663,0.06818958,l,449.4908769,1808.130228,2553.742562,3808.922118,LL,11
l,0,däl,41.13217425,0.097245647,b,276.0617053,1560.184427,2697.609082,3475.328558,LL,11
b,0,bòt,41.24298468,0.1243752085,ɔː,207.0208504,963.9846401,2513.763547,4352.41447,LL,11
ɔː,1,bòt,41.39733153,0.1843184961,t,450.6458161,749.943572,3006.409187,3379.110087,LL,11
t,0,bòt,41.53932162,0.099661694,a,356.7343316,824.1262363,2814.35151,3331.669991,LL,11
a,0,a,41.6212095,0.064114053,u,483.2970264,1075.284988,2644.332431,3387.304688,LL,11
u,0,un,41.67844421,0.050355382,n,339.1078683,693.435903,2487.53351,2971.759963,LL,11
n,0,un,41.73614309,0.065042369,i,321.9957744,2441.179258,2673.778209,3860.339173,LL,11
i,0,imigrè,41.78964568,0.041962819,m,356.9563207,2074.689581,2449.556529,3434.127141,LL,11
m,0,imigrè,41.84298932,0.064724463,i,271.677579,1102.164031,2294.810052,3709.5124,LL,11
i,0,imigrè,41.90892181,0.06714051,g,293.4861704,2243.164004,3118.594356,3710.428135,LL,11
g,0,imigrè,41.97485428,0.064724425,r,262.9659694,2100.041278,2225.625331,3663.58958,LL,11
r,0,imigrè,42.04393396,0.073434933,ɛː,490.3101102,1487.904773,2136.971894,3497.834707,LL,11
ɛː,1,imigrè,42.16584548,0.1703881143,NA,629.1611363,1851.396261,2389.828666,3831.10747,LL,11
i,0,in,43.09415836,0.093367272,n,427.1756667,1513.03782,2612.890473,3824.058173,LL,11
n,0,in,43.15343084,0.02517769123,s,498.8370406,2195.460178,2663.318234,4218.859751,LL,11
s,0,sti,43.19119738,0.050355382,t,1223.996124,2092.512755,3099.288824,3875.175428,LL,11
t,0,sti,43.26335117,0.093952203,i,1166.558768,2656.716873,3462.599827,NA,LL,11
i,0,sti,43.33288229,0.04511003012,k,272.4693187,2231.758625,2595.390185,3687.675715,LL,11
k,0,chèS,43.40474362,0.098612624,ɛː,262.4975172,2090.184002,2543.578409,3819.599848,LL,11
ɛː,1,chèS,43.51023559,0.1123713323,z,552.9882965,2045.29792,2538.391739,3906.533035,LL,11
z,0,chèS,43.59946698,0.066091439,k,918.057926,2013.026296,3081.167804,3732.749175,LL,11
k,0,che,43.67447552,0.083925637,e,475.2297078,1921.632616,2872.392561,3592.927435,LL,11
e,0,che,43.73718768,0.04149868,k,391.6902067,2017.478738,2323.651905,4268.690832,LL,11
k,0,qué,43.81037782,0.1048816062,w,306.4560518,2117.634374,2206.644256,3838.788985,LL,11
w,0,qué,43.88694724,0.04825724152,e,463.8599074,1293.744918,2088.735426,4129.61287,LL,11
e,1,qué,43.94674426,0.071336792,NA,504.3543038,1762.494383,2239.259874,4079.12155,LL,11
a,0,a,44.18462575,0.05350259386,m,715.1446156,1170.390791,2221.66434,3494.781477,LL,11
m,0,m,44.2465209,0.070287721,ʦ,312.0092521,1020.497669,2325.774676,2693.298011,LL,11
ʦ,0,ciâm,44.34654818,0.1297668317,aː,1023.461358,2060.277727,3009.754841,3575.031982,LL,11
aː,1,ciâm,44.47280222,0.1227412447,m,786.7190534,1262.53562,2248.629752,3565.845472,LL,11
m,0,ciâm,44.57784278,0.087339874,NA,400.7400214,1225.756701,1366.006623,2426.692252,LL,11
ʦ,0,cîSa,44.74530303,0.1363791608,iː,1111.273752,2160.154862,3136.10767,3789.589477,LL,11
iː,1,cîSa,44.93081683,0.2346484379,z,286.1002558,2273.145389,2821.468158,3705.373205,LL,11
z,0,cîSa,45.11947784,0.1426735836,a,1727.839883,3048.556761,3590.797681,4408.45102,LL,11
a,0,cîSa,45.24549981,0.1093703537,NA,511.6181051,1542.413918,2327.775037,3633.445684,LL,11
s,0,se,46.31086445,0.1405754427,e,1404.433378,2336.569217,3545.08637,4103.806006,LL,11
e,0,se,46.40528079,0.048257242,p,405.9082856,1679.109473,2427.195942,3491.338382,LL,11
p,0,pò,46.4969155,0.135012184,ɔː,306.0263681,1635.71618,2605.006457,3280.178343,LL,11
ɔː,1,pò,46.63943013,0.1500170769,NA,600.9173572,980.6665673,2451.888968,3528.722088,LL,11
ai,0,ai,47.02768152,0.1359150217,e,410.6494326,2008.74336,2771.612634,3605.503918,LL,11
e,1,é,47.12367147,0.056064874,d,389.2316842,2009.627381,2548.32486,3706.034683,LL,11
d,0,di,47.18137034,0.059332878,i,274.0893684,1945.678169,2445.932792,3725.798489,LL,11
i,0,di,47.2425089,0.062944228,d,299.0320333,2060.49212,2532.342528,3675.993688,LL,11
d,0,delincuént,47.2991587,0.050355382,e,242.2620178,1966.733968,2440.343561,3613.697763,LL,11
e,0,delincuént,47.34995278,0.051232779,l,390.7570176,1891.61278,2492.815641,3671.218479,LL,11
l,0,delincuént,47.40599221,0.06084608714,i,282.7223508,1625.657628,2415.793537,3461.935482,LL,11
i,0,delincuént,47.47313272,0.073434933,n,331.4245097,2138.996131,2714.853385,3677.772465,LL,11
n,0,delincuént,47.53660149,0.053502594,k,364.6640669,2253.823204,2438.518833,3706.470381,LL,11
k,0,delincuént,47.60582742,0.084949267,w,729.3563358,1030.367048,2267.066515,3370.73514,LL,11
w,0,delincuént,47.66875893,0.040913748,e,383.7979307,1266.59494,2225.162509,3396.289846,LL,11
e,1,delincuént,47.72331059,0.06818958,n,412.5417604,2032.84277,2530.089402,3653.217175,LL,11
n,0,delincuént,47.78258307,0.050355382,t,412.7383304,2169.808527,2463.857706,4100.271139,LL,11
t,0,delincuént,47.85810343,0.1006853243,i,351.2631894,2194.31429,3157.083833,3739.477401,LL,11
i,0,in,47.93294029,0.048988406,n,315.1328569,2136.413719,2595.708031,3726.426847,LL,11
n,0,in,47.98156311,0.04825724152,m,377.7514378,1974.617482,2400.622207,3703.608489,LL,11
m,0,muturén,48.03401664,0.056649805,u,473.2093785,2323.261452,2497.180799,3642.026704,LL,11
u,0,muturén,48.09591179,0.06714051,t,316.3231056,735.4050665,2478.316718,3332.714857,LL,11
t,0,muturén,48.18244739,0.1059306767,u,262.0693167,1568.605953,2829.918804,3667.718891,LL,11
u,0,muturén,48.26059042,0.050355382,r,420.166129,987.4966896,2449.619646,3254.963512,LL,11
r,0,muturén,48.32720639,0.082876567,e,444.5653069,1294.06938,2137.571037,3726.793462,LL,11
e,1,muturén,48.43240591,0.127522458,n,428.0681386,2001.072219,2600.367494,3717.905495,LL,11
n,0,muturén,48.52134483,0.050355382,k,567.2676961,2505.896546,2552.6713,4668.530766,LL,11
k,0,ch'i,48.59274201,0.092438993,i,291.747675,2114.262736,2693.653905,2994.343519,LL,11
i,0,ch'i,48.65732024,0.036717466,p,288.1769273,2097.010089,2527.370337,3599.7919,LL,11
p,0,pôrten,48.73689065,0.1224233385,oː,287.0656302,1873.821485,2206.740756,3515.149452,LL,11
oː,1,pôrten,48.86524282,0.1342810199,r,444.6608948,790.2147617,2624.07941,3249.279154,LL,11
r,0,pôrten,48.96894185,0.073117026,t,379.9869185,1031.514397,2552.944796,2958.488122,LL,11
t,0,pôrten,49.05113493,0.091269131,e,670.1513767,1889.050318,3229.989784,4109.211216,LL,11
e,0,pôrten,49.12336182,0.05318464952,n,425.5610058,1716.004458,2440.093822,3676.464974,LL,11
n,0,pôrten,49.19139242,0.082876567,v,299.8534651,1478.848102,2353.899058,3387.555891,LL,11
v,0,vî,49.26377829,0.061895158,iː,217.1250379,1539.159174,2333.07751,3426.247712,LL,11
iː,1,vî,49.34139678,0.093341831,l,273.651899,2124.66201,2457.806759,3431.538862,LL,11
l,0,la,49.41114725,0.046159101,a,291.1784435,1502.232896,2584.370888,3673.509933,LL,11
a,0,la,49.46097809,0.05350259386,b,579.5931825,1401.812511,2536.619291,3619.915271,LL,11
b,0,bûrsa,49.53897489,0.1024909996,uː,217.5493495,1070.774369,2478.992379,4017.996929,LL,11
uː,1,bûrsa,49.6449914,0.1095420272,r,282.3422829,653.7533747,2688.73096,3291.994503,LL,11
r,0,bûrsa,49.7396271,0.079729356,s,320.4360385,862.6202521,2476.16832,3116.652522,LL,11
s,0,bûrsa,49.84849836,0.1380131627,a,1220.620812,2017.912055,3070.599352,3679.433113,LL,11
a,0,a,49.95323373,0.071457584,u,575.6124613,1195.350508,2351.341644,3202.901437,LL,11
u,0,una,50.01571382,0.05350259386,n,450.1025577,711.5951251,2360.483616,2989.762255,LL,11
n,0,una,50.08180526,0.078680285,a,298.5775569,956.7170466,2303.643677,2721.534486,LL,11
a,0,una,50.1478967,0.05350259386,v,581.3489504,1317.933126,2469.828313,3847.59922,LL,11
v,0,vècia,50.21023055,0.071165118,ɛː,292.31589,1223.362546,2238.696075,3493.790321,LL,11
ɛː,1,vècia,50.3349841,0.1783419795,ʦ,624.0022213,1666.354644,2181.710838,3100.951932,LL,11
ʦ,0,vècia,50.49922403,0.1501378692,a,1050.429212,1976.921328,2999.987327,3900.990209,LL,11
a,0,vècia,50.64143347,0.1342810199,NA,569.9112024,1609.217169,2378.080643,3909.109286,LL,11
a,0,a,51.10131415,0.075533074,m,689.4681803,1444.719423,2616.908775,3856.576431,LL,11
m,0,mé,51.18104351,0.083925637,e,288.2210406,1276.587074,2132.751474,3480.783162,LL,11
e,1,mé,51.32549733,0.204981999,k,451.13326,2051.79492,2704.232773,3848.01262,LL,11
k,0,cus'am,51.47834371,0.1007107649,u,1007.889191,1969.828821,3546.501493,4386.572227,LL,11
u,0,cus'am,51.54915597,0.040913748,s,375.314214,991.441413,2302.039825,3238.732087,LL,11
s,0,cus'am,51.61508845,0.090951224,a,1375.995329,1954.486397,3152.410871,3472.51887,LL,11
a,0,cus'am,51.68626629,0.051404453,m,573.3720813,1368.357575,2368.901413,3288.322162,LL,11
m,0,cus'am,51.74290338,0.061869717,n,289.0722827,1067.636608,2230.521803,3002.895436,LL,11
n,0,n,51.80950663,0.071336792,i,328.6335553,1275.622901,2438.918021,2600.01688,LL,11
i,0,in,51.88399063,0.077631215,n,339.8096717,2098.340666,2606.3585,3614.581879,LL,11
n,0,in,51.97106348,0.096514483,f,329.1262801,1139.675515,2300.058548,3058.335921,LL,11
f,0,frêga,52.07071246,0.1027834653,r,1337.855415,2542.663305,2788.631467,3701.32718,LL,11
r,0,frêga,52.16668968,0.08917099,eː,345.3425068,1369.850454,2281.391664,2405.302798,LL,11
eː,1,frêga,52.30702034,0.1914903159,g,406.4477358,2031.491434,2603.677536,3608.912083,LL,11
g,0,frêga,52.44105657,0.076582144,a,256.9277954,2092.200217,2267.093181,3571.210135,LL,11
a,0,frêga,52.5572713,0.1558473225,n,510.2327396,1607.088739,2438.401133,3631.779557,LL,11
n,0,nå,52.70060291,0.1308159022,ɑ,284.7481875,1052.922418,2318.639437,2522.455787,LL,11
ɑ,1,nå,52.84259301,0.1531642883,n,770.9911965,1397.313379,2570.92252,3531.968027,LL,11
n,0,nå,52.94651136,0.054672419,ɑ,302.0977636,1251.897238,2500.087994,2760.319163,LL,11
ɑ,1,nå,53.11755754,0.2874199437,NA,795.3434556,1427.010073,2483.859206,3537.897782,LL,11
m,0,mé,53.64098007,0.098612624,e,269.7479304,1370.563626,2307.618327,2361.061762,LL,11
e,1,mé,53.75847596,0.1363791608,NA,475.0228697,2109.633705,2752.501127,3678.097227,LL,11
a,0,a,53.94661243,0.05350259386,t,711.1984048,1455.923189,2231.364371,3377.865424,LL,11
t,0,tîr,54.03090365,0.1150798452,iː,616.5519767,1529.672024,2087.723479,3519.184363,LL,11
iː,1,tîr,54.13827442,0.099661694,r,312.8443167,2076.068705,2480.742452,3606.511371,LL,11
r,0,tîr,54.21941843,0.062626322,d,381.4690473,1406.513355,2334.053064,3622.556953,LL,11
d,0,drétt,54.2895472,0.077631215,r,251.3858286,1249.66069,2451.966895,3828.489297,LL,11
r,0,drétt,54.3602005,0.063675392,e,475.1983303,1381.043461,2234.774589,3569.536249,LL,11
e,1,drétt,54.44606533,0.1080542582,tː,483.5428608,1770.041222,2452.706186,3634.570781,LL,11
tː,0,drétt,54.60146127,0.2027376254,NA,725.0430578,1766.594941,2646.399515,3649.299566,LL,11
p,0,parché,54.9667921,0.036717466,a,1228.844907,2296.951948,3288.333067,3490.363936,LL,11
a,0,parché,55.00665678,0.043011889,r,615.6682377,1253.568173,2451.929233,3284.724345,LL,11
r,0,parché,55.05701216,0.05769887574,k,401.4974429,1475.424405,2342.570121,3532.017094,LL,11
k,0,parché,55.11051475,0.049306312,e,888.3337045,1923.901254,2445.637816,3708.676235,LL,11
e,1,parché,55.16349281,0.056649805,p,466.5881772,1909.494522,2434.694458,3539.862046,LL,11
p,0,par,55.23983016,0.096024903,a,456.2555263,1943.947723,2324.672241,3621.837284,LL,11
a,0,par,55.30934856,0.043011889,r,636.8634164,1208.782774,2365.968516,3369.101768,LL,11
r,0,par,55.36442476,0.06714051,m,485.173507,1330.220334,2215.655774,2682.06884,LL,11
m,0,mé,55.44362958,0.091269131,e,285.7126795,1172.253277,2217.065349,2901.636768,LL,11
e,1,mé,55.5740799,0.1696315095,NA,451.0985762,1942.599771,2421.940519,3446.667371,LL,11
l,0,l,55.80445894,0.02832490263,e,288.6346557,1430.723737,2470.448426,3450.488255,LL,11
e,1,é,55.8485199,0.059797017,p,486.3413164,1636.912547,2462.687663,3413.336898,LL,11
p,0,pèra,55.92644358,0.096050344,ɛː,453.6130314,1701.242847,2467.217504,3506.689181,LL,11
ɛː,1,pèra,56.0437074,0.1384773018,r,582.1514661,1673.936044,2383.162689,3420.345975,LL,11
r,0,pèra,56.13264632,0.03940053867,a,560.5434126,1298.678583,2153.354507,3144.537331,LL,11
a,0,pèra,56.19116062,0.077628062,a,717.0778921,1381.259725,2155.786836,3163.345307,LL,11
a,0,anc,56.26024032,0.060531333,n,671.5906282,1536.845065,2289.959438,3414.270173,LL,11
n,0,anc,56.30676658,0.032521185,k,391.8767618,1248.85855,2268.576077,3289.956837,LL,11
k,0,anc,56.35712196,0.06818958,t,193.721443,1402.66436,3083.476792,3615.07413,LL,11
t,0,tragg',56.42357898,0.064724463,r,442.4660718,1795.116635,2751.702789,3719.557555,LL,11
r,0,tragg',56.49580589,0.079729356,a,579.6237003,1253.142515,2153.746054,3578.906782,LL,11
a,1,tragg',56.60100541,0.1306696694,dzː,756.984451,1445.347396,2423.84721,3486.55784,LL,11
dzː,0,tragg',56.78112762,0.229574759,NA,967.5945134,1877.329145,3101.395509,3810.920483,LL,11
m,0,mé,57.75110857,0.037766537,e,284.4517771,1220.54761,2359.240933,2844.712797,LL,11
e,1,mé,57.82349443,0.1070051877,NA,495.538023,1928.160196,2607.614121,3638.377472,LL,11
a,0,a,58.01343658,0.036717466,s,662.3938283,1492.906632,2202.342351,3337.038111,LL,11
s,0,sån,58.0926414,0.1216921743,ɑ,1465.304482,2509.03165,3056.727884,4064.981047,LL,11
ɑ,1,sån,58.20480611,0.1026372324,n,703.4263619,1528.01092,2020.646305,3264.694863,LL,11
n,0,sån,58.28340055,0.054551664,b,698.9185721,1500.13043,2390.479686,4784.201308,LL,11
b,0,bån,58.34949199,0.077631215,ɑ,217.7746191,1052.040742,2408.034315,3526.094387,LL,11
ɑ,1,bån,58.46435249,0.152089777,n,833.1128024,1558.459193,2425.690376,3777.225538,LL,11
n,0,bån,58.57554124,0.070287721,NA,619.3932246,1553.22459,2219.132308,4783.097627,LL,11
e,0,ed,58.85028642,0.03566839591,dː,436.1214956,1792.139936,2423.71241,3400.545558,LL,11
dː,0,ed,58.93345546,0.1306696694,i,218.0032437,1566.796034,2464.213029,3692.724008,LL,11
i,0,difànndrum,59.01242821,0.02727583217,f,305.5174558,1960.580724,2537.28639,3518.516388,LL,11
f,0,difànndrum,59.08691221,0.1216921743,a,1049.070306,1464.73269,2562.417192,3773.562557,LL,11
a,1,difànndrum,59.20004015,0.1045636999,nː,772.0513219,1322.243849,2355.893588,3637.492172,LL,11
nː,0,difànndrum,59.28694132,0.069238651,d,288.8674582,1191.499885,2380.71297,2916.245705,LL,11
d,0,difànndrum,59.33729671,0.03147211404,r,1497.232103,2620.648792,3607.599371,4911.035962,LL,11
r,0,difànndrum,59.38546811,0.064870696,u,521.5086545,1143.864141,2137.158889,3503.483867,LL,11
u,0,difànndrum,59.42996777,0.02412862076,m,262.4148656,932.6591215,2428.220639,3343.802737,LL,11
m,0,difànndrum,59.46511163,0.046159101,d,278.8042844,931.3004471,2383.742881,2767.052286,LL,11
d,0,da,59.50917259,0.041962819,a,234.3651265,1214.409125,2554.443129,3639.483156,LL,11
a,0,da,59.55218448,0.04406095965,p,610.4992464,1281.176589,2536.493779,3620.563674,LL,11
p,0,par,59.61384757,0.079265216,a,493.0417663,1169.007486,2460.062981,3313.500458,LL,11
a,0,par,59.66764263,0.02832490263,r,580.3954356,1127.450013,2372.107264,3138.055253,LL,11
r,0,par,59.7164244,0.069238651,m,835.5181029,1227.080446,2137.931673,3569.572163,LL,11
m,0,mé,59.78776119,0.073434933,e,305.9831681,1209.939451,2199.017526,2876.611778,LL,11
e,1,mé,59.86313531,0.077313308,NA,540.3631585,1835.431132,2587.615336,3519.981302,LL,11
s,0,såtta,60.84215644,0.1689003453,ɑ,1367.818355,2135.540553,2813.615275,3777.370859,LL,11
ɑ,1,såtta,60.95807873,0.062944228,tː,744.1558118,1368.180702,2160.180125,4171.29419,LL,11
tː,0,såtta,61.06141217,0.1437226541,a,468.3323037,1372.51164,2343.789854,3638.691635,LL,11
a,0,såtta,61.15259544,0.03864389581,l,610.235843,1481.322291,2452.983683,4398.437321,LL,11
l,0,al,61.20601218,0.06818958,k,324.0912335,1260.317113,2322.14917,3355.729792,LL,11
k,0,cusén,61.30603946,0.1318649727,u,684.2599864,1869.997515,3091.431706,3870.64557,LL,11
u,0,cusén,61.39505149,0.046159101,s,324.4697067,939.6629528,2396.062716,3618.847925,LL,11
s,0,cusén,61.49681133,0.1573605702,e,1315.026581,2033.605001,3099.975034,3785.485485,LL,11
e,1,cusén,61.64553455,0.140085863,n,466.0093661,2123.6291,2172.711997,4225.219103,LL,11
n,0,cusén,61.76016297,0.08917099,NA,422.2456988,488.8806964,2348.351386,2586.17627,LL,11
a,0,a,61.99131134,0.041962819,t,722.387936,1499.213092,2365.554836,3669.215437,LL,11
t,0,téggn,62.09307117,0.1615568521,e,549.4087011,1482.762651,2392.243093,3957.377058,LL,11
e,1,téggn,62.20710195,0.066504697,ɲː,436.224447,2036.638962,2582.625296,4000.589026,LL,11
ɲː,0,téggn,62.30224945,0.1237903152,u,297.0869919,940.0835698,2196.079878,3446.790773,LL,11
u,0,una,62.38512602,0.041962819,n,395.47506,1113.028165,2340.695481,3003.529994,LL,11
n,0,una,62.42918698,0.046159101,a,314.8094543,1131.57877,2434.39822,2946.458639,LL,11
a,0,una,62.47482155,0.04511003012,p,563.2572897,1358.350058,2454.635042,3957.882032,LL,11
p,0,pistålla,62.55790474,0.1210563617,i,495.5453026,1315.136802,2639.418708,3629.402114,LL,11
i,0,pistålla,62.64518422,0.05350259386,s,284.0836594,2013.399983,2255.365547,3245.582011,LL,11
s,0,pistålla,62.72992686,0.1159826828,t,1668.6013,2415.43318,2920.104426,3875.824537,LL,11
t,0,pistålla,62.85558324,0.1353300904,ɑ,1232.831383,2148.556385,3281.299675,NA,LL,11
ɑ,1,pistålla,62.97373718,0.10097779,lː,751.3602767,1416.760889,2381.051179,3850.3943,LL,11
lː,0,pistålla,63.13009636,0.2117405611,a,451.5855645,1282.557166,2584.267228,3995.175413,LL,11
a,0,pistålla,63.27006143,0.06818958,s,622.6552228,1405.613699,2438.252957,4063.660085,LL,11
s,0,sänper,63.38808186,0.1678512749,æ,1486.710308,2128.211727,2577.405723,3962.937106,LL,11
æ,1,sänper,63.52511907,0.1062231423,n,803.9918931,1496.675844,2179.967364,3733.086946,LL,11
n,0,sänper,63.63855219,0.1206431038,p,702.6790491,1611.536357,2286.270967,4007.918313,LL,11
p,0,sänper,63.76802656,0.1383056283,e,636.0134528,2209.617113,2770.572076,4055.916758,LL,11
e,0,sänper,63.86707788,0.059797017,r,472.4407806,1597.368247,2318.497422,3680.694971,LL,11
r,0,sänper,63.92635036,0.058747946,k,369.0571431,1451.651834,2188.432876,3452.074136,LL,11
k,0,cârga,64.0313178,0.1511869396,a,361.5803201,2031.257092,2573.667163,3804.200296,LL,11
a,1,cârga,64.22709024,0.2403579294,r,827.0869443,1352.385185,2076.229378,3135.780601,LL,11
r,0,cârga,64.39133016,0.088121919,g,466.5088161,1308.501385,2202.951521,3466.364434,LL,11
g,0,cârga,64.48517055,0.099558856,a,237.5531747,1784.388766,2378.114116,3911.261454,LL,11
a,0,cârga,64.57320663,0.076513309,NA,504.6850047,1913.680021,2340.974343,3803.242424,LL,11
m,0,mî,65.68774278,0.05769887574,iː,250.6242701,1779.757494,2271.52923,3705.436323,LL,11
iː,1,mî,65.74124537,0.04930631199,f,304.3683148,2115.035033,2750.205004,3000.6502,LL,11
f,0,fiôl,65.82884276,0.1258884562,j,1442.221354,2173.069121,2831.417257,3885.571241,LL,11
j,0,fiôl,65.92789408,0.072214189,oː,366.9650954,1916.351755,2390.52663,3070.386642,LL,11
oː,1,fiôl,66.03743611,0.1468698655,l,490.7178653,901.7754265,2676.026524,3271.290721,LL,11
l,0,fiôl,66.14811304,0.074484003,NA,359.3619706,1155.531889,2062.316228,3440.316063,LL,11
a,0,al,66.48399674,0.054551664,l,650.0140127,1315.801357,2564.172403,3429.999028,LL,11
l,0,al,66.53225398,0.041962819,d,317.6748547,1352.207859,2649.156841,3491.174546,LL,11
d,0,dîS,66.58926937,0.072067956,iː,238.838217,1557.723417,2473.144176,3482.715687,LL,11
iː,1,dîS,66.65677546,0.062944228,z,347.4691226,1990.144759,2429.625834,3531.939854,LL,11
z,0,dîS,66.72181783,0.06714051,a,1696.658835,2576.806778,3727.624919,4326.415321,LL,11
a,0,acsé,66.77846764,0.046159101,k,517.4834025,1501.107872,2132.548165,3837.00036,LL,11
k,0,acsé,66.82365978,0.044225184,s,486.5297251,1636.490941,2224.74279,3614.812299,LL,11
s,0,acsé,66.8940079,0.096471051,e,1516.886182,2354.586067,3351.131257,3841.830807,LL,11
e,1,acsé,66.97004379,0.0556007348,k,475.9400355,1810.76449,2348.902663,2942.084634,LL,11
k,0,ch'a,67.04256315,0.089437977,a,754.2155543,1748.498841,2403.683606,3713.419248,LL,11
a,0,ch'a,67.11036168,0.046159101,s,580.4690358,1513.909808,2406.468343,3701.473862,LL,11
s,0,sån,67.19271372,0.1185449629,ɑ,1422.711866,2269.421355,2786.066943,3692.928386,LL,11
ɑ,1,sån,67.29866983,0.093367272,n,751.0522865,1472.603524,2141.599643,3375.617123,LL,11
n,0,sån,67.39314655,0.095586167,u,513.7894829,1446.161984,2535.67792,2659.111843,LL,11
u,0,un,67.46034744,0.03881560731,n,481.0607284,904.3040022,2471.751267,3287.402082,LL,11
n,0,un,67.49601584,0.032521185,e,294.8560169,1282.92771,2447.164039,3055.13677,LL,11
e,0,eguéssta,67.54479761,0.065042369,g,475.2671243,1712.910639,2328.716098,3505.255743,LL,11
g,0,eguéssta,67.61252303,0.070408476,w,280.9583094,1560.843407,2206.499811,3639.056829,LL,11
w,0,eguéssta,67.68129753,0.06714051,e,436.269484,919.4505811,2356.881783,3253.160687,LL,11
e,1,eguéssta,67.76522316,0.1007107649,sː,536.8383484,1662.864005,2426.512523,3382.828198,LL,11
sː,0,eguéssta,67.85213706,0.073117026,t,1725.941702,2652.798999,3646.067005,4086.882781,LL,11
t,0,eguéssta,67.92174129,0.066091439,a,1483.665857,2238.357487,3316.390675,4043.670283,LL,11
a,0,eguéssta,68.0051424,0.1007107649,NA,558.8331914,1539.554943,2506.875664,3735.299652,LL,11
e,0,e,68.43496558,0.1185194461,a,405.4561918,2070.091634,2617.092351,3592.482314,LL,11
a,0,ajîr,68.53671266,0.084974708,j,596.2658001,1755.318568,2422.852266,3444.56116,LL,11
j,0,ajîr,68.59808328,0.037766537,iː,384.8910403,2122.259951,2667.496839,3639.499876,LL,11
iː,1,ajîr,68.73160771,0.2292823314,r,359.6163533,2199.323375,2825.384098,3709.752324,LL,11
r,0,ajîr,68.89000465,0.087511547,l,357.0600772,1374.653221,2253.344813,3861.995763,LL,11
l,0,l,68.96523254,0.062944228,e,373.7450922,1263.368031,2541.039608,3551.686742,LL,11
e,1,é,69.0197842,0.046159101,s,483.8419128,1508.153672,2463.060093,2627.054479,LL,11
s,0,scapè,69.07276226,0.059797017,k,1673.592348,2533.467607,3276.924932,4099.457937,LL,11
k,0,scapè,69.14895336,0.092585188,a,1872.34791,2067.32426,3274.725067,4652.270092,LL,11
a,0,scapè,69.21360469,0.036717466,p,551.4734354,1456.288151,2165.863962,3281.472747,LL,11
p,0,scapè,69.2791716,0.094416342,ɛː,507.1982269,1414.273019,2144.622553,3677.523847,LL,11
ɛː,1,scapè,69.35514337,0.057527202,d,567.3205378,1507.114798,2392.960029,3451.083572,LL,11
d,0,da,69.41695269,0.066091439,a,459.812724,1527.250608,2429.218595,3803.601826,LL,11
a,0,da,69.47779878,0.0556007348,k,593.6681402,1544.899439,2418.271315,3458.385139,LL,11
k,0,cà,69.55422197,0.097245647,a,488.7247899,1560.349637,2135.327984,3157.310401,LL,11
a,1,cà,69.68677043,0.1678512749,NA,706.4903996,1468.4766,2182.098682,3273.450862,LL,11
i,0,i,70.68799371,0.1038325357,ð,302.9791761,1899.879773,2412.945525,3300.819465,LL,11
ð,0,Zûven,70.79288803,0.1059561173,uː,1436.906577,2586.137132,3715.13573,4724.089253,LL,11
uː,1,Zûven,70.90722399,0.1227158041,v,344.2940154,856.8306465,2467.692112,3299.743899,LL,11
v,0,Zûven,71.01211832,0.087072849,e,285.615025,957.8629685,2413.290921,3322.576281,LL,11
e,0,Zûven,71.08801698,0.064724463,n,464.1280844,1497.602241,2383.480414,3466.647136,LL,11
n,0,Zûven,71.16129296,0.081827496,d,280.5659035,1317.107138,2391.947122,3608.697062,LL,11
d,0,d,71.24259592,0.080778426,i,226.7383186,1362.587829,2400.419756,3568.022192,LL,11
i,0,incû,71.32838763,0.090804992,n,307.2751066,2127.274213,2594.828731,3473.131847,LL,11
n,0,incû,71.42047376,0.093367272,k,373.8954822,2008.721221,2373.190437,3510.956037,LL,11
k,0,incû,71.53226016,0.1302055303,uː,800.9329201,1105.398612,3482.806741,3626.942592,LL,11
uː,1,incû,71.6927425,0.1907591517,NA,349.9393867,658.8042241,2565.343682,3155.846207,LL,11
j,0,i,72.07485842,0.03639956,e,278.4632002,2062.72595,2689.645224,3515.046674,LL,11
e,1,én,72.13134927,0.076582144,n,412.7589315,2101.154075,2606.842651,3348.552637,LL,11
n,0,én,72.20635781,0.073434933,f,536.8582452,2003.68809,2358.171255,3461.607434,LL,11
f,0,fât,72.32105935,0.1559681528,aː,1192.400898,1982.264871,2928.115618,3878.049804,LL,11
aː,1,fât,72.46251219,0.1269375266,t,726.8306161,1217.608187,2259.258506,3386.065302,LL,11
t,0,fât,72.58315529,0.114348681,a,602.0455183,1218.491635,2743.134484,3517.854135,LL,11
a,0,a,72.65554116,0.03042304357,s,500.6785924,1267.836108,2354.584618,3386.685525,LL,11
s,0,sô,72.73892954,0.1363537202,oː,1407.912568,2312.524276,3240.403985,4099.996469,LL,11
oː,1,sô,72.83280862,0.051404453,m,479.5530905,1028.914641,2309.793586,3231.369147,LL,11
m,0,môd,72.88578668,0.054551664,oː,728.5109504,2246.060495,2859.20769,NA,LL,11
oː,1,môd,73.05031907,0.2745131157,d,486.8659894,824.5882253,2593.785381,3142.314378,LL,11
d,0,môd,73.29615442,0.217157587,NA,898.5901767,1792.034799,2847.638559,3737.15642,LL,11
k,0,qualla,0.1334081753,0.07945245751,w,608.1949776,708.9204877,1700.268725,3692.532048,LL,12
w,0,qualla,0.1971487303,0.04802865253,a,667.2792848,1063.275239,2016.906844,3434.639809,LL,12
a,1,qualla,0.2736594907,0.1049928683,l:,693.6973721,1226.127259,2209.428068,3517.743056,LL,12
lː,0,qualla,0.3680413777,0.08377090558,a,447.3951691,1194.638583,2330.016143,3820.629023,LL,12
a,0,qualla,0.5106417716,0.2014298822,d,703.3377894,1399.081575,2480.66915,3640.457391,LL,12
d,0,däl,0.6813875374,0.1400616495,æ,223.8686286,1405.932864,2495.208121,3394.414221,LL,12
æ,1,däl,0.7838400403,0.06484335624,l,440.9235013,1662.581207,2531.562176,3531.791187,LL,12
l,0,däl,0.8830503753,0.1335773138,d,328.9449406,1411.155468,2542.072022,3640.178053,LL,12
d,0,dågg',0.9913387802,0.08299949598,ɑ,212.1074868,1565.522627,2360.485208,3620.546934,LL,12
ɑ,1,dågg',1.097033451,0.1283898454,dz:,694.0725621,1321.154134,2338.120529,3731.397383,LL,12
dzː,0,dågg',1.238920207,0.1553836663,l,1487.167183,2664.171392,3374.843041,4578.83261,LL,12
l,0,leziån,1.35486962,0.07651516036,e,298.9644918,1323.89974,2213.370534,3536.563346,LL,12
e,0,leziån,1.42036141,0.05446841924,θ,375.3408492,1583.878962,2458.51405,3631.565894,LL,12
θ,0,leziån,1.511142109,0.1270929782,j,740.6874497,1564.118993,2824.900436,3679.577158,LL,12
j,0,leziån,1.60062594,0.05187468499,ɑ,291.6554121,2048.27946,2565.655429,3599.366748,LL,12
ɑ,1,leziån,1.676492667,0.09985876861,ŋ,594.9762836,1892.764087,2614.017643,3530.38362,LL,12
ŋ,0,leziån,1.821710628,0.1905771545,NA,539.2353767,1097.755611,2020.216674,4578.728078,LL,12
l,0,leziån,2.28844172,0.06003183907,e,303.5985244,1800.489504,2348.500781,3580.96395,RM,12
e,0,leziån,2.357888855,0.07886243192,θ,407.4954078,2124.739308,3003.907327,4558.716199,RM,12
θ,0,leziån,2.472996142,0.1513521421,j,1300.142361,2236.642093,3268.901792,3713.777169,RM,12
j,0,leziån,2.578544347,0.05974426661,ɑ,403.048106,2231.95351,2802.143222,4472.435026,RM,12
ɑ,1,leziån,2.673736878,0.1306407963,ŋ,1016.172734,1637.542123,2839.713606,3212.83991,RM,12
ŋ,0,leziån,2.795615182,0.1131158114,NA,410.9787451,1116.175367,2028.883532,3328.995673,RM,12
n,0,nómmer,3.180205158,0.2189212999,o,262.6500626,953.0275394,1804.701395,3152.392711,RM,12
o,1,nómmer,3.333785152,0.08823868721,m:,502.4265351,1161.347267,3111.658579,3840.049482,RM,12
mː,0,nómmer,3.453856783,0.1519045755,e,260.6010807,1293.724238,1991.77072,2958.071906,RM,12
e,0,nómmer,3.563875906,0.06813366987,r,532.8256192,1272.025984,2010.130009,2968.823964,RM,12
r,0,nómmer,3.634243466,0.0726014515,NA,373.0459183,1521.114651,2372.832554,3714.870049,RM,12
d,0,dågg',3.885356363,0.1208175231,ɑ,179.7485654,538.3600904,1651.551265,2998.638116,RM,12
ɑ,1,dågg',4.030032809,0.1685353684,dz:,1021.057203,1333.541182,2735.659855,2806.208389,RM,12
dzː,0,dågg',4.313801697,0.3990024083,NA,1147.945608,2302.515825,3284.115655,3792.094837,RM,12
s,0,sócc'mel,5.18673455,0.1935351404,o,1188.553189,2453.427785,2505.538042,3514.640909,LL,12
o,1,sócc'mel,5.347822934,0.1286416273,ts:,595.8206111,804.7746159,2732.476846,3283.997729,LL,12
tsː,0,sócc'mel,5.549489449,0.274691404,m,1166.724108,2321.488843,2536.918515,3529.203616,LL,12
m,0,sócc'mel,5.744902333,0.1161343625,e,252.7430435,1090.308262,1970.847431,3231.988754,LL,12
e,0,sócc'mel,5.834701424,0.06346382072,l,458.0386683,1459.941652,2300.86745,3197.825978,LL,12
l,0,sócc'mel,5.900924367,0.06898206492,k,343.4007018,1350.385821,2319.757558,3274.550199,LL,12
k,0,che,5.989224586,0.1076183723,e,395.5187652,1881.550532,2441.497008,4286.582074,LL,12
e,0,che,6.070975874,0.0558842045,p,401.0964219,1784.931951,2147.598324,3448.213345,LL,12
p,0,pòra,6.156111967,0.1143879811,ɔ:,366.1446918,1495.395837,2000.604377,3026.763152,LL,12
ɔː,1,pòra,6.348173385,0.269734855,r,507.4998098,760.9781774,2739.439181,3361.523365,LL,12
r,0,pòra,6.516658654,0.06723568353,a,782.2502344,1181.970247,2056.393177,3783.396257,LL,12
a,0,pòra,6.60688749,0.1132219878,NA,477.3482525,1351.180762,2211.387688,3610.809444,LL,12
l,0,l'é,8.085340808,0.1188498879,e,297.2026974,1888.650208,3557.545868,4598.506658,RM,12
e,1,l'é,8.184417314,0.07930312395,s,424.9824772,2444.161978,3162.319377,4653.071909,RM,12
s,0,sîra,8.291946154,0.1357545558,i:,1119.397595,2332.150165,3445.016481,4545.863376,RM,12
iː,1,sîra,8.428515574,0.1373842852,r,284.8714769,1278.896391,2836.476354,3452.105798,RM,12
r,0,sîra,8.529040661,0.06366588824,a,389.9994209,1781.87627,2591.336086,2904.155766,RM,12
a,0,sîra,8.617279348,0.1128114862,NA,728.8499405,1683.977013,2688.436726,4609.404008,RM,12
e,0,e,9.201484962,0.07643980063,l,394.0137223,2454.355175,3135.307383,4545.436043,RM,12
l,0,la,9.265181944,0.05095416319,a,374.0584651,1771.97867,3197.498939,3629.846317,RM,12
a,0,la,9.322747386,0.06417672104,d,934.719626,1808.823065,2277.195594,3360.104671,RM,12
d,0,deléNna,9.392126197,0.07458090152,e,272.4713888,1654.737797,2833.851749,4511.952337,RM,12
e,0,deléNna,9.459015701,0.05919810661,l,457.9391363,830.1919438,2287.224736,3133.302369,RM,12
l,0,deléNna,9.508719772,0.04021003468,e,407.1377812,1475.178841,2993.657207,3259.518386,RM,12
e,1,deléNna,9.564676829,0.07170407954,ŋ,404.7327542,1748.235008,2572.572318,3215.29625,RM,12
ŋ,0,deléNna,9.642414321,0.08377090558,n,370.0047197,1247.364946,2533.27788,3161.831294,RM,12
n,0,deléNna,9.707755628,0.04691170713,a,336.3635477,1201.383166,2201.526219,3305.556872,RM,12
a,0,deléNna,9.755881876,0.04934079033,l,420.6894642,1729.662311,2507.889847,4031.125961,RM,12
l,0,la,9.808552195,0.05599984744,a,390.9649119,1578.531319,3146.34268,4424.131997,RM,12
a,0,la,9.866117637,0.05913103678,n,854.0053426,1572.58737,2903.068015,4285.940864,RM,12
n,0,n,9.921119049,0.05087178605,a,300.6324035,1164.313077,2026.96823,3021.683071,RM,12
a,1,à,9.979240836,0.06537178823,b,980.6806723,1752.904394,2862.928531,4302.926507,RM,12
b,0,brîSa,10.0452814,0.06670933188,r,249.1166928,640.9359045,1633.827272,2831.570497,RM,12
r,0,brîSa,10.09315635,0.0290405806,i:,311.1008019,1663.183011,2523.62404,3733.2408,RM,12
iː,1,brîSa,10.13671722,0.0580811612,z,352.4808403,2251.129407,2739.920561,4135.838535,RM,12
z,0,brîSa,10.19535686,0.05919810661,a,231.0627724,2128.374304,3100.0364,3900.953379,RM,12
a,0,brîSa,10.25280473,0.05569763059,v,465.96617,1637.656489,2751.857863,4225.495568,RM,12
v,0,vójja,10.32221082,0.08311455086,o,212.5513473,1464.998989,2605.208964,3933.85696,RM,12
o,1,vójja,10.39895187,0.07036756069,j:,397.4941587,1030.017067,2949.031791,3904.338648,RM,12
jː,0,vójja,10.46764401,0.06701672447,ɛ,283.6097416,2504.052686,2844.82607,3995.237073,RM,12
ɛ,0,vójja,10.52512031,0.04793587295,d,325.7321426,2155.925701,2866.257593,3840.325518,RM,12
d,0,ed,10.59619669,0.09421688569,d,331.6574351,2198.897822,3028.474686,4520.064106,RM,12
d,0,durmîr,10.67840798,0.07020569196,u,244.2968798,2235.532034,2919.747999,3750.447642,RM,12
u,0,durmîr,10.75939165,0.0917616512,r,336.5805496,1125.305459,2899.208528,3998.90963,RM,12
r,0,durmîr,10.84324862,0.07595228773,m,336.0791904,1308.157722,2360.387364,3450.892625,RM,12
m,0,durmîr,10.92813647,0.09382341425,i:,298.6927449,1216.84933,2312.132728,3520.052474,RM,12
iː,0,durmîr,11.02642767,0.1027589775,r,335.2403483,2674.703779,3421.435371,4488.098757,RM,12
r,0,durmîr,11.11089118,0.06616803399,NA,430.0341591,1606.897928,1851.708466,2752.046841,RM,12
e,0,e,11.62071473,0.08434006635,ɲ,411.8370766,2564.99797,3242.525863,4438.116045,RM,12
ɲ,0,gnanc,11.74961235,0.1734551889,a,288.250252,1191.861004,2384.623614,3988.28153,RM,12
a,0,gnanc,11.88492707,0.09717425048,n,1062.932296,1668.121384,2911.888685,4333.368534,RM,12
n,0,gnanc,12.03683165,0.2066349004,k,345.4984679,617.735258,2099.759596,3551.168812,RM,12
k,0,gnanc,12.1831738,0.08604939847,NA,1137.141153,2003.350251,2643.730163,3797.998575,RM,12
e,0,ed,12.47109239,0.05890417332,d,435.176313,1733.191335,2379.08375,3144.287078,RM,12
d,0,ed,12.54204514,0.08300133514,g,327.6865134,2262.337128,3008.4308,4873.348776,RM,12
g,0,guardèr,12.63065558,0.09421953848,w,198.6970724,565.5819322,2543.985551,3963.625954,RM,12
w,0,guardèr,12.71183219,0.06813366987,a,409.0772279,1081.599581,2710.569963,3969.512278,RM,12
a,0,guardèr,12.77773196,0.06366588824,r,766.868542,1616.527286,2684.811469,4147.749161,RM,12
r,0,guardèr,12.84530716,0.0714845061,d,325.7338607,1666.985964,2621.843839,4420.941749,RM,12
d,0,guardèr,12.9201425,0.07818617854,ɛ:,210.276376,522.5942269,1826.085379,3302.501262,RM,12
ɛː,1,guardèr,13.02345995,0.1284487219,r,526.1361738,2123.827051,2454.026615,2705.757777,RM,12
r,0,guardèr,13.11139369,0.04741875617,a,407.2531611,1739.581153,2678.939087,3462.271333,RM,12
a,0,al,13.17457408,0.07894201125,l,949.6243326,1657.951387,2711.222013,4104.496582,RM,12
l,0,al,13.253055,0.07801984442,k,391.3585977,1518.917825,2842.294941,3856.907173,RM,12
k,0,cuncåurs,13.33292547,0.08172108924,u,703.6964989,1326.085542,2981.700974,4144.62147,RM,12
u,0,cuncåurs,13.40617743,0.06478283365,n,389.8233673,989.1415964,2916.462505,3906.98457,RM,12
n,0,cuncåurs,13.50391016,0.1306826127,k,295.6346859,1185.049988,2007.372374,3358.33469,RM,12
k,0,cuncåurs,13.61008121,0.08165948996,ɑu,1184.91383,1934.918328,2616.65892,3799.612509,RM,12
ɑu,1,cuncåurs,13.73126978,0.1607176635,r,1099.716869,1537.923992,2712.796913,4054.61074,RM,12
r,0,cuncåurs,13.83645928,0.04966131907,s,361.1530333,1361.634376,2472.181542,3791.891406,RM,12
s,0,cuncåurs,13.89509891,0.06761794874,s,1422.636874,2822.93457,3693.114817,3977.639571,RM,12
s,0,stóppid,13.97189687,0.08597797792,t,1151.595827,2639.311033,3569.129762,3938.846785,RM,12
t,0,stóppid,14.08449988,0.139228046,o,114.6814886,1634.745007,2699.485791,3819.344119,RM,12
o,1,stóppid,14.18356599,0.05890417332,p:,521.6949775,1248.141,2951.817943,3929.407049,RM,12
pː,0,stóppid,14.2826321,0.139228046,i,527.2453303,1003.636026,3095.0849,NA,RM,12
i,0,stóppid,14.37500456,0.0455168612,d,408.2349772,2435.345898,2902.8341,4146.341295,RM,12
d,0,stóppid,14.43324814,0.07097030435,p,1301.372639,2624.465909,3052.690146,3716.568245,RM,12
p,0,par,14.52320992,0.1089532591,a,362.1655481,2640.361031,3565.548322,NA,RM,12
a,0,par,14.60610914,0.05684517866,r,927.1089966,1567.376998,2629.954606,4023.201262,RM,12
r,0,par,14.65821722,0.04737098222,t,343.697095,1548.256338,2646.527166,4483.552894,RM,12
t,0,televiSiån,14.72058901,0.07737260429,e,428.962133,1634.181484,2795.614601,4110.128162,RM,12
e,0,televiSiån,14.7788712,0.03919176704,l,444.43309,1830.831008,2720.948127,3803.31602,RM,12
l,0,televiSiån,14.82148234,0.04603052011,e,326.034916,1526.794486,2758.763115,3671.593595,RM,12
e,0,televiSiån,14.87202566,0.05505611229,v,424.50362,2305.375767,2947.891424,4413.051627,RM,12
v,0,televiSiån,14.92753305,0.0559586715,i,287.7719952,1777.876358,2551.444451,3889.410365,RM,12
i,0,televiSiån,14.97943021,0.04783563854,z,323.8371812,1712.182382,2491.064377,3227.379569,RM,12
z,0,televiSiån,15.0525375,0.09837895474,j,161.8342427,2515.011446,3360.968463,4187.739293,RM,12
j,0,televiSiån,15.12474224,0.04603052011,ɑ,367.4082013,2337.957054,2997.43627,4462.578967,RM,12
ɑ,1,televiSiån,15.17844451,0.06137402681,ŋ,945.1849211,1646.270611,2563.487018,4185.113833,RM,12
ŋ,0,televiSiån,15.26211318,0.1059633135,NA,368.83,1057.584489,1562.42114,2005.613914,RM,12
s,0,siché,15.94325456,0.07839794077,i,1233.921595,2176.011501,3197.315102,3907.886339,RM,12
i,0,siché,16.00082382,0.03674058257,k,294.365506,1288.660111,2565.941647,3050.714002,RM,12
k,0,siché,16.04721463,0.0560410185,e,259.6479748,1921.648951,2806.885529,3309.545859,RM,12
e,1,siché,16.11030743,0.0701445838,d,347.8975832,1467.042599,2517.800382,3158.935314,RM,12
d,0,dånca,16.17917345,0.06758747079,ɑ,281.763048,715.9529315,2174.662508,3496.036886,RM,12
ɑ,1,dånca,16.25628256,0.08663074641,n,1025.358827,1616.043047,2550.507002,3265.804931,RM,12
n,0,dånca,16.34517146,0.09114704097,k,352.615911,1237.880464,2250.277953,3221.862433,RM,12
k,0,dånca,16.4204677,0.05944543697,a,1362.096845,1781.193219,2995.7015,3221.460372,RM,12
a,0,dånca,16.47473378,0.04908672696,l,529.4750942,1751.081101,2300.474293,3247.609145,RM,12
l,0,la,16.52478979,0.05102530219,a,421.3765786,1568.127947,3253.535142,4021.84141,RM,12
a,0,la,16.58218217,0.0637594519,d,542.9779642,1651.792014,2920.863791,4364.557238,RM,12
d,0,dezîd,16.64752348,0.06692316081,e,297.7501139,1542.910938,2581.989664,3858.690823,RM,12
e,0,dezîd,16.70164855,0.04132698009,θ,423.1530197,2113.349221,2767.606899,3982.358828,RM,12
θ,0,dezîd,16.77927625,0.1139284316,i:,450.0460593,1713.787147,2750.046737,3688.973258,RM,12
iː,1,dezîd,16.90269872,0.1329165035,d,298.160011,2722.601334,3611.479405,NA,RM,12
d,0,dezîd,16.99777404,0.05723413725,e,297.1128682,650.2740575,2657.145024,3852.755702,RM,12
e,0,ed,17.0555804,0.05837858262,d,421.4553266,1545.499499,1976.431166,3395.488915,RM,12
d,0,ed,17.11546511,0.06139084226,f,417.1315417,1943.152578,3179.554538,4751.052019,RM,12
f,0,fèr,17.20109602,0.1098709807,ɛ:,820.5433308,2494.808683,3086.912228,3873.195753,RM,12
ɛː,1,fèr,17.31582396,0.1195848995,r,634.5412419,1851.257173,2797.303744,4493.954661,RM,12
r,0,fèr,17.40551264,0.05979244976,k,356.0183072,1687.176586,2597.564452,3981.577598,RM,12
k,0,quèl,17.46421549,0.05761324451,w,529.1169067,1534.551309,3350.842286,3996.802726,RM,12
w,0,quèl,17.51424407,0.0424439255,ɛ:,1016.886682,1389.522723,2638.424577,3944.83929,RM,12
ɛː,1,quèl,17.56729898,0.06366588824,l,551.3791922,1649.829092,2631.008361,3979.383178,RM,12
l,0,quèl,17.62102458,0.04378531466,ɛ:,369.6088276,1681.68191,2492.760409,4219.209019,RM,12
ɛː,1,èter,17.70791721,0.1299999439,t,542.720203,1956.225656,2607.883728,3012.701623,RM,12
t,0,èter,17.83267376,0.1195131586,e,606.4849701,2061.352619,2784.757198,3813.540663,RM,12
e,0,èter,17.93096495,0.07706923314,r,429.1606992,1812.851437,1890.7957,2813.927726,RM,12
r,0,èter,18.00398343,0.06896771665,NA,259.9618063,1801.951397,2804.264711,4053.161093,RM,12
ai,0,ai,18.91397669,0.1529306888,v,387.7521593,1446.730019,2473.036054,3277.526672,RM,12
v,0,vén,19.03241174,0.08393940063,e,206.0750445,1516.731424,2679.200357,4127.378204,RM,12
e,0,vén,19.11922578,0.08968867465,ŋ,417.0759687,2487.944166,3232.728471,4174.242597,RM,12
ŋ,0,vén,19.1974159,0.06669157858,i,305.9449774,1461.892556,2582.669837,2968.014657,RM,12
i,0,in,19.25606059,0.05059779249,n,332.3969104,2121.079876,3209.593551,4026.301516,RM,12
n,0,in,19.31067869,0.05863841381,a,300.2339042,1168.135956,2669.37044,3673.690764,RM,12
a,0,amänt,19.37351131,0.06702681474,m,994.7193865,1740.842939,2859.273344,4268.258071,RM,12
m,0,amänt,19.45002711,0.0860047964,æ,277.2024821,1378.870943,2332.185864,3107.095019,RM,12
æ,1,amänt,19.56438346,0.1427079084,n,1080.152879,1544.716607,2897.543997,4222.513628,RM,12
n,0,amänt,19.69552987,0.1195848995,t,330.5743369,1161.608549,2241.737314,3246.094898,RM,12
t,0,amänt,19.82431361,0.1379825764,NA,1341.693906,1726.178521,2989.911962,3794.554558,RM,12
k,0,ch'l'à,20.30211086,0.03104607969,l,1474.740836,1780.148816,3275.645084,4138.888472,RM,12
l,0,ch'l'à,20.34867998,0.06209215937,a,437.7542329,1632.347367,3297.104833,4014.825973,RM,12
a,1,ch'l'à,20.41134706,0.06324201417,a,881.2796301,1657.033835,2802.272511,4244.97956,RM,12
a,0,anc,20.50131227,0.1166884081,n,1058.494494,1584.187518,2688.898318,4373.413192,RM,12
n,0,anc,20.5836708,0.04802865253,k,402.1634321,1569.246047,2776.604475,4298.415844,RM,12
k,0,anc,20.64031208,0.06525390004,d,318.7227238,1103.31614,2210.71795,3455.499824,RM,12
d,0,da,20.70673426,0.06759046893,a,245.4403884,1148.106888,2542.248939,NA,RM,12
a,0,da,20.76812601,0.05519303055,f,579.4684766,1585.51699,2739.764479,4222.684925,RM,12
f,0,finîr,20.84154158,0.0916380993,i,644.9664907,1690.31617,2670.824415,3977.336858,RM,12
i,0,finîr,20.91975205,0.06478283365,n,272.9743489,2559.386911,2879.556862,4096.530566,RM,12
n,0,finîr,20.99179502,0.07930312395,i:,348.6711212,2819.98918,2850.949974,4257.438065,RM,12
iː,1,finîr,21.05266855,0.0424439255,r,408.8313041,2431.396187,2882.690008,4423.893859,RM,12
r,0,finîr,21.09469305,0.04160507043,a,360.4470054,1748.245438,2768.349095,4182.508411,RM,12
a,0,al,21.14416801,0.05734484578,l,480.7252604,1611.060111,2755.325731,4146.217366,RM,12
l,0,al,21.21472588,0.08377090558,s,415.8262349,1602.484108,2882.796083,3773.089417,RM,12
s,0,sô,21.32027722,0.1273317765,o:,1374.395991,2694.32408,3458.309433,4020.833608,RM,12
oː,1,sô,21.43129925,0.09471227549,r,437.2682258,1259.302137,2765.682117,3861.042942,RM,12
r,0,rumànZ,21.51020825,0.06310571825,u,404.0299404,1134.387537,2451.53525,3518.601796,RM,12
u,0,rumànZ,21.57303558,0.06254894283,m,306.2267176,1173.95132,2178.943389,3264.508865,RM,12
m,0,rumànZ,21.62832437,0.04802865253,a,279.4421255,1257.100612,2274.406989,3268.854822,RM,12
a,1,rumànZ,21.72438168,0.1440859576,n,1101.347751,1500.013851,2924.273162,4072.450846,RM,12
n,0,rumànZ,21.83104996,0.06925061528,ð:,338.2343929,1315.841611,2108.077137,3214.922996,RM,12
ðː,0,Zâl,21.96564189,0.199933228,a:,251.691799,1320.473183,2392.174243,3975.465569,RM,12
aː,1,Zâl,22.18903097,0.2468449351,l,1085.513425,1482.130488,2721.498485,4110.370063,RM,12
l,0,Zâl,22.34559708,0.06628729681,NA,377.1480604,1494.790978,2877.654306,4493.533427,RM,12
m,0,mo,23.04239213,0.1056382602,o,239.9577194,1200.256728,2244.087777,3449.053838,RM,12
o,0,mo,23.13877213,0.08712174181,l,430.0038159,994.7505618,2786.417031,3684.1189,RM,12
l,0,la,23.20090449,0.03714298483,a,417.2395434,1424.280448,2668.03934,4137.888805,RM,12
a,0,la,23.26233705,0.08572213116,n,906.7288987,1562.623455,2685.130328,4212.515633,RM,12
n,0,n,23.36010869,0.1098211592,NA,357.579534,1124.06144,2213.362704,3188.128989,RM,12
k,0,câta,23.60933994,0.05572793065,a:,1367.9857,1631.855449,2729.980133,3911.393534,RM,12
aː,1,câta,23.68634951,0.09829119588,t,1125.274119,1615.064892,2677.214204,4210.817265,RM,12
t,0,câta,23.79525169,0.1195131586,a,860.4700135,1760.08867,2789.70058,4895.551841,RM,12
a,0,câta,23.88883245,0.06764836762,p,840.3925013,1623.888073,2643.704514,4434.910524,RM,12
p,0,pió,23.97815126,0.1109892605,i,657.8881043,1429.042254,2722.206791,NA,RM,12
i,0,pió,24.05654327,0.04579476172,o,304.4530515,2393.383479,2742.866163,3985.2213,RM,12
o,1,pió,24.11239054,0.06589977906,a,373.9560436,1164.532279,2644.246161,4081.123946,RM,12
a,0,al,24.17613873,0.0615965975,l,699.5230959,1442.032229,2761.61482,3927.259873,RM,12
l,0,al,24.23898435,0.0640946313,l,351.0616943,1662.848055,2379.434228,3589.538538,RM,12
l,0,lîber,24.31787005,0.09367676883,i:,302.8865169,1061.661717,2893.272802,3668.086252,RM,12
iː,1,lîber,24.45000437,0.170591886,b,286.3776211,2612.961558,3515.679586,4185.219343,RM,12
b,0,lîber,24.5704841,0.07036756069,e,252.5254529,1618.109258,2811.521794,3856.035484,RM,12
e,0,lîber,24.63861777,0.06589977906,r,497.5773481,1852.706504,2712.925454,4094.006856,RM,12
r,0,lîber,24.70647765,0.06981999204,NA,389.4510301,1605.372529,2586.616932,4040.740831,RM,12
d,0,da,24.91602256,0.06589977906,a,292.568281,1542.879552,3045.247591,3689.748802,RM,12
a,0,da,24.98750706,0.07706923314,i,892.464734,1821.803306,2757.808624,3939.61361,RM,12
i,0,inciónni,25.05061448,0.04914559794,n,292.2969949,1690.649117,2725.352204,4012.659319,RM,12
n,0,inciónni,25.12712524,0.1038759229,ts,286.1551008,1333.500132,2400.9608,4083.000683,RM,12
ts,0,inciónni,25.24928416,0.1404419108,o,1336.43272,2500.069138,3590.870963,3918.808581,RM,12
o,1,inciónni,25.35971515,0.08042006936,n:,470.0239614,1285.337925,2833.7048,3544.468425,RM,12
nː,0,inciónni,25.444603,0.08935563262,i,302.6806919,1050.447822,2193.955512,3168.909405,RM,12
i,0,inciónni,25.52456786,0.07057408444,p,365.5768573,2602.301842,2898.090439,4087.560083,RM,12
p,0,pèrt,25.60340388,0.08709797295,ɛ:,411.3563497,1272.628749,2656.813685,4105.551585,RM,12
ɛː,1,pèrt,25.73448648,0.1750672185,r,615.1169715,2189.110005,2753.007942,4379.222588,RM,12
r,0,pèrt,25.86405215,0.08406411612,t,322.5271174,1604.254092,2787.296761,3786.420605,RM,12
t,0,pèrt,25.99753885,0.1829092831,NA,1232.438363,2219.97983,2965.169026,4040.404136,RM,12
a,0,a,26.74055461,0.06577785473,u,1176.16232,1553.43954,2673.201559,4005.485566,RM,12
u,0,un,26.78087007,0.01485306397,n,344.0233794,1366.768929,2297.141005,3049.519054,RM,12
n,0,un,26.8248988,0.07320438672,θ,303.8785067,1080.774887,2156.733006,3452.356518,RM,12
θ,0,zêrt,26.93043579,0.1378695991,e:,1353.922722,2528.271676,3670.112572,NA,RM,12
eː,1,zêrt,27.04181451,0.08488785099,r,425.7852404,1875.272874,2562.973953,2764.443865,RM,12
r,0,zêrt,27.11218207,0.05584727039,t,438.9553023,1834.384835,2700.750317,4150.428444,RM,12
t,0,zêrt,27.15835192,0.03649242238,m,1101.300132,2024.894533,3549.944044,4411.614168,RM,12
m,0,mumänt,27.20952071,0.0658451486,u,273.2456837,1126.444706,2168.262783,3086.786185,RM,12
u,0,mumänt,27.27371775,0.06254894283,m,300.060291,1069.295252,2338.283679,3206.561285,RM,12
m,0,mumänt,27.33179891,0.05361337957,æ,245.7593835,1167.425113,2237.642213,3140.836442,RM,12
æ,1,mumänt,27.41612829,0.115045377,n,1053.844815,1538.353514,2967.384833,4153.468583,RM,12
n,0,mumänt,27.56300661,0.1787112652,t,331.3506016,1049.921359,2142.259691,3159.859301,RM,12
t,0,mumänt,27.69886336,0.09300222706,NA,850.9523034,1844.929792,2788.699686,4094.777504,RM,12
i,0,int,28.19827186,0.06976583998,n,310.7036362,1997.530779,3130.510559,4047.792654,RM,12
n,0,int,28.33758918,0.2088687913,t,286.8669758,1054.727409,2195.853603,3279.895384,RM,12
t,0,int,28.55130867,0.2185701942,l,491.5438136,2593.247171,3538.034135,NA,RM,12
l,0,la,28.68847441,0.05576128883,a,448.4103126,1561.595446,3150.397999,4330.053768,RM,12
a,0,la,28.76669511,0.1006801048,k,1116.563056,1585.074024,2696.221993,4228.326268,RM,12
k,0,cà,28.87610837,0.1181464202,a,1170.767321,1666.30716,2805.269972,4009.045755,RM,12
a,1,cà,29.05727816,0.2441931675,b,1018.678739,1438.912907,2757.326556,4130.747084,RM,12
b,0,bûra,29.24898978,0.1392300583,u:,195.4871766,847.6218129,1078.479067,3271.271976,RM,12
uː,1,bûra,29.44202727,0.2468449351,r,352.5864442,1264.12688,2589.414804,4046.833753,RM,12
r,0,bûra,29.60286741,0.07483534232,e,318.134216,1167.561772,2713.101176,4042.607718,RM,12
e,0,e,29.69638098,0.1121917995,s,457.2896796,1872.207218,2563.795833,4034.616838,RM,12
s,0,silenziåuSa,29.80080584,0.09665791356,i,497.6632291,2441.685267,3892.813441,4207.569377,RM,12
i,0,silenziåuSa,29.88040927,0.06254894283,l,348.4102002,2448.517433,2940.567627,4193.827064,RM,12
l,0,silenziåuSa,29.93681501,0.05026254335,e,300.021601,1277.549128,2926.208162,3950.36957,RM,12
e,0,silenziåuSa,29.99322075,0.06254894283,n,420.0608702,2060.427776,2909.268181,4333.925386,RM,12
n,0,silenziåuSa,30.06526373,0.08153701477,θ,313.4124337,1264.950636,2116.925186,3140.074198,RM,12
θ,0,silenziåuSa,30.16085394,0.1096434049,i,280.4353097,1416.606779,2695.630903,3875.840276,RM,12
i,0,silenziåuSa,30.24750859,0.06366588824,ɑu,420.9909535,2277.948122,2983.630166,4123.827923,RM,12
ɑu,1,silenziåuSa,30.41784276,0.2770024611,z,984.5942893,1422.767695,3021.814591,3899.806141,RM,12
z,0,silenziåuSa,30.59934639,0.0860047964,a,1393.995722,2974.241579,3721.801485,4047.200324,RM,12
a,0,silenziåuSa,30.70485236,0.1250071383,NA,904.6019155,1397.076822,2708.070725,4048.42168,RM,12
a,0,as,31.3793937,0.1401322714,s,1031.40612,1374.126764,2654.514568,3651.047421,LL,12
s,0,as,31.53937394,0.1798282106,s,1170.280084,2442.930968,3651.833029,4386.538173,LL,12
s,0,sént,31.70675074,0.1549253826,e,1191.855778,2244.080313,3491.96019,3775.6231,LL,12
e,1,sént,31.83670986,0.1049928683,n,358.1337222,2694.543017,3247.5035,4140.551898,LL,12
n,0,sént,31.97632804,0.1742434836,t,275.710193,1744.574804,2926.953935,4194.217562,LL,12
t,0,sént,32.12376483,0.120630104,u,118.3227762,1757.480343,3030.566944,NA,LL,12
u,0,un,32.22214102,0.07612228026,n,395.9011509,1023.426945,2993.623883,3701.684023,LL,12
n,0,un,32.34141184,0.162419359,ts,258.6596185,1142.54573,2127.917438,3192.460966,LL,12
ts,0,ciòc,32.53955671,0.2338703714,ɔ:,1662.04579,2545.751917,3388.85158,NA,LL,12
ɔː,1,ciòc,32.78585025,0.2587167061,k,623.3240523,1044.284805,2894.921193,3623.89948,LL,12
k,0,ciòc,33.04426787,0.2581185419,NA,689.0630722,1448.540245,2560.119631,3904.81744,LL,12
k,0,cus'é,33.82330361,0.05887095196,u,857.0038874,1116.201526,3234.069966,3906.107704,LL,12
u,0,cus'é,33.88233814,0.05919810661,s,731.0695423,1934.714136,2739.848324,4280.966906,LL,12
s,0,cus'é,33.94208355,0.06029271913,e,1110.132284,2003.121013,2744.782218,3934.803861,LL,12
e,1,cus'é,34.01406786,0.08367589571,s,487.5569581,1281.728735,2120.949161,3016.254728,LL,12
s,0,suzès,34.09802382,0.08423601777,u,1734.195388,2741.582076,2991.845453,4134.468787,LL,12
u,0,suzès,34.17700103,0.07371839691,θ,437.663111,1040.925657,2546.387502,3819.925816,LL,12
θ,0,suzès,34.27488922,0.1220580003,ɛ:,1749.990192,2601.966732,2877.234349,4142.591414,LL,12
ɛː,1,suzès,34.62793535,0.5840342523,s,693.0272995,1831.559947,2783.853784,3286.349998,LL,12
s,0,suzès,35.13699567,0.434086393,NA,1598.206466,2694.84398,3093.782802,4097.756685,LL,12
l,0,la,36.18173837,0.1892250534,a,332.03875,1833.922226,2894.855457,4500.263511,RM,12
a,0,la,36.32983534,0.106968891,v,1003.982372,1547.584869,2932.359551,4508.811958,RM,12
v,0,và,36.42254181,0.07844404672,a,199.9802594,1283.142012,2486.744407,3219.818356,RM,12
a,1,và,36.50553167,0.08753566352,s,901.3451051,1427.250363,2868.266105,4131.525716,RM,12
s,0,sóbbit,36.61722621,0.135853418,o,1481.364485,2946.366199,3446.018722,4098.855768,RM,12
o,1,sóbbit,36.72871379,0.08712174181,b:,413.3678409,1045.818453,2869.816796,3452.153456,RM,12
bː,0,sóbbit,36.81806942,0.09158952344,i,253.7165734,1085.185345,2525.558309,3695.48156,RM,12
i,0,sóbbit,36.91189284,0.09605730507,t,292.2890021,2361.897953,3083.334231,4419.271834,RM,12
t,0,sóbbit,36.98052732,0.0412116673,i,1303.659755,2357.73791,3207.215968,4445.544128,RM,12
i,0,in,37.03972543,0.07718454592,n,305.5994839,2636.623421,3218.243985,4284.6474,RM,12
n,0,in,37.12617319,0.09571098558,k,278.3305877,1053.20348,2163.949534,3174.593919,RM,12
k,0,cuSéNna,37.23228301,0.1165086419,u,793.9178261,1379.129173,2567.240514,4054.446414,RM,12
u,0,cuSéNna,37.33074736,0.08042006936,z,372.0696369,1216.1328,2805.105691,3071.318062,RM,12
z,0,cuSéNna,37.41228438,0.08265396017,e,1208.49811,2600.844126,3651.091123,4140.102915,RM,12
e,1,cuSéNna,37.47818416,0.04914559794,ŋ,410.9630919,1259.382633,2212.586713,3076.108502,RM,12
ŋ,0,cuSéNna,37.54520088,0.08488785099,n,341.6948933,1176.100891,2702.16465,3184.197013,RM,12
n,0,cuSéNna,37.63388886,0.09248810445,a,292.0859753,1103.83666,2164.562908,3174.368116,RM,12
a,0,cuSéNna,37.72126362,0.08226142447,θ,986.7752597,1809.828618,3040.951974,4383.294684,RM,12
θ,0,zarchèr,37.81670654,0.108624408,a,833.2855741,1540.204472,2400.512649,3635.156436,RM,12
a,0,zarchèr,37.89894238,0.05584727039,r,980.7980201,1667.864606,2795.272491,4434.76385,RM,12
r,0,zarchèr,37.97042689,0.08712174181,k,336.9721286,1645.062838,2620.16948,4326.519816,RM,12
k,0,zarchèr,38.04861306,0.06925061528,ɛ:,1285.885826,1767.566487,2289.749584,3231.584197,RM,12
ɛː,1,zarchèr,38.11786368,0.06925061528,r,642.3622074,1108.069244,2119.122483,2809.790448,RM,12
r,0,zarchèr,38.16670819,0.02843840413,a,452.263461,1593.471945,2652.153178,3560.134377,RM,12
a,0,al,38.20895012,0.05604546238,l,870.5607091,1582.25887,2695.374435,3232.041136,RM,12
l,0,al,38.26653312,0.05912053187,m,414.8295508,1620.197148,2915.862234,4343.614274,RM,12
m,0,matarèl,38.33354984,0.07491291706,a,279.239419,1331.835504,2251.620847,3328.905935,RM,12
a,0,matarèl,38.44249081,0.1429690122,t,961.4887581,1672.601061,2913.305514,4492.358295,RM,12
t,0,matarèl,38.53184644,0.03574225305,a,926.2715443,1587.293892,2652.471462,4036.118525,RM,12
a,0,matarèl,38.58545982,0.0714845061,r,929.3276592,1740.054567,2714.210894,4452.878422,RM,12
r,0,matarèl,38.65024265,0.0580811612,ɛ:,627.7119641,1885.13459,2093.650249,2853.14494,RM,12
ɛː,1,matarèl,38.74853385,0.1385012306,l,614.0558085,1432.18478,2331.899978,3129.854554,RM,12
l,0,matarèl,38.86169087,0.08781280788,NA,403.8333069,1756.566984,2571.727838,3892.136958,RM,12
p,0,pò,39.56590066,0.03833806855,ɔ:,374.6959896,1087.25027,2912.28444,3646.783596,RM,12
ɔː,1,pò,39.60929813,0.04845686314,l,563.3947354,1133.681156,2704.877091,3398.478484,RM,12
l,0,la,39.66067762,0.05430211437,a,446.7670602,1566.348307,2885.713188,4356.616789,RM,12
a,0,la,39.7127849,0.04991245998,v,944.7274727,1582.003354,3026.059393,4353.889739,RM,12
v,0,và,39.7619305,0.0483787359,a,278.6030628,1350.334909,2608.010098,3060.081273,RM,12
a,1,và,39.82098543,0.06973111503,i,911.222216,1588.438965,2604.484797,2907.449689,RM,12
i,0,int,39.88018353,0.04866509819,n,399.843511,2327.212785,2849.828888,3274.187528,RM,12
n,0,int,39.94025834,0.0714845061,t,312.4448941,779.1143584,2583.845692,2999.299034,RM,12
t,0,int,40.00219229,0.05238341325,a,310.9164827,1899.094131,2501.359217,3517.466028,RM,12
a,0,al,40.05410212,0.05143624438,l,915.415478,1642.835829,2734.973332,4385.234339,RM,12
l,0,al,40.10766518,0.05568985941,k,449.0580786,1526.161334,2844.042193,4379.216054,RM,12
k,0,casàtt,40.18026663,0.0895130436,a,888.3370548,1503.542687,2197.473324,3400.317797,RM,12
a,0,casàtt,40.25294678,0.05584727039,s,751.4749563,1826.067617,2801.240641,4372.488533,RM,12
s,0,casàtt,40.33224991,0.1027589775,a,1446.010191,2484.897432,3621.166264,4421.146644,RM,12
a,1,casàtt,40.42672279,0.08618679494,t:,983.3173262,1278.366768,1642.672791,3011.771449,RM,12
tː,0,casàtt,40.49124149,0.04285059798,d,428.3050785,1583.24756,2746.201789,4511.404302,RM,12
d,0,dla,40.53830729,0.05128101014,l,252.5882964,1329.653905,2801.607647,3793.163505,RM,12
l,0,dla,40.5821323,0.03636900605,a,388.9538128,1587.549411,3291.030494,4333.154784,RM,12
a,0,dla,40.62323916,0.04584471372,k,558.8775962,1494.274363,2663.463327,3328.016798,RM,12
k,0,cumudéNna,40.69452168,0.096720314,u,904.8384597,1383.704231,2781.340254,4153.681461,RM,12
u,0,cumudéNna,40.77080547,0.05584727039,m,347.8203315,1217.989591,3009.239018,3932.192831,RM,12
m,0,cumudéNna,40.82665274,0.05584727039,u,242.3507017,1185.325144,2261.944993,3333.373506,RM,12
u,0,cumudéNna,40.88696779,0.06478283365,d,402.0465478,1012.166218,2049.821042,3116.454981,RM,12
d,0,cumudéNna,40.94951673,0.06031505202,e,244.3156947,1481.816437,3091.644867,4031.252677,RM,12
e,1,cumudéNna,41.01653346,0.07371839691,ŋ,449.6731507,2222.137072,3139.724308,4449.112094,RM,12
ŋ,0,cumudéNna,41.1036552,0.1005250867,n,348.9340725,1137.461572,2530.670615,3146.228809,RM,12
n,0,cumudéNna,41.19189389,0.07595228773,a,296.366333,684.0483841,1982.326592,3157.491075,RM,12
a,0,cumudéNna,41.25582974,0.05191942005,p,619.567479,1278.757043,1765.398005,3139.419354,RM,12
p,0,par,41.37281571,0.1820525102,a,417.7014536,1764.736815,2742.102065,3635.339342,RM,12
a,0,par,41.48394698,0.04021003468,r,1096.686855,1753.855961,3091.255751,4284.156769,RM,12
r,0,par,41.53954307,0.07098214817,t,498.8637156,1708.076991,2805.264345,4470.648476,RM,12
t,0,tirèr,41.62474175,0.0994152043,i,433.6122133,2075.048009,3257.920597,3440.156967,RM,12
i,0,tirèr,41.69975448,0.05061026253,r,429.4887129,2239.713988,2913.781281,4562.357649,RM,12
r,0,tirèr,41.75074936,0.05137948876,ɛ:,399.7551294,1757.903517,2567.079057,4049.259648,RM,12
ɛː,1,tirèr,41.80771357,0.06254894283,r,488.1317977,1765.451244,2187.682285,3430.143648,RM,12
r,0,tirèr,41.85928017,0.04058424663,f,399.8048297,1746.361051,2357.732684,3084.507672,RM,12
f,0,fòra,41.94605615,0.1329677174,ɔ:,1468.81916,2518.084831,3714.469467,4335.336603,RM,12
ɔː,1,fòra,42.07885103,0.1326220458,r,599.9647465,1027.611702,3049.478963,4060.687058,RM,12
r,0,fòra,42.15404571,0.01776732111,u,377.915336,1251.491249,1563.638707,3232.008257,RM,12
u,0,una,42.20063381,0.07540887752,n,375.5298511,1008.219194,1700.016002,3237.461708,RM,12
n,0,una,42.2586022,0.04052789003,a,336.4860576,1362.592815,2255.49808,3152.06322,RM,12
a,0,una,42.30674245,0.05575261465,k,1022.848106,1648.13004,2918.600133,4320.679255,RM,12
k,0,candaila,42.38129237,0.0933472359,a,1151.354527,1792.132927,2897.261974,4297.468674,RM,12
a,0,candaila,42.4625913,0.06925061528,n,1029.581671,1632.530185,2748.048092,4317.345015,RM,12
n,0,candaila,42.54412831,0.09382341425,d,320.8134958,908.7975106,2469.40879,3531.594704,RM,12
d,0,candaila,42.62343144,0.06478283365,ai,919.675633,1760.623867,2990.15964,4407.114153,RM,12
ai,1,candaila,42.75411405,0.1965823918,l,832.6066081,1926.755967,2867.260043,4336.731617,RM,12
l,0,candaila,42.88591361,0.06701672447,a,320.6073323,1857.306431,3325.724504,4434.510344,RM,12
a,0,candaila,42.9649839,0.0911238504,NA,947.4441151,1671.421688,2872.631892,4262.470215,RM,12
d,0,di,43.38540107,0.06457477476,i,317.686755,2111.260723,2979.90856,4281.612554,RM,12
i,0,di,43.44571872,0.05606053015,s,278.6665254,2468.077021,3003.366175,4121.033602,RM,12
s,0,sulfanén,43.52725574,0.1070134994,u,2223.317183,3104.631034,3837.182428,NA,RM,12
u,0,sulfanén,43.61762168,0.07371839691,l,290.600119,1008.191165,2857.653792,2911.81202,RM,12
l,0,sulfanén,43.67570285,0.0424439255,f,261.5128773,1284.21968,2272.636845,3345.636999,RM,12
f,0,sulfanén,43.74160262,0.08935563262,a,1497.62942,2458.498137,3455.999925,4364.467329,RM,12
a,0,sulfanén,43.82313964,0.07371839691,n,840.1730546,1389.426075,2852.371549,4248.268054,RM,12
n,0,sulfanén,43.89778848,0.07557929396,e,301.5093292,1412.644145,1882.28968,3009.892781,RM,12
e,1,sulfanén,43.98456463,0.0979729923,ŋ:,379.5671046,1489.804381,2461.323805,3264.548479,RM,12
ŋː,0,sulfanén,44.09309483,0.1190874106,NA,282.4866215,1111.369888,2192.040359,2900.356244,RM,12
a,0,an,44.69925378,0.1116021775,n,1070.0133,1449.59478,2267.564375,2886.636203,RM,12
n,0,an,44.77739378,0.04467781631,s,401.761203,1507.220953,2561.118751,3139.899053,RM,12
s,0,s,44.84105967,0.08265396017,s,386.0738394,2016.010857,3406.742658,4019.545222,RM,12
s,0,sà,44.93573004,0.1066867791,a,1166.728678,2655.972651,3639.421948,4081.903119,RM,12
a,1,sà,45.02368697,0.0692270771,m,917.3532382,1396.023312,2630.642375,4234.588026,RM,12
m,0,mâi,45.09291404,0.0692270771,a:,238.3368751,1285.991967,2132.292109,2997.489934,RM,12
aː,1,mâi,45.2283462,0.2016372298,i,1034.128602,1498.984075,2855.591587,4404.848064,RM,12
i,0,mâi,45.35718548,0.056041335,NA,374.704276,2423.011839,3133.164442,4474.621268,RM,12
s,0,s'l,45.85293754,0.117955259,l,1176.22526,2347.248139,3426.827301,4366.46599,RM,12
l,0,s'l,45.94235584,0.06088135687,e,304.6265705,1549.141995,3064.098583,3625.948034,RM,12
e,1,é,46.01551991,0.08544677381,u,514.0017684,2168.680067,2956.715035,4273.752801,RM,12
u,0,un,46.09230599,0.06812538761,n,413.4605839,862.38343,2180.812418,3141.759447,RM,12
n,0,un,46.15993467,0.06713198248,l,326.2411962,1434.017513,2179.971903,3117.88849,RM,12
l,0,lèder,46.22696641,0.0669314821,ɛ:,403.9300685,1661.284576,3105.161592,4319.338985,RM,12
ɛː,1,lèder,46.34856946,0.1762746334,d,570.4593483,2168.777748,3062.830002,4567.737017,RM,12
d,0,lèder,46.47853896,0.08366435263,e,224.6559194,2107.228377,3238.604049,4405.53596,RM,12
e,0,lèder,46.56568932,0.09063638202,r,534.1784369,1910.962471,2866.522788,4463.463308,RM,12
r,0,lèder,46.63819843,0.05438182921,NA,210.4099624,1841.817314,2871.042179,3697.572949,RM,12
k,0,ch'al,46.86011195,0.03632227182,a,634.8105603,1581.972025,2188.174489,3457.426684,RM,12
a,0,ch'al,46.90396283,0.05137948876,l,872.6566889,1668.233687,2654.856406,4638.504587,RM,12
l,0,ch'al,46.99334673,0.1273883127,v,346.4439041,1569.077093,2700.999767,4343.32349,RM,12
v,0,vén,47.07711764,0.04015349844,e,330.5459062,1618.986924,2500.10337,3782.689976,RM,12
e,1,vén,47.12288413,0.05137948876,n,379.2759275,2276.044158,2898.462947,4241.394952,RM,12
n,0,vén,47.1816362,0.06612465815,p,297.7234956,1093.945285,2277.264277,2960.321063,RM,12
p,0,par,47.2547594,0.08012172852,a,230.7358258,875.5300698,2851.357435,3606.207606,RM,12
a,0,par,47.32128422,0.0529279238,r,807.3720236,1549.391164,2582.289906,4210.034054,RM,12
r,0,par,47.37975939,0.06402240437,r,462.9149037,1441.602693,2149.343386,3952.075602,RM,12
r,0,rubèr,47.43043506,0.03732893906,u,289.4679174,1196.784194,2359.401038,3369.434275,RM,12
u,0,rubèr,47.48400944,0.06981981437,b,380.5295221,931.6443921,2552.793183,3323.792715,RM,12
b,0,rubèr,47.55138586,0.06493304415,ɛ:,213.5206179,1040.899821,1310.110131,3459.58868,RM,12
ɛː,1,rubèr,47.6776758,0.1876468285,r,582.0936205,2094.468236,2938.437971,4506.354134,RM,12
r,0,rubèr,47.80962368,0.0762489305,NA,380.2313446,1664.590896,1917.82403,2900.515173,RM,12
p,0,prémma,48.25920962,0.04572000184,r,451.8390255,1346.621205,1884.60658,3254.61336,RM,12
r,0,prémma,48.31446104,0.06478283365,e,521.7776088,1495.058481,2340.158572,2605.130037,RM,12
e,1,prémma,48.39264722,0.09158952344,m:,487.0641424,1846.95223,2770.402121,4581.649093,RM,12
mː,0,prémma,48.46971645,0.06254894283,a,321.7004394,1292.354419,2353.904805,3555.18147,RM,12
a,0,prémma,48.53364774,0.06531362743,d,790.2923082,1471.044406,2945.010825,3658.61916,RM,12
d,0,d,48.60346671,0.07432431852,o,263.2983819,1549.219146,2879.836368,4220.844857,RM,12
o,1,ónna,48.69832312,0.1153885086,n:,413.3415299,1197.123828,2934.074058,3877.839033,RM,12
nː,0,ónna,48.83259395,0.1531531412,a,276.7743404,746.1716337,2066.234377,3332.791399,RM,12
a,0,ónna,48.96040925,0.1024774695,NA,834.5228447,1618.74444,2977.466282,4154.367142,RM,12
a,0,al,49.32376424,0.0627544901,l,965.0048864,1499.6759,2923.689061,4442.259208,RM,12
l,0,al,49.38119667,0.0521103658,z,382.6347324,1538.074205,2966.812013,4441.966017,RM,12
z,0,Smôrza,49.45603201,0.09756031884,m,305.1772088,1635.750419,3073.630621,3727.002872,RM,12
m,0,Smôrza,49.53608664,0.06254894283,o:,287.7868835,1047.997266,2182.814279,3274.778706,RM,12
oː,1,Smôrza,49.59751864,0.06031505202,r,378.2416772,898.3379124,2973.130793,3352.921174,RM,12
r,0,Smôrza,49.64666424,0.03797614386,θ,430.608238,1072.592714,2276.040872,2986.575152,RM,12
θ,0,Smôrza,49.72820125,0.1250978857,a,475.4703225,1508.542239,2625.562917,3508.283957,RM,12
a,0,Smôrza,49.81071272,0.03992504713,l,531.3139453,1460.27678,2751.17236,4357.880182,RM,12
l,0,la,49.85427359,0.04719669467,a,472.8644747,1427.294858,2761.009862,4293.530829,RM,12
a,0,la,49.90269701,0.04965014461,l,567.0606316,1456.866321,2839.723506,3692.090494,RM,12
l,0,lûS,49.94849177,0.04193937882,u:,316.6134109,1467.436129,2929.140163,3529.806862,RM,12
uː,1,lûS,50.07780516,0.2166874091,z,348.8658598,897.258374,2836.992715,3741.405413,RM,12
z,0,lûS,50.251025,0.1297522706,NA,1582.489923,2958.101738,3548.701967,4229.920786,RM,12
e,0,e,50.78820929,0.07171104958,p,547.1398575,2075.296336,2908.534376,4353.774037,RM,12
p,0,pò,50.87468438,0.1012391288,ɔ:,272.2609126,582.5634926,2148.851056,2903.522648,RM,12
ɔː,1,pò,51.0049243,0.159240713,NA,794.4995986,1110.625775,3116.783792,4087.771853,RM,12
a,0,al,51.41204896,0.04546468783,l,946.1141377,1537.707765,3010.815759,4418.537801,RM,12
l,0,al,51.45455532,0.03954802304,s,485.9473762,1084.706197,1579.649871,3087.562951,RM,12
s,0,s,51.53918564,0.1297126338,n,564.7694154,1883.610416,2800.911832,3973.230457,RM,12
n,0,n,51.62998923,0.0518945339,a,359.1027647,1444.383611,2301.492505,3214.536674,RM,12
a,0,aprufétta,51.68721097,0.06254894283,p,920.4645552,1469.604665,2856.109981,4082.692367,RM,12
p,0,aprufétta,51.75534464,0.07371839691,r,570.7598723,1487.001767,2690.195187,3633.328518,RM,12
r,0,aprufétta,51.81007496,0.03574225305,u,345.2483194,1166.314721,2362.933768,3634.103335,RM,12
u,0,aprufétta,51.84693416,0.03797614386,f,412.0110545,1153.574308,2627.649807,3929.744393,RM,12
f,0,aprufétta,51.91060005,0.08935563262,e,502.7266361,1652.260699,2707.121683,3777.743424,RM,12
e,1,aprufétta,52.02341153,0.1362673397,t:,379.875655,2126.129793,2877.093554,4410.511557,RM,12
tː,0,aprufétta,52.14627553,0.10946065,a,264.5088759,695.0560635,2728.661866,3493.412794,RM,12
a,0,aprufétta,52.23618169,0.07035167979,d,642.9577739,1601.125666,2965.533256,4358.87418,RM,12
d,0,d,52.30171022,0.06070538236,u,287.0601826,1607.313377,2741.91646,3766.668214,RM,12
u,0,una,52.35209983,0.04007382182,n,311.1741188,1256.889205,2844.108835,3695.476779,RM,12
n,0,una,52.39217365,0.04007382182,a,268.4215689,1390.209735,2220.676601,3086.431888,RM,12
a,0,una,52.44648422,0.0685473268,p,810.5163496,1545.169927,3021.570728,4030.6906,RM,12
p,0,pôvra,52.54705837,0.1326009663,o:,426.6051288,736.7916199,1725.799294,4068.382239,RM,12
oː,1,pôvra,52.68260947,0.1385012306,v,378.1805044,773.6272156,3014.130486,3944.099499,RM,12
v,0,pôvra,52.78201761,0.06031505202,r,196.8703213,955.666274,2634.034776,3872.924096,RM,12
r,0,pôvra,52.8333971,0.0424439255,a,425.4448248,1429.894984,2538.316272,3824.254898,RM,12
a,0,pôvra,52.88531704,0.06139595065,v,489.7053392,1561.497822,2643.897267,4087.533376,RM,12
v,0,vciarléNna,52.96888595,0.105741876,ts,1349.218399,2385.432753,3290.15706,3953.292233,RM,12
ts,0,vciarléNna,53.0664347,0.08935563262,a,1287.952349,2611.303976,3782.238627,3958.202964,RM,12
a,0,vciarléNna,53.14685477,0.0714845061,r,942.8480751,1587.303331,2719.701828,4297.761984,RM,12
r,0,vciarléNna,53.20270204,0.04021003468,l,412.4799894,1412.915936,2684.176575,4507.20158,RM,12
l,0,vciarléNna,53.2607832,0.07595228773,e,388.5388217,1430.654646,3078.631717,3994.766414,RM,12
e,1,vciarléNna,53.32333215,0.04914559794,ŋ,421.6019965,2007.981452,2884.816871,4373.855723,RM,12
ŋ,0,vciarléNna,53.39928443,0.1027589775,n,365.0814726,2775.47994,2904.277146,4247.105382,RM,12
n,0,vciarléNna,53.47523672,0.04914559794,a,347.9329787,1546.52074,2008.326654,3070.562628,RM,12
a,0,vciarléNna,53.5276046,0.05559015476,d,842.1461725,1722.418985,2918.488113,4335.582295,RM,12
d,0,dabbla,53.59080608,0.07081280766,a,277.5042387,1635.888182,2882.306765,4669.033701,RM,12
a,1,dabbla,53.67419561,0.09596625752,b:,959.1072092,1476.96423,2812.022301,4376.874128,RM,12
bː,0,dabbla,53.76647086,0.08858423771,l,490.2002748,1253.068801,2648.198446,4047.332786,RM,12
l,0,dabbla,53.82921803,0.03691009905,e,419.3204276,1537.353162,2869.269663,4370.557398,RM,12
e,0,e,53.88651228,0.07767839561,d,421.1128482,1953.104292,2536.339452,3543.589049,RM,12
d,0,da,53.95558689,0.06047083225,a,351.4773281,1626.334412,2848.241573,4797.562112,RM,12
a,0,da,54.01415479,0.05666496625,p,811.4296292,1534.611179,2792.459733,4330.125634,RM,12
p,0,par,54.08203381,0.07909306939,a,706.0715322,1640.467968,2637.840696,4142.838916,RM,12
a,0,par,54.15017255,0.05718441199,r,790.9816593,1493.757951,2695.526121,4344.036164,RM,12
r,0,par,54.20281235,0.04809519172,l,427.76709,1489.478726,2633.882025,4511.503246,RM,12
l,0,lî,54.27317991,0.09263992966,i:,299.8830852,1360.11544,2939.759334,4314.328608,RM,12
iː,1,lî,54.40289254,0.1667853379,NA,297.3310134,2760.74916,3558.490729,4407.716169,RM,12
l,0,la,55.07507609,0.06539423633,a,338.537326,1758.214464,2927.15934,4329.506069,RM,12
a,0,la,55.14962958,0.08371272601,v,840.502819,1295.137342,2349.570183,3605.510278,RM,12
v,0,và,55.23024915,0.07752643112,a,167.6500609,1658.986773,2041.030588,3369.409216,RM,12
a,1,và,55.31994771,0.1018706707,n,1013.28244,1704.083388,2985.14688,4031.649416,RM,12
n,0,naSèr,55.39995223,0.05813838819,a,275.727944,1693.718822,2138.997799,3262.241516,RM,12
a,0,naSèr,55.46364674,0.06925061528,z,772.5472397,1674.894955,2893.334382,3305.481184,RM,12
z,0,naSèr,55.55188542,0.1072267591,ɛ:,373.7170864,1843.438962,3272.047033,3947.419612,RM,12
ɛː,1,naSèr,55.6792172,0.1474367938,r,502.5130619,2070.196926,2783.696397,3085.050144,RM,12
r,0,naSèr,55.77282061,0.03977003063,i,368.7754778,1896.331052,2706.692636,2845.43871,RM,12
i,0,in,55.83457514,0.08373902732,n,322.1120641,2273.856268,2962.505829,3039.489556,RM,12
n,0,in,55.91378773,0.0746861595,t,309.9114077,1076.322972,2289.231625,3056.869288,RM,12
t,0,tótta,56.03649685,0.1707320787,o,261.9683209,1183.47779,2345.501753,3266.407106,RM,12
o,1,tótta,56.16547686,0.08722792623,t:,613.6116663,1102.571695,3051.024817,3875.805125,RM,12
tː,0,tótta,56.24940069,0.08061975,a,595.4496169,1126.675334,3375.228115,4005.720024,RM,12
a,0,tótta,56.31878654,0.05815195082,l,954.8608192,1714.732321,3061.502412,4204.111926,RM,12
l,0,la,56.37099114,0.04625723361,a,429.7095953,1560.806524,3563.208431,4374.349234,RM,12
a,0,la,56.42848227,0.06872503279,k,971.9071784,1738.36523,2935.913312,4107.202597,RM,12
k,0,cà,56.51901428,0.1123389959,a,809.5196053,1622.469752,2415.269035,3773.619745,RM,12
a,1,cà,56.65712517,0.1638827705,NA,935.8509847,1686.788942,2022.223171,2996.025699,RM,12
m,0,mo,57.24037872,0.07004666803,o,273.3397955,1068.04292,1994.572396,2955.655545,RM,12
o,0,mo,57.31703356,0.08326302049,l,391.5877717,1027.909497,2476.161023,3608.594686,RM,12
l,0,la,57.37915042,0.04097069262,a,407.0022111,1603.081186,2671.074465,4207.279439,RM,12
a,0,la,57.42078193,0.04229232787,f,804.4825936,1703.548093,2782.228416,3922.543061,RM,12
f,0,finéss,57.49157325,0.09929032302,i,586.6943973,1905.739874,3139.892134,3913.930134,RM,12
i,0,finéss,57.57528525,0.06813366987,n,343.6700478,2473.059451,2959.800613,3965.736209,RM,12
n,0,finéss,57.63296341,0.04722265802,e,307.0967928,589.1580584,1797.408242,2836.002115,RM,12
e,1,finéss,57.69399241,0.07483534232,s:,373.1832825,2174.260245,3028.359729,3489.729344,RM,12
sː,0,finéss,57.78063547,0.09845076753,a,1190.515038,2679.014068,3728.138042,4466.464659,RM,12
a,0,al,57.87017073,0.08061975,l,551.1904875,1655.69046,2058.264643,3239.764019,RM,12
l,0,al,57.94352148,0.06608176229,g,327.3596234,1880.330453,2983.158781,4587.187084,RM,12
g,0,gîr,58.03635172,0.1195787137,i:,264.6692621,2764.486955,3240.837065,3789.352939,RM,12
iː,1,gîr,58.17610001,0.1599178648,r,372.7192123,1683.671245,2864.707685,3360.810592,RM,12
r,0,gîr,58.28976064,0.06740339754,NA,315.5645514,455.3813265,1846.448215,3013.795169,RM,12
s,0,sänza,58.52733277,0.09935457839,æ,2284.658524,2888.555731,3477.693943,4324.24767,RM,12
æ,1,sänza,58.61666162,0.07930312395,n,985.9218443,1576.967324,3113.621791,4465.505163,RM,12
n,0,sänza,58.68342263,0.05421888535,θ,433.2369313,1454.017136,1478.697325,3100.470949,RM,12
θ,0,sänza,58.76026871,0.09947329131,a,437.616789,1864.781009,3165.547469,4298.04076,RM,12
a,0,sänza,58.84736225,0.07471377674,ʦ,587.8578172,1544.100432,2793.981884,4502.738234,RM,12
ʦ,0,dscrûver,58.95462873,0.1398191835,k,399.1205701,2993.456125,3434.213162,4200.773472,RM,12
k,0,dscrûver,59.08094406,0.1128114862,r,996.5245922,1465.688488,3193.562525,3839.55579,RM,12
r,0,dscrûver,59.16117184,0.04764406455,u:,316.8558882,1362.754573,2387.283647,3207.507524,RM,12
uː,1,dscrûver,59.2438258,0.1176638558,v,336.9137606,886.3142409,2884.669315,3607.625368,RM,12
v,0,dscrûver,59.32592129,0.04652711914,e,266.9864608,1081.899762,2406.499788,3863.012748,RM,12
e,0,dscrûver,59.39330419,0.08823868721,r,455.4994089,1723.894329,2938.037989,4298.224587,RM,12
r,0,dscrûver,59.47014594,0.06544480574,ɲ,371.7172908,1839.136809,2797.8681,4388.380658,RM,12
ɲ,0,gnínta,59.58896445,0.1721922149,i,251.8573634,1124.952405,2511.476993,4255.034998,RM,12
i,1,gnínta,59.73982068,0.1295202541,n,322.6293957,2767.119062,3281.464899,4350.775495,RM,12
n,0,gnínta,59.87000175,0.1308418893,t,309.0771308,1197.896707,2170.077169,3689.148325,RM,12
t,0,gnínta,59.9989019,0.1269584021,a,137.3650923,2165.91187,3432.839796,4318.129637,RM,12
a,0,gnínta,60.12577888,0.1267955651,NA,970.5197984,1628.881903,2978.196138,4423.789017,RM,12
i,0,in,60.78473388,0.07929811475,n,320.6106113,2406.151623,3406.031072,4228.878775,RM,12
n,0,in,60.88121326,0.1136606311,k,273.2055249,951.9495322,2300.096499,3137.483213,RM,12
k,0,cal,61.00406324,0.1320393403,a,334.6873316,2261.752187,3518.140345,NA,RM,12
a,0,cal,61.11501851,0.08987119672,l,1040.784794,1823.688692,2747.629195,3840.482832,RM,12
l,0,cal,61.19101254,0.06211685656,m,375.9961663,1696.350024,2976.140796,4210.765384,RM,12
m,0,mumänt,61.27562479,0.1071076435,u,270.9873847,1195.294794,2524.811767,3393.585777,RM,12
u,0,mumänt,61.36914686,0.07993650109,m,348.7516868,989.2328702,2494.124892,3255.386225,RM,12
m,0,mumänt,61.44413844,0.07004666803,æ,296.0967826,1101.263013,2270.363313,2954.783348,RM,12
æ,1,mumänt,61.55779907,0.1572745943,n,1014.795841,1673.761754,3289.310117,4473.856539,RM,12
n,0,mumänt,61.7051614,0.1374500656,t,345.52228,1145.140864,2118.569704,3357.876652,RM,12
t,0,mumänt,61.85252373,0.1572745943,NA,514.1527022,1880.035408,3210.186888,4093.437236,RM,12
a,0,as,62.37325156,0.1017659139,s,1189.44626,1784.423423,2975.995162,4416.633378,RM,12
s,0,as,62.50416411,0.1600591808,s,1399.879827,2478.961371,3139.560693,4007.779145,RM,12
s,0,sént,62.66540361,0.1624198192,e,1692.58885,2958.741265,3829.991971,4322.739131,RM,12
e,1,sént,62.80168221,0.1101373917,n,337.6190551,2275.462428,2959.797334,4104.206637,RM,12
n,0,sént,62.94860456,0.1837072992,t,270.1583359,999.6913756,2311.921137,2970.487127,RM,12
t,0,sént,63.14768351,0.2144505972,u,60.09108106,1646.774001,2855.409395,4049.131774,RM,12
u,0,un,63.29787892,0.08594023659,n,356.6849286,927.7536156,2899.208985,3763.188288,RM,12
n,0,un,63.4181647,0.1546313238,ɲ,278.7941629,1533.834634,3100.056789,4117.740915,RM,12
ɲ,0,gnécc,63.56681762,0.1426745144,e,249.0324786,702.8856342,2456.280695,3794.63976,RM,12
e,1,gnécc,63.70159337,0.1268769836,k:,415.1653356,1951.099199,2647.431113,3097.786349,RM,12
kː,0,gnécc,63.89124803,0.252432332,NA,1238.471176,2118.576463,2733.275408,3763.939358,RM,12
a,0,ala,64.81454151,0.07401157377,l,1124.134024,1911.432591,3011.122665,4566.199122,RM,12
l,0,ala,64.87864082,0.05418704508,a,351.791195,1690.696612,2974.951662,4587.528034,RM,12
a,0,ala,64.9414185,0.07136830328,d,848.099228,1702.399603,2978.189291,4401.380696,RM,12
d,0,deléNna,65.00873656,0.06326782614,e,317.3022668,1648.336315,2812.075718,NA,RM,12
e,0,deléNna,65.07387884,0.06701672447,l,367.5489133,928.5927422,2144.289836,3036.567802,RM,12
l,0,deléNna,65.13754473,0.06031505202,e,340.3915768,1975.086737,3428.100967,4089.641739,RM,12
e,1,deléNna,65.19004116,0.04467781631,ŋ,390.7110734,2206.22162,3131.546796,4381.338685,RM,12
ŋ,0,deléNna,65.27046123,0.1161623224,n,272.8635851,1482.374396,2925.554192,4246.003722,RM,12
n,0,deléNna,65.36763548,0.07818617854,a,281.7124936,1265.565729,2478.478075,3593.465104,RM,12
a,0,deléNna,65.46533711,0.1172170712,NA,914.0858634,1722.100204,3073.810804,4144.803477,RM,12
ai,0,ai,65.9826808,0.171812582,v,361.7180858,2335.605707,3228.720561,4705.844476,RM,12
v,0,vén,66.13105076,0.1249273468,e,188.3404891,1467.00553,2966.104055,3716.612537,RM,12
e,1,vén,66.23765915,0.08828942841,ŋ:,350.9632262,2443.649395,3163.053666,4154.000322,RM,12
ŋː,0,vén,66.3295128,0.09541787077,u,282.506082,1217.780674,2393.61515,3119.770889,RM,12
u,0,una,66.4095968,0.06475013189,n,304.4342447,890.0872803,2232.36414,3101.423786,RM,12
n,0,una,66.47548023,0.06701672447,a,315.1901211,1343.491641,2303.153675,3173.195023,RM,12
a,0,una,66.54487107,0.07176497151,t,881.5181608,1791.812527,3198.285482,4487.426658,RM,12
t,0,tèl,66.65350736,0.1455076014,ɛ:,379.1852986,822.7629783,1927.492992,3314.365281,RM,12
ɛː,1,tèl,66.78044821,0.1083740902,l,492.6932298,1233.684109,2626.183979,3893.434451,RM,12
l,0,tèl,66.87891003,0.08854956148,s,437.8265125,2018.777124,3474.130266,4648.433544,RM,12
s,0,scagâza,67.0041203,0.1618709828,k,1183.957398,2005.218672,3520.882235,4003.182489,RM,12
k,0,scagâza,67.12866976,0.08722792623,a,669.226056,2150.762121,3136.04435,4303.752047,RM,12
a,0,scagâza,67.21589769,0.08722792623,g,888.4309767,1877.948639,3422.067598,4473.432005,RM,12
g,0,scagâza,67.28660517,0.05418704508,a:,315.8944662,1334.26016,2309.062737,3431.923105,RM,12
aː,1,scagâza,67.42934178,0.231286168,θ,939.5118761,1902.209275,3024.886689,4476.855143,RM,12
θ,0,scagâza,67.61304908,0.1361284303,a,1153.294584,2301.608017,3249.975271,4170.115136,RM,12
a,0,scagâza,67.75219867,0.142170756,NA,682.2736482,1644.373407,2902.061535,4623.059854,RM,12
k,0,che,68.14954508,0.04078779744,e,1031.345093,1675.839717,2944.527982,3415.733862,RM,12
e,0,che,68.20001398,0.06015000735,k,388.7025414,2248.201424,2711.358688,3559.177871,RM,12
k,0,quèSi,68.33139203,0.2026060948,w,327.6328698,2373.930184,3636.328746,NA,RM,12
w,0,quèSi,68.47513901,0.08488785099,ɛ:,364.2889742,1116.111252,2621.903426,3606.658899,RM,12
ɛː,1,quèSi,68.58580791,0.1364499606,z,602.8169228,2069.264281,3000.520822,4168.934672,RM,12
z,0,quèSi,68.69982765,0.09158952344,i,310.7165916,1904.680232,3205.490935,4310.375846,RM,12
i,0,quèSi,68.78334123,0.07543763269,l,360.0762174,2461.712635,2959.19631,4258.261844,RM,12
l,0,la,68.8511447,0.06016931383,a,341.7615721,1682.290245,2999.878405,3565.59688,RM,12
a,0,la,68.90665338,0.05084804682,m,763.6866674,1593.511615,2970.898354,4315.695762,RM,12
m,0,môr,68.97813789,0.09212096537,o:,295.6381646,949.381465,2292.025709,3067.845714,RM,12
oː,1,môr,69.11467095,0.1809451561,r,376.1743015,798.2407706,2824.163598,3592.903041,RM,12
r,0,môr,69.25622058,0.1021541041,NA,395.4849177,1419.097925,2260.52996,3402.548793,RM,12
p,0,puvratta,69.82100435,0.04562117987,u,1414.605774,2451.043815,3265.411409,4345.347286,RM,12
u,0,puvratta,69.95774337,0.2278568632,v,379.8542986,926.4783426,2913.745224,4023.834459,RM,12
v,0,puvratta,70.12193435,0.1005250867,r,243.8622229,1298.55462,2555.509719,3606.974059,RM,12
r,0,puvratta,70.27272198,0.2010501734,a,467.3074255,1434.306662,2511.441186,3695.715518,RM,12
a,1,puvratta,70.42336717,0.1002402154,t:,1032.343981,1468.034527,2566.918737,3921.025937,RM,12
tː,0,puvratta,70.5342825,0.1215904426,a,131.8387166,773.9763604,2701.941844,3829.277459,RM,12
a,0,puvratta,70.6393525,0.08854956148,m,839.0595781,1540.121367,2713.117662,4323.754701,RM,12
m,0,mé,70.72614044,0.08502632205,e,293.672018,1347.666971,2524.547318,3811.151118,RM,12
e,1,mé,70.81953656,0.1017659139,NA,391.0443562,2262.360249,2823.517034,3049.929793,RM,12
k,0,cal,71.35536428,0.04838866804,a,609.5558983,1716.979193,2000.849687,3563.074994,RM,12
a,0,cal,71.4063653,0.05361337957,l,899.6106548,1512.944633,2604.354093,3960.524849,RM,12
l,0,cal,71.48525851,0.1041730508,b,425.5660044,1467.57625,2769.927182,4422.454637,RM,12
b,0,brótt,71.58801749,0.1013449043,r,261.7267518,1176.50025,2661.331932,4069.945754,RM,12
r,0,brótt,71.65658552,0.03579116053,o,494.7382828,1342.528199,2361.48555,3091.606764,RM,12
o,1,brótt,71.7154518,0.08194138525,t:,549.2097403,1291.325932,2988.716005,3818.258331,RM,12
tː,0,brótt,71.80201891,0.09119283197,a,432.9763095,1359.956476,2956.359086,4144.029155,RM,12
a,0,armåur,71.88385792,0.0724851875,r,944.1704215,1652.929846,2871.321311,4360.888951,RM,12
r,0,armåur,71.97711692,0.1140328266,m,478.3838182,1608.478916,1986.835836,2809.078709,RM,12
m,0,armåur,72.07083356,0.07340044011,ɑu,267.7848602,1248.298619,2374.630931,3524.389871,RM,12
ɑu,1,armåur,72.2279174,0.2407672507,r,1045.424436,1360.316967,3120.451287,3893.2263,RM,12
r,0,armåur,72.3823798,0.06815755153,NA,376.7684126,1411.72926,2614.251182,3926.980289,RM,12
a,0,al,72.69742323,0.08519693941,l,1035.019068,1415.516714,2873.970587,4484.235167,RM,12
l,0,al,72.81735431,0.1546652131,v,363.4260801,1638.773523,2977.926475,4377.815607,RM,12
v,0,vén,72.94970637,0.1100389119,e,224.4196411,1309.369637,2641.431672,3318.904527,RM,12
e,1,vén,73.06062185,0.1117920388,ŋ:,436.5887856,2329.960093,3051.568059,4454.387454,RM,12
ŋː,0,vén,73.19234942,0.1516631123,p,280.2101476,1135.062597,2231.285873,3354.467992,RM,12
p,0,pròpi,73.33312488,0.1298877907,r,249.9215664,1802.746382,2844.930867,3637.475626,RM,12
r,0,pròpi,73.45246374,0.108789938,ɔ:,552.1393486,1350.972426,2566.126177,4095.027406,RM,12
ɔː,1,pròpi,73.57632698,0.1389365474,p,539.6896236,1007.741773,2949.640491,3685.478011,RM,12
p,0,pròpi,73.71198672,0.1323829366,i,406.1748615,708.0235445,2679.85787,3806.615681,RM,12
i,0,pròpi,73.81815522,0.07995405084,d,338.0784091,2598.277319,3056.934613,4449.493736,RM,12
d,0,dala,73.8848154,0.05336631671,a,281.1692736,2332.005104,3105.267507,3408.070067,RM,12
a,0,dala,73.9495095,0.0760218844,l,676.8552658,1608.047798,2832.886643,4342.389772,RM,12
l,0,dala,73.99931694,0.02359299861,a,413.8747493,1465.053513,2756.528266,4341.879044,RM,12
a,0,dala,74.04781366,0.07340044011,k,890.2037556,1556.863745,2754.348215,4024.35559,RM,12
k,0,cuSéNna,74.13975226,0.1104767533,u,790.2999225,1273.587869,2103.433793,4020.942064,RM,12
u,0,cuSéNna,74.21661755,0.04325383078,z,299.7885394,1172.053859,2789.343435,3391.756136,RM,12
z,0,cuSéNna,74.27822149,0.07995405084,e,312.5193772,2042.354111,3115.347356,4050.122963,RM,12
e,1,cuSéNna,74.37849174,0.1205864373,ŋ,401.8333627,2260.801596,2926.341139,4477.195859,RM,12
ŋ,0,cuSéNna,74.49055848,0.1035470494,n,297.9999723,864.463276,2255.299076,2610.869536,RM,12
n,0,cuSéNna,74.58188765,0.07911129812,a,285.2896548,763.4980285,2207.280991,3118.516747,RM,12
a,0,cuSéNna,74.65332201,0.06375741566,NA,824.7981366,1660.480976,2991.021226,4378.077567,RM,12
v,0,vût,75.31214164,0.06374065825,u:,190.0952703,1436.275593,2888.509148,3560.233917,RM,12
uː,1,vût,75.39668322,0.1053424984,t,384.5309732,1165.266158,2972.620705,4058.356321,RM,12
t,0,vût,75.49654047,0.09437199443,v,319.8831073,1046.257353,2968.002954,4112.39064,RM,12
v,0,vàdder,75.59714715,0.1068413664,a,250.4323564,1202.06042,2654.805938,3922.250921,RM,12
a,1,vàdder,75.70996328,0.1187908891,d:,1068.852459,1472.710423,2801.758999,3821.38854,RM,12
dː,0,vàdder,75.84144844,0.1441794359,e,235.3834407,518.98655,1672.821108,2682.404785,RM,12
e,0,vàdder,75.96400096,0.1009256052,r,466.219056,1968.896685,2950.576283,4502.510969,RM,12
r,0,vàdder,76.04985326,0.07077899582,NA,357.1127385,1679.966043,2877.82448,4494.995728,RM,12
k,0,che,76.43816077,0.03965894461,e,1246.118098,2312.835882,3148.556845,4221.677741,RM,12
e,0,che,76.4811164,0.04625232588,a,428.3311481,2457.415644,3045.736198,4523.22502,RM,12
a,0,al,76.52916744,0.04984974954,l,692.6959171,1236.36565,1793.404577,3058.840646,RM,12
l,0,al,76.59371227,0.07923990103,l,399.6951647,1691.7666,2458.587085,4070.595428,RM,12
l,0,lèder,76.67803259,0.08940074104,ɛ:,382.4522172,1542.149945,1994.972718,4009.630869,RM,12
ɛː,1,lèder,76.80705328,0.1686406421,d,578.7728316,1230.291859,2377.773352,3308.933031,RM,12
d,0,lèder,76.91586924,0.04899128508,e,288.4722391,2004.436113,3032.098104,4438.126352,RM,12
e,0,lèder,76.98332052,0.08591127049,r,507.5146394,1859.40381,1891.920546,3014.865931,RM,12
r,0,lèder,77.04271597,0.03287962204,a,399.8238641,1628.390988,2694.66705,4573.785914,RM,12
a,0,al,77.08127817,0.04424477654,l,659.0712753,1547.798869,2873.365573,4184.827538,RM,12
l,0,al,77.14688651,0.08697190346,p,380.540192,1694.678071,2941.386144,4406.228576,RM,12
p,0,prôva,77.25810209,0.1354592707,r,233.9994393,537.224023,2344.942018,3356.185491,RM,12
r,0,prôva,77.36197944,0.07229541889,o:,435.145496,1274.206317,1633.195048,3088.977585,RM,12
oː,1,prôva,77.44152691,0.08679952647,v,406.2883943,1003.12944,2843.102711,3142.093033,RM,12
v,0,prôva,77.50560902,0.04136468579,a,283.7416376,1204.326372,2694.790979,3876.792197,RM,12
a,0,prôva,77.54515566,0.03772860066,e,427.5153862,1619.330318,2865.127153,3868.716444,RM,12
e,0,ed,77.57780819,0.02757645719,d,367.2569234,1767.924437,2925.305851,4336.722461,RM,12
d,0,ed,77.65882063,0.1344484281,v,250.144488,1441.284814,2912.85028,4009.226921,RM,12
v,0,vgnîr,77.73665117,0.02121265938,ɲ,244.2118562,2415.634307,3361.087051,4137.127115,RM,12
ɲ,0,vgnîr,77.7695308,0.0445465847,i:,354.3142298,974.4574281,2635.339644,3157.321459,RM,12
iː,1,vgnîr,77.81407738,0.0445465847,r,355.5027326,1855.996725,2353.664446,2974.395646,RM,12
r,0,vgnîr,77.86339681,0.05409228142,d,288.6007329,1608.482439,2743.0078,4397.746061,RM,12
d,0,dänter,77.92491353,0.06894114299,æ,270.6078058,1070.672478,2427.609386,NA,RM,12
æ,1,dänter,78.01670957,0.1146509483,n,1082.280137,1564.819416,2780.90729,3818.442115,RM,12
n,0,dänter,78.10744498,0.06681987705,t,347.1291705,1247.08868,2290.029205,3350.851156,RM,12
t,0,dänter,78.17801382,0.07431778902,e,438.9859455,1747.368061,2680.268263,3499.954391,RM,12
e,0,dänter,78.24112148,0.0518975343,r,490.6482101,1794.248274,2842.375368,4619.287316,RM,12
r,0,dänter,78.28881322,0.04348595173,d,308.2941443,1561.155245,2740.25342,4321.782799,RM,12
d,0,dal,78.33351219,0.04591197381,a,250.9216476,1589.148555,2724.670886,4147.825207,RM,12
a,0,dal,78.39465096,0.07636557377,l,869.1456588,1652.575222,2828.704248,4146.61606,RM,12
l,0,dal,78.44927356,0.03287962204,ð,439.2066646,1544.542331,2886.580609,4462.514501,RM,12
ð,0,Zardén,78.51215415,0.09288157383,a,247.7855594,1555.541056,2783.830773,4167.605518,RM,12
a,0,Zardén,78.59836868,0.07954747268,r,763.4208714,1620.162418,2841.784131,4699.931178,RM,12
r,0,Zardén,78.66784014,0.05939544627,d,410.889899,1567.309594,2680.378941,4493.748413,RM,12
d,0,Zardén,78.73784191,0.08060810565,e,287.431992,1623.992921,2774.685147,NA,RM,12
e,1,Zardén,78.81483962,0.07338731371,ŋ:,409.7544985,1625.500544,2336.482457,3063.229883,RM,12
ŋː,0,Zardén,78.91931197,0.1355573812,NA,347.7832928,982.3079489,2447.154779,2973.191139,RM,12
l,0,la,79.80576515,0.1402491651,a,336.2281023,1898.901547,3139.8327,4521.170557,RM,12
a,0,la,79.91596092,0.08014238007,m,978.2844468,1673.859554,2961.059572,4618.617501,RM,12
m,0,métt,79.9899385,0.06781278313,e,284.3699517,1713.606784,2385.452354,3791.433454,RM,12
e,1,métt,80.06806282,0.08843585824,t:,396.717039,2441.590537,3119.305847,4055.383902,RM,12
tː,0,métt,80.24482392,0.2650863341,i,203.0317127,2113.844729,3049.039219,3871.3401,RM,12
i,0,in,80.40598989,0.05724560691,n,326.2996522,2636.302325,3140.654166,4311.348247,RM,12
n,0,in,80.48932528,0.1094251728,p,280.9312748,1078.641365,2136.211514,2608.506246,RM,12
p,0,puSiziån,80.6043072,0.1205386788,u,257.0086445,2490.770454,3416.471464,NA,RM,12
u,0,puSiziån,80.70463252,0.08011195313,z,342.8145239,1227.689478,2910.340987,3919.091342,RM,12
z,0,puSiziån,80.78434006,0.07930312395,i,304.8282203,2526.320771,3051.307272,4051.028978,RM,12
i,0,puSiziån,80.86714808,0.08631291263,θ,349.0302856,2484.159562,2948.9086,4436.795154,RM,12
θ,0,puSiziån,80.97657663,0.1325441884,i,290.2801367,1837.983244,2837.719474,3636.799441,RM,12
i,0,puSiziån,81.06363739,0.04157733656,ɑ,312.2717243,2462.744465,3042.389594,4470.443324,RM,12
ɑ,1,puSiziån,81.16043932,0.1520265341,n,1029.502631,1653.227415,2780.262547,4212.337469,RM,12
n,0,puSiziån,81.28150246,0.09009973087,a,327.8313044,1117.848296,2259.510753,3162.025379,RM,12
a,0,al,81.36781859,0.08253253353,l,963.2079528,1614.111594,2772.193673,4227.198314,RM,12
l,0,al,81.43583063,0.0534915485,m,357.0476415,936.9597456,2055.514792,3367.631713,RM,12
m,0,matarèl,81.51592059,0.1066883645,a,280.2094429,1399.269809,2282.257122,3972.555045,RM,12
a,0,matarèl,81.63926001,0.1399904911,t,940.0844373,1545.84072,2746.48944,4214.759136,RM,12
t,0,matarèl,81.72787102,0.03723151359,a,1327.676595,1507.801452,2638.870516,3839.050015,RM,12
a,0,matarèl,81.77701661,0.06105968229,r,968.4816906,1640.436078,2679.775338,4286.263842,RM,12
r,0,matarèl,81.8283961,0.04169929522,ɛ:,508.2831511,1665.181115,2715.050466,2723.705957,RM,12
ɛː,1,matarèl,81.93785675,0.1772220047,l,569.3856496,1750.222942,2634.863868,3441.450199,RM,12
l,0,matarèl,82.05516378,0.05739204839,NA,412.1679954,1454.913371,3000.915572,3486.124689,RM,12
p,0,par,82.45042999,0.1548882969,a,79.3362734,1896.901875,2965.19023,3905.953582,RM,12
a,0,par,82.57917528,0.102602274,r,961.2224519,1455.617372,2659.518953,3966.047046,RM,12
r,0,par,82.6877896,0.1146263847,d,433.6310025,1503.891041,2593.030074,4336.211792,RM,12
d,0,dèr,82.7961327,0.1020598102,ɛ:,279.9774414,1571.965699,2689.509501,NA,RM,12
ɛː,1,dèr,82.91446419,0.1346031739,r,593.2979908,1797.078447,2551.753323,2863.501785,RM,12
r,0,dèr,82.98968361,0.01583566751,u,338.8084213,1570.393128,2823.068745,4095.744774,RM,12
u,0,una,83.01710863,0.03901436864,n,382.7413307,1330.364036,2046.707918,3003.565774,RM,12
n,0,una,83.07896671,0.08470178381,a,337.9614312,1095.526158,2252.274535,3239.318685,RM,12
a,0,una,83.15595812,0.06928104537,b,907.5790279,1639.945962,2888.007243,4178.523828,RM,12
b,0,bèla,83.28148948,0.1817816737,ɛ:,173.9051122,515.1272408,1537.599627,3334.936295,RM,12
ɛː,1,bèla,83.43027948,0.1157983187,l,772.1182469,2038.248221,2523.15968,2878.294817,RM,12
l,0,bèla,83.50648863,0.03661998112,a,447.6577009,1645.544502,2692.59768,4286.564292,RM,12
a,0,bèla,83.56252184,0.07544643996,s,812.0812052,1631.424869,2825.645646,3935.50547,RM,12
s,0,stanghè,83.63865857,0.07682702793,t,435.706017,1908.504972,2702.321994,3935.130195,RM,12
t,0,stanghè,83.70521165,0.05627912889,a,798.5156875,1867.174064,3052.998439,4100.378743,RM,12
a,0,stanghè,83.76831306,0.0699236826,n,1019.495958,1601.394319,2744.292291,4210.819879,RM,12
n,0,stanghè,83.84348493,0.08042006936,g,403.5863547,1216.891949,2233.226202,3272.019257,RM,12
g,0,stanghè,83.90643336,0.04547677868,ɛ:,304.615802,2089.352208,2531.644776,3901.396353,RM,12
ɛː,1,stanghè,83.96232247,0.06630143951,a,494.4236025,2294.212968,2652.984624,4173.523814,RM,12
a,0,al,84.02159385,0.05224131693,l,751.3383797,1532.252116,2692.756999,4313.709998,RM,12
l,0,al,84.0739267,0.05242439403,s,414.0841926,1479.599908,2773.159478,3953.870807,RM,12
s,0,sô,84.15250921,0.1047406224,o:,1366.771854,2684.7608,3657.09928,3938.680324,RM,12
oː,1,sô,84.23456098,0.05936291677,n,432.018171,1242.148068,2827.913089,3057.530362,RM,12
n,0,nemîg,84.28320413,0.03792337993,e,358.1932293,1330.16327,2196.445832,3045.232542,RM,12
e,0,nemîg,84.33531654,0.06630143951,m,366.638447,2392.563119,3131.729602,4154.589032,RM,12
m,0,nemîg,84.40104947,0.06516442539,i:,313.8692421,1190.936002,2417.361146,3958.790642,RM,12
iː,1,nemîg,84.51381017,0.16035697,g,297.1446522,2662.98708,3695.831297,4213.188981,RM,12
g,0,nemîg,84.64679852,0.105619735,NA,709.5761982,2211.348338,2685.908333,3910.497939,RM,12
e,0,e,85.19819469,0.07555280316,p,517.9691746,2358.309144,3017.314222,4183.531479,RM,12
p,0,pò,85.29533401,0.1187258335,ɔ:,252.7938653,553.0793958,2421.271404,3493.835908,RM,12
ɔː,1,pò,85.42947878,0.1495637124,NA,985.3280487,1270.284185,3082.385997,3992.085526,RM,12
l,0,la,85.93011039,0.06048066579,a,329.6234688,1704.714043,2543.136871,4082.278473,RM,12
a,0,la,86.00026656,0.07983168294,k,606.2849975,1645.971056,2599.815357,3941.097011,RM,12
k,0,córr,86.07448954,0.06861428042,o,1003.280957,1230.89635,2851.850326,4172.855823,RM,12
o,1,córr,86.14282582,0.06805827832,r:,493.8228807,1146.596608,2808.877984,3943.552606,RM,12
rː,0,córr,86.19205216,0.03039439275,d,422.1065944,1419.934507,2565.90992,3905.911218,RM,12
d,0,däntr,86.25187094,0.08924317654,æ,280.4043311,431.2711884,1752.882425,2781.543899,RM,12
æ,1,däntr,86.34696186,0.1009386654,n,1150.050953,1670.139472,2942.224839,3459.126749,RM,12
n,0,däntr,86.42883433,0.06280628068,t,263.4395655,1523.527736,2211.13629,3338.593899,RM,12
t,0,däntr,86.49375045,0.06702595384,r,287.3427672,1782.126607,2974.256953,3647.359099,RM,12
r,0,däntr,86.53847884,0.02243081453,i,344.154834,1818.943672,2909.300978,4428.097331,RM,12
i,0,in,86.57156429,0.04374008833,n,408.1897775,2242.392293,2931.97786,4351.51601,RM,12
n,0,in,86.61810823,0.04934779196,k,358.7413612,998.4483434,2256.231419,3224.124481,RM,12
k,0,cuSéNna,86.68353246,0.08150066468,u,450.7230402,1269.920419,2397.747976,3883.872785,RM,12
u,0,cuSéNna,86.7562467,0.06392782141,z,412.5667835,1139.274581,2853.35944,3080.402859,RM,12
z,0,cuSéNna,86.82522145,0.07402168794,e,1164.759294,2596.475021,3575.034427,4171.918928,RM,12
e,1,cuSéNna,86.89475698,0.06504936213,ŋ,406.7281509,2236.362541,2992.242187,4236.053949,RM,12
ŋ,0,cuSéNna,86.95700249,0.0594416585,n,341.9774775,1152.57389,2817.907979,3400.908959,RM,12
n,0,cuSéNna,87.01532261,0.05719857705,a,275.3919374,975.4563615,2177.7962,3020.189866,RM,12
a,0,cuSéNna,87.07532504,0.06280628068,k,944.2751463,1627.616213,2772.167514,4037.705551,RM,12
k,0,con,87.16309953,0.1127427112,o,693.9657428,1534.393909,2757.842908,3923.740976,RM,12
o,0,con,87.27431339,0.1096849962,n,458.8648875,921.8245905,2849.915717,3816.40785,RM,12
n,0,con,87.36862129,0.07893080882,u,323.6789212,1085.030639,2269.323599,3217.012663,RM,12
u,0,un,87.44382895,0.0714845061,n,326.6222947,1134.768692,2292.156551,3256.253567,RM,12
n,0,un,87.61070681,0.2622712164,v,298.6711849,1106.057014,2298.603659,3441.373482,RM,12
v,0,varslâz,87.78098249,0.078280156,a,211.9528975,1204.349706,2749.939546,4025.084101,RM,12
a,0,varslâz,87.86852354,0.09680193534,r,1012.586109,1449.30863,2682.119506,4165.097689,RM,12
r,0,varslâz,87.94819898,0.06254894283,s,469.3481011,1486.775131,2710.143878,3783.546084,RM,12
s,0,varslâz,88.04425628,0.1295656673,l,1147.923362,2259.774335,3795.786009,4186.971877,RM,12
l,0,varslâz,88.14180285,0.06552746392,a:,334.987082,1552.195179,3111.869065,4272.534066,RM,12
aː,1,varslâz,88.29221816,0.2353031659,θ,1053.06255,1527.720089,2865.567369,3829.399062,RM,12
θ,0,varslâz,88.47403091,0.1283223209,NA,428.6491293,1461.840366,2686.845902,4035.736488,RM,12
k,0,ch'la,88.87488885,0.1345111715,l,122.8123155,1602.599217,2814.132082,3321.778546,RM,12
l,0,ch'la,88.97718125,0.07007363119,a,386.3687906,1551.884465,2954.146427,4032.287849,RM,12
a,0,ch'la,89.05782154,0.09120694853,p,934.6859829,1554.286255,2844.108425,4230.067794,RM,12
p,0,pèr,89.16446832,0.1220865973,ɛ:,317.5425411,822.0545838,1632.758773,3216.590521,RM,12
ɛː,1,pèr,89.30337121,0.1557191804,r,613.3466608,2210.790083,2875.600718,4136.658344,RM,12
r,0,pèr,89.39290973,0.02335787706,u,316.6926083,1859.055267,2913.017332,4135.689582,RM,12
u,0,un,89.43462023,0.06006311245,n,379.6645521,1276.358363,2227.986984,3076.407957,RM,12
n,0,un,89.51970964,0.1101157062,k,332.545908,953.0679004,2199.664291,3285.488356,RM,12
k,0,kamikâZe,89.62705984,0.1045847063,a,375.3240702,2422.414729,3360.74992,NA,RM,12
a,0,kamikâZe,89.7284978,0.09829119588,m,913.3328035,1583.008685,2671.68696,4101.968814,RM,12
m,0,kamikâZe,89.82008732,0.08488785099,i,330.0301042,1074.340167,2310.691346,3494.579397,RM,12
i,0,kamikâZe,89.90125202,0.07744154827,k,265.5084251,1638.048595,2767.279335,3321.259925,RM,12
k,0,kamikâZe,89.97720431,0.07446302718,a:,1345.728757,1612.592875,2549.423833,3162.834174,RM,12
aː,1,kamikâZe,90.10602534,0.1831790469,ð,1023.545138,1468.206732,2213.582793,2725.829245,RM,12
ð,0,kamikâZe,90.22963397,0.06403820338,e,221.4901942,1567.827205,2664.942126,3825.481823,RM,12
e,0,kamikâZe,90.29625502,0.06920390544,dz,458.2517409,1901.025963,2860.062123,2898.602936,RM,12
dz,0,giapunaiS,90.36534646,0.06897896659,a,256.1599565,1628.17648,2829.497833,4095.899068,RM,12
a,0,giapunaiS,90.42813189,0.05659190066,p,817.8137271,1585.009973,2785.448658,4128.67786,RM,12
p,0,giapunaiS,90.49887177,0.08488785099,u,769.1130794,1526.370788,2821.322973,3650.497092,RM,12
u,0,giapunaiS,90.5711009,0.05957042175,n,430.1606578,1111.992654,3008.572809,3841.665352,RM,12
n,0,giapunaiS,90.63067133,0.05957042175,ai,347.9143317,1580.613364,2041.09392,3180.88167,RM,12
ai,1,giapunaiS,90.79746851,0.27402394,z,1068.525334,1685.67457,2805.485854,4280.845164,RM,12
z,0,giapunaiS,91.00033107,0.1317011807,NA,1395.326677,2611.298972,3835.479366,4274.698664,RM,12
d,0,da,91.74425338,0.05317741014,a,290.5840494,1574.219007,2846.293907,3974.216378,RM,12
a,0,da,91.80476662,0.06784907147,k,964.0677583,1752.674722,2826.246608,4529.79375,RM,12
k,0,cl'ètra,91.89038215,0.1033819954,l,752.178694,1801.420217,2375.76374,3930.534219,RM,12
l,0,cl'ètra,91.98675096,0.08935563262,ɛ:,450.8303263,1591.998553,3107.550521,4122.986841,RM,12
ɛː,1,cl'ètra,92.08057438,0.09829119588,t,397.0342354,1505.530444,2453.630871,3113.188981,RM,12
t,0,cl'ètra,92.18035484,0.101269717,r,432.8180671,643.1290037,2040.531784,3080.402795,RM,12
r,0,cl'ètra,92.25035008,0.03872077414,a,366.3222038,1532.939835,2557.217342,3984.746978,RM,12
a,0,cl'ètra,92.2905342,0.04164746143,p,965.5202545,1615.071832,2644.165451,4406.037789,RM,12
p,0,pèrt,92.37164976,0.1205836545,ɛ:,673.4563003,1619.040196,2425.939565,4147.04664,RM,12
ɛː,1,pèrt,92.49076738,0.117651583,r,401.4378038,1562.821392,2452.551577,2940.487113,RM,12
r,0,pèrt,92.57086102,0.04253570129,t,302.5267668,1688.022601,2843.285284,3409.071439,RM,12
t,0,pèrt,92.60937362,0.03448950569,d,263.2839717,1789.258511,2511.413143,4298.994985,RM,12
d,0,dal,92.64961138,0.04598600759,a,870.4763623,1701.64482,2656.154304,3929.099055,RM,12
a,0,dal,92.71921653,0.09322428976,l,936.8283254,1616.103181,2839.577261,4373.586678,RM,12
l,0,dal,92.82738978,0.1231222236,v,361.5255399,1557.018369,2050.343316,2694.199828,RM,12
v,0,vaider,92.90993371,0.04196562147,ai,320.4768079,1478.294496,2811.697134,4223.810294,RM,12
ai,1,vaider,93.04261106,0.2233890816,d,419.7256029,1534.446088,2576.596559,2872.970877,RM,12
d,0,vaider,93.19302637,0.07744154827,e,699.5910493,1500.39867,2746.401612,4038.12524,RM,12
e,0,vaider,93.27121255,0.07893080882,r,410.0271151,1880.181441,2861.988704,4376.440849,RM,12
r,0,vaider,93.33696982,0.05258373739,NA,284.7380757,1672.145768,2802.449873,3238.80697,RM,12
a,0,ai,93.97919156,0.09647956802,j,1012.538962,1607.53388,2735.359276,4175.365854,RM,12
j,0,ai,94.07317921,0.09149572834,e,281.2628084,1368.717531,2622.529802,3356.100245,RM,12
e,1,é,94.15118319,0.06451223189,u,332.844543,2492.722996,2951.623905,4107.932107,RM,12
u,0,un,94.20596989,0.04506117247,n,353.8403416,1620.574185,2876.321901,3569.178864,RM,12
n,0,un,94.3160856,0.1751702398,g,295.6526577,1202.074697,2346.904237,3512.438824,RM,12
g,0,gran,94.44697138,0.08660133672,r,1374.171269,1782.460771,2723.652025,4169.711999,RM,12
r,0,gran,94.61373512,0.2469261289,a,323.2977412,1413.489776,2813.254685,2894.701656,RM,12
a,0,gran,94.79670515,0.119013945,n,1120.700243,1535.832728,2622.653547,4190.878961,RM,12
n,0,gran,94.95186819,0.1913121359,b,268.1984967,1259.660916,2275.936187,3317.160965,RM,12
b,0,bagâi,95.09349962,0.09195071288,a,202.6472875,1259.817883,3026.037834,4181.509147,RM,12
a,0,bagâi,95.18973959,0.1005292337,g,1105.490863,1556.028339,2730.387519,4314.630239,RM,12
g,0,bagâi,95.27003577,0.06006311245,a:,398.0025638,1459.939684,2514.226017,3991.041097,RM,12
aː,1,bagâi,95.43520932,0.270284006,i,1094.090188,1138.245463,1592.20082,2750.755817,RM,12
i,0,bagâi,95.61261796,0.08453326937,NA,368.241697,1449.669422,2484.032263,3061.022321,RM,12
t,0,tótt,96.15271313,0.02891927636,o,412.3319573,1503.896137,2739.619545,3938.155632,RM,12
o,1,tótt,96.22111834,0.1078911464,t:,537.2667491,1103.705423,2998.314613,4117.62815,RM,12
tː,0,tótt,96.37900992,0.2078920056,n,478.2952849,1205.260684,2832.22678,3880.294894,RM,12
n,0,naigher,96.53878546,0.1116590762,ai,260.2463793,1237.510815,2321.601299,3365.534362,RM,12
ai,1,naigher,96.74279642,0.2963628482,g,1054.900576,1693.976633,2802.453888,3564.041653,RM,12
g,0,naigher,96.9512929,0.120630104,e,209.0764816,1811.825825,2881.766698,3330.004772,RM,12
e,0,naigher,97.07117837,0.1191408435,r,473.9305387,1789.45569,2531.523355,2823.475518,RM,12
r,0,naigher,97.16498039,0.06846319383,NA,431.9119912,1535.367798,2648.486116,3260.148128,RM,12
k,0,ch'al,97.52277291,0.04500882349,a,872.3061543,1859.847794,2795.031635,4086.476219,RM,12
a,0,ch'al,97.57734611,0.06413757347,l,944.8120942,1505.33354,2830.772022,4246.696648,RM,12
l,0,ch'al,97.65048545,0.08214110287,s,328.6372928,1535.13996,2816.500343,4370.716077,RM,12
s,0,spénnZ,97.78063645,0.1781608877,p,1576.827463,2731.497475,3756.362404,4188.00026,RM,12
p,0,spénnZ,97.9574841,0.1755344116,e,186.5899495,2610.875912,3670.226602,NA,RM,12
e,1,spénnZ,98.10938888,0.1282751469,n,662.6491667,2470.80797,3073.459725,4443.125949,RM,12
n,0,spénnZ,98.22078571,0.09451852933,ð,296.1938721,1418.14034,2257.046364,3251.890542,RM,12
ð,0,spénnZ,98.3513113,0.1665326469,k,1425.62264,2221.066295,2754.534174,3983.589779,RM,12
k,0,cåntr,98.47272907,0.07630289884,ɑ,1469.017529,1903.392768,2939.38351,3781.925401,RM,12
ɑ,1,cåntr,98.56016905,0.09857706045,n,1081.198476,1522.35064,2637.101466,2756.303891,RM,12
n,0,cåntr,98.63854209,0.05816901567,t,343.7622636,1293.40974,2251.467888,3147.23763,RM,12
t,0,cåntr,98.70458816,0.07392312408,r,387.1794036,1159.624292,1681.083403,3491.240763,RM,12
r,0,cåntr,98.76033347,0.03756748929,a,420.965331,1412.709517,2555.520187,3803.257036,RM,12
a,0,ala,98.81062543,0.06301643364,l,815.3166584,1462.659142,2670.793146,2784.883543,RM,12
l,0,ala,98.86758259,0.05089788871,a,459.1144268,1466.517802,2942.169727,4333.534464,RM,12
a,0,ala,98.91120935,0.03635563479,p,868.6747203,1546.491471,2905.575736,4197.827983,RM,12
p,0,pôrta,98.9857384,0.1127024679,o:,520.8981072,818.0095922,1572.289293,3015.581921,RM,12
oː,1,pôrta,99.1186106,0.1530419252,r,362.9233856,714.3069543,3081.12676,4062.999469,RM,12
r,0,pôrta,99.22966942,0.06907570611,t,355.7574434,1405.178822,2701.741508,3914.4896,RM,12
t,0,pôrta,99.31631701,0.1042194864,a,371.6171254,895.9061533,2534.956576,3681.326725,RM,12
a,0,pôrta,99.41568908,0.09452465046,NA,749.9895618,1512.375954,2724.367135,4126.128754,RM,12
e,0,e,100.2204511,0.44232689,f,398.6152112,1865.617247,2437.799658,3048.029692,RM,12
f,0,fenalmänt,100.5993542,0.3154794447,e,1275.734975,2350.416731,2718.103064,4033.158919,RM,12
e,0,fenalmänt,100.8094008,0.1046136138,n,356.0743771,2341.603149,2848.219853,3902.119354,RM,12
n,0,fenalmänt,100.8892589,0.05510264012,a,320.6396391,1521.668624,2152.374763,3042.459191,RM,12
a,0,fenalmänt,100.961488,0.08935563262,l,902.1520764,1561.944698,2939.462752,4185.915261,RM,12
l,0,fenalmänt,101.0545668,0.09680193534,m,345.950431,1637.460902,2809.208341,4322.784882,RM,12
m,0,fenalmänt,101.1627337,0.1195318523,æ,271.3973119,1308.244177,2322.713745,3446.302381,RM,12
æ,1,fenalmänt,101.2997457,0.1544920877,n,1045.810947,1488.052307,2881.624761,4173.931089,RM,12
n,0,fenalmänt,101.4653827,0.1767818542,t,326.2675129,1174.158472,2398.560791,3254.718478,RM,12
t,0,fenalmänt,101.6162317,0.124916295,NA,475.6886843,1755.973667,2858.193047,3840.871778,RM,12
l,0,la,102.0723745,0.1454225392,a,408.2711794,1688.712094,2932.255502,4214.569015,RM,12
a,0,la,102.1935599,0.09694835945,d,689.7284375,1548.375536,2875.208748,4216.238682,RM,12
d,0,deléNna,102.2781898,0.07231145448,e,369.3223464,1618.385132,2821.785308,4630.599878,RM,12
e,0,deléNna,102.3605126,0.09233415371,l,377.6659637,2004.378697,2896.903115,3512.819228,RM,12
l,0,deléNna,102.4349757,0.05659190066,e,325.4714508,1724.404871,2805.861607,3601.740561,RM,12
e,1,deléNna,102.5019924,0.07744154827,ŋ,414.4075131,2428.879531,2870.14108,3056.095355,RM,12
ŋ,0,deléNna,102.605496,0.1295656673,n,324.7774947,1182.001418,2312.675753,2675.265516,RM,12
n,0,deléNna,102.6911285,0.04169929522,a,311.5897276,1251.748263,2362.191005,3314.244968,RM,12
a,0,deléNna,102.7496734,0.07539050225,l,529.1376229,1608.153994,2914.031244,3033.143035,RM,12
l,0,la,102.8105739,0.04641050379,a,432.0360441,1537.924693,2803.985165,4279.840543,RM,12
a,0,la,102.8614718,0.05538527363,k,1045.10602,1589.953284,2760.950459,4166.454824,RM,12
k,0,capéss,102.9262546,0.07418039367,a,750.298667,1704.675696,2769.821015,4019.958555,RM,12
a,0,capéss,103.0191921,0.1116945408,p,536.6506471,1540.449647,2634.457957,3990.601523,RM,12
p,0,capéss,103.1040799,0.0580811612,e,342.4525297,1831.127479,2673.252937,3828.37817,RM,12
e,1,capéss,103.1681181,0.06999524555,s:,374.5656198,2368.526841,2793.186843,4081.41015,RM,12
sː,0,capéss,103.2703332,0.1344348212,i,1602.735264,2913.527035,3612.015118,4177.571795,RM,12
i,0,incôsa,103.3616166,0.04813211944,n,329.9398908,2482.571666,2807.480218,4145.212655,RM,12
n,0,incôsa,103.4426399,0.1139143224,k,287.673428,1161.996835,2329.344064,2867.937101,RM,12
k,0,incôsa,103.5444838,0.08977352712,o:,242.4208025,1277.544729,2191.591494,3296.872597,RM,12
oː,1,incôsa,103.6717285,0.1647159164,s,447.1653364,977.1801577,2756.16179,3965.874122,RM,12
s,0,incôsa,103.8325686,0.156964361,a,1361.377585,2812.370163,3523.586446,4080.371021,RM,12
a,0,incôsa,103.9573897,0.09267766458,NA,439.1179051,1517.933648,2678.990215,4168.471305,RM,12
a,0,as,104.6810654,0.1179016215,s,1022.021765,1492.749093,2728.485293,3981.102923,RM,12
s,0,as,104.8013758,0.1227191071,v,1575.352447,3243.080638,3949.74354,NA,RM,12
v,0,vadd,104.9051793,0.08488785099,a,256.7575676,1423.805699,2765.570622,3583.448584,RM,12
a,1,vadd,105.0214797,0.1477129972,d:,1115.835229,1458.093472,2750.909593,3928.823218,RM,12
dː,0,vadd,105.1526719,0.1146714401,k,759.365857,1416.490534,2758.016287,2905.89047,RM,12
k,0,che,105.2597606,0.09950587474,e,1045.212848,2038.939081,3075.184272,4130.650251,RM,12
e,0,che,105.3219415,0.02485610963,a,455.5035933,1858.900746,2705.090424,4242.227432,RM,12
a,0,al,105.3561945,0.04364987538,l,600.8445785,1589.947861,2666.122501,4061.678972,RM,12
l,0,al,105.4038397,0.05164047629,s,373.2233206,1505.162842,2748.395927,4270.547535,RM,12
s,0,spurtèl,105.5088198,0.1583196273,p,1481.8978,2764.470442,3405.490325,4206.837022,RM,12
p,0,spurtèl,105.6296789,0.08339859045,u,1010.355537,1532.840408,2638.839381,3901.458656,RM,12
u,0,spurtèl,105.6981849,0.05361337957,r,374.7338187,1101.986761,2765.808518,3213.869505,RM,12
r,0,spurtèl,105.7949868,0.1399904911,t,296.2686845,1484.525025,3397.287709,4018.834731,RM,12
t,0,spurtèl,105.887321,0.04467781631,ɛ:,421.6835074,1693.653018,2853.035455,3116.195736,RM,12
ɛː,1,spurtèl,105.9625286,0.1057374986,l,647.5782144,1786.980619,2740.717561,4326.076232,RM,12
l,0,spurtèl,106.0370496,0.04330455998,p,359.8604344,1700.814783,2805.92456,4356.584129,RM,12
p,0,pr,106.1190759,0.1207480538,r,385.6269092,1717.187632,2670.91956,4297.421901,RM,12
r,0,pr,106.2101367,0.06137344683,a,499.9536182,1487.36104,2573.230855,2854.481293,RM,12
a,0,al,106.2731252,0.06460362824,l,704.134043,1341.573368,2633.975277,3129.777066,RM,12
l,0,al,106.3571099,0.1033658052,k,442.0916014,1468.747533,2744.302759,4170.328902,RM,12
k,0,can,106.4753974,0.1332091166,a,375.8045924,1742.688128,3144.014587,4424.917146,RM,12
a,0,can,106.5961075,0.1082110773,n,973.522733,1556.733652,2735.22368,3924.9048,RM,12
n,0,can,106.7309676,0.1615090706,NA,343.8431057,1215.900049,2324.825753,3304.894201,RM,12
l,0,l,107.0111858,0.1017507145,e,296.1232878,1753.457656,3268.348425,3678.838784,RM,12
e,1,é,107.0834812,0.04283995078,i,433.5792779,2195.450812,2953.66453,2972.055875,RM,12
i,0,ingalunè,107.1242822,0.03876217695,ŋ,325.9035151,815.904152,2575.120027,3131.602561,RM,12
ŋ,0,ingalunè,107.200999,0.1146714401,g,276.7471913,1106.329307,2260.593953,3010.046661,RM,12
g,0,ingalunè,107.300697,0.0847245101,a,216.1108273,286.4769359,2650.809062,3352.596706,RM,12
a,0,ingalunè,107.389971,0.09382341425,l,735.2003715,1587.339058,2684.007315,4152.749548,RM,12
l,0,ingalunè,107.4681571,0.06254894283,u,405.498393,1451.249964,2771.91237,4218.914972,RM,12
u,0,ingalunè,107.5374078,0.07595228773,n,383.3853268,1060.362628,2627.688249,3154.57303,RM,12
n,0,ingalunè,107.6111262,0.0714845061,ɛ:,280.5193328,1505.170058,2424.152835,2861.019035,RM,12
ɛː,1,ingalunè,107.7486249,0.2035130436,NA,424.1324056,1831.154696,2751.129417,3031.174168,RM,12
k,0,che,108.3126303,0.06203092531,e,1474.794507,2080.269998,2928.668882,4361.473213,RM,12
e,0,che,108.3901547,0.09301778248,f,480.092243,1770.623446,2552.187603,3961.560837,RM,12
f,0,figûra,108.5577574,0.2421876318,i,368.0608626,1547.642355,2846.269957,3793.675037,RM,12
i,0,figûra,108.7346985,0.1116945408,g,341.4357284,2244.582997,2662.210934,3850.484804,RM,12
g,0,figûra,108.8337343,0.08637711153,u:,250.5643344,1126.242333,2099.104462,4089.884391,RM,12
uː,1,figûra,108.9781926,0.2025394339,r,308.2295475,687.8513718,2059.679938,4117.888767,RM,12
r,0,figûra,109.1025458,0.04616707685,a,432.4253637,1491.767225,2608.778957,3614.040744,RM,12
a,0,figûra,109.1791902,0.107121752,NA,722.2474372,1530.295083,2628.595391,3844.367199,RM,12
l,0,l,109.7095703,0.06878420587,e,301.2579429,1833.929408,2985.780772,3676.799837,RM,12
e,1,é,109.7763067,0.06468856889,s,398.7146535,2016.211376,2886.009007,3723.48037,RM,12
s,0,såul,109.8773941,0.1374861639,ɑu,176.7283844,1845.799155,3374.430522,4184.024502,RM,12
ɑu,1,såul,110.0183663,0.1444582727,l,610.8701465,1238.745095,2745.609753,3711.943632,RM,12
l,0,såul,110.115251,0.04931123718,b,392.0938107,1301.405966,1927.113438,3238.448823,RM,12
b,0,black,110.1924725,0.1051317089,l,228.5461853,802.6681807,1683.932177,2760.286258,RM,12
l,0,black,110.2755682,0.06105968229,a,471.3272114,1667.7675,2819.7367,4312.076291,RM,12
a,0,black,110.3597114,0.1072267591,k,693.2818833,1878.829627,2878.840289,3208.559047,RM,12
k,0,black,110.5226686,0.2186876344,NA,524.8300432,2286.264127,3044.00715,NA,RM,12
k,0,ch'an,110.9012884,0.04423980901,a,454.9673686,1645.823222,1847.172422,3192.809522,RM,12
a,0,ch'an,110.9494703,0.05212411903,n,682.0946806,1539.004654,2661.557339,4168.395603,RM,12
n,0,ch'an,111.0173309,0.08359708708,r,418.2260343,1458.924667,2680.136101,3773.251802,RM,12
r,0,riuséss,111.0789398,0.03962052924,i,328.300005,1646.509322,2467.315132,3410.757036,RM,12
i,0,riuséss,111.1210889,0.04467781631,u,354.5722084,1752.788074,2477.225871,3161.78381,RM,12
u,0,riuséss,111.1754469,0.06403820338,s,359.3843919,1430.651252,2489.928629,2948.679267,RM,12
s,0,riuséss,111.255867,0.09680193534,e,1628.841113,2918.952809,3381.655124,4392.801451,RM,12
e,1,riuséss,111.3556475,0.1027589775,s:,424.0363488,1804.0312,2660.297288,3820.13088,RM,12
sː,0,riuséss,111.4361316,0.05820925373,b,282.5233193,1723.943035,3086.343608,3770.723866,RM,12
b,0,brîSa,111.5160143,0.1015561419,r,296.9398541,1164.390739,3018.493923,3569.075064,RM,12
r,0,brîSa,111.5906205,0.0476563374,i:,369.8228046,1714.646412,2598.005893,4337.793667,RM,12
iː,1,brîSa,111.6628497,0.09680193534,z,367.0204312,2285.389046,2714.022611,4272.766611,RM,12
z,0,brîSa,111.7373127,0.05212411903,a,303.2211334,1685.053218,2999.685707,3870.268559,RM,12
a,0,brîSa,111.7819905,0.03723151359,a,412.2769041,1496.336632,2742.635184,4127.868567,RM,12
a,0,a,111.8228554,0.04449833579,a,667.1763031,1493.819204,2650.425787,4303.210708,RM,12
a,0,avrîr,111.8751013,0.05999348611,v,387.8091865,1271.437685,2564.223045,3605.602398,RM,12
v,0,avrîr,111.9348833,0.05957042175,r,450.9436545,1373.983939,2505.064743,4090.01143,RM,12
r,0,avrîr,112.0019,0.07446302718,i:,393.5657244,1958.58776,2573.838225,4245.101428,RM,12
iː,1,avrîr,112.1344442,0.1906253496,r,340.6583338,2453.581972,3070.118225,4273.42774,RM,12
r,0,avrîr,112.3038086,0.1481033912,NA,323.7037052,1547.874125,2616.711956,3749.45849,RM,12
k,0,qualla,0.156503876,0.04151433303,w,683.0154676,1139.686643,2786.537142,3641.909949,LL,13
w,0,qualla,0.198018209,0.04151433303,a,391.2490278,841.3993798,2198.54686,3182.306402,LL,13
a,1,qualla,0.2679006696,0.09825058816,lː,730.4932744,1146.701221,2300.335287,3282.23762,LL,13
lː,0,qualla,0.3661512578,0.09825058816,a,557.4748701,1203.99471,2536.490075,3941.947303,LL,13
a,0,qualla,0.4886185402,0.1466839767,NA,683.1014151,1386.623003,2454.330127,3597.115718,LL,13
d,0,däl,0.7191027725,0.09133153266,æ,279.258858,1325.877526,2417.016703,3710.998185,LL,13
æ,1,däl,0.7986719108,0.06780674394,l,485.9724564,1720.402606,2394.549452,3505.103507,LL,13
l,0,däl,0.8796248602,0.09409915486,t,291.9413814,1469.416398,2611.75639,3475.465917,LL,13
t,0,tragg',0.9753971751,0.09744547481,r,176.0748002,1761.6667,2377.678273,3662.679493,LL,13
r,0,tragg',1.062849865,0.07745990529,a,629.0354228,1296.183547,2231.275265,2803.616495,LL,13
a,1,tragg',1.145572424,0.08798521271,dzː,730.0492473,1416.239238,2277.90703,3957.931217,LL,13
dzː,0,tragg',1.276342573,0.1735550854,l,1691.557566,3078.059269,3729.076852,4517.741469,LL,13
l,0,leziån,1.400483016,0.07472579945,e,289.7139124,1379.562781,2337.567881,3726.302667,LL,13
e,0,leziån,1.463446421,0.05120101073,θ,422.72802,1686.071425,2519.866125,3717.857233,LL,13
θ,0,leziån,1.550609762,0.1231256716,j,820.4105982,2203.661218,3217.145481,3884.741692,LL,13
j,0,leziån,1.661297892,0.09825058816,ɑ,436.7707587,2086.489978,2629.919627,3504.305061,LL,13
ɑ,1,leziån,1.751245613,0.08164485495,n,624.884051,1900.699922,2193.604471,2866.935461,LL,13
n,0,leziån,1.832085355,0.08003462824,NA,606.0855965,1106.178973,2004.540184,4537.288952,LL,13
l,0,leziån,2.114995826,0.06088768844,e,379.2304786,1980.725471,3235.774973,4278.709126,RM,13
e,0,leziån,2.17657542,0.06227149954,θ,435.1214132,2165.884488,3019.00862,4355.015225,RM,13
θ,0,leziån,2.291222053,0.1670217666,j,1364.708269,2317.52726,3100.87234,4034.264953,RM,13
j,0,leziån,2.39756582,0.04566576633,ɑ,403.1025209,2236.489951,2873.776915,4127.045937,RM,13
ɑ,1,leziån,2.500949096,0.1611007854,n,1030.603876,1582.612451,2298.543821,2652.93566,RM,13
n,0,leziån,2.623013821,0.08302866605,NA,594.452446,1004.942464,2179.689253,3405.192687,RM,13
n,0,nómmer,2.998877856,0.1314620546,o,313.2173744,1011.108323,2171.07144,3219.762912,RM,13
o,1,nómmer,3.115600237,0.1019827066,mː,465.8581103,1131.374593,2324.359291,3209.706751,RM,13
mː,0,nómmer,3.214333073,0.09548296596,e,687.9717606,1755.600125,2613.298956,3751.797076,RM,13
e,0,nómmer,3.3049727,0.08579628825,r,502.6898803,1939.032385,3027.084238,4200.917866,RM,13
r,0,nómmer,3.388001367,0.08026104385,t,413.6060331,1799.454154,2970.039402,4198.170294,RM,13
t,0,tragg',3.488600262,0.1209367472,r,264.9955753,1408.372914,2958.334104,3186.241207,RM,13
r,0,tragg',3.592658685,0.08718009935,a,477.5984994,1635.656048,2764.382611,4312.943855,RM,13
a,1,tragg',3.710974534,0.1494515989,dzː,1143.801394,1537.671708,1821.875399,2948.164842,RM,13
dzː,0,tragg',3.950549965,0.3296992624,NA,1229.660258,2033.597632,3069.800626,3762.136145,RM,13
l,0,la,5.032925437,0.08026104385,a,490.779294,1122.406473,2447.728899,3086.32139,LL,13
a,0,la,5.111110764,0.07610961055,f,691.7962364,1278.2625,2404.164399,3437.632818,LL,13
f,0,famajja,5.202442297,0.1065534548,a,833.0932424,1941.618566,2588.030344,3475.023878,LL,13
a,0,famajja,5.286162868,0.06088768844,m,641.6017163,1143.407414,2170.55642,3514.901069,LL,13
m,0,famajja,5.35120199,0.06919055504,a,312.1605417,1140.856477,2353.541867,3631.848007,LL,13
a,1,famajja,5.443707615,0.1158206942,jː,887.5732785,1437.503036,2513.054501,3629.752476,LL,13
jː,0,famajja,5.561813745,0.1203915658,a,363.02157,2128.851481,2922.049044,3796.981577,LL,13
a,0,famajja,5.66223653,0.08045400482,NA,582.7609298,1700.411072,2465.795927,3822.670773,LL,13
i,0,incû,7.351345828,0.09133153266,n,349.5120191,2261.589881,3181.37126,3681.642072,LL,13
n,0,incû,7.430914966,0.06780674394,k,345.4482507,751.0297616,2290.735905,2732.192905,LL,13
k,0,incû,7.513943632,0.09825058816,uː,966.5915944,1258.624442,3031.015885,3978.285787,LL,13
uː,1,incû,7.676541437,0.2269450205,NA,321.4715519,744.1468903,2774.404094,3341.06559,LL,13
l,0,la,8.227118014,0.04013052193,a,383.8254483,1309.943363,2470.052143,3747.556213,LL,13
a,0,la,8.273475686,0.05258482183,k,634.42818,1382.15855,2425.34189,3630.166537,LL,13
k,0,carólla,8.352352919,0.1051696437,a,598.2277477,1634.715629,2518.412276,3615.869631,LL,13
a,0,carólla,8.439533018,0.06919055504,r,615.4673649,1454.46066,2167.407571,3902.806612,LL,13
r,0,carólla,8.502286766,0.05631694028,o,525.3563853,1322.053142,2249.638066,3234.396986,LL,13
o,1,carólla,8.566424325,0.07195817724,lː,536.0515895,1092.67247,2410.286719,2786.175408,LL,13
lː,0,carólla,8.643917746,0.08302866605,a,438.8141118,1222.621307,2246.587207,4049.316459,LL,13
a,0,carólla,8.754622635,0.1383811101,NA,645.0443808,1383.212696,2448.261399,3881.276739,LL,13
l,0,la,9.12622209,0.05258482183,a,370.5304752,1266.02661,2577.175365,3924.711554,LL,13
a,0,la,9.177423101,0.04981719963,v,601.519706,1329.444553,2470.252114,3774.647815,LL,13
v,0,vôl,9.237409226,0.07015505129,oː,317.6803714,1068.482974,2260.291975,3531.618691,LL,13
oː,1,vôl,9.332682535,0.1203915658,l,427.0616217,851.5102561,2823.782264,3289.320585,LL,13
l,0,vôl,9.42055454,0.05535244403,m,342.2720625,1094.30698,1767.576335,3947.823294,LL,13
m,0,mustrèr,9.479253304,0.06204508393,u,251.3249024,823.7621718,2535.972014,2596.128446,LL,13
u,0,mustrèr,9.557325423,0.09409915486,s,383.2898751,738.4187927,2452.863988,3021.643895,LL,13
s,0,mustrèr,9.638970278,0.06919055504,t,1181.675008,1925.907514,3149.971312,3829.992146,LL,13
t,0,mustrèr,9.712312266,0.07749342165,r,1312.892768,2525.584272,3403.470761,4263.399005,LL,13
r,0,mustrèr,9.789596031,0.07707410679,ɛː,503.0305403,1317.206064,2223.103756,4051.235456,LL,13
ɛː,1,mustrèr,9.890404584,0.1245429991,r,606.7404673,1779.174167,2388.567234,3754.575937,LL,13
r,0,mustrèr,9.972435237,0.03951830782,æ,440.2342481,1363.717882,2297.397403,3898.830399,LL,13
æ,1,äl,10.02955729,0.07472579945,l,461.7351647,1649.54301,2454.135771,4003.379066,LL,13
l,0,äl,10.09044498,0.04704957743,f,290.4565479,1339.84192,1939.539543,3329.432943,LL,13
f,0,fotografî,10.16932221,0.1107048881,o,1249.908414,2127.570706,3107.494383,4185.852633,LL,13
o,0,fotografî,10.24612373,0.04289814413,t,498.0869,1088.382439,2380.677428,3898.754164,LL,13
t,0,fotografî,10.30887744,0.08260928948,o,289.9333027,1174.25216,2856.55519,3879.749477,LL,13
o,0,fotografî,10.38516313,0.06996209032,g,523.6270756,1137.119473,2196.222831,3482.401812,LL,13
g,0,fotografî,10.44920421,0.05812006624,r,288.782277,1325.090345,2089.956846,3910.970513,LL,13
r,0,fotografî,10.51562715,0.07472579945,a,505.5190018,1357.651023,2163.71577,3853.749011,LL,13
a,0,fotografî,10.57513102,0.04428195523,f,540.7125678,1400.784039,2201.066723,3090.266998,LL,13
f,0,fotografî,10.66911697,0.1436899389,iː,970.6960869,1942.210216,3052.829147,3652.955501,LL,13
iː,1,fotografî,10.82437637,0.1668288674,e,263.4805169,2245.28781,2897.49409,3636.754824,LL,13
e,0,ed,10.93339131,0.05120101073,d,423.868027,1949.640419,2629.312251,3641.243397,LL,13
d,0,ed,10.98251661,0.04704957743,f,242.2991688,1782.047959,2569.952828,3764.934441,LL,13
f,0,famajja,11.05516669,0.09825058816,a,1305.788957,1979.948942,2781.863328,3951.807793,LL,13
a,0,famajja,11.13343171,0.05827944912,m,607.8382459,1301.733861,2313.391637,3766.40502,LL,13
m,0,famajja,11.20685339,0.08856391046,ai,299.9092389,1208.612873,2352.657698,2485.500922,LL,13
ai,1,famajja,11.30964121,0.1170117295,jː,756.47794,1376.229353,2441.767285,3723.120585,LL,13
jː,0,famajja,11.42073189,0.1051696437,a,380.9961823,2113.555135,2653.982016,4056.112746,LL,13
a,0,famajja,11.4968415,0.04704957743,NA,570.9640959,1585.672992,2238.807661,4044.329195,LL,13
a,0,a,11.67412871,0.04428195523,p,679.0654911,1373.301477,2379.099743,3746.231351,LL,13
p,0,pèvel,11.75093022,0.109321077,ɛː,619.767251,1329.744374,2458.691137,4041.675556,LL,13
ɛː,1,pèvel,11.91895007,0.2267186049,v,584.7110417,1933.629018,2621.804254,3564.683517,LL,13
v,0,pèvel,12.07984116,0.09506358938,e,426.4336687,1423.604858,2425.239297,3485.684351,LL,13
e,0,pèvel,12.17511444,0.09548296596,l,503.0026517,1643.726537,2559.453785,3625.9789,LL,13
l,0,pèvel,12.27059741,0.09548296596,NA,285.6238358,1394.960519,2599.217095,4045.542267,LL,13
l,0,la,13.08289039,0.03832733425,a,365.43194,1281.558993,2326.45668,3791.605292,LL,13
a,0,la,13.12211932,0.04013052193,θ,590.3590981,1371.283669,2487.196904,3830.906309,LL,13
θ,0,zairca,13.19130988,0.09825058816,ai,1196.929575,2284.326527,3344.861651,4074.677373,LL,13
ai,1,zairca,13.31406648,0.1472626127,r,710.0426048,1630.585712,2338.056049,3983.508931,LL,13
r,0,zairca,13.41260638,0.04981719963,k,451.180278,1510.64247,2150.034842,3880.911688,LL,13
k,0,zairca,13.47972122,0.08441247715,a,1471.241481,2083.725643,2834.31814,3897.134328,LL,13
a,0,zairca,13.61512505,0.1863951838,s,607.3846564,1574.000886,2368.898719,3919.923296,LL,13
s,0,såtta,13.78205043,0.1474555737,ɑ,1518.176293,2454.453597,3544.55638,4158.485626,LL,13
ɑ,1,såtta,13.87515157,0.03874671082,tː,595.5151013,1359.138965,2291.788282,3729.115318,LL,13
tː,0,såtta,13.93880688,0.08856391046,a,495.3911507,1331.316634,1949.168187,3863.834427,LL,13
a,0,al,14.00828679,0.05039589738,l,611.9534152,1298.52349,2529.652399,3692.437629,LL,13
l,0,al,14.1033672,0.1397649212,ɛː,377.9220879,1256.372902,2500.582624,3994.076973,LL,13
ɛː,1,lèt,14.26931132,0.1921233274,t,604.5378868,1696.266641,2184.416437,2805.692531,LL,13
t,0,lèt,14.42347626,0.1162065544,l,584.8740652,1740.800696,3265.178196,3914.147393,LL,13
l,0,la,14.50994767,0.05673625514,a,344.9132751,1344.574015,2469.575285,3851.609494,LL,13
a,0,la,14.56253249,0.04843338853,t,572.2724805,1396.988546,2526.166012,3860.171255,LL,13
t,0,tîra,14.63033923,0.08718009935,iː,457.9525786,1446.51945,2384.992221,3683.368225,LL,13
iː,1,tîra,14.70120292,0.05454726896,r,331.6491664,2146.204001,2353.680947,3653.276588,LL,13
r,0,tîra,14.75615277,0.05535244403,a,521.5336921,1417.301713,2163.402962,3649.186407,LL,13
a,0,tîra,14.80735378,0.04704957743,f,613.9432392,1349.462399,2134.37197,3640.653888,LL,13
f,0,fòra,14.8854259,0.1090946614,ɔː,608.6948458,1506.243241,2704.497253,3683.441453,LL,13
ɔː,1,fòra,14.99255805,0.1051696437,r,512.4744856,899.887079,2589.628584,3273.895965,LL,13
r,0,fòra,15.07864369,0.06700163059,u,690.1913602,1146.7017,3077.5521,3602.133963,LL,13
u,0,un,15.13290167,0.04151433303,n,361.9614808,836.1587743,1476.626081,3291.470751,LL,13
n,0,un,15.17579982,0.04428195523,s,524.6825005,924.9820185,2588.173924,4180.313395,LL,13
s,0,scatlån,15.22423321,0.05258482183,k,1132.136822,2024.033647,3019.742339,4080.898718,LL,13
k,0,scatlån,15.28827432,0.07549739644,a,1298.746938,2184.750554,3384.247798,4127.103811,LL,13
a,0,scatlån,15.35093161,0.04981719963,t,592.1166848,1523.919624,2217.070418,3868.239891,LL,13
t,0,scatlån,15.42842504,0.1051696437,l,529.2570616,1538.834791,2195.614371,3974.118277,LL,13
l,0,scatlån,15.50363308,0.04524645147,ɑ,358.4248188,1308.67877,2368.852655,3531.123079,LL,13
ɑ,1,scatlån,15.59683067,0.1411487323,n,708.7945014,1624.391151,2471.93824,3857.452121,LL,13
n,0,scatlån,15.71266825,0.0905264193,NA,615.2362865,1231.269338,2198.54562,4579.373115,LL,13
e,0,e,16.00983126,0.04013052193,p,435.1067002,1928.457672,2408.812801,3634.315781,LL,13
p,0,pò,16.07556228,0.09133153266,ɔː,382.9555645,1846.536412,2232.359179,3591.931431,LL,13
ɔː,1,pò,16.14613665,0.04981719963,l,518.710258,872.0635327,2717.390107,3249.47082,LL,13
l,0,la,16.19595385,0.04981719963,a,445.5728572,1070.754796,2555.446984,2872.542343,LL,13
a,0,la,16.24507914,0.04843338853,d,518.168229,1236.069059,2635.534314,3582.973688,LL,13
d,0,dîS,16.30081739,0.06304309653,iː,256.0127635,1494.773162,2628.191674,3717.457496,LL,13
iː,1,dîS,16.41842454,0.1721712125,z,260.1204431,2226.949518,2657.841725,3437.653881,LL,13
z,0,dîS,16.586155,0.1632897099,NA,1596.615498,2863.252087,3384.165074,3995.718022,LL,13
l,0,l'ûltma,17.12091126,0.06384233492,uː,307.583826,1691.606458,1819.255081,3345.25024,RM,13
uː,1,l'ûltma,17.19088724,0.07610961055,l,318.958721,1141.151175,2703.419233,3400.60756,RM,13
l,0,l'ûltma,17.24693159,0.03597908862,t,318.2787275,1448.848761,2364.995432,3233.64045,RM,13
t,0,l'ûltma,17.31473833,0.09963439926,m,309.0414305,1546.935679,2655.88481,3453.231484,RM,13
m,0,l'ûltma,17.38185317,0.03459527752,a,281.0620046,1348.554298,2295.44863,3095.85716,RM,13
a,0,l'ûltma,17.43017335,0.06204508393,v,642.8485037,1404.129423,2074.797983,3273.461229,RM,13
v,0,vôlta,17.49025592,0.05812006624,oː,343.1552338,1258.757121,2318.645494,3478.142774,RM,13
oː,1,vôlta,17.58068589,0.1227398731,l,349.6523345,939.0639876,2795.232582,3503.428771,RM,13
l,0,vôlta,17.662813,0.04151433303,t,349.9210418,1554.229887,2467.276154,3470.753883,RM,13
t,0,vôlta,17.72716021,0.08718009935,a,343.3744326,1546.33225,2498.938773,3479.043547,RM,13
a,0,vôlta,17.79773458,0.05396863293,k,888.8359487,1743.759996,2708.638661,4370.958959,RM,13
k,0,ch'ai,17.86523522,0.08103264084,ai,689.4301511,1731.456606,2753.34578,4332.821132,RM,13
ai,0,ch'ai,17.95626064,0.1010182104,ɔː,372.5235711,2322.462402,2579.499536,3897.896262,RM,13
ɔː,1,ò,18.02751015,0.04148081666,a,407.6344386,1371.328659,2659.851328,3982.541557,RM,13
a,0,avêrt,18.07248402,0.04846690489,v,496.0630369,1344.989039,2674.801894,4118.269006,RM,13
v,0,avêrt,18.12506884,0.05670273877,eː,349.7935641,1266.958789,2603.634737,3809.750751,RM,13
eː,1,avêrt,18.20046978,0.09409915486,r,424.3802665,2207.887988,2646.522368,3428.559136,RM,13
r,0,avêrt,18.26550891,0.03597908862,t,448.2487684,1662.127736,2449.168668,3041.238202,RM,13
t,0,avêrt,18.33193184,0.09686677706,s,450.5916748,1973.502735,2936.390674,4614.709729,RM,13
s,0,ste,18.42118765,0.08164485495,t,342.2824129,1969.155393,2769.655845,3910.1817,RM,13
t,0,ste,18.49797238,0.07192459917,e,297.1090941,2006.646264,3059.883786,4298.356794,RM,13
e,0,ste,18.55676756,0.04566576633,s,434.5855739,1768.692147,2639.457147,3592.816758,RM,13
s,0,scatlån,18.62111478,0.08302866605,k,524.0288521,1545.52154,2602.0393,4334.602777,RM,13
k,0,scatlån,18.69424711,0.06323599578,a,340.5573556,1657.643216,2575.401964,4378.89232,RM,13
a,0,scatlån,18.75215752,0.05258482183,t,879.0771865,1693.566894,2696.818461,4579.170829,RM,13
t,0,scatlån,18.84764049,0.1383811101,l,503.869799,686.795882,1813.481574,2823.344775,RM,13
l,0,scatlån,18.9614988,0.08933550745,ɑ,424.9995512,1679.264883,3106.21808,4411.318361,RM,13
ɑ,1,scatlån,19.08020044,0.1480677878,n,1107.899685,1532.054295,2614.173576,4039.289293,RM,13
n,0,scatlån,19.20820297,0.1079372659,NA,365.576603,1106.487049,2112.465496,3123.05597,RM,13
l,0,l,19.67040854,0.02075716651,e,347.9515577,1069.576374,2068.966072,4008.52863,RM,13
e,1,é,19.70431191,0.04704957743,s,443.5550145,2202.2712,2374.771572,3162.217397,RM,13
s,0,stè,19.75066958,0.04566576633,t,303.243151,2087.753003,3119.681373,4582.59135,RM,13
t,0,stè,19.80533012,0.06365531064,ɛː,426.4657869,1947.328344,2911.94807,4032.055571,RM,13
ɛː,1,stè,19.85860685,0.04289814413,k,442.2479457,1552.355214,2244.710748,3108.123784,RM,13
k,0,quand,19.9292609,0.09840997105,w,492.7600031,2123.241261,3016.425397,4283.212146,RM,13
w,0,quand,19.99922306,0.04151433303,a,483.5209416,1029.174653,2786.126972,3771.737524,RM,13
a,0,quand,20.05665122,0.07334198835,n,907.6209539,1513.276552,2612.608089,4249.247446,RM,13
n,0,quand,20.14777309,0.1089017621,m,387.2392982,1203.854821,2383.233107,3436.385125,RM,13
m,0,mî,20.21903936,0.03363078128,iː,361.726935,1715.59883,2346.66879,3681.893051,RM,13
iː,1,mî,20.26747275,0.06323599578,m,435.7427786,2425.835578,3158.991213,3919.775249,RM,13
m,0,maré,20.33299412,0.06780674394,a,286.7159138,1344.773347,2277.00529,3036.198175,RM,13
a,0,maré,20.40218468,0.07057436614,r,911.1776564,1157.25828,1570.545347,3013.361593,RM,13
r,0,maré,20.46553385,0.05612397931,e,395.4502992,1709.342928,2655.939851,4431.641676,RM,13
e,1,maré,20.53026683,0.07334198835,d,405.3317013,1855.313429,2331.097993,3118.475175,RM,13
d,0,dulfén,20.60261078,0.07134590142,u,324.7985734,1978.13486,2873.079804,4643.381346,RM,13
u,0,dulfén,20.67495472,0.07334198835,l,359.6897678,1070.580563,2901.650439,3523.86341,RM,13
l,0,dulfén,20.74206956,0.06088768844,f,338.1502505,1347.268531,1874.13719,3834.05222,RM,13
f,0,dulfén,20.86453684,0.1840468764,e,1393.583555,2378.999925,3403.961196,4550.730851,RM,13
e,1,dulfén,21.03274958,0.152378604,n,424.1707045,2513.53138,2893.665781,3344.057424,RM,13
n,0,dulfén,21.15252894,0.08718009935,NA,311.3684482,871.1623179,2275.835194,3170.535966,RM,13
a,0,al,21.41057619,0.04981719963,l,890.691643,1595.473871,2799.920077,4152.774895,RM,13
l,0,al,21.46800435,0.06503912174,t,369.7463455,1631.390349,2893.002372,3364.286491,RM,13
t,0,tô,21.54242401,0.08380020133,oː,529.5913656,896.9024513,1812.762572,3422.418971,RM,13
oː,1,tô,21.60577318,0.04289814413,p,401.0639463,1066.612503,2728.080649,3687.162342,RM,13
p,0,pôver,21.69362843,0.1328123493,oː,395.7177986,869.0745862,2988.623656,4128.264753,RM,13
oː,1,pôver,21.80085703,0.08164485495,v,407.4670883,877.4134744,3072.887427,3790.42273,RM,13
v,0,pôver,21.87627474,0.06919055504,e,298.9715796,1216.585584,2374.97845,3481.253042,RM,13
e,0,pôver,21.95100054,0.08026104385,r,414.0823612,1793.853544,2703.84342,3968.455937,RM,13
r,0,pôver,22.01258013,0.04289814413,θ,389.8964055,1718.28852,2747.114834,4261.653277,RM,13
θ,0,zío,22.15025258,0.2324467486,i,619.0573482,1534.230881,2466.245601,3694.920676,RM,13
i,1,zío,22.33051706,0.1280822183,o,266.8767561,1792.21764,3087.636176,4011.866365,RM,13
o,0,zío,22.46928397,0.1494515989,NA,479.0308247,1164.111713,2776.506237,3934.681017,RM,13
l,0,l,22.75104891,0.08718009935,e,350.2553212,1706.929346,2778.575128,3552.26697,RM,13
e,1,é,22.82646662,0.06365531064,m,409.9751236,1870.176908,2844.529511,3379.095246,RM,13
m,0,môrt,22.90503774,0.09348694075,oː,333.3893327,1110.576121,2238.569979,3152.128938,RM,13
oː,1,môrt,23.06346736,0.223372285,r,423.388711,776.523928,2322.681123,3268.389691,RM,13
r,0,môrt,23.19314304,0.03597908862,t,373.5478116,1324.782425,2629.658732,3700.185117,RM,13
t,0,môrt,23.3009671,0.1796690275,NA,293.5898324,1123.887954,2523.265866,3579.911036,RM,13
l,0,l,23.96874828,0.04428189351,eː,325.9947436,1744.36036,3251.518005,3606.701825,RM,13
eː,1,êra,24.04693357,0.1120886992,r,501.3856704,2035.244671,2843.828797,4294.844989,RM,13
r,0,êra,24.13342177,0.06088768844,a,492.2169289,1624.787779,2609.103724,4544.727538,RM,13
a,0,êra,24.17977944,0.03182765532,u,662.9680712,1511.973489,2575.208092,2951.747995,RM,13
u,0,un,24.21091519,0.03044384422,n,473.82763,1259.71622,2657.305484,3421.660241,RM,13
n,0,un,24.28840861,0.1245429991,b,355.8492415,1097.762425,2171.055646,3154.848052,RM,13
b,0,bån,24.38585408,0.07034795053,ɑ,241.6345235,1152.590329,2576.865322,3838.327432,RM,13
ɑ,1,bån,24.4763805,0.1107048881,n,798.1496361,1257.508282,2687.727923,3633.824372,RM,13
n,0,bån,24.57422853,0.0849911749,ɔː,197.5427419,935.447207,2173.001685,3245.741426,RM,13
ɔː,1,òmen,24.73146724,0.2294862271,m,594.5401753,1057.721022,2891.672147,3729.985339,RM,13
m,0,òmen,24.89118421,0.08994772156,e,313.0457886,1207.154725,2294.041721,3028.578228,RM,13
e,0,òmen,24.97006144,0.06780674394,n,459.5254624,2040.710331,2635.204905,3166.541875,RM,13
n,0,òmen,25.04893868,0.08994772156,NA,311.202657,886.4048833,2248.729644,3076.727121,RM,13
e,0,e,25.45678981,0.02490859982,a,456.8099715,2336.839867,2490.140111,3352.633905,RM,13
a,0,an,25.50799082,0.07749342165,m,667.6540076,1692.433913,2647.720435,3773.848702,RM,13
m,0,m,25.61039284,0.1273106213,a,311.9930415,1283.843792,2357.922674,3041.686026,RM,13
a,1,à,25.71475737,0.08141843934,m,862.0668247,1397.980889,2948.9596,4015.792627,RM,13
m,0,mâi,25.79628902,0.08164485495,aː,315.7447819,1303.495507,2204.531729,3023.522458,RM,13
aː,1,mâi,25.89571968,0.1172164563,j,1059.598034,1665.943852,3224.351445,3978.540695,RM,13
j,0,mâi,25.97944025,0.05022468695,d,355.0855873,1018.986605,2569.184151,3287.575389,RM,13
d,0,dè,26.04378155,0.07845791789,ɛː,331.2174851,2088.916976,2836.785619,4640.362885,RM,13
ɛː,1,dè,26.10721044,0.04839987217,u,462.3016435,1370.215965,2262.747924,3193.567366,RM,13
u,0,un,26.14801611,0.03321146642,n,465.1925919,1534.442266,2802.192348,3341.525527,RM,13
n,0,un,26.21443905,0.09963439926,dz,317.8206286,1001.368416,2213.515808,3255.164008,RM,13
dz,0,dSgósst,26.31476535,0.1010182104,g,264.7842999,1964.769363,3318.383504,3717.894996,RM,13
g,0,dSgósst,26.41626581,0.1019827066,o,268.4834063,1277.95231,3197.806398,3592.948665,RM,13
o,1,dSgósst,26.53990725,0.1453001656,sː,431.8039723,904.6479214,2664.552487,3677.537999,RM,13
sː,0,dSgósst,26.6713693,0.1176239436,t,1774.612378,3258.686741,3494.633533,4639.372474,RM,13
t,0,dSgósst,26.76080126,0.06123997057,p,1195.862557,2176.661753,3033.937216,3547.154285,RM,13
p,0,puvrén,26.83975818,0.09667387781,u,283.8405646,1741.219581,1756.525604,3418.42935,RM,13
u,0,puvrén,26.95253879,0.1288873316,v,395.5707126,1515.284385,3375.677063,3442.372103,RM,13
v,0,puvrén,27.06749156,0.1010182104,r,205.6734575,1640.316872,2334.926615,3411.47293,RM,13
r,0,puvrén,27.159515,0.08302866605,e,398.0492701,1411.323348,2341.737319,3674.941969,RM,13
e,1,puvrén,27.26288151,0.1237043694,n,413.0431532,2126.417493,2420.971285,3532.162955,RM,13
n,0,puvrén,27.35586945,0.06227149954,NA,326.1164154,895.6383821,2252.225095,2839.956607,RM,13
g,0,guèrda,27.8516261,0.06503912174,w,644.5568878,1646.710209,3535.538229,4336.003545,RM,13
w,0,guèrda,27.89500647,0.02172160104,ɛː,441.7208206,1238.659634,2591.503351,3732.783111,RM,13
ɛː,1,guèrda,27.96744686,0.123159188,r,583.2945495,2121.421848,2600.935704,3762.714698,RM,13
r,0,guèrda,28.06223792,0.06642293284,d,361.1717239,1621.077326,2604.947428,3382.396385,RM,13
d,0,guèrda,28.14238576,0.09387273925,a,265.0941475,897.3287241,2408.897957,3363.470497,RM,13
a,0,guèrda,28.22045788,0.06227149954,NA,856.7111793,1709.992492,2708.228136,4083.508103,RM,13
k,0,qué,28.72697885,0.06088768844,w,954.6867257,1627.075985,3329.536406,3868.405976,RM,13
w,0,qué,28.79755322,0.08026104385,e,410.191346,1179.982722,2649.959622,3577.06079,RM,13
e,1,qué,28.88680903,0.09825058816,NA,423.3865209,2552.326527,3312.117218,3596.727523,RM,13
l,0,l,29.1304059,0.02490859982,e,296.7571594,1827.752191,3325.463639,4161.664823,RM,13
e,1,é,29.16846071,0.05120101073,k,381.6975842,2310.627715,2691.056994,3258.097376,RM,13
k,0,con,29.24733794,0.1065534548,o,510.6272018,1733.508354,2842.216396,4330.219925,RM,13
o,0,con,29.33797757,0.07472579945,n,428.5848744,1082.741958,2739.718356,3173.668985,RM,13
n,0,con,29.40301669,0.05535244403,t,360.5137452,833.3525432,2272.376381,3153.748905,RM,13
t,0,tô,29.46844161,0.07549739644,oː,414.0760428,1234.684319,2673.030397,3948.656846,RM,13
oː,1,tô,29.53179081,0.05120101073,p,430.4267051,1163.359971,2946.634816,3934.338632,RM,13
p,0,pèder,29.6118422,0.1089017621,ɛː,446.5778574,995.7711602,3039.162697,NA,RM,13
ɛː,1,pèder,29.75762461,0.1826630653,d,430.3020803,1718.587306,2491.909877,3394.161368,RM,13
d,0,pèder,29.89668087,0.0954494496,e,192.8827207,490.0244084,2305.880897,3061.308583,RM,13
e,0,pèder,29.98007858,0.07134596314,r,453.2596269,1964.460884,2841.569217,2987.703631,RM,13
r,0,pèder,30.03097348,0.03044384422,s,472.5968318,1673.874069,1761.024896,2703.133671,RM,13
s,0,sô,30.13891075,0.1854306875,oː,1453.196963,2465.616188,3265.508013,3696.724928,RM,13
oː,1,sô,30.25307516,0.04289814413,k,408.7911756,1169.693738,2735.339148,3038.623144,RM,13
k,0,cugnè,30.32897511,0.1089017621,u,705.0176805,1495.253187,3345.7078,3843.294293,RM,13
u,0,cugnè,30.4083346,0.04981719963,ɲ,353.0495568,1059.099157,2731.277703,3727.426083,RM,13
ɲ,0,cugnè,30.50143574,0.1363850849,ɛː,381.9684991,945.4210251,2303.090249,3658.229434,RM,13
ɛː,1,cugnè,30.64020265,0.1411487323,NA,406.7244115,1932.979941,2374.302419,3403.204309,RM,13
k,0,qué,31.49852297,0.05120101073,w,693.5205343,1498.641035,3751.56726,3902.915813,RM,13
w,0,qué,31.57324877,0.09825058816,e,379.9688807,949.4457503,2682.369959,3771.47216,RM,13
e,1,qué,31.69433224,0.1439163545,i,437.3758438,2475.348689,2585.831376,3706.78375,RM,13
i,0,invêzi,31.80019379,0.06780674394,n,403.2953467,2587.510305,3336.824001,4540.207028,RM,13
n,0,invêzi,31.87561149,0.08302866605,v,347.7180398,1024.865436,2276.943706,2951.940584,RM,13
v,0,invêzi,31.94163187,0.04901208628,eː,311.3720941,1462.051889,2553.761787,3477.112111,RM,13
eː,1,invêzi,32.03848189,0.1446879515,θ,388.8525047,1858.685519,2539.588562,3260.952713,RM,13
θ,0,invêzi,32.20769264,0.1937335541,i,1173.167916,1797.28273,2647.570927,3349.995583,RM,13
i,0,invêzi,32.34546154,0.08180423784,NA,381.1523393,1638.47889,2531.705938,3184.91231,RM,13
a,0,ai,32.74779419,0.04524645147,j,496.7183774,1624.471398,2253.279093,3258.255968,RM,13
j,0,ai,32.81193174,0.08302866605,e,333.9258335,1383.87426,2569.79171,3471.151929,RM,13
e,1,é,32.86818575,0.02947934798,m,458.2003721,2276.639754,2867.503314,3878.280636,RM,13
m,0,mî,32.92284629,0.07984172899,iː,360.5576494,1051.208963,2284.69096,3759.141909,RM,13
iː,1,mî,32.98006479,0.03459527752,s,495.0648525,2525.188008,3091.245945,3707.400208,RM,13
s,0,surèla,33.06932061,0.1439163545,u,462.4222512,1992.971633,3113.875439,3580.522087,RM,13
u,0,surèla,33.17041851,0.05827944912,r,419.609352,1154.743203,2975.310524,3708.192489,RM,13
r,0,surèla,33.22100731,0.04289814413,ɛː,414.6786011,1518.307974,2414.459775,3568.179406,RM,13
ɛː,1,surèla,33.35592889,0.2269450205,l,525.5747055,1841.042691,2430.715917,3236.367441,RM,13
l,0,surèla,33.50526728,0.07173176164,a,378.3810764,1770.649453,3402.227478,4266.835533,RM,13
a,0,surèla,33.57572844,0.06919055504,l,718.6585125,1701.766301,2823.960717,4135.124273,RM,13
l,0,la,33.63246469,0.04428195523,a,389.3384208,1545.034805,2116.29999,3826.796356,RM,13
a,0,la,33.68712523,0.06503912174,b,732.0205122,1708.652612,1912.30083,2996.781038,RM,13
b,0,beatrîz,33.75551064,0.07173169992,e,347.2289262,1658.327165,2700.582951,3973.219469,RM,13
e,0,beatrîz,33.82112843,0.05950387734,a,416.5703624,1900.851148,2415.449899,3169.01111,RM,13
a,0,beatrîz,33.87786469,0.05396863293,t,483.8444411,1823.501455,2065.701382,3106.504508,RM,13
t,0,beatrîz,33.95366819,0.09763837405,r,598.7822534,1980.525672,2948.583257,4939.534201,RM,13
r,0,beatrîz,34.02947169,0.05396863293,iː,380.2025153,1846.446636,2956.468796,3795.715743,RM,13
iː,1,beatrîz,34.16368458,0.2144571426,θ,347.8803256,1723.666604,2646.019634,3365.193705,RM,13
θ,0,beatrîz,34.35255801,0.1632897099,NA,217.8348937,1598.785541,2439.69962,3624.900994,RM,13
g,0,guèrda,34.85677685,0.06919055504,w,307.6031556,1010.861149,2388.899345,3631.685707,RM,13
w,0,guèrda,34.95502744,0.1273106213,ɛː,421.7136955,1120.453599,2366.582129,3811.921589,RM,13
ɛː,1,guèrda,35.09340855,0.1494515989,r,607.6335009,1865.054571,2561.998772,3992.737722,RM,13
r,0,guèrda,35.22833013,0.1203915658,d,408.0259275,1569.224768,2587.580733,3801.687298,RM,13
d,0,guèrda,35.33575163,0.09445143699,a,361.0286179,1486.349523,2634.118012,4206.662503,RM,13
a,0,guèrda,35.42034025,0.07472579945,k,479.5174901,1537.759879,2469.329676,3844.097824,RM,13
k,0,cum,35.5137475,0.1120886992,u,665.1161225,1297.772685,2595.242674,3938.857367,RM,13
u,0,cum,35.59943058,0.05927746173,m,405.0656878,979.0694703,2692.339341,3830.040484,RM,13
m,0,cum,35.67127555,0.08441247715,l,400.8913525,1064.035721,2233.269527,2962.255697,RM,13
l,0,l'êra,35.75430422,0.08164485495,eː,371.8546554,1700.408775,2704.104145,3769.58999,RM,13
eː,1,l'êra,35.84425194,0.09825058816,r,441.7895239,1845.70592,2437.833229,3387.489601,RM,13
r,0,l'êra,35.92105346,0.05535244403,a,432.804977,1583.161017,2596.026342,3542.833659,RM,13
a,0,l'êra,35.97087066,0.04428195523,b,629.5445233,1532.729172,2600.743418,3768.273658,RM,13
b,0,bléNna,36.04844377,0.110864271,l,297.6623954,1364.867076,2570.600397,3733.082941,RM,13
l,0,bléNna,36.14469833,0.08164485495,e,423.0518562,1643.099276,2919.074168,3366.129766,RM,13
e,1,bléNna,36.24502464,0.1190077547,ŋː,463.7400506,2105.991515,2578.366773,3032.22544,RM,13
ŋː,0,bléNna,36.35917229,0.1092875606,a,402.6330316,991.4950214,2200.366323,2888.838424,RM,13
a,0,bléNna,36.45187088,0.07610961055,t,533.7865404,1581.235394,2739.391368,3428.631944,RM,13
t,0,tô,36.53874487,0.09763837405,oː,430.7250974,1643.513979,2771.524186,4447.586202,RM,13
oː,1,tô,36.62077553,0.06642293284,m,451.7316587,1167.590947,2855.601911,3806.519191,RM,13
m,0,mèder,36.68996608,0.07195817724,ɛː,366.4106449,1323.968953,2317.258785,2837.647152,RM,13
ɛː,1,mèder,36.81370394,0.1755175325,d,523.1770237,1916.199524,2306.176708,3115.936626,RM,13
d,0,mèder,36.94159322,0.08026104385,e,370.2804166,1659.379746,2798.432801,4230.356833,RM,13
e,0,mèder,37.01631902,0.06919055504,r,497.3332192,1919.870637,2351.247707,2955.228971,RM,13
r,0,mèder,37.07986113,0.05789365063,d,423.1228835,1658.008496,2635.057462,4210.230342,RM,13
d,0,da,37.1392518,0.06088768844,a,328.1133929,1614.241641,3020.783877,4635.512764,RM,13
a,0,da,37.20567473,0.07195817724,ð,508.4544765,1628.656099,2802.63594,2837.457747,RM,13
ð,0,Zåuvna,37.29748851,0.1116693843,ɑu,271.0234325,1623.991048,3040.689086,4205.802782,RM,13
ɑu,1,Zåuvna,37.4845756,0.2625047943,v,936.2453552,1389.055253,2698.548727,4074.631497,RM,13
v,0,Zåuvna,37.65872614,0.08579628825,n,311.2979427,1437.776562,3029.120895,3118.819791,RM,13
n,0,Zåuvna,37.74729005,0.09133153266,a,321.0917491,1091.842725,2187.948875,2860.730196,RM,13
a,0,Zåuvna,37.83722101,0.08853039409,NA,489.258704,1511.650074,1694.812132,3354.570648,RM,13
k,0,qué,38.60273704,0.07195817724,w,708.5868565,1183.425462,3503.682078,4010.289091,RM,13
w,0,qué,38.67054379,0.06365531064,e,414.830332,1443.766992,2746.322671,3915.72334,RM,13
e,1,qué,38.73627481,0.06780674394,NA,498.2761889,1083.553816,2564.259356,3328.813851,RM,13
l,0,l,39.19497462,0.03044384422,e,316.6494433,1839.052344,3060.867945,3682.322027,RM,13
e,1,é,39.23164561,0.04289814413,k,385.2700244,2254.819229,3160.380925,3201.787769,RM,13
k,0,quand,39.30637141,0.1065534548,w,362.906156,2212.287453,2874.913134,4504.968437,RM,13
w,0,quand,39.37969664,0.04009700556,a,417.9450685,1074.838237,2567.916692,3661.680911,RM,13
a,0,quand,39.43641614,0.07334198835,n,806.7827783,1449.347732,2570.367654,3806.758376,RM,13
n,0,quand,39.49730383,0.04843338853,d,352.4605794,1199.381981,2306.990966,2945.92522,RM,13
d,0,quand,39.53674244,0.03044384422,l,322.9366898,1267.885349,2366.750868,3346.663463,RM,13
l,0,l'à,39.57618106,0.04843338853,a,337.7204163,1596.45093,2137.636622,3477.827614,RM,13
a,1,l'à,39.62392254,0.04704957743,s,519.5878341,1582.920577,2592.782941,2988.743808,RM,13
s,0,spuSè,39.67916178,0.06342889503,p,381.8890733,1779.524253,3393.742491,3855.845826,RM,13
p,0,spuSè,39.75861771,0.09548296596,u,337.547536,840.8312675,3106.41969,4066.225515,RM,13
u,0,spuSè,39.83887875,0.06503912174,z,337.68415,1102.308666,2346.002763,3178.026249,RM,13
z,0,spuSè,39.89907453,0.05535244403,ɛː,320.0308642,1780.612593,3273.794173,3662.671706,RM,13
ɛː,1,spuSè,39.96618937,0.07887723275,t,527.0054509,1820.580445,2320.613778,3426.103365,RM,13
t,0,tô,40.05137345,0.09149091554,oː,489.374226,1920.961491,2623.125113,NA,RM,13
oː,1,tô,40.1220275,0.04981719963,p,404.0714229,1170.561381,2803.528663,3976.893423,RM,13
p,0,pèder,40.19398568,0.09409915486,ɛː,494.5529728,1131.433502,2839.791234,3885.088383,RM,13
ɛː,1,pèder,40.33511766,0.1881647934,d,476.1782325,2279.496725,2424.641641,3441.684842,RM,13
d,0,pèder,40.4727901,0.08718009935,e,302.2691151,2167.468681,2908.094937,4838.381329,RM,13
e,0,pèder,40.55097543,0.06919055504,r,440.2784637,1991.629847,2142.685704,3196.815274,RM,13
r,0,pèder,40.62708504,0.08302866605,NA,395.679946,1644.346635,2586.122607,3757.783451,RM,13
e,0,e,41.19365508,0.06227149954,k,391.1282232,2344.760488,2720.883987,3286.941973,RM,13
k,0,qué,41.29813281,0.1466839767,w,373.9146523,2469.057302,3260.252523,NA,RM,13
w,0,qué,41.40607008,0.06919055504,e,410.3786375,1258.72659,2801.174339,3808.766591,RM,13
e,1,qué,41.47318492,0.06503912174,NA,441.5062352,1755.114459,2639.36779,3490.797465,RM,13
k,0,quand,41.77194139,0.09963439926,w,597.4278464,1289.944649,2347.872958,3601.912175,RM,13
w,0,quand,41.84943481,0.05535244403,a,520.2055157,1203.790698,3173.858558,3722.493261,RM,13
a,1,quand,41.91309012,0.07195817724,n,709.2995785,1621.381141,2231.691966,3196.634382,RM,13
n,0,quand,41.98297258,0.06780674394,d,675.816539,2205.971802,3213.701641,4746.662668,RM,13
d,0,quand,42.04028754,0.04682316182,l,272.4796514,1794.538948,3196.017281,NA,RM,13
l,0,l'à,42.09345106,0.05950387734,a,412.2252846,1599.995658,3069.944424,3479.033655,RM,13
a,0,l'à,42.16471733,0.08302866605,v,870.9765058,1560.379476,3020.686355,4405.480681,RM,13
v,0,avó,42.24209754,0.07173176164,o,286.6760474,1326.779863,2883.551955,3978.459697,RM,13
o,1,avó,42.33400777,0.1120886992,t,415.4360968,973.9041885,3067.89569,3824.211523,RM,13
t,0,tô,42.44579036,0.1114764851,oː,385.7550049,1002.538558,3040.59955,3878.999653,RM,13
oː,1,tô,42.53266436,0.06227149954,s,412.1817183,1084.923887,2818.670428,3529.843048,RM,13
s,0,surèla,42.63091495,0.1342296768,u,1665.93217,2772.47767,3372.08583,4575.151503,RM,13
u,0,surèla,42.74515905,0.09425853775,r,402.5581848,837.7896198,2886.116953,3570.440033,RM,13
r,0,surèla,42.81650502,0.04843338853,ɛː,408.2228958,1423.353071,2116.76145,3584.032176,RM,13
ɛː,1,surèla,42.95419422,0.2269450205,l,512.4527977,2027.83782,2272.257775,3417.277326,RM,13
l,0,surèla,43.11696817,0.0986028703,a,343.305956,1769.520977,2064.171661,3690.225544,RM,13
a,0,surèla,43.2160868,0.09963439926,NA,972.6262515,1617.453037,2876.672045,4184.064324,RM,13
m,0,mé,44.04197775,0.09686677706,e,321.9108643,2220.945638,2686.687282,3877.775825,RM,13
e,1,mé,44.18243457,0.1840468764,d,410.1400069,1684.586538,2609.696463,3190.887491,RM,13
d,0,dulfén,44.31458853,0.08026104385,u,321.0650367,2116.841184,3077.409815,4579.620499,RM,13
u,0,dulfén,44.39731109,0.08518407415,l,361.2788837,915.2875166,2916.503597,4080.10628,RM,13
l,0,dulfén,44.4606603,0.04151433303,f,394.5403653,1316.621952,2160.924738,2895.318819,RM,13
f,0,dulfén,44.57690043,0.1909659319,e,1141.761386,1675.991892,3218.104092,4503.850439,RM,13
e,1,dulfén,44.72030102,0.0958352481,n,425.5655433,2271.807915,3030.45544,3211.446202,RM,13
n,0,dulfén,44.83187395,0.1273106213,NA,318.8838408,982.5213856,2321.345304,2974.24834,RM,13
a,0,a,45.31152388,0.05673625514,n,1183.930666,1690.90048,3023.601097,4233.811885,RM,13
n,0,n,45.3634168,0.04704957743,a,390.814269,1087.027765,2141.151686,2953.615335,RM,13
a,0,avän,45.42488318,0.07588319494,v,878.8642367,1395.867552,2466.465275,3815.162807,RM,13
v,0,avän,45.49326863,0.06088768844,æ,305.9950523,1380.565683,2385.187516,3444.827319,RM,13
æ,1,avän,45.56384299,0.08026104385,n,1096.09256,1457.22769,2738.958539,3904.787954,RM,13
n,0,avän,45.64181857,0.07569011054,m,349.1609493,1217.19109,2177.803505,3154.24367,RM,13
m,0,mâi,45.72236896,0.08541067491,aː,301.4528298,1296.47376,2236.060297,3014.082802,RM,13
aː,0,mâi,45.81155116,0.09295372212,j,911.6735612,1701.700138,2945.94099,4469.528891,RM,13
j,0,mâi,45.87578517,0.03551429465,f,423.321235,1957.694808,2384.311939,3297.734594,RM,13
f,0,fât,45.97726289,0.1674411432,aː,544.4371789,1487.9435,2957.273338,3184.744629,RM,13
aː,1,fât,46.11681812,0.1116693226,t,937.6566987,1463.963239,3076.150577,4331.898197,RM,13
t,0,fât,46.20832573,0.07134590142,d,339.8632874,1587.694924,2829.179848,4674.357037,RM,13
d,0,di,46.29519969,0.1024020215,i,306.8876655,605.7223526,2040.500589,2928.823628,RM,13
i,0,di,46.38030408,0.06780674394,f,319.8729323,2482.020128,3124.360007,4407.533814,RM,13
f,0,fiû,46.48101618,0.1336174627,j,459.1626095,1720.369443,2941.963007,3833.477316,RM,13
j,0,fiû,46.59378003,0.0919102304,uː,292.0350531,2467.832282,2809.110805,4167.89799,RM,13
uː,1,fiû,46.684709,0.08994772156,NA,411.7297028,984.3703415,2984.022962,4141.738943,RM,13
p,0,purtròp,46.97266492,0.05437249835,u,1525.562742,1925.635949,3187.353045,4459.58777,RM,13
u,0,purtròp,47.04599931,0.0922962699,r,354.2706005,584.4370194,3058.208621,3433.175545,RM,13
r,0,purtròp,47.13934284,0.09439079145,t,387.7154324,1146.90469,1928.577048,3462.220842,RM,13
t,0,purtròp,47.23445971,0.09584295747,r,326.3120474,1844.757974,2195.135738,3405.218333,RM,13
r,0,purtròp,47.32739834,0.09003429338,ɔː,425.1827447,1168.11072,2356.689229,3376.553457,RM,13
ɔː,1,purtròp,47.44272681,0.1406226539,p,481.1878669,844.0939959,2447.330091,3539.46608,RM,13
p,0,purtròp,47.60597676,0.1858772509,NA,421.7648411,668.7304862,2656.530535,3623.565841,RM,13
s,0,siché,48.14651743,0.1016516216,i,933.666045,1962.212153,3208.025227,4414.291278,RM,13
i,0,siché,48.21404315,0.03339981851,k,314.0892684,2111.438935,2464.922005,3053.383276,RM,13
k,0,siché,48.27721238,0.09293862543,e,375.2644695,2005.421006,2745.375288,3541.994605,RM,13
e,1,siché,48.34836851,0.04937364476,d,456.02132,2046.644894,2154.562646,2977.140762,RM,13
d,0,dånca,48.40986562,0.07362056423,ɑ,334.1089183,408.0379128,1990.258771,2847.111516,RM,13
ɑ,1,dånca,48.50331037,0.1132689497,n,978.1259677,1537.722722,2262.239677,4244.328723,RM,13
n,0,dånca,48.60786633,0.09584295747,k,402.8994435,1031.675692,2265.267307,2936.795392,RM,13
k,0,dånca,48.709298,0.1070203827,a,424.5914094,1741.768694,2923.487418,3760.124732,RM,13
a,0,dånca,48.80201667,0.0784169652,t,597.2371663,1719.235479,2376.790834,3438.719851,RM,13
t,0,té,48.89763968,0.1128290468,e,440.6920748,879.6446817,1709.646289,2979.30318,RM,13
e,1,té,49.00197568,0.09584295747,e,382.9469143,2491.390625,3071.655995,4415.104164,RM,13
e,0,e,49.06877532,0.03775631658,l,404.3100948,2091.315726,2412.765244,3480.852596,RM,13
l,0,la,49.11451855,0.05373014282,a,326.0763624,1763.369716,3257.692558,3506.079352,RM,13
a,0,la,49.16171394,0.04066064862,s,581.3395307,1682.849072,2631.999524,3684.147302,RM,13
s,0,sufî,49.24561839,0.1271482544,u,1536.492046,2888.281832,3302.015438,4481.561315,RM,13
u,0,sufî,49.32952284,0.04066064862,f,396.9060191,1080.483648,2647.603319,3704.951125,RM,13
f,0,sufî,49.40689255,0.1140787602,iː,489.0944223,1531.846199,3055.432402,4234.876945,RM,13
iː,1,sufî,49.53654023,0.1452166022,NA,299.2794488,2649.851437,3235.741559,4360.681576,RM,13
a,0,a,50.07687845,0.06099097294,n,796.241773,1675.88887,1855.187461,2948.062882,RM,13
n,0,n,50.13496509,0.05518230885,a,420.3828375,1417.533164,2307.192221,3051.203813,RM,13
a,0,avî,50.20009261,0.07507273026,v,515.0329265,1619.203615,1790.109747,3048.158777,RM,13
v,0,avî,50.27320704,0.07115613509,iː,308.7392305,1527.170204,2621.319819,3463.198063,RM,13
iː,1,avî,50.3305676,0.04356498067,b,340.7395458,2487.158477,2811.735388,3599.862642,RM,13
b,0,brîSa,50.39123739,0.07777460968,r,328.8654034,1319.027773,2502.212236,3795.470628,RM,13
r,0,brîSa,50.45045502,0.04066064862,iː,384.2917997,1881.450522,2861.681166,3407.048648,RM,13
iː,1,brîSa,50.49619825,0.05082581078,z,395.8443528,2369.400297,2993.062638,4145.103466,RM,13
z,0,brîSa,50.56590222,0.08858212736,a,296.4473424,1972.555155,3456.341615,4469.952354,RM,13
a,0,brîSa,50.63488011,0.04937364476,d,441.1159098,1767.594988,2489.803198,3360.203902,RM,13
d,0,di,50.68756299,0.05599211934,i,347.6560632,1826.530552,2804.897249,4632.599689,RM,13
i,0,di,50.73879371,0.04646931271,k,397.212213,2407.138151,3122.891781,4503.476153,RM,13
k,0,cuSén,50.81761558,0.1111744282,u,419.6598353,2428.562147,2784.993806,4176.02869,RM,13
u,0,cuSén,50.91241127,0.0784169652,z,410.44463,980.7385081,2747.630909,3431.685992,RM,13
z,0,cuSén,50.98138916,0.05953880691,e,350.2010648,1656.967353,3052.943889,3694.710777,RM,13
e,1,cuSén,51.07338175,0.124446375,n,474.1082446,1864.51826,2226.776939,3281.79134,RM,13
n,0,cuSén,51.17336125,0.07551263316,NA,331.6167181,584.7893313,2324.232984,3105.709511,RM,13
p,0,però,51.69615475,0.0392084826,e,559.9292886,724.353704,1930.733203,3482.418218,RM,13
e,0,però,51.7752978,0.1190776138,r,498.7096397,1983.177259,2439.239625,3059.10596,RM,13
r,0,però,51.87331901,0.07696479918,ɔː,474.2659529,1437.290747,2017.305275,3576.419715,RM,13
ɔː,1,però,52.02724861,0.2308943975,NA,551.5996529,1006.18832,3001.226833,3586.878445,RM,13
a,0,av,52.50421509,0.07551263316,v,1039.934949,1593.00022,1818.302955,3111.460295,RM,13
v,0,av,52.57101473,0.05808664089,s,767.2896417,1715.159126,2897.013565,3332.203565,RM,13
s,0,stà,52.66395335,0.12779061,t,1367.953895,2001.768115,3065.284756,4068.125651,RM,13
t,0,stà,52.77544896,0.09520060194,a,1564.095424,2542.98173,3786.169761,NA,RM,13
a,1,stà,52.85717516,0.06825180305,b,972.7327606,1419.794995,1666.453095,2959.376449,RM,13
b,0,bän,52.93194421,0.08128629959,æ,335.3122173,1258.712202,1789.127878,3289.097199,RM,13
æ,1,bän,53.04737391,0.1495731003,n,964.8133008,1577.39394,1733.27789,2855.720453,RM,13
n,0,bän,53.15556028,0.06679963703,NA,372.3046818,1190.102984,2312.472497,3180.24362,RM,13
p,0,parché,53.5747613,0.03194765249,a,465.5411746,1561.980543,2644.368372,3260.757321,RM,13
a,0,parché,53.62268278,0.06389530498,r,717.3362697,1630.44892,2733.469899,3776.626807,RM,13
r,0,parché,53.67496075,0.04066064862,k,475.6571843,1686.153085,1993.715721,3114.044528,RM,13
k,0,parché,53.73304739,0.07551263316,e,539.5784984,1701.470659,2570.254176,3504.294664,RM,13
e,1,parché,53.79984703,0.05808664089,v,449.3460687,2102.663107,2946.365954,3328.400583,RM,13
v,0,vuèter,53.85916586,0.06055100831,u,325.0094341,1304.011583,2684.571777,3387.348848,RM,13
u,0,vuèter,53.92284118,0.06679963703,w,347.7752927,844.4327614,2977.584884,3728.707985,RM,13
w,0,vuèter,53.99399731,0.07551263316,ɛː,476.7949341,1435.634585,2700.86495,3667.35676,RM,13
ɛː,1,vuèter,54.0971011,0.130694942,t,521.1651741,2329.698003,2439.478916,3286.390658,RM,13
t,0,vuèter,54.21781584,0.1107345253,e,470.3519171,2356.28873,3029.544036,NA,RM,13
e,0,vuèter,54.31384375,0.08132129725,r,515.7631915,1956.132927,2730.842296,3013.726883,RM,13
r,0,vuèter,54.3886303,0.06825180305,NA,421.6549652,1703.193913,2832.410043,4414.353189,RM,13
a,0,a,54.77091987,0.065347471,n,859.9423751,1648.876692,2332.50181,3079.382362,RM,13
n,0,n,54.82900651,0.05082581078,a,406.8220369,1434.478106,2299.445028,3040.003777,RM,13
a,0,avî,54.89072356,0.07260830111,v,732.7074425,1697.958667,2854.241696,4284.477989,RM,13
v,0,avî,54.95211944,0.05018345525,iː,292.4700901,1406.0796,2423.902041,3358.677462,RM,13
iː,1,avî,55.01061099,0.06679963703,m,365.0260724,2409.506792,3069.566576,4294.597191,RM,13
m,0,mâi,55.08321929,0.0784169652,aː,335.0360221,1241.415852,2270.684614,2997.364961,RM,13
aː,1,mâi,55.16842414,0.09199274233,j,624.7869361,1755.7632,2971.922114,4074.019353,RM,13
j,0,mâi,55.23282558,0.03681013075,d,404.8503122,1569.558615,2533.581269,3163.055281,RM,13
d,0,dè,55.29189129,0.08132129725,ɛː,398.1180666,2335.948006,2878.69633,NA,RM,13
ɛː,1,dè,55.37539084,0.08567779531,d,498.7900049,2057.77428,2317.450083,3066.69128,RM,13
d,0,di,55.4466307,0.05680192984,j,410.45793,2116.257584,3047.319688,4543.862759,RM,13
j,0,di,55.50334891,0.05663447487,a,407.8648912,2376.725274,3187.829076,4401.85489,RM,13
a,0,anvudén,55.56070946,0.05808664089,n,503.7223345,1616.51482,2975.432664,3190.297171,RM,13
n,0,anvudén,55.62460477,0.06970396907,v,312.2354154,975.3576054,2228.233379,3081.570166,RM,13
v,0,anvudén,55.67956713,0.04022074572,u,392.473607,1424.244762,2462.241123,3272.148511,RM,13
u,0,anvudén,55.7294469,0.05953880691,d,439.9184641,993.4901862,2917.826697,4024.76373,RM,13
d,0,anvudén,55.79261612,0.06679963703,e,424.9721105,1290.649063,2959.780846,4131.842337,RM,13
e,1,anvudén,55.89571991,0.1394079381,n,460.7891043,2048.202163,2486.633783,3218.030359,RM,13
n,0,anvudén,56.0075367,0.08422562929,NA,406.0584564,975.0576785,2290.191749,3149.306501,RM,13
a,0,ala,56.29128143,0.05518230885,l,861.6970496,1541.082597,2654.136059,2994.024262,RM,13
l,0,ala,56.33194208,0.0261389884,a,522.2262278,1504.337141,2916.866488,4487.414931,RM,13
a,0,ala,56.37260273,0.05518230885,b,836.8997071,1576.55277,3078.227208,4382.05762,RM,13
b,0,beatrîz,56.435552,0.07071623219,e,648.4260442,1507.104519,2653.496696,4196.014772,RM,13
e,0,beatrîz,56.48906219,0.03630415056,a,419.7352392,2094.084385,2925.197198,3263.291919,RM,13
a,0,beatrîz,56.54134017,0.06825180305,t,633.0085856,1769.372962,2905.771046,3386.672451,RM,13
t,0,beatrîz,56.61798379,0.08503543979,r,695.882352,1702.873674,2853.807717,4497.353082,RM,13
r,0,beatrîz,56.69317524,0.065347471,iː,356.8027577,1823.152343,2946.984913,3447.861411,RM,13
iː,1,beatrîz,56.75416622,0.05663447487,θ,377.2448666,2403.81956,2502.761134,2904.309361,RM,13
θ,0,beatrîz,56.84565268,0.1263384439,e,387.8485035,2006.115163,3199.274489,3268.939853,RM,13
e,0,e,56.92114781,0.02465182472,a,397.339437,2026.889622,2886.151475,3072.173983,RM,13
a,0,a,56.9559823,0.04501714669,f,574.1143983,1730.338676,2871.759031,3463.020334,RM,13
f,0,frêdo,57.03657751,0.1161732818,r,533.0449642,1694.359796,3007.968443,3662.808859,RM,13
r,0,frêdo,57.12515964,0.06099097294,eː,441.3103743,1552.756636,2374.422555,3229.395641,RM,13
eː,1,frêdo,57.22721616,0.1431220807,d,416.8162036,2421.987323,2704.488521,3158.95624,RM,13
d,0,frêdo,57.34565142,0.09374843592,o,339.4707053,2385.593747,2962.262595,4648.032701,RM,13
o,0,frêdo,57.42810371,0.07115613509,NA,434.2523626,1178.687675,2671.171117,3708.539684,RM,13
k,0,ch'i,57.8731226,0.06679963703,j,1599.466888,2015.580715,2787.836653,3776.882829,RM,13
j,0,ch'i,57.93338749,0.05373014282,a,482.1546339,2100.842813,2541.791119,3587.178666,RM,13
a,1,an,58.00163929,0.08277346327,n,668.5093967,1260.255929,2398.499525,3496.773945,RM,13
n,0,an,58.07933017,0.07260830111,s,469.9177814,1275.092887,2235.349343,3147.479599,RM,13
s,0,sänper,58.18679046,0.1423122702,æ,1044.779454,2675.476021,3370.495901,4156.157501,RM,13
æ,1,sänper,58.31103438,0.1061755746,n,830.8494301,1383.191591,2623.479462,3221.183499,RM,13
n,0,sänper,58.40187849,0.07551263316,p,337.7291723,1193.362822,2282.34112,2970.292129,RM,13
p,0,sänper,58.48029545,0.08132129725,e,409.6614171,1048.863502,1675.066041,3023.161565,RM,13
e,0,sänper,58.53505532,0.02819845058,r,542.5392105,1417.926362,2529.370189,3612.384128,RM,13
r,0,sänper,58.57311529,0.04792147874,s,474.3035502,1494.095003,2113.172916,3321.092042,RM,13
s,0,sperè,58.65443659,0.1147211158,p,1370.154703,3153.902079,3438.376852,4545.816185,RM,13
p,0,sperè,58.77204454,0.1204947822,e,300.9337852,1682.761879,2998.866482,3655.586514,RM,13
e,0,sperè,58.87876124,0.09293862543,r,484.8034836,1857.254052,2777.149215,4247.13506,RM,13
r,0,sperè,58.95209562,0.05373014282,ɛː,448.5255614,1687.126636,2419.590647,3707.33909,RM,13
ɛː,1,sperè,59.06514462,0.1723678537,d,587.4909918,2022.282339,2639.8948,2950.930114,RM,13
d,0,ed,59.19416745,0.08567779531,v,356.3305733,1885.437749,2905.206264,4551.456313,RM,13
v,0,dvintèr,59.27444148,0.07487027763,i,356.2059407,1626.066588,2864.32077,3798.577322,RM,13
i,0,dvintèr,59.3554416,0.08712996134,n,413.9155785,2601.782348,3016.850193,3961.572468,RM,13
n,0,dvintèr,59.42950207,0.06099097294,t,375.5999869,923.8004899,2125.248923,2960.405659,RM,13
t,0,dvintèr,59.53030888,0.1406226539,ɛː,402.5062327,2155.367233,3363.68994,NA,RM,13
ɛː,1,dvintèr,59.663367,0.1254935741,r,579.3021172,1877.857862,2928.107527,3147.532444,RM,13
r,0,dvintèr,59.76532227,0.0784169652,n,411.9878981,1577.123043,2169.158868,3540.289853,RM,13
n,0,nûn,59.87381231,0.13856313,uː,382.932013,1235.325144,2278.16276,3021.275609,RM,13
uː,1,nûn,60.09182217,0.2974565843,n,364.5988364,814.0997529,2239.80669,3168.414995,RM,13
n,0,nûn,60.2732242,0.065347471,NA,324.8003799,995.2007524,2039.720411,2942.689158,RM,13
p,0,pèvel,61.38684571,0.08132129725,ɛː,1029.989047,1961.302786,2894.066277,3841.190936,LL,13
ɛː,1,pèvel,61.51318415,0.1713555906,v,606.5454861,1738.417499,2459.055429,3378.975866,LL,13
v,0,pèvel,61.63807043,0.0784169652,e,269.6724933,1336.908428,2286.164752,3363.893172,LL,13
e,0,pèvel,61.72810473,0.1016516216,l,490.6409511,1564.660055,2325.439235,3368.218986,LL,13
l,0,pèvel,61.81233036,0.06679963703,NA,326.3199237,1410.014504,2484.952103,3429.427971,LL,13
a,0,al,62.01705077,0.06099097294,l,641.7510973,1349.596331,2415.14967,3449.117488,LL,13
l,0,al,62.07586349,0.05663447487,t,396.5964618,1250.947574,2480.822913,2972.012327,LL,13
t,0,tuséss,62.17003433,0.1317072051,u,338.0551708,1043.048745,2274.895217,3276.214421,LL,13
u,0,tuséss,62.26130084,0.05082581078,s,326.7246718,1101.768441,2573.342148,3222.811656,LL,13
s,0,tuséss,62.36077421,0.1481209343,e,1376.011245,2148.061107,3131.711139,3919.49506,LL,13
e,1,tuséss,62.49342745,0.1171855449,sː,475.1526799,1734.770889,2445.883214,3394.522309,LL,13
sː,0,tuséss,62.66869964,0.2333588267,NA,1444.284814,2216.605914,3518.771262,3755.660871,LL,13
e,0,es,62.94467735,0.03775631658,s,394.2424856,1653.903534,2320.293413,3450.858209,LL,13
s,0,es,63.0151074,0.1031037876,a,1713.983055,2349.073641,3603.522665,4251.443362,LL,13
a,0,an,63.10586778,0.0784169652,n,555.27931,1424.217398,2280.069557,3815.530714,LL,13
n,0,an,63.18904614,0.08793977183,d,282.083742,1249.106897,2383.058958,2737.201005,LL,13
d,0,dîS,63.27585493,0.08567779531,iː,211.9926218,1450.680131,2378.047594,3685.38695,LL,13
iː,1,dîS,63.37282887,0.1082700961,z,268.6017088,2107.589822,2562.136035,3428.740411,LL,13
z,0,dîS,63.48255114,0.1111744282,ɲ,1668.197965,2412.12344,3604.998911,4249.996099,LL,13
ɲ,0,gnínta,63.58491131,0.09354592158,i,291.3216475,705.2844613,2125.602133,3400.06355,LL,13
i,1,gnínta,63.69993607,0.1365036061,n,375.1708176,2218.267336,2702.698423,3164.204803,LL,13
n,0,gnínta,63.82046585,0.1045559536,t,281.7540604,790.6213406,2302.938829,2734.687017,LL,13
t,0,gnínta,63.93559184,0.1256960267,a,288.3009417,1688.878423,2922.194617,4224.294076,LL,13
a,0,gnínta,64.04636134,0.09584295747,NA,506.0294888,1602.964246,2437.750298,3693.248741,LL,13
b,0,bän,64.27254306,0.1205297798,æ,248.6631018,1310.422283,2387.204379,4130.111467,RM,13
æ,1,bän,64.47945922,0.2933025388,n,1013.165705,1754.748338,3013.841774,4208.279459,RM,13
n,0,bän,64.67403197,0.09584295747,l,127.6976238,918.6239365,2254.930583,3298.428745,RM,13
l,0,l,64.79787099,0.1518350768,e,340.5448321,1730.110781,3030.172902,3622.057274,RM,13
e,1,é,64.91372309,0.07986913123,l,557.2333043,2207.811136,3001.355929,4423.977317,RM,13
l,0,l,64.97834448,0.04937364476,i,312.4419967,1782.207099,2836.731333,3631.030526,RM,13
i,0,istàss,65.04046644,0.07487027763,s,346.1864248,2561.390687,2615.938899,3165.952078,RM,13
s,0,istàss,65.14615338,0.1365036061,t,1405.376608,2390.900724,3493.194534,4602.717976,RM,13
t,0,istàss,65.25525079,0.08169120484,a,750.9313162,2174.384437,3192.111968,4384.106118,RM,13
a,1,istàss,65.36652644,0.1408601042,sː,888.6512178,1409.878835,2642.889383,4007.259157,RM,13
sː,0,istàss,65.56182527,0.2497375582,l,1469.384701,2298.944009,3495.873226,4446.835034,RM,13
l,0,la,65.70920262,0.04501714669,a,402.270581,1252.057813,2541.75361,3529.046495,LL,13
a,0,la,65.76075452,0.05808664089,v,641.9841004,1276.621351,2482.894679,3513.958785,LL,13
v,0,và,65.81521074,0.05082581078,a,381.2936586,1095.408351,2381.765752,3259.420527,LL,13
a,1,và,65.88055821,0.07986913123,d,676.0354413,1316.040506,2453.291017,3527.091926,LL,13
d,0,ed,65.96881913,0.09665270625,l,237.9167507,1313.934294,2504.036175,3831.562782,LL,13
l,0,lóng,66.04909314,0.06389530498,o,270.1698828,1302.477573,2624.872859,3501.875568,LL,13
o,1,lóng,66.13963353,0.1171854832,n,561.0087372,1025.233928,2700.896459,3323.676568,LL,13
n,0,lóng,66.24033909,0.08422562929,g,444.232354,2208.179515,2640.129339,4783.176373,LL,13
g,0,lóng,66.30060398,0.03630415056,l,349.3265162,1442.576186,2244.053082,3469.332335,LL,13
l,0,la,66.33690813,0.03630415056,a,483.1050465,1181.563631,2343.861128,3557.959668,LL,13
a,0,la,66.37829486,0.04646931271,k,567.5915372,1375.860608,2369.839166,3514.592514,LL,13
k,0,carólla,66.44683284,0.0906066536,a,463.2388918,1620.996012,2343.480287,3758.527193,LL,13
a,0,carólla,66.52408382,0.06389530498,r,566.7538532,1389.854791,2210.483089,3398.708094,LL,13
r,0,carólla,66.59015738,0.06825180305,o,572.6780614,1215.976428,2240.441263,3729.215465,LL,13
o,1,carólla,66.65943894,0.07031132694,lː,555.3733349,1072.500184,2344.426615,3060.902036,LL,13
lː,0,carólla,66.75703775,0.1248862779,a,405.7505726,1166.374628,2341.332184,3624.050279,LL,13
a,0,carólla,66.84489379,0.05082581078,NA,557.7351554,1346.433867,2424.116357,3504.307392,LL,13
i,0,int,67.19055797,0.07260830111,n,341.35425,2612.665904,3420.371186,3999.000501,RM,13
n,0,int,67.25372719,0.05373014282,t,475.4038385,2316.806305,3067.577279,4380.078925,RM,13
t,0,int,67.31605161,0.07091868481,l,381.539149,848.7424246,2517.50718,3898.31747,RM,13
l,0,la,67.37038911,0.03775631658,a,393.0373066,1531.202435,2701.242815,3773.501379,RM,13
a,0,la,67.42411925,0.06970396907,n,702.0546706,1593.996973,2642.506291,3960.155277,RM,13
n,0,nòstra,67.4989058,0.07986913123,ɔː,366.425032,1491.497007,2215.539022,3142.823649,RM,13
ɔː,1,nòstra,67.57514452,0.07260830111,s,1092.460894,1227.847573,2864.622254,3419.431483,RM,13
s,0,nòstra,67.6528354,0.08277346327,t,1060.385912,1887.517387,3649.127701,4440.522287,RM,13
t,0,nòstra,67.71360642,0.0387685797,r,343.8240192,1637.284897,2901.255993,3589.51252,RM,13
r,0,nòstra,67.7547732,0.04356498067,a,433.0791476,1599.597982,2768.584111,3562.813979,RM,13
a,0,nòstra,67.79979035,0.04646931271,f,762.707093,1589.331671,2888.063164,3612.154172,RM,13
f,0,famajja,67.87145261,0.09685522059,a,757.6008614,1703.953448,2764.16166,3430.123833,RM,13
a,0,famajja,67.94964963,0.05953880691,m,816.9489333,1344.727929,2659.333882,3923.997436,RM,13
m,0,famajja,68.02080576,0.08277346327,a,296.6114005,1273.01849,2246.748573,3038.551532,RM,13
a,1,famajja,68.12286229,0.1213395903,jː,1032.608659,1438.956135,1898.371534,2892.287779,RM,13
jː,0,famajja,68.2597708,0.1524774323,a,295.6595542,1822.314211,2928.614272,3598.486288,RM,13
a,0,famajja,68.38247883,0.09293862543,NA,641.083591,1654.740438,2710.033728,4028.722658,RM,13
a,0,a,68.71390759,0.06099097294,s,874.1272779,1618.390228,2647.700685,3993.44757,RM,13
s,0,sän,68.8032158,0.1176254478,æ,292.3664549,1601.640172,2827.989934,3794.724058,RM,13
æ,1,sän,68.90559351,0.08712996134,n,1038.994416,1589.731822,2681.033143,3748.346465,RM,13
n,0,sän,68.98731971,0.07632244365,a,360.9943746,842.6911241,2248.419282,3148.783532,RM,13
a,0,aviè,69.06614158,0.08132129725,v,927.6051667,1773.253481,3006.843556,3853.551427,RM,13
v,0,aviè,69.13874988,0.06389530498,j,396.4117601,1637.315233,2879.381656,3998.714862,RM,13
j,0,aviè,69.20978729,0.07817951492,ɛː,306.4516965,2128.863477,2694.974161,3482.237688,RM,13
ɛː,1,aviè,69.29752461,0.09729512349,NA,521.8913553,2000.419122,2777.621594,3473.775735,RM,13
ai,0,ai,69.53959637,0.07696479918,ð,381.0506906,2338.845008,2417.009955,3287.895995,RM,13
ð,0,Zitlón,69.63398716,0.1118167837,i,300.9071924,1704.74603,2584.381088,3072.579372,RM,13
i,0,Zitlón,69.71966496,0.05953880691,t,367.1597044,2308.829262,2336.369828,3054.145154,RM,13
t,0,Zitlón,69.81403825,0.1292077783,l,365.7766846,2235.703943,2837.636201,NA,RM,13
l,0,Zitlón,69.90913763,0.06099097294,o,343.2178336,1504.483464,2661.320575,3090.987488,RM,13
o,1,Zitlón,69.97375902,0.06825180305,NA,538.5649966,1126.799222,2581.453607,3552.763234,RM,13
a,0,anc,70.73043497,0.09729512349,n,955.9264179,1576.442019,2660.805347,4012.515452,RM,13
n,0,anc,70.80667369,0.05518230885,k,412.0122274,1188.136864,2269.39483,3024.28133,RM,13
k,0,anc,70.86476033,0.06099097294,a,1428.339054,1877.369582,2720.625874,2747.323426,RM,13
a,0,al,70.91631222,0.04211281465,l,664.3522243,1633.542108,2537.022131,3769.835133,RM,13
l,0,al,70.95842504,0.04211281465,f,439.9756268,1522.819922,2668.131972,3611.925431,RM,13
f,0,fradèl,71.02936122,0.09975955263,r,609.7374861,1651.887745,2724.053529,3537.527083,RM,13
r,0,fradèl,71.11046257,0.06244313896,a,442.0920573,1541.442794,2009.776236,3514.146095,RM,13
a,0,fradèl,71.16419271,0.04501714669,d,517.9645789,1650.718406,2417.419363,3651.672847,RM,13
d,0,fradèl,71.21937502,0.065347471,ɛː,246.9829002,1586.760156,2726.602768,4407.943645,RM,13
ɛː,1,fradèl,71.30628503,0.1084725488,l,602.9208629,1915.228671,2637.039133,3263.846137,RM,13
l,0,fradèl,71.38302988,0.04501714669,d,428.6627824,1891.06912,2969.531849,3338.027554,RM,13
d,0,dal,71.4331296,0.05518230885,a,308.2304182,1763.537681,2844.965645,3763.422882,RM,13
a,0,dal,71.49920316,0.07696479918,l,571.456359,1649.39471,2789.712492,3653.355866,RM,13
l,0,dal,71.55511155,0.03485198453,t,404.4789633,1617.580952,2883.59447,3801.241928,RM,13
t,0,tô,71.62977938,0.1144836655,oː,492.4948885,1631.520399,2832.900292,4472.923912,RM,13
oː,1,tô,71.71533845,0.05663447487,b,419.4580691,1137.070168,2823.355236,3713.616885,RM,13
b,0,bSnôn,71.77632942,0.065347471,z,374.0367023,1152.263677,2617.593152,3776.760242,RM,13
z,0,bSnôn,71.85234818,0.08669005843,n,285.2575415,1728.651677,3115.732777,3569.260769,RM,13
n,0,bSnôn,71.92764087,0.06389530498,oː,295.629992,1680.566779,2893.687538,3018.935773,RM,13
oː,1,bSnôn,72.05397931,0.1887815829,n,542.2420067,1068.848125,3071.162823,3582.917126,RM,13
n,0,bSnôn,72.16870042,0.04066064862,NA,361.2581559,1286.343536,2361.715604,3146.691286,RM,13
a,0,al,72.4398993,0.03630415056,l,971.5167217,1552.966546,2607.054645,3452.251364,RM,13
l,0,al,72.5013964,0.08669005843,n,483.717687,1632.460106,1737.57823,2988.390756,RM,13
n,0,n,72.56507175,0.04066064862,a,369.2249835,1615.172519,2916.408672,3676.577247,RM,13
a,1,à,72.6144454,0.05808664089,m,676.7139536,1568.932906,2291.654249,3917.57695,RM,13
m,0,mâi,72.67761462,0.06825180305,aː,352.6582026,1293.662884,2379.166133,2836.604452,RM,13
aː,1,mâi,72.75348731,0.08349358073,j,655.1088696,1746.182008,2559.965776,3901.731964,RM,13
j,0,mâi,72.80576529,0.02106237287,t,340.7402482,1864.762435,2479.47201,3631.507992,RM,13
t,0,tôlt,72.87436562,0.1161382841,oː,485.4011702,1953.112666,2499.855883,4336.485329,RM,13
oː,1,tôlt,72.97454757,0.08422562929,l,405.5124973,976.797178,2814.276879,3699.173371,RM,13
l,0,tôlt,73.03626463,0.0392084826,t,347.9676143,1356.152096,2482.192053,3001.135626,RM,13
t,0,tôlt,73.09435127,0.07696479918,m,282.250636,1051.071747,2019.989519,2743.569895,RM,13
m,0,mujêr,73.16456134,0.06345534036,u,395.1712751,903.8770992,2317.667221,3207.543174,RM,13
u,0,mujêr,73.22024975,0.04792147874,j,389.5922707,1015.372171,2716.739132,3751.419803,RM,13
j,0,mujêr,73.29045985,0.09249872252,eː,321.5674147,2391.468715,3196.570589,3811.333783,RM,13
eː,1,mujêr,73.4354565,0.197494579,r,396.0054702,2344.731029,2534.552186,3829.869092,RM,13
r,0,mujêr,73.5596167,0.05082581078,NA,443.5717401,1742.031202,2636.612035,3852.005595,RM,13
e,0,e,74.0227876,0.1350514401,ɲ,393.1906919,2457.556623,3187.855571,3627.062995,RM,13
ɲ,0,gnanc,74.22637702,0.2721274064,a,391.8249972,1092.325068,2414.147344,3718.077077,RM,13
a,1,gnanc,74.47788793,0.2308943975,n,1115.248948,1710.81138,2986.442037,3633.856599,RM,13
n,0,gnanc,74.63835227,0.09003429338,k,367.5181656,1096.991446,2318.330177,3420.373495,RM,13
k,0,gnanc,74.73790934,0.1090798449,l,430.415841,1905.612406,2755.294422,3474.606292,RM,13
l,0,l,74.84327507,0.1016516216,a,403.493675,1767.872373,2663.528901,3689.551025,RM,13
a,0,amîg,74.94129628,0.09439079145,m,1008.154627,1673.238162,2712.405483,3899.671192,RM,13
m,0,amîg,75.03328887,0.08959439048,iː,559.9678293,1655.37255,2366.981181,3601.751558,RM,13
iː,1,amîg,75.16884644,0.1815207528,g,314.8811854,1879.340459,2755.174445,3656.756712,RM,13
g,0,amîg,75.29736314,0.07551263316,e,361.5764,2734.74212,3061.722351,3929.431478,RM,13
e,0,ed,75.38136881,0.09249872252,d,491.7420461,1839.910801,2474.890785,3160.830174,RM,13
d,0,ed,75.44431808,0.03339981851,m,352.6476027,780.6608083,2041.991653,3072.96192,RM,13
m,0,mî,75.50530906,0.08858212736,iː,307.5374574,1556.93585,2287.759147,3582.885812,RM,13
iː,1,mî,75.58277999,0.06635973412,s,339.3582444,2410.365973,2784.653758,3691.938501,RM,13
s,0,sòzra,75.67912908,0.1263384439,ɔː,1938.615598,2878.024613,3748.331113,4646.014518,RM,13
ɔː,1,sòzra,75.84963986,0.214683121,θ,616.515314,1052.928552,2967.798477,3738.906847,RM,13
θ,0,sòzra,76.02886364,0.1437644362,r,595.2235258,1869.096512,2936.46825,3855.004075,RM,13
r,0,sòzra,76.13630639,0.07112107572,a,441.9500232,1349.611641,2481.963957,4290.87169,RM,13
a,0,sòzra,76.22341883,0.1031037876,NA,644.9526269,1602.411405,2389.703035,2549.84507,RM,13
p,0,puvratta,77.18051119,0.158656004,u,371.4229597,2246.855273,2995.825421,NA,RM,13
u,0,puvratta,77.34043441,0.1611904285,v,411.1638163,1313.066788,3035.259334,3720.88889,RM,13
v,0,puvratta,77.46241635,0.08277346327,r,1031.269251,2257.440057,3221.083571,4285.955952,RM,13
r,0,puvratta,77.56985911,0.1321120487,a,477.3346248,1367.365254,2319.611692,3739.21358,RM,13
a,1,puvratta,77.67802795,0.08422562929,tː,1013.979771,1470.510951,2520.903793,4540.550562,RM,13
tː,0,puvratta,77.77750132,0.1147211158,a,729.5797914,1567.682081,2537.538895,NA,RM,13
a,0,puvratta,77.87042245,0.07112113744,m,869.384646,1614.494865,2590.717572,3837.260339,RM,13
m,0,mé,77.94736975,0.08277346327,e,351.144935,1478.038852,2398.539038,3031.702249,RM,13
e,1,mé,78.04829529,0.1190776138,NA,486.6967412,2173.778809,3057.839569,3700.958341,RM,13
k,0,cus'ai,78.92663201,0.06825180305,u,764.523559,1409.383306,2786.130456,3758.122076,RM,13
u,0,cus'ai,78.99270557,0.06389530498,s,346.7661561,1076.987976,2901.602081,3805.148398,RM,13
s,0,cus'ai,79.08314477,0.1169830923,aj,1661.975363,2996.135542,3666.073485,4448.356436,RM,13
aj,0,cus'ai,79.22876627,0.1742599227,ɔː,335.8946125,2185.106936,2702.552953,3617.217742,RM,13
ɔː,1,ò,79.34566564,0.05953880691,d,538.2680774,1167.918229,2958.0174,3806.927407,RM,13
d,0,détt,79.41307263,0.07527518288,e,316.1395037,1394.926961,2980.566366,3732.948538,RM,13
e,1,détt,79.50153604,0.1016516216,tː,525.487132,2052.458885,2902.470507,3859.439416,RM,13
tː,0,détt,79.69673364,0.2887435882,NA,418.3419616,1731.866959,2805.4372,3657.586369,RM,13
k,0,côsa,80.82656459,0.07115613509,oː,1037.641266,1155.125093,2228.492386,4028.059331,LL,13
oː,1,côsa,81.01316793,0.3020505326,s,515.3521835,832.1645526,2663.380733,3097.495698,LL,13
s,0,côsa,81.27516517,0.2219439511,a,1394.691913,2142.00797,3011.667926,3738.63489,LL,13
a,0,côsa,81.51754067,0.2628070524,NA,588.3854405,1490.088494,2457.044846,4000.882113,LL,13
a,0,al,82.08423783,0.05663447487,l,665.250579,1303.244903,2526.159131,3638.474616,LL,13
l,0,al,82.14450272,0.06389530498,v,347.5131619,1167.557181,2495.974449,3671.390146,LL,13
v,0,vôl,82.20174455,0.0505883605,oː,363.1527211,1202.723958,2598.836563,3382.892177,LL,13
oː,1,vôl,82.2539038,0.05373014282,l,506.397479,882.77984,2677.536023,3427.029321,LL,13
l,0,vôl,82.30472961,0.04792147874,s,462.7912548,991.2238381,2512.241285,3695.411498,LL,13
s,0,savair,82.38459875,0.1118167837,a,1478.822328,2426.288464,3340.292329,4075.394472,LL,13
a,0,savair,82.46301571,0.04501714669,v,568.4108782,1346.251856,2375.43047,3991.098608,LL,13
v,0,savair,82.51601977,0.06099097294,ai,218.2805072,1115.906485,2263.152004,3794.617154,LL,13
ai,1,savair,82.62201039,0.1509902687,r,632.9964366,1703.802312,2350.312071,3279.561169,LL,13
r,0,savair,82.7200141,0.04501714669,p,375.3129192,1408.280943,2210.951438,3715.171167,LL,13
p,0,pèvel,82.80256761,0.1200898769,ɛː,412.8137844,1413.193474,2238.202982,3780.374833,LL,13
ɛː,1,pèvel,82.94901643,0.1728077567,v,612.0149955,1722.822713,2477.818635,3550.010093,LL,13
v,0,pèvel,83.07866408,0.08648754409,e,299.6127462,1321.45839,2171.304454,3291.700696,LL,13
e,0,pèvel,83.15095117,0.05808664089,l,473.8787256,1486.864794,2341.455156,3612.234891,LL,13
l,0,pèvel,83.22355947,0.08712996134,NA,334.900993,1427.056502,2513.802055,3677.957174,LL,13
i,0,int,83.6344524,0.05518230885,n,364.0284271,2167.722274,2570.797195,3585.220347,LL,13
n,0,int,83.68382604,0.04356498067,t,325.4521136,989.9554176,2272.874304,2490.623256,LL,13
t,0,int,83.74626918,0.08132129725,a,360.072961,1768.969267,2449.356135,3901.152976,LL,13
a,0,al,83.81452099,0.05518230885,l,625.6393363,1419.50892,2563.922557,3843.019906,LL,13
l,0,al,83.86752505,0.05082581078,v,460.1518966,1230.312401,2643.942493,4264.820403,LL,13
v,0,vàdder,83.93287252,0.07986913123,a,272.998767,1144.807756,2459.49422,3791.347562,LL,13
a,1,vàdder,84.01106953,0.07652489628,dː,727.0618037,1297.699215,2420.931622,3716.942031,LL,13
dː,0,vàdder,84.09071871,0.08277346327,e,342.3088151,1379.856664,2554.412357,3986.166106,LL,13
e,0,vàdder,84.17512929,0.08604770291,r,488.5811561,1599.57308,2469.21606,3689.822608,LL,13
r,0,vàdder,84.23248985,0.02867341285,NA,404.4780467,1523.071817,2129.111234,3626.63642,LL,13
k,0,che,84.50254023,0.09003429338,e,1900.756245,2754.590877,3699.724412,NA,LL,13
e,0,che,84.58168328,0.06825180305,l,378.2056956,1941.851587,2330.965353,3754.407279,LL,13
l,0,la,84.64194817,0.0522779768,a,414.7998889,1381.921788,2455.778975,3834.082923,LL,13
a,0,la,84.69495223,0.05373014282,k,591.0558277,1564.417061,2337.324255,3865.127376,LL,13
k,0,carólla,84.76393012,0.08422562929,a,1526.099036,1938.11876,3270.101919,4370.526831,LL,13
a,0,carólla,84.83341414,0.05474240594,r,546.7686117,1528.878833,2186.769885,3904.476321,LL,13
r,0,carólla,84.89491124,0.06825180305,o,440.3687373,1282.27281,1871.062025,3425.906082,LL,13
o,1,carólla,84.96679346,0.07551263316,lː,517.6755107,1055.655609,2517.69179,3018.442402,LL,13
lː,0,carólla,85.03794959,0.06679963703,a,378.5640481,1201.184801,2559.684557,3922.759048,LL,13
a,0,carólla,85.10111882,0.05953880691,NA,615.9756528,1437.060942,2564.523036,3939.843273,LL,13
l,0,l'é,85.36247364,0.03630415056,e,288.7139677,1429.116001,2683.192371,3791.87796,LL,13
e,1,l'é,85.40458646,0.04792147874,d,413.5840341,1675.221806,2557.93267,3864.508882,LL,13
d,0,dvintè,85.47572509,0.09435579379,v,222.4717606,1515.013357,2540.302915,3733.330382,LL,13
v,0,dvintè,85.56792014,0.09003429338,i,225.7521868,1695.692746,2272.741973,3455.837636,LL,13
i,0,dvintè,85.65722835,0.08858212736,n,329.8861742,2122.344072,2193.084885,3188.277661,LL,13
n,0,dvintè,85.75452347,0.1060081196,t,393.1454717,1463.092995,2612.424106,4229.28878,LL,13
t,0,dvintè,85.86860223,0.1221494008,ɛː,278.6910608,1495.459666,2864.226555,4140.658696,LL,13
ɛː,1,dvintè,86.01462864,0.1699034246,t,634.9453634,1815.541475,2314.207199,3353.424273,LL,13
t,0,tótta,86.18731767,0.1754746384,o,596.4687104,1868.145303,3035.214364,NA,LL,13
o,1,tótta,86.32660689,0.1031037876,tː,557.1923459,1087.168223,2633.527704,3382.189484,LL,13
tː,0,tótta,86.48642888,0.2165401923,a,387.6120916,1114.736436,2959.215739,4163.178905,LL,13
a,0,tótta,86.64334653,0.09729512349,r,611.4770594,1468.190561,2467.463204,3743.631499,LL,13
r,0,råssa,86.72466783,0.065347471,ɑ,535.2741416,1387.572589,2267.524382,4036.99699,LL,13
ɑ,1,råssa,86.81179779,0.1089124517,sː,845.6925183,1455.099565,2365.786008,4345.233653,LL,13
sː,0,råssa,87.00356744,0.2746268332,a,1563.543611,2418.285702,3746.264197,4354.14107,LL,13
a,0,råssa,87.19098058,0.1001994555,NA,523.2937872,1498.365305,2441.840564,3836.803794,LL,13
k,0,quassta,87.66129365,0.1045559536,w,664.716713,1310.929801,3191.16981,3864.707531,LL,13
w,0,quassta,87.73462803,0.04211281465,a,528.4144342,945.9788666,2328.517942,3693.409515,LL,13
a,1,quassta,87.81086675,0.1103646177,sː,821.4824273,1235.06974,2127.317748,3788.598767,LL,13
sː,0,quassta,87.93137903,0.1306599444,t,1455.403533,2206.578068,3321.844701,3820.870305,LL,13
t,0,quassta,88.03301315,0.07260830111,a,1284.663919,2346.257628,3173.067326,3857.602097,LL,13
a,0,quassta,88.12304745,0.1074602856,NA,590.2146401,1506.348615,2624.710538,4303.274393,LL,13
a,0,a n l'ò,88.44444724,0.05869393705,l,798.5652172,1307.445377,2912.593155,3284.345716,LL,13
l,0,a n l'ò,88.5340591,0.1205297798,ɔː,361.2435718,1237.562667,2078.358298,3619.095564,LL,13
ɔː,1,a n l'ò,88.62990206,0.07115613509,m,463.6437059,986.8314154,2552.486442,3599.309752,LL,13
m,0,mâi,88.70105819,0.07115613509,aː,906.9376788,2353.62256,2721.912487,4659.927573,LL,13
aː,0,mâi,88.79557667,0.1178808241,j,885.749209,1384.662057,2235.621581,3002.136665,LL,13
j,0,mâi,88.86713771,0.02524125661,s,416.3679501,2000.318713,2359.59335,2977.031226,LL,13
s,0,sintó,88.97050122,0.1814857551,i,1439.575461,2320.720442,3029.834854,3430.833255,LL,13
i,0,sintó,89.10045258,0.0784169652,n,328.9425098,2148.874251,2477.86204,3934.731365,LL,13
n,0,sintó,89.19193904,0.1045559536,t,326.0477289,2179.470437,2397.711559,4506.16441,LL,13
t,0,sintó,89.32749658,0.1665591279,o,366.4108894,1877.244823,3346.649721,4197.727922,LL,13
o,1,sintó,89.48774094,0.1539295984,NA,490.3352682,960.2728542,2721.517213,3327.351129,LL,13
l,0,la,90.81642546,0.04937364476,a,380.9141641,1304.116047,2902.65082,3391.418855,LL,13
a,0,la,90.87596427,0.06970396907,k,647.9642027,1389.047549,2337.43345,3780.358208,LL,13
k,0,carólla,90.97834197,0.1350514401,a,576.530771,1427.070888,2276.655223,3731.851444,LL,13
a,0,carólla,91.08798051,0.08422562929,r,636.0218588,1477.336429,2186.69129,3701.037019,LL,13
r,0,carólla,91.16712356,0.07406046714,o,469.3831016,1292.723889,1781.359822,3600.254059,LL,13
o,1,carólla,91.24677273,0.08523789241,lː,558.9046362,1102.325669,2671.83606,3180.044829,LL,13
lː,0,carólla,91.34312182,0.1074602856,a,376.2781862,1219.792071,2247.885047,3573.960861,LL,13
a,0,carólla,91.43025179,0.06679963703,l,608.3102353,1313.079427,2614.526937,3597.747496,LL,13
l,0,la,91.49705142,0.06679963703,a,465.8807565,1265.831951,2545.776231,3627.595644,LL,13
a,0,la,91.57111189,0.08132129725,NA,680.7625332,1325.525491,2594.262204,3531.863072,LL,13
t,0,tartâja,92.01986236,0.1176604455,a,618.43369,1452.094639,2822.04921,4023.449629,LL,13
a,0,tartâja,92.18250495,0.2076247435,r,686.2675187,1400.363197,2634.163581,3592.591096,LL,13
r,0,tartâja,92.35239088,0.132147108,t,393.4593632,1262.968114,2118.893346,3925.431849,LL,13
t,0,tartâja,92.52300289,0.2090769096,aː,254.1795834,2053.918826,2646.361006,3840.811485,LL,13
aː,1,tartâja,92.75138036,0.2476780343,j,750.4160701,1360.092328,2580.082661,3881.117273,LL,13
j,0,tartâja,92.9427451,0.1350514401,a,315.8353344,1964.257827,2793.38302,3609.155103,LL,13
a,0,tartâja,93.03350547,0.04646931271,NA,467.7930193,1731.982948,2398.861897,3553.105482,LL,13
l,0,la,93.32709407,0.05663447487,a,328.2304505,1333.328909,2479.530085,3503.755307,LL,13
a,0,la,93.38518071,0.05953880691,s,561.9074181,1385.822815,2503.538921,3305.589593,LL,13
s,0,sûda,93.49699749,0.1640947605,uː,1348.576809,2213.357816,3085.735339,3675.992203,LL,13
uː,1,sûda,93.70992477,0.2617597916,d,266.9283776,657.122637,2567.917228,3389.9543,LL,13
d,0,sûda,93.88291748,0.08422562929,a,222.7226767,1261.173909,2963.228232,3870.977549,LL,13
a,0,sûda,93.96496486,0.07986913123,NA,520.0439641,1460.439332,2374.6321,3560.826743,LL,13
e,0,es,94.40241921,0.2657113227,NA,394.7474195,1986.962496,2500.32782,3995.109697,LL,13
s,0,es,94.76843125,0.1219819459,l,1615.665669,2458.380041,3672.494617,4300.563207,LL,13
l,0,la,94.85628729,0.05373014282,a,350.3562514,1345.472628,2391.622683,3179.983203,LL,13
a,0,la,94.92308693,0.07986913123,n,628.6514965,1491.354857,2544.756181,4001.49139,LL,13
n,0,n,94.98976784,0.05349269255,a,333.1032236,1318.702191,2461.382234,2947.635927,LL,13
a,0,arîva,95.06007917,0.08712996134,r,602.0911139,1504.999506,2397.479506,4001.419242,LL,13
r,0,arîva,95.12157627,0.03586424765,iː,377.36413,1522.074225,2335.464583,4158.481135,LL,13
iː,1,arîva,95.19251246,0.1060081196,v,354.7526738,2222.678142,2421.415878,3649.342583,LL,13
v,0,arîva,95.2803685,0.06970396907,a,322.1911903,1290.416751,2312.658107,2964.589972,LL,13
a,0,arîva,95.41759819,0.2047554091,NA,639.3699202,1493.291922,2422.686633,3870.547644,LL,13
d,0,d,95.8190521,0.0784169652,ɑu,226.1257237,1434.162486,2584.049573,3818.320138,LL,13
ɑu,1,åura,95.99879951,0.2810778528,r,650.6018395,1076.623053,2416.398799,4238.851571,LL,13
r,0,åura,96.15821659,0.03775631658,a,376.6001533,1317.407753,1722.475722,3645.866139,LL,13
a,0,åura,96.21630323,0.0784169652,NA,609.4597794,1528.189092,2224.962762,4026.673125,LL,13
e,0,ed,96.47007611,0.06825180305,d,364.0625372,2041.327783,2328.359043,3348.867229,LL,13
d,0,ed,96.61216843,0.2159328344,iː,228.3116675,1579.970684,2193.226593,3707.81704,LL,13
iː,1,dîr,96.81742997,0.194590247,r,328.8278431,2060.62186,2266.553909,3738.044339,LL,13
r,0,dîr,97.00555167,0.1816531484,ɲ,289.4318983,1583.957077,2379.708364,2889.603869,LL,13
ɲ,0,gnínta,97.1922212,0.1916859149,i,250.3788146,1699.002351,3154.974489,4397.652753,LL,13
i,1,gnínta,97.3417943,0.1074602856,n,388.4461638,2304.999884,2973.743477,3799.635894,LL,13
n,0,gnínta,97.48846307,0.1858772509,t,293.2210261,869.9558911,2353.936816,2899.349089,LL,13
t,0,gnínta,97.63501311,0.1072228354,a,249.2191222,817.9983536,2637.817327,3839.408455,LL,13
a,0,gnínta,97.73509384,0.09293862543,NA,568.2435866,1561.090692,2421.953551,3720.817499,LL,13
p,0,pò,98.188742,0.04356498067,ɔː,791.2464138,1553.757109,3161.615664,3979.440453,LL,13
ɔː,1,pò,98.3013686,0.1816882078,NA,538.0578919,933.7589129,1778.822396,3250.385809,LL,13
l,0,la,98.93484789,0.1335992741,a,309.475996,1366.176414,2653.736512,3662.945758,LL,13
a,0,la,99.0328691,0.06244313896,f,554.0241821,1347.741393,2728.879015,4237.071427,LL,13
f,0,fà,99.12290339,0.1176254478,a,879.9617464,1996.7075,3186.108672,3931.863306,LL,13
a,1,fà,99.22600718,0.08858212736,b,747.4634251,1330.753846,2510.0941,4010.600465,LL,13
b,0,båcca,99.31644638,0.0922962699,ɑ,242.0009374,1167.596457,2242.579945,4144.540733,LL,13
ɑ,1,båcca,99.40325516,0.08132129725,kː,815.4985044,1311.771589,2446.255252,3916.431037,LL,13
kː,0,båcca,99.50333586,0.1188401018,a,498.9730423,1290.215384,2239.241528,3146.992737,LL,13
a,0,båcca,99.58671665,0.04792147874,d,556.034423,1526.716535,2392.386362,4038.117456,LL,13
d,0,da,99.65061196,0.07986913123,a,318.7907258,1425.008309,2757.426993,4262.971469,LL,13
a,0,da,99.72757676,0.07406046714,r,623.0252471,1517.488261,2376.690952,4275.300307,LL,13
r,0,rédder,99.79873289,0.06825180305,e,532.9298244,1435.707036,2314.525501,4035.087344,LL,13
e,1,rédder,99.88003669,0.09435579379,dː,521.6550872,1759.248112,2424.19493,4027.538987,LL,13
dː,0,rédder,99.98021865,0.1060081196,e,277.049071,1702.869714,2587.76508,3547.65603,LL,13
e,0,rédder,100.0840485,0.1016516216,r,454.0033973,1633.719778,1690.757,2687.472714,LL,13
r,0,rédder,100.1891106,0.1084725488,NA,556.0064484,1496.078524,2187.545872,3967.122869,LL,13
e,0,e,100.6608096,0.06244313896,l,375.9590249,1947.695236,2517.322537,4277.442712,LL,13
l,0,la,100.717849,0.05163562128,a,336.1763498,1508.227441,2568.021902,3384.311843,LL,13
a,0,la,100.7727101,0.05808664089,d,563.6760002,1627.672012,2616.682956,4311.796243,LL,13
d,0,dîS,100.8348321,0.0661572815,iː,260.1436933,1739.870588,2315.770278,3903.108652,LL,13
iː,1,dîS,100.9448755,0.1539295984,z,258.2294199,2421.912817,2923.380893,3058.850834,LL,13
z,0,dîS,101.154696,0.2657113844,NA,1876.076147,2768.081237,3843.978997,4631.493342,LL,13
b,0,bä,101.6157899,0.129242776,æ,296.1060091,1244.386704,2228.824016,4059.763306,RM,13
æ,1,bä,101.8546537,0.348484786,NA,701.1094011,1620.198932,2717.720476,4102.281198,RM,13
i,0,insåmma,102.2809131,0.1016166239,n,425.2189146,2283.258446,2720.569875,3911.228973,RM,13
n,0,insåmma,102.3513432,0.03924348026,s,363.7426844,2088.254053,2933.206187,3808.558432,RM,13
s,0,insåmma,102.4776816,0.2134334076,ɑ,1715.924393,2005.213997,3645.949568,4034.077906,RM,13
ɑ,1,insåmma,102.6315937,0.09439079145,mː,697.8985899,1282.80417,2658.394393,3903.572036,RM,13
mː,0,insåmma,102.7352036,0.1128290468,a,319.4693057,1220.42474,2447.491568,2962.420113,RM,13
a,0,insåmma,102.8119485,0.04066064862,NA,530.5117766,1506.326395,2389.896235,3573.439472,RM,13
o,0,ormâi,103.3058174,0.0784169652,r,448.151616,903.4742823,2682.111818,3951.419942,RM,13
r,0,ormâi,103.3951256,0.1001994555,m,416.5314657,1398.311099,2006.853729,4049.220286,RM,13
m,0,ormâi,103.4851599,0.07986913123,aː,314.8201825,1250.629905,2587.346709,3213.158794,RM,13
aː,1,ormâi,103.5840663,0.1179436763,j,655.2299927,1743.174514,1998.803922,2854.278818,RM,13
j,0,ormâi,103.6581267,0.03017725796,t,366.3223487,2053.526521,2478.195611,3887.831589,RM,13
t,0,t,103.7307609,0.1150909616,iː,380.4341308,2160.021853,2669.719323,4210.688489,RM,13
iː,1,î,103.8275148,0.0784169652,ɲ,292.0147044,2322.939415,3012.093843,3569.472518,RM,13
ɲ,0,vgnó,103.9400577,0.1466687683,o,333.926713,1267.825779,2339.875491,3544.950563,RM,13
o,1,vgnó,104.0431615,0.05953880691,g,423.6995147,1153.712687,2801.724673,3851.403481,RM,13
g,0,grand,104.1151274,0.08439308426,r,329.9250801,1076.040356,2835.3869,3986.998347,RM,13
r,0,grand,104.2088759,0.1031037876,a,476.2524422,1547.263215,2595.924924,4094.859126,RM,13
a,1,grand,104.3446534,0.1684512586,n,795.0088045,1549.146225,2226.512991,2441.114716,RM,13
n,0,grand,104.4608267,0.06389530498,d,391.1954713,1344.577244,2344.394528,3063.629474,RM,13
d,0,grand,104.5413031,0.09705767321,NA,396.6272514,1968.800115,2682.661846,3926.950594,RM,13
e,0,e,104.8806351,0.04646931271,t,451.4522129,1713.922666,2447.808252,3275.362969,RM,13
t,0,t,104.9546956,0.1016516216,ɛː,451.3740495,2190.875822,2922.906537,3882.05622,RM,13
ɛː,1,è,105.0271851,0.04332746867,a,431.5008587,1828.471603,2477.997189,3524.577509,RM,13
a,0,al,105.0670009,0.03630415056,l,599.7405167,1812.53939,2465.334159,3532.441392,RM,13
l,0,al,105.1207311,0.07115613509,d,511.4105992,1801.298676,2345.499674,3364.393456,RM,13
d,0,dirétt,105.1976959,0.08277346327,i,261.3446288,2081.450496,2956.740788,3739.823455,RM,13
i,0,dirétt,105.2920867,0.1060081196,r,306.1500139,1917.193555,2542.139078,3206.572783,RM,13
r,0,dirétt,105.3632428,0.03630415056,e,420.1611254,1859.655447,2825.57814,4340.323776,RM,13
e,1,dirétt,105.4133425,0.06389530498,tː,494.7134999,2247.977824,2977.665489,3410.110228,RM,13
tː,0,dirétt,105.498378,0.1061755746,a,432.3796039,2102.074505,2856.060482,4817.047648,RM,13
a,0,anca,105.5870438,0.07115613509,n,731.0238907,1769.842341,2619.847551,3872.03299,RM,13
n,0,anca,105.6603782,0.07551263316,k,438.301769,956.2980212,2286.669018,3105.079507,RM,13
k,0,anca,105.737343,0.0784169652,a,474.6704361,1313.206654,2673.852848,3451.3397,RM,13
a,0,anca,105.807047,0.06099097294,t,553.8811149,1812.045864,2619.471507,3912.304075,RM,13
t,0,té,105.8914575,0.1078301932,e,694.5206272,1892.855718,2828.032047,4839.53487,RM,13
e,1,té,106.0027332,0.1147211158,d,379.4606867,2363.751901,2620.668431,3564.837235,RM,13
d,0,ed,106.0949457,0.06970396907,s,439.581029,2289.732032,2896.938659,4337.655403,RM,13
s,0,savair,106.1806235,0.1016516216,a,1149.000326,1606.654068,2763.580428,3779.85362,RM,13
a,0,savair,106.2648492,0.06679963703,v,1120.381502,1562.957865,2678.398801,3994.122244,RM,13
v,0,savair,106.3294531,0.0624081413,ai,659.3210082,1430.802909,2698.973366,3957.923458,RM,13
ai,1,savair,106.4550479,0.1887815829,r,692.8824444,1915.810757,2420.281799,3682.920251,RM,13
r,0,savair,106.5701739,0.04147045912,l,353.3638545,1677.952681,2786.241948,3730.933358,RM,13
l,0,la,106.606883,0.03194765249,a,391.8884728,1564.949292,2537.559304,3774.630507,RM,13
a,0,la,106.6460915,0.04646931271,s,656.0100253,1662.72247,2663.398215,3972.177423,RM,13
s,0,stòria,106.7179737,0.09729512349,t,818.6801034,1944.787646,3436.017163,3824.728254,RM,13
t,0,stòria,106.8042588,0.07527518288,ɔː,214.4272178,1895.286766,3679.717193,4051.394949,RM,13
ɔː,1,stòria,106.8956266,0.1074602856,r,550.2422185,1196.249316,2728.575325,3809.286503,RM,13
r,0,stòria,106.9709192,0.04312501605,j,371.7028423,1633.435151,2462.98796,3873.173377,RM,13
j,0,stòria,107.0142642,0.04356498067,a,389.8142477,1989.969541,2403.594252,3987.767566,RM,13
a,0,stòria,107.0571031,0.04211281465,d,499.3737997,1666.997839,2461.000871,4065.915362,RM,13
d,0,dla,107.1079289,0.05953880691,l,359.5662551,1518.361787,2619.897755,4237.073997,RM,13
l,0,dla,107.1631112,0.05082581078,a,388.9457677,1515.768555,2868.931123,3547.988088,RM,13
a,0,dla,107.204498,0.03194765249,f,691.3003665,1499.900771,2396.052297,3577.821684,RM,13
f,0,famajja,107.2683933,0.09584295747,a,710.8534048,1830.75343,3159.946734,3911.748627,RM,13
a,0,famajja,107.3432636,0.05389759779,m,718.90521,1288.716047,2513.71383,3751.973778,RM,13
m,0,famajja,107.4094208,0.0784169652,a,361.3385193,1202.913253,2674.480583,2837.745179,RM,13
a,1,famajja,107.5258978,0.1545368945,jː,787.9436697,1540.148714,2513.22594,3598.068985,RM,13
jː,0,famajja,107.6481834,0.09003429338,o,369.2003794,2310.686125,2711.011388,3576.236668,RM,13
o,0,oh,107.732409,0.0784169652,b,524.9474724,1104.522245,2575.209641,3745.768846,RM,13
b,0,bèla,107.8009645,0.05869399876,ɛː,395.3284116,1125.618817,2602.560572,3751.372269,RM,13
ɛː,1,bèla,107.9209531,0.1812833025,l,563.6025539,2015.181745,2458.006793,3475.683056,RM,13
l,0,bèla,108.0384599,0.05373014282,a,358.018844,1761.946061,2554.530604,3825.491624,RM,13
a,0,bèla,108.1023552,0.07406046714,NA,729.9336432,1655.006792,2211.807544,2732.765882,RM,13
m,0,mî,108.8610069,0.06389530498,iː,328.356542,1464.37051,2485.644351,3681.875694,RM,13
iː,1,mî,108.9219979,0.05808664089,s,332.9291768,2575.983789,3114.199212,3835.770097,RM,13
s,0,sòzer,109.0258278,0.1495731003,ɔː,2021.510746,3137.427004,3816.948188,4700.974525,RM,13
ɔː,1,sòzer,109.1774604,0.1536921481,θ,490.7656073,988.9360455,3065.712394,3667.496067,RM,13
θ,0,sòzer,109.3341756,0.1597382625,e,623.6249925,1667.733008,2933.839936,3822.523231,RM,13
e,0,sòzer,109.4589431,0.0897968431,r,450.7783186,1756.173462,2721.456146,2908.340594,RM,13
r,0,sòzer,109.542324,0.07696479918,NA,424.6037068,1641.300072,2896.794904,4157.03614,RM,13
l,0,l,109.9166266,0.06970396907,eː,335.6421594,1965.11809,3813.04183,3938.994181,RM,13
eː,1,êra,110.0110174,0.1190776138,r,366.3832228,2289.091886,3063.089572,3946.07529,RM,13
r,0,êra,110.0965765,0.05204052652,u,325.2947299,1634.184744,2437.893033,3769.165449,RM,13
u,0,un,110.144498,0.04380243095,n,341.8490353,1101.510523,3049.927156,3237.675855,RM,13
n,0,un,110.2112976,0.0897968431,p,339.5861601,875.6644528,2244.618578,3489.25617,RM,13
p,0,pô,110.3445582,0.1767243518,oː,356.5428889,2167.895547,3168.245592,3765.235194,RM,13
oː,1,pô,110.5374763,0.2091119072,NA,424.8467512,1129.509235,3103.496978,3695.341897,RM,13
b,0,bacc,111.065876,0.2512247219,a,229.935915,1197.79692,2876.298617,3925.650113,RM,13
a,0,bacc,111.2405408,0.09810481055,kː,1371.291318,1974.01702,2952.677635,3841.103148,RM,13
kː,0,bacc,111.4604252,0.3416639822,NA,288.9173321,1428.77171,2487.739488,3921.621124,RM,13
m,0,mo,112.2093167,0.09665276797,o,294.4528617,1126.601853,2332.981124,3025.375223,RM,13
o,0,mo,112.3258948,0.1365036061,l,499.5363722,958.8363625,2726.872077,3521.80589,RM,13
l,0,l,112.414477,0.04066064862,eː,305.531896,1640.148591,2710.197676,3566.369807,RM,13
eː,1,êra,112.5016069,0.1335992741,r,475.2072318,1954.512019,2418.746507,3514.239132,RM,13
r,0,êra,112.5814761,0.0261389884,a,517.8990672,1591.680372,2564.825084,3619.151014,RM,13
a,0,êra,112.6264932,0.06389530498,k,722.3768389,1517.051721,2167.386752,3524.582419,RM,13
k,0,acsé,112.6983579,0.07983413357,s,595.2047484,1633.32987,2151.060969,3621.410838,RM,13
s,0,acsé,112.8392005,0.2018510771,e,1327.962846,2018.456188,3465.219201,3598.071946,RM,13
e,1,acsé,112.9771563,0.07406046714,b,491.529533,1956.264857,2474.509234,3687.580514,RM,13
b,0,brèv,113.0541211,0.07986913123,r,293.0210777,1338.358798,2490.022678,3089.574335,RM,13
r,0,brèv,113.1831439,0.1781764561,ɛː,491.0059609,1290.078599,2510.661809,3408.346848,RM,13
ɛː,1,brèv,113.3688012,0.193138081,v,675.5259173,1854.617537,2483.347302,3691.129611,RM,13
v,0,brèv,113.5264449,0.1221494008,p,1450.858772,1701.939562,3267.368229,3979.524554,RM,13
p,0,puvrén,113.6525459,0.1300525865,u,186.415388,1448.276074,2502.600035,3858.852974,RM,13
u,0,puvrén,113.7676719,0.1001994555,v,467.2174404,1415.479453,2961.063227,3903.532448,RM,13
v,0,puvrén,113.8794887,0.1234341119,r,309.251538,1727.815598,2764.782709,3768.9812,RM,13
r,0,puvrén,113.9937874,0.1051633115,e,473.3733126,1498.755194,2083.916066,2804.009338,RM,13
e,1,puvrén,114.0928384,0.09293862543,n,423.8895144,2000.308983,2908.519808,3210.967202,RM,13
n,0,puvrén,114.1618163,0.04501714669,NA,356.7938794,1184.059531,2353.055598,2949.398776,RM,13
k,0,che,114.541404,0.07115613509,e,1644.413261,1977.168498,2869.596423,3761.925947,RM,13
e,0,che,114.5999967,0.04602940981,p,456.945686,2357.869238,2912.623975,3811.021003,RM,13
p,0,pr,114.6702068,0.09439079145,r,456.5635865,2319.859875,2877.736523,3688.342461,RM,13
r,0,pr,114.7522542,0.06970396907,a,437.2252854,1598.893644,2632.542866,3898.405107,RM,13
a,0,an,114.8248625,0.07551263316,n,848.5645678,1530.671744,2306.122346,3716.857079,RM,13
n,0,an,114.9343823,0.1435269859,d,393.2918877,1485.667745,2355.373094,3349.081725,RM,13
d,0,dèri,115.0475326,0.08277346327,ɛː,288.9466915,1774.587173,3078.109036,NA,RM,13
ɛː,1,dèri,115.158707,0.1395753931,r,528.7973532,2079.912603,2742.640454,3264.369133,RM,13
r,0,dèri,115.2517293,0.04646931271,i,405.2062895,2026.550629,2338.490748,3019.298949,RM,13
i,0,dèri,115.3018291,0.05373014282,b,414.280088,2461.328152,3031.244324,4805.296666,RM,13
b,0,brîSa,115.371533,0.08567779531,r,219.7438368,1282.359811,2618.374221,3054.848154,RM,13
r,0,brîSa,115.429501,0.03025803619,iː,412.4197254,1816.930502,2948.680856,3872.166647,RM,13
iː,1,brîSa,115.5012644,0.1132689497,z,347.241715,2614.661206,2936.258794,3168.215652,RM,13
z,0,brîSa,115.6087247,0.1016516216,a,315.7454918,2101.467388,3215.527778,3880.410268,RM,13
a,0,brîSa,115.690046,0.06099097294,d,485.7258742,1815.964738,2774.939133,3669.230085,RM,13
d,0,di,115.7507158,0.06034861741,i,275.5058698,1798.040133,2933.859725,NA,RM,13
i,0,di,115.8092074,0.05663447487,ʦ,341.01465,2636.802268,2729.707201,3053.748558,RM,13
ʦ,0,dspiaSîr,115.9181023,0.1611554308,p,1281.077448,1693.117311,3313.006475,4049.217831,RM,13
p,0,dspiaSîr,116.0378885,0.0784169652,j,2168.753853,3354.322621,3833.397428,4664.849199,RM,13
j,0,dspiaSîr,116.1001117,0.04602940981,a,323.8515811,2267.093705,2874.236578,3887.820983,RM,13
a,0,dspiaSîr,116.1611027,0.07595253606,z,491.7251517,1864.192351,3034.399915,3871.155958,RM,13
z,0,dspiaSîr,116.2373414,0.07652489628,iː,346.5627713,1950.156193,3436.767069,4006.787071,RM,13
iː,1,dspiaSîr,116.3692686,0.1873294169,r,321.3826076,1868.814279,3005.494545,3731.206662,RM,13
r,0,dspiaSîr,116.478181,0.03049548647,NA,495.0656681,1833.786393,2620.084285,3886.441687,RM,13
i,0,inción,116.8703146,0.09874728952,n,350.5690394,1285.853032,2924.094865,3879.671872,RM,13
n,0,inción,116.9857618,0.132147108,ʦ,321.9878928,1094.802716,2336.259204,3583.029674,RM,13
ʦ,0,inción,117.1369719,0.1702732705,o,1524.703216,2926.402372,3525.759261,4326.786738,RM,13
o,1,inción,117.2722083,0.1001994555,n,490.9252405,1332.542349,2869.329343,3384.864252,RM,13
n,0,inción,117.3615165,0.0784169652,NA,414.1269392,1274.017688,2511.105116,3315.265242,RM,13
a,0,an,117.6929803,0.09293862543,n,1083.24754,1628.286538,2569.947983,3757.619442,RM,13
n,0,an,117.8027025,0.1265058989,j,299.0813518,975.8514405,2374.890637,3617.854077,RM,13
j,0,i,117.9008075,0.06970396907,a,362.8299036,2293.429004,3352.371224,3457.443161,RM,13
a,1,à,117.9632506,0.05518230885,m,845.4325671,1718.341496,2452.767708,3900.529551,RM,13
m,0,mâi,118.0474762,0.1132689497,aː,285.3666309,1288.527813,2205.091722,2801.42527,RM,13
aː,1,mâi,118.1663084,0.1243953478,j,1222.640495,1720.210749,2723.282179,3755.163037,RM,13
j,0,mâi,118.2510402,0.04506817387,d,306.0103763,1754.170236,2744.156481,3648.985834,RM,13
d,0,détt,118.3331131,0.1190776138,e,318.7653185,1469.337184,2249.234345,NA,RM,13
e,1,détt,118.4318603,0.0784169652,tː,409.394981,1925.236076,2396.759027,3016.257025,RM,13
tː,0,détt,118.5729054,0.2036731507,ɲ,372.2433172,2382.799297,3027.959986,4164.142484,RM,13
ɲ,0,gnínta,118.719033,0.08858212736,i,272.7262351,893.5154027,2299.929647,3422.989827,RM,13
i,1,gnínta,118.8156021,0.1045559536,n,625.5280597,2750.631024,3049.431163,3546.663346,RM,13
n,0,gnínta,118.8911147,0.04646931271,t,333.8975145,788.3512017,2276.767846,3464.685987,RM,13
t,0,gnínta,119.006122,0.1835452173,a,460.1471387,1618.076394,2140.745288,2451.34643,RM,13
a,0,gnínta,119.1566061,0.1174229952,NA,934.5124488,1789.046419,2226.442791,2898.123233,RM,13
k,0,Qualla,0.2712063262,0.05033401942,w,376.5875617,834.4604366,2256.767857,3237.270803,LL,14
w,0,Qualla,0.3216907652,0.05063485849,a,647.7742063,1117.384432,2340.296852,3258.317471,LL,14
a,0,Qualla,0.3909413805,0.08786637208,l:,786.7506634,1323.849664,2614.984243,3425.669086,LL,14
lː,0,Qualla,0.4668936682,0.06403820338,a,411.7108649,1245.412262,2592.492607,3591.791406,LL,14
a,0,Qualla,0.5934808144,0.189136089,d,722.7530966,1403.518453,2528.209007,3590.833786,LL,14
d,0,däl,0.7682734295,0.1604491412,æ,258.6624753,1368.647629,2561.001537,3852.26283,LL,14
æ,1,däl,0.8829464914,0.0688969825,l,438.5805513,1746.635504,2419.783127,3611.568931,LL,14
l,0,däl,0.9492185856,0.06364720589,k,334.2898814,1486.272068,2459.948657,3501.167852,LL,14
k,0,quatôrg',1.036889459,0.1116945408,w,293.6078889,1629.347474,2192.099564,3644.564026,LL,14
w,0,quatôrg',1.113586377,0.04169929522,a,422.7226447,997.0277423,2094.812534,3368.981919,LL,14
a,0,quatôrg',1.17613532,0.08339859045,t,454.011935,1279.058004,2180.62074,3453.954937,LL,14
t,0,quatôrg',1.249853717,0.06403820338,o:,508.6695583,1307.514413,2936.384662,3613.449371,LL,14
oː,1,quatôrg',1.36973919,0.1757327442,r,472.5075117,878.9118268,2662.777334,3391.710212,LL,14
r,0,quatôrg',1.494092446,0.07297376664,dz,368.012715,1237.217389,2240.509603,3232.956515,LL,14
dz,0,quatôrg',1.610999399,0.1608401387,l,1677.678077,2142.03235,3005.597218,3856.980994,LL,14
l,0,leziɑ̊n,1.717005064,0.0511711915,e,283.5866766,1354.028505,2874.053545,3553.667983,LL,14
e,0,leziɑ̊n,1.775354391,0.06552746392,θ,396.4780076,1662.553138,2465.715499,3801.894516,LL,14
θ,0,leziɑ̊n,1.860242242,0.1042482381,j,879.3896364,1866.534471,2850.674537,3851.516186,LL,14
j,0,leziɑ̊n,1.941406942,0.0580811612,ɑ,339.8240878,2010.051127,2492.955148,3488.566134,LL,14
ɑ,1,leziɑ̊n,2.013636078,0.08637711153,\ng,618.47588,1753.59684,2203.51539,3757.968162,LL,14
ŋ,0,leziɑ̊n,2.137989334,0.1623293993,NA,532.1496198,1216.179329,2027.577498,4507.951396,LL,14
l,0,leziɑ̊n,2.611024024,0.08525325146,e,321.7113353,1918.479422,3164.963578,4375.908393,RM,14
e,0,leziɑ̊n,2.696839206,0.08637711153,θ,414.1414387,2168.934737,2666.400964,3081.569503,RM,14
θ,0,leziɑ̊n,2.810767637,0.1414797517,j,868.9791373,1813.571609,2923.732368,3670.327926,RM,14
j,0,leziɑ̊n,2.913526615,0.06403820338,ɑ,412.2516657,2313.093845,2960.935299,4409.17146,RM,14
ɑ,1,leziɑ̊n,2.993202054,0.0953126748,\ng,861.1108251,1643.906281,2265.063378,2785.191418,RM,14
ŋ,0,leziɑ̊n,3.12227949,0.1628421969,NA,444.9388103,947.7415449,2417.153058,3224.236608,RM,14
n,0,nómmer,3.587001447,0.1802731935,o,299.5708568,929.4397821,2367.496399,3256.650986,RM,14
o,1,nómmer,3.730751424,0.1072267591,m:,492.9262676,1084.829478,3214.574949,3925.03441,RM,14
mː,0,nómmer,3.856593939,0.1444582727,e,288.1316949,1211.520871,1943.74196,2846.799784,RM,14
e,0,nómmer,3.983925716,0.1102052802,r,486.0784719,1943.345729,2572.228024,2973.460294,RM,14
r,0,nómmer,4.079238391,0.08042006936,NA,429.1107114,1850.229058,2728.32664,4066.270567,RM,14
k,0,quatôrg',4.380666254,0.0580811612,w,453.653565,1214.735531,2613.536293,3829.43135,RM,14
w,0,quatôrg',4.432045742,0.04467781631,a,692.3329292,1145.55902,2827.073482,3957.258774,RM,14
a,0,quatôrg',4.47970208,0.05063485849,t,875.6246222,1749.056613,2958.788642,4715.856448,RM,14
t,0,quatôrg',4.554909737,0.09978045643,o:,526.1346998,1427.435666,1644.714591,3667.678517,RM,14
oː,1,quatôrg',4.696023058,0.1824461843,r,387.3957221,815.816423,3104.153567,3990.915022,RM,14
r,0,quatôrg',4.8397367,0.1049811006,dz,337.8496649,1513.933655,2700.467863,3864.481716,RM,14
dz,0,quatôrg',5.003994459,0.2235344171,NA,1300.349469,2593.247901,2954.02735,3784.455285,RM,14
æ,1,äl,5.722012509,0.1193844438,l,469.0567689,1926.460783,2426.694697,3425.77393,LL,14
l,0,äl,5.844253674,0.1250978857,v,286.6110339,1552.013478,2678.361938,3376.401945,LL,14
v,0,vâc,5.97015709,0.1267089464,a:,276.4648919,1093.49666,2479.476602,3426.721754,LL,14
aː,1,vâc,6.191373181,0.3157232353,k,859.5092013,1237.387234,1775.372029,3944.616532,LL,14
k,0,vâc,6.427652809,0.1568360223,NA,1291.771997,1897.053963,2719.602785,3731.95701,LL,14
e,0,e,6.79701296,0.1161623224,i,427.2209049,2081.84537,2487.544795,3968.038167,LL,14
i,0,i,6.916898433,0.1236086251,s,265.1752231,1636.624005,2369.664945,4124.895072,LL,14
s,0,sû,7.059867446,0.1623293993,u:,1780.267508,1943.198386,2839.198913,3620.493385,LL,14
uː,1,sû,7.266141798,0.2502193067,NA,302.8555943,731.0599444,2527.921122,3427.35671,LL,14
v,0,vidî,7.57666439,0.09978045643,i,234.9838622,1417.357599,2242.210025,3541.493909,LL,14
i,0,vidî,7.689103561,0.1250978857,d,292.9992735,2255.127608,2541.810432,3755.993759,LL,14
d,0,vidî,7.802287362,0.101269717,i:,258.3663278,2146.281058,2809.598372,3580.281958,LL,14
iː,1,vidî,7.955681198,0.205517955,NA,251.9164784,2341.032551,3045.800362,3675.268269,LL,14
l,0,la,10.03417303,0.07407202969,a,324.3226718,1427.649864,3337.698099,3945.183459,LL,14
a,0,la,10.10620666,0.06999524555,l,703.5363024,1435.323304,2349.301859,3998.898335,LL,14
l,0,luzî,10.17247876,0.06254894283,u,270.470704,1284.561172,2196.480133,3084.923426,LL,14
u,0,luzî,10.24992031,0.09233415371,θ,394.4777304,1175.707064,2380.98254,3322.442477,LL,14
θ,0,luzî,10.36459337,0.13701197,i:,1249.589056,2077.207564,3282.822777,4459.103088,LL,14
iː,1,luzî,10.55670798,0.2472172503,NA,257.7554312,2245.625909,2963.302682,3758.663059,LL,14
l,0,la,11.15585335,0.06411087114,a,361.5245745,1316.164524,2646.14909,3872.817098,LL,14
a,0,la,11.22588493,0.07595228773,s,569.0012647,1431.356978,1790.887821,3836.20114,LL,14
s,0,stà,11.28843387,0.04914559794,t,843.8690824,1841.587589,3289.321827,3679.830194,LL,14
t,0,stà,11.36140764,0.09680193534,a,1219.192541,1490.490393,3157.412737,3871.944927,LL,14
a,1,stà,11.45299716,0.08637711153,e,691.9234238,1467.370112,2199.432227,3939.084443,LL,14
e,0,ed,11.56022392,0.1280764068,d,595.8586036,1765.069815,2511.38005,3922.456485,LL,14
d,0,ed,11.67147398,0.0944237108,k,974.3525481,1944.564483,2998.097669,4005.762231,LL,14
k,0,cà,11.76604203,0.09471237825,a,1568.155927,1907.597117,2709.403938,3850.541059,LL,14
a,1,cà,11.92807128,0.2293461237,i,777.1066466,1485.834261,2429.191471,3884.645357,LL,14
i,0,int,12.07050293,0.05551717298,n,349.0618782,2397.439393,2643.005512,4053.091459,LL,14
n,0,int,12.14794447,0.09936592357,t,334.6802583,1482.343107,2363.083634,4174.542686,LL,14
t,0,int,12.2298538,0.06445273624,a,367.9399136,1732.4758,2506.306576,3510.793301,LL,14
a,0,al,12.28986332,0.05556630537,l,615.540991,1403.300996,2376.585064,3983.197144,LL,14
l,0,al,12.3526441,0.06999524555,b,365.4622497,1233.140779,2464.655426,3962.274083,LL,14
b,0,båurg,12.45122803,0.1271726116,ɑu,234.9584084,999.5389547,2440.144693,3813.232831,LL,14
ɑu,1,båurg,12.59895756,0.1682864414,r,692.9532927,1180.842854,2169.971672,3888.7242,LL,14
r,0,båurg,12.72405544,0.0819093299,g,417.8065233,1102.130078,1877.505507,3281.357684,LL,14
g,0,båurg,12.82085738,0.1116945408,s,1321.946717,1852.430014,2849.22154,3514.916706,LL,14
s,0,san,12.92420182,0.09499434507,a,1406.934645,2196.799647,3116.805301,3408.092292,LL,14
a,1,san,13.02398228,0.1045665678,n,588.8313449,1374.802688,2150.078924,3813.648356,LL,14
n,0,san,13.12450736,0.09648360561,p,302.2138826,1000.617812,2288.964775,4228.159592,LL,14
p,0,pîr,13.23247875,0.1194591732,i:,309.0427238,1490.17632,2480.810161,3444.401566,LL,14
iː,1,pîr,13.38140481,0.1783929355,r,257.2551811,2242.11004,2958.252943,3684.560573,LL,14
r,0,pîr,13.50708816,0.07297376664,m,349.7575796,1324.787527,2171.307403,3682.223043,LL,14
m,0,mo,13.58977845,0.09240682147,o,296.0807263,795.8642931,2304.506851,2546.774908,LL,14
o,0,mo,13.6910845,0.1102052802,i,503.4778668,925.4478719,2348.834001,3538.601384,LL,14
i,0,i,13.80501293,0.117651583,s,325.9029922,2110.611058,2375.139381,3245.275943,LL,14
s,0,sû,13.90874837,0.08981929787,u:,1379.784607,2076.972423,3175.349942,3909.829806,LL,14
uː,1,sû,13.98392735,0.06053865109,θ,312.2941898,1109.128216,2269.822729,3167.00688,LL,14
θ,0,zién,14.08519707,0.1420007828,j,1621.572085,2400.10809,3139.969909,4097.998899,LL,14
j,0,zién,14.19342897,0.07446302718,e,279.2612879,2128.467708,2512.894667,3731.533115,LL,14
e,1,zién,14.30292158,0.1445221997,ŋ:,450.4953753,2139.161472,2484.898887,3646.483841,LL,14
ŋː,0,zién,14.43332428,0.1162831905,NA,425.9518888,896.607725,2455.873549,3381.623718,LL,14
m,0,mèver,14.70265781,0.1308583983,ɛ:,223.8302124,1189.948332,2301.881522,2405.967998,LL,14
ɛː,1,mèver,14.89244027,0.2487065108,v,609.2603548,1910.470701,2409.620617,3638.979326,LL,14
v,0,mèver,15.04881262,0.06403820338,e,186.8419214,1356.840415,2312.291577,3607.264664,LL,14
e,0,mèver,15.12774343,0.09382341425,r,532.621949,1632.802479,2349.668673,3821.86389,LL,14
r,0,mèver,15.19699405,0.04467781631,e,473.2743858,1423.642587,2334.938051,3212.382023,LL,14
e,0,e,15.32581508,0.2129642577,l,533.5884133,1675.488818,3052.508967,4030.430186,LL,14
l,0,la,15.46506095,0.06552746392,a,354.8298384,1396.958037,2833.523355,3567.047341,LL,14
a,0,la,15.52686526,0.0580811612,r,617.7959914,1300.97808,2397.946845,3724.375949,LL,14
r,0,rôSa,15.57660558,0.04139948373,o:,510.4321684,1138.296298,1735.267197,3836.799737,LL,14
oː,1,rôSa,15.72058739,0.2465641342,z,449.7509033,839.1008812,2418.064104,2855.603517,LL,14
z,0,rôSa,15.91535396,0.1429690122,a,1393.557177,2454.551179,3297.982615,4008.133777,LL,14
a,0,rôSa,16.06353539,0.153393836,NA,585.6404151,1487.176366,2291.690744,3976.458928,LL,14
j,0,i,16.67576681,0.07780694874,a,349.8229374,2131.952059,3243.027636,3921.144866,LL,14
a,1,an,16.75264642,0.07595228773,n,724.9165736,1573.114487,2214.792686,3704.041732,LL,14
n,0,an,16.85466077,0.1280764068,u,377.7661079,836.3079212,2316.571353,4120.026778,LL,14
u,0,un,16.94922882,0.06105968229,n,392.6495477,646.1500646,2315.433826,3448.014576,LL,14
n,0,un,17.01326702,0.06701672447,s,338.3981568,945.3844456,2345.40352,4014.293968,LL,14
s,0,sît,17.11963912,0.1457274683,i:,1457.957594,2596.31872,3379.35524,3647.336909,LL,14
iː,1,sît,17.25803031,0.1310549278,t,339.2384335,2283.553332,2395.077562,3926.285716,LL,14
t,0,sît,17.36738093,0.08764630714,d,966.3124077,1866.879951,3087.12402,3775.185354,LL,14
d,0,da,17.45811579,0.09382341425,a,276.2411797,1313.51182,2320.449948,3857.437778,LL,14
a,0,da,17.52736641,0.04467781631,k,528.1881505,1427.863014,2366.001989,3703.738727,LL,14
k,0,cuntadén,17.59661702,0.09382341425,u,424.9597552,1375.286476,2305.873473,3855.020488,LL,14
u,0,cuntadén,17.67629246,0.06552746392,n,316.903831,894.6238559,2342.596897,3511.263545,LL,14
n,0,cuntadén,17.72916121,0.04021003468,t,312.7452244,888.4476671,2351.918705,4198.017061,LL,14
t,0,cuntadén,17.79944919,0.1003659218,a,304.2737972,791.9405556,2326.03851,3453.139363,LL,14
a,0,cuntadén,17.89058681,0.0819093299,d,556.5628797,1421.212849,2340.741669,4084.340594,LL,14
d,0,cuntadén,17.96550174,0.0679205196,e,271.8592625,1407.220312,2558.432298,3909.243469,LL,14
e,1,cuntadén,18.0691383,0.1393526102,ŋ:,390.2202449,1997.428,2438.362258,4045.834327,LL,14
ŋː,0,cuntadén,18.2086769,0.1397245769,e,434.166023,1153.557623,2352.81485,4162.226107,LL,14
e,0,e,18.35392954,0.1507807154,s,456.3852757,2007.803955,2465.772749,4112.981925,LL,14
s,0,spassi,18.50229367,0.1459475333,p,575.7594867,2078.270786,3076.726532,3885.585531,LL,14
p,0,spassi,18.58941541,0.02829595033,a,590.312905,1168.012068,2173.39108,3413.237718,LL,14
a,1,spassi,18.63483786,0.06254894283,s:,656.7843563,1375.428994,2117.590565,3515.316711,LL,14
sː,0,spassi,18.72791664,0.1236086251,i,1412.607705,2040.15254,3106.178519,3456.535902,LL,14
i,0,spassi,18.81578301,0.05212411903,v,314.4125811,1984.994344,2289.984281,2615.707076,LL,14
v,0,vôlt,18.87245195,0.06121375848,o:,298.0739607,1046.987218,2166.058529,3391.240186,LL,14
oː,1,vôlt,19.00205048,0.1979833077,l,418.0447911,810.6117969,2672.398921,3318.890996,LL,14
l,0,vôlt,19.13965635,0.0772284195,t,337.9223099,1051.771754,2248.253778,3847.049407,LL,14
t,0,vôlt,19.22145911,0.08637711153,a,304.3345928,1118.877902,2602.898764,3550.474097,LL,14
a,0,ala,19.30672516,0.0841549884,l,620.7085798,1317.024612,2214.611494,3825.820216,LL,14
l,0,ala,19.37263083,0.0476563374,a,417.4869733,1208.735154,2447.083611,3969.555446,LL,14
a,0,ala,19.42698884,0.06105968229,d,603.4963579,1282.302779,2325.046454,3967.41755,LL,14
d,0,dmanndga,19.49847334,0.0819093299,m,259.1578732,1266.876656,2801.881619,3644.830103,LL,14
m,0,dmanndga,19.57963804,0.08042006936,a,288.5560034,1163.194745,2329.941881,2782.522968,LL,14
a,1,dmanndga,19.66824904,0.09680193534,n:,730.3757395,1317.475565,2186.772546,3502.093422,LL,14
nː,0,dmanndga,19.76981149,0.106322964,d,305.6238844,1004.521099,2353.810026,4244.385055,LL,14
d,0,dmanndga,19.84829041,0.05063485849,g,244.5625564,1215.428495,2353.588426,3821.225731,LL,14
g,0,dmanndga,19.90190379,0.05659190066,a,265.8114194,1475.639256,2302.610787,3675.607149,LL,14
a,0,dmanndga,19.99945035,0.1385012306,NA,557.6919023,1774.411341,2330.85552,3965.944321,LL,14
l,0,lî,20.4658325,0.1080322895,i:,267.2119381,1797.759107,2412.165283,3819.705673,LL,14
iː,1,lî,20.66464878,0.2896002757,NA,258.214741,2390.046439,2922.420185,3948.5408,LL,14
l,0,la,21.12852785,0.06403820338,a,439.3653011,1344.042757,2508.705183,4021.784066,LL,14
a,0,la,21.20522476,0.08935563262,v,615.9464311,1297.910775,2441.556837,4027.866912,LL,14
v,0,và,21.26926297,0.03872077414,a,384.4840628,1135.159488,2400.009613,3933.724043,LL,14
a,1,và,21.38244677,0.1876468285,a,805.884438,1351.873914,2390.268168,3814.080915,LL,14
a,0,a,21.50009835,0.0476563374,s,771.8497625,1418.188561,2339.102263,4040.270301,LL,14
s,0,salutèri,21.55966877,0.0714845061,a,1340.892995,2609.827306,3162.368671,3895.573471,LL,14
a,0,salutèri,21.62594087,0.06105968229,l,546.9784319,1270.416343,2449.605952,3162.493882,LL,14
l,0,salutèri,21.6832774,0.05361337957,u,362.0226784,1064.62731,1836.126547,3568.496424,LL,14
u,0,salutèri,21.75327264,0.08637711153,t,365.9297755,951.0591349,2664.144867,3614.542976,LL,14
t,0,salutèri,21.8359266,0.07893080882,ɛ:,929.0245176,1780.950353,2792.144225,3706.475452,LL,14
ɛː,1,salutèri,21.96027986,0.169775702,r,561.3398802,1945.000923,2466.56793,3917.622588,LL,14
r,0,salutèri,22.08016533,0.06999524555,i,370.7884921,1905.427019,2371.519333,3732.79441,LL,14
i,0,salutèri,22.14792669,0.06552746392,NA,377.6224417,2200.300102,2538.76597,4153.515827,LL,14
e,0,e,22.33496245,0.07324090232,a,441.7120052,2070.513914,2505.797816,3950.552877,LL,14
a,0,a,22.39984252,0.0565192329,r,586.6129589,1772.833187,2323.234093,4120.726402,LL,14
r,0,respirèr,22.45975481,0.06330534079,e,396.8996824,1398.337191,2362.575665,3359.634459,LL,14
e,0,respirèr,22.52342658,0.06403820338,s,442.5740818,1728.726536,2301.823708,4119.520019,LL,14
s,0,respirèr,22.62320704,0.1355227095,p,472.5260764,1852.083429,3093.39279,4052.737584,LL,14
p,0,respirèr,22.7207536,0.05957042175,i,314.9941843,2004.784205,2262.807019,2931.902434,LL,14
i,0,respirèr,22.78106866,0.06105968229,r,419.2027153,1736.309542,2233.539892,4017.586912,LL,14
r,0,respirèr,22.83989445,0.05659190066,ɛ:,535.0152607,1434.975516,2230.313069,4115.572782,LL,14
ɛː,1,respirèr,22.99701143,0.2576420741,r,594.6147951,1700.092898,2393.219748,3711.256907,LL,14
r,0,respirèr,23.13923582,0.02680668979,d,237.5942784,1185.141663,2961.328988,3938.123986,LL,14
d,0,dl'âria,23.18028771,0.05529710803,l,208.891241,1528.698398,2230.993285,3380.293066,LL,14
l,0,dl'âria,23.23548759,0.05510264012,a:,417.2147495,1271.453685,2485.14819,4131.680025,LL,14
aː,1,dl'âria,23.38739216,0.2487065108,r,817.4579274,1339.389445,2292.334928,3735.422281,LL,14
r,0,dl'âria,23.53482896,0.04616707685,i,430.8316124,1614.534796,2204.319709,4139.366912,LL,14
i,0,dl'âria,23.59663327,0.07744154827,a,272.5372547,2144.953132,2523.935519,3797.093151,LL,14
a,0,dl'âria,23.66811778,0.06552746392,b,470.98832,1848.581147,2380.397889,4031.241902,LL,14
b,0,bôna,23.74038325,0.07900347658,o:,249.5027251,824.9489963,1523.20038,2335.499354,LL,14
oː,1,bôna,23.90320955,0.2466491324,n,394.682883,777.3587771,2602.171429,3234.141273,LL,14
n,0,bôna,24.0692621,0.0854559688,a,295.4851942,1013.054602,2347.536624,2867.086937,LL,14
a,0,bôna,24.17453903,0.1250978857,NA,505.9835126,1458.957351,2499.141302,4107.685347,LL,14
l,0,la,24.79468042,0.04985286351,a,359.3978536,1218.608327,2404.978929,3611.519011,LL,14
a,0,la,24.85609373,0.07297376664,t,478.8262814,1242.898321,2985.378441,3644.637994,LL,14
t,0,tôl,24.921764,0.05836677392,o:,852.3822719,1926.732073,2976.828305,3419.294934,LL,14
oː,1,tôl,24.98591634,0.069937905,l,425.9804808,900.472693,2667.60648,3190.500744,LL,14
l,0,tôl,25.0438547,0.04593880469,a,317.0095224,1098.472709,2594.824501,3329.36874,LL,14
a,0,al,25.10694867,0.08024913681,l,610.2134022,1248.230888,2700.647261,3969.781699,LL,14
l,0,al,25.18132623,0.06850598501,t,298.7829218,1299.808871,2541.254484,3998.235027,LL,14
t,0,trêno,25.26255183,0.09394521441,r,363.5571116,1341.920806,2915.507756,3796.831903,LL,14
r,0,trêno,25.33633112,0.05361337957,e:,525.6233844,1236.419479,2193.047835,3129.595709,LL,14
eː,1,trêno,25.42221057,0.1181455112,n,468.4094369,2008.743474,2352.481521,3622.283676,LL,14
n,0,trêno,25.51380009,0.06503353569,o,327.5442175,1282.48978,2335.518053,3654.409574,LL,14
o,0,trêno,25.57535744,0.0580811612,a,555.0476104,1111.134782,2438.736855,3337.940718,LL,14
a,0,ala,25.62132902,0.03386199501,l,617.2172186,1197.144694,2604.479416,3766.776754,LL,14
l,0,ala,25.66059893,0.04467781631,a,429.0080932,1157.288019,2502.34828,3786.991508,LL,14
a,0,ala,25.70378748,0.04169929522,m,626.4554468,1259.319135,2252.209556,3754.994041,LL,14
m,0,matéNna,25.75293308,0.05659190066,a,302.80374,1029.140739,2309.838164,3611.583767,LL,14
a,0,matéNna,25.82441759,0.08637711153,t,501.7653494,1369.286974,2422.473811,4045.547504,LL,14
t,0,matéNna,25.9011145,0.06701672447,e,639.3085834,1448.01355,2488.083398,3693.276045,LL,14
e,1,matéNna,25.98302383,0.09680193534,ŋ,478.082404,2041.71978,2391.87077,3968.281391,LL,14
ŋ,0,matéNna,26.07759188,0.09233415371,n,449.347809,1446.503492,2259.535419,4221.34395,LL,14
n,0,matéNna,26.15131027,0.05510264012,a,377.2862821,1435.186817,2392.929676,4309.502148,LL,14
a,0,matéNna,26.22205015,0.08637711153,NA,557.9651345,1687.842837,2444.727173,4114.853355,LL,14
e,0,e,26.62566329,0.1667971809,k,412.9651464,2209.851374,2480.891739,3426.327105,LL,14
k,0,quand,26.77007243,0.1220210998,w,460.595443,1701.458422,2776.931346,3854.100173,LL,14
w,0,quand,26.85044337,0.03872077414,a,511.3310701,1109.170228,2110.178376,3619.984884,LL,14
a,1,quand,26.92267251,0.1057374986,n,689.2427236,1482.71934,2192.3108,4016.282257,LL,14
n,0,quand,27.00984338,0.0686042498,d,270.9490354,1268.713023,2185.112549,4115.094328,LL,14
d,0,quand,27.06569065,0.04309029098,l,382.9780983,1285.403338,2377.109511,3813.703474,LL,14
l,0,l'arîva,27.10674255,0.03901350684,a,547.3549942,1457.912267,2159.454935,4178.808487,LL,14
a,0,l'arîva,27.15007747,0.0476563374,r,554.6669347,1439.145668,2262.673126,4170.193074,LL,14
r,0,l'arîva,27.19624455,0.04467781631,i:,355.6370378,1581.134331,2353.298933,4182.441116,LL,14
iː,1,l'arîva,27.30496057,0.1727542231,v,302.247698,2312.010929,2724.729871,3193.032537,LL,14
v,0,l'arîva,27.41442122,0.04616707685,a,306.7578448,1241.557,2251.979689,3361.55528,LL,14
a,0,l'arîva,27.49536585,0.1157221925,NA,618.730125,1550.614489,2344.013318,4018.139243,LL,14
l,0,la,27.76119886,0.06061955241,a,388.0945662,1372.034533,2399.353131,3661.314989,LL,14
a,0,la,27.84161893,0.1002205863,k,650.8914375,1417.78835,2425.243597,3392.888099,LL,14
k,0,córr,27.93407488,0.08469132142,o,1170.258821,1179.427604,3258.781355,3878.878206,LL,14
o,1,córr,28.03896949,0.1250978857,r:,491.7246233,949.8293425,2351.076807,3316.379553,LL,14
rː,0,córr,28.1819385,0.1608401387,s,1317.229221,1932.226732,3265.403958,4663.034937,LL,14
s,0,sóbbit,28.31835221,0.1119872735,o,1244.461709,2101.516184,3020.70777,3668.149392,LL,14
o,1,sóbbit,28.4249807,0.101269717,b:,489.6939932,1000.590786,2570.244316,3208.295518,LL,14
bː,0,sóbbit,28.52550579,0.09978045643,i,207.4339121,983.1389229,2445.933225,3737.348788,LL,14
i,0,sóbbit,28.61992747,0.08906289992,t,346.6014394,2059.666854,2580.877755,2674.099451,LL,14
t,0,sóbbit,28.73557699,0.1422361496,d,234.0951357,1407.507382,3377.863638,NA,LL,14
d,0,da,28.82084304,0.02829595033,a,450.1767631,1401.832385,2657.530459,3803.185675,LL,14
a,0,da,28.85956381,0.04914559794,l,602.0916734,1271.9106,2541.383846,3837.563102,LL,14
l,0,låur,28.90579179,0.04331035592,ɑu,445.0767173,1258.247449,2030.679171,2573.82514,LL,14
ɑu,1,låur,29.05924653,0.2635991162,r,718.2522893,1232.326851,2465.055499,3935.151009,LL,14
r,0,låur,29.21482512,0.04755807261,NA,771.2337005,1166.070282,2212.088005,3795.072933,LL,14
a,0,adío,29.76206644,0.1123526739,d,962.5881712,1648.486892,2881.080421,4511.098529,RM,14
d,0,adío,29.8700496,0.1036136403,i,388.5228278,1729.851703,2855.405977,4694.606471,RM,14
i,1,adío,30.02493269,0.2061525528,o,347.7951801,1804.372159,2854.47171,3305.747794,RM,14
o,0,adío,30.15779418,0.05957042175,θ,615.6792467,1513.065823,2319.332436,3148.418771,RM,14
θ,0,ziéNna,30.2665711,0.1579834178,i,1316.199841,2169.354757,3134.76969,4378.684024,RM,14
i,0,ziéNna,30.36715709,0.04318855577,e,335.7157191,2302.437904,2785.024962,3201.746121,RM,14
e,1,ziéNna,30.44049729,0.1034918401,ŋ,400.7655199,1579.53595,2506.271483,3229.956007,RM,14
ŋ,0,ziéNna,30.54734585,0.1102052802,n,355.9891471,1180.30852,2371.817457,3144.485864,RM,14
n,0,ziéNna,30.64415955,0.08342212582,a,344.8059746,906.8577327,2307.131525,3031.039739,RM,14
a,0,ziéNna,30.76107827,0.1504153149,k,692.7953624,1536.725511,1896.578806,2913.92343,RM,14
k,0,cum,30.87649596,0.08042006936,u,482.1086677,1288.306465,1967.765155,3600.943718,RM,14
u,0,cum,30.94053417,0.0476563374,m,685.1094718,982.4136386,2879.551597,4053.46512,RM,14
m,0,cum,30.98372272,0.03872077414,a,301.5214047,1256.008136,2473.335111,2931.34976,RM,14
a,0,andaggna,31.03467488,0.06318354064,n,991.7133303,1035.546306,1573.518413,3102.092848,RM,14
n,0,andaggna,31.13872762,0.144921938,d,335.0283606,1654.37003,1922.139839,3438.256214,RM,14
d,0,andaggna,31.23701881,0.05166045378,a,541.0107593,1762.3024,2212.226547,2987.341043,RM,14
a,0,andaggna,31.31646242,0.1072267591,ɲ,977.0205337,1553.733,2212.446127,2856.067562,RM,14
ɲ,0,andaggna,31.50703864,0.2739256753,a,346.2454867,1203.52504,2210.037012,3635.990541,RM,14
a,0,andaggna,31.71583961,0.1436762778,NA,1073.870174,1690.117201,2981.761627,4172.824008,RM,14
a,0,adío,32.08427243,0.1000240567,d,718.5433539,1446.754244,2213.116578,3604.821809,LL,14
d,0,adío,32.17598376,0.08339859045,i,405.3382596,1774.915922,2594.795181,3885.74369,LL,14
i,1,adío,32.26012698,0.08488785099,o,594.0983111,2183.781804,2928.022225,4055.333183,LL,14
o,0,adío,32.34054705,0.07595228773,l,560.505283,1342.081295,2092.373797,3799.947049,LL,14
l,0,luzî,32.40301052,0.04897466539,u,383.6853558,1394.668063,2857.966181,3976.232601,LL,14
u,0,luzî,32.45066686,0.0463380094,θ,577.9497644,1746.604778,2731.402261,3841.488534,LL,14
θ,0,luzî,32.53108693,0.1145021293,i:,1210.938261,2254.02887,3329.093083,4152.344956,LL,14
iː,1,luzî,32.73875331,0.3008306298,k,447.3172388,1148.632454,2980.485223,3999.39871,LL,14
k,0,cum,32.93907062,0.0998039918,u,313.7012259,1296.301874,2488.762167,3771.93698,LL,14
u,0,cum,33.02580137,0.07365749683,m,528.2203231,890.8121647,2268.738134,4208.700445,LL,14
m,0,cum,33.10135089,0.07744154827,s,510.2812445,608.2642851,1990.405397,2502.381507,LL,14
s,0,stèt,33.18157546,0.08300759296,t,1514.278577,2396.286556,3177.242716,3804.682742,LL,14
t,0,stèt,33.25904157,0.07192463598,ɛ:,1079.595815,2327.449016,3277.139731,3971.053716,LL,14
ɛː,1,stèt,33.44519914,0.3003904999,t,766.1147827,1381.950031,2350.06236,3937.213171,LL,14
t,0,stèt,33.68028224,0.169775702,NA,935.8037866,2149.760267,2688.183389,3925.733088,LL,14
e,0,e,33.9913903,0.0727537017,dz,452.4911859,1969.928149,2216.95016,3789.008079,LL,14
dz,0,gíssto,34.07244497,0.08935563262,i,276.6484572,2162.578782,3279.425,3924.773713,LL,14
i,1,gíssto,34.16488915,0.09553273974,s:,374.8837745,1309.551127,2875.162872,3918.500087,LL,14
sː,0,gíssto,34.29817797,0.1710448976,t,1190.597082,2209.38058,3491.509735,4052.521347,LL,14
t,0,gíssto,34.39933765,0.03127447142,o,664.5729589,1660.255824,2826.383804,4065.886107,LL,14
o,0,gíssto,34.50656441,0.1831790469,NA,646.4979665,1294.141608,2413.845848,3654.905107,LL,14
a,0,al,34.96481653,0.1950931312,l,878.2077533,1470.917961,2926.050476,3202.598713,RM,14
l,0,al,35.0943822,0.06403820338,p,438.5064768,1600.428545,2993.841779,4263.57181,RM,14
p,0,papà,35.18577622,0.118749846,a,515.1079726,1471.572283,2948.425266,4621.147148,RM,14
a,0,papà,35.28312729,0.07595228773,p,744.863091,1265.814165,2568.523248,3921.903289,RM,14
p,0,papà,35.36727051,0.09233415371,a,722.3564084,1173.189168,2772.366028,4033.119119,RM,14
a,1,papà,35.43503187,0.04318855577,a,867.6573977,1335.52331,2576.881869,3751.619676,RM,14
a,0,al,35.48630132,0.05935035681,l,956.0279622,1452.697371,2185.076931,3310.896349,RM,14
l,0,al,35.54278319,0.05361337957,s,599.5707446,1633.918773,3077.567257,4536.697026,RM,14
s,0,stà,35.60265914,0.06613852635,t,857.9250591,2156.834606,3336.216455,4658.47439,RM,14
t,0,stà,35.68373838,0.09601994036,a,475.6380724,1889.143945,2888.512031,3644.350507,RM,14
a,1,stà,35.75472185,0.04594701191,b,829.4230984,1431.820393,2544.964948,3709.0208,RM,14
b,0,bän,35.81194835,0.06850598501,æ,478.9233255,1271.682596,2569.926664,4154.989401,RM,14
æ,1,bän,35.93928013,0.186157568,ŋ,1016.562648,1533.537149,2427.12954,2788.288543,RM,14
ŋ,0,bän,36.11724595,0.1697740789,l,416.8008332,918.7118191,2210.791149,3201.862419,RM,14
l,0,ló,36.24681081,0.08935563262,o,344.2423119,1720.415971,2231.218823,3984.401243,RM,14
o,1,ló,36.36574438,0.1485115215,NA,494.6470341,1020.991417,2695.792743,3334.614791,RM,14
e,0,e,36.90304911,0.1146239295,k,386.2971872,1988.4884,2474.434999,3553.668949,RM,14
k,0,que,37.01248519,0.1042482381,w,371.4168687,1747.693361,2666.890458,3830.554368,RM,14
w,0,que,37.10446122,0.07970381238,e,361.5978042,1030.057332,2742.11621,3759.450575,RM,14
e,1,que,37.22082186,0.1530174722,NA,426.6155341,2116.277607,2879.545513,3361.315152,RM,14
k,0,cum,37.73673028,0.05822826808,u,1008.266193,1240.135491,1864.759545,3473.731202,RM,14
u,0,cum,37.79495855,0.05822826808,m,331.6359273,965.9699263,3114.199322,3287.144571,RM,14
m,0,cum,37.84914319,0.05014100863,v,423.9297784,1075.752699,2860.226986,3423.097193,RM,14
v,0,vèla,37.91720388,0.08598038337,ɛ:,265.1048051,1341.27617,2423.437119,3417.26336,RM,14
ɛː,1,vèla,38.00624484,0.09210153217,l,699.3783743,1963.661474,2550.558123,3151.903016,RM,14
l,0,vèla,38.089497,0.07440278699,a,355.6625984,1774.061804,2505.017844,3728.609324,RM,14
a,0,vèla,38.1581576,0.06291841625,l,798.8795452,1736.851794,2461.309951,2949.362554,RM,14
l,0,la,38.217372,0.05551038764,a,398.894507,1512.725824,2173.394289,3930.31041,RM,14
a,0,la,38.28533723,0.08042006936,v,682.4127529,1627.044307,2868.432108,2954.026859,RM,14
v,0,vétta,38.35533248,0.05957042175,e,316.9764719,1625.69002,2549.139735,3839.069165,RM,14
e,1,vétta,38.42532772,0.08042006936,t:,460.6316751,2172.822539,2754.408036,3067.469064,RM,14
tː,0,vétta,38.56904137,0.2070072156,a,429.4835316,1351.004434,2726.97393,3998.454989,RM,14
a,0,vétta,38.74179559,0.1385012306,NA,952.696458,1557.631401,1902.746779,2968.295036,RM,14
l,0,la,39.43651004,0.04169929522,a,509.8191981,1075.157484,2337.54681,3576.683352,LL,14
a,0,la,39.47597544,0.03723151359,v,579.2065033,1171.926652,2125.988923,3593.977088,LL,14
v,0,và,39.51767474,0.04616707685,a,274.6069047,978.7509423,2098.998596,3517.782216,LL,14
a,1,và,39.57352201,0.06552746392,b,616.3227275,1193.002726,2239.678478,3523.724887,LL,14
b,0,benéssum,39.63756021,0.06254894283,e,293.9964988,1054.248882,2197.395389,3710.380607,LL,14
e,0,benéssum,39.68642484,0.03518032301,n,455.9883498,1500.662469,2159.96506,2778.4011,LL,14
n,0,benéssum,39.73528947,0.06254894283,e,470.9848185,1500.919842,2335.207414,4305.358379,LL,14
e,1,benéssum,39.82017733,0.1072267591,s:,669.7140458,1510.986837,1869.349217,2867.176437,LL,14
sː,0,benéssum,39.96931065,0.1910398825,u,1542.383918,3007.266714,3253.082708,4341.264711,LL,14
u,0,benéssum,40.13705972,0.1444582727,m,472.3628485,1135.363609,2175.916683,4129.757596,LL,14
m,0,benéssum,40.25627427,0.09397081143,NA,311.514208,858.1582398,2306.187075,4237.685036,LL,14
æ,1,äl,40.83948967,0.06440360385,l,558.1842956,1694.912468,2280.822153,4114.087529,LL,14
l,0,äl,40.91190151,0.08042006936,k,395.6076333,1472.398569,2527.954747,3631.009549,LL,14
k,0,cavâli,41.00661592,0.1090087524,a,356.3090568,1709.067353,2628.009783,4202.9577,LL,14
a,0,cavâli,41.09686255,0.0714845061,v,649.2027429,1382.269321,2059.367899,3661.498412,LL,14
v,0,cavâli,41.1646239,0.06403820338,a:,351.0511226,988.2882123,2228.539445,3554.065055,LL,14
aː,1,cavâli,41.35330809,0.3133301796,l,788.1420643,1349.279776,2690.461071,3766.432705,LL,14
l,0,cavâli,41.54273692,0.06552746392,i,372.7766844,1682.616943,2275.08631,3640.774625,LL,14
i,0,cavâli,41.6673957,0.1837901093,NA,349.9288499,1749.723585,2339.300488,4094.523977,LL,14
æ,1,äl,41.99731501,0.1228266301,l,468.4718072,1547.827796,2048.375064,2997.393609,LL,14
l,0,äl,42.11978801,0.1221193646,i,366.669744,1860.707699,2058.435764,4155.062478,LL,14
i,0,äl,42.2106329,0.05957042175,a,409.1044426,2061.240117,2888.496894,3232.692435,LL,14
a,1,an,42.26845767,0.05607910301,ŋ,610.1765035,1701.4809,2240.670348,3261.653136,LL,14
ŋ,0,an,42.34862134,0.1042482381,f,574.9850347,1331.010315,2105.641181,4505.511424,LL,14
f,0,fât,42.46106051,0.120630104,a:,502.5611289,1172.83285,2443.256741,3614.016199,LL,14
aː,1,fât,42.61147582,0.1802005258,t,750.300631,1355.499484,2398.186828,3454.045439,LL,14
t,0,fât,42.71944721,0.03574225305,i,782.5780315,1562.341782,2652.740316,3740.656874,LL,14
i,0,i,42.79892715,0.1232176276,p,319.3182999,1894.816264,2220.343257,3910.911202,LL,14
p,0,pulidrén,42.88350947,0.04594701191,u,359.6368589,526.4963308,1853.254079,3076.419978,LL,14
u,0,pulidrén,42.93254504,0.05212411903,l,315.9019749,865.4794365,2378.526406,3831.008984,LL,14
l,0,pulidrén,42.97945675,0.04169929522,i,292.1113926,1452.421008,2450.797785,3708.587951,LL,14
i,0,pulidrén,43.03828254,0.07595228773,d,275.3732449,2107.011296,2415.188652,3942.412676,LL,14
d,0,pulidrén,43.11572409,0.07893080882,r,275.8682936,1316.775268,2290.59853,4060.607477,LL,14
r,0,pulidrén,43.18646396,0.06254894283,e,499.0980033,1537.608801,2245.212552,4029.904138,LL,14
e,1,pulidrén,43.30679946,0.1781220559,ŋ,531.749421,1730.683493,2199.735964,4095.157151,LL,14
ŋ,0,pulidrén,43.43427547,0.07682996514,æ,406.0213986,681.9185025,2298.231151,2758.027699,LL,14
æ,1,äl,43.53658442,0.1277879387,l,522.2312302,1662.888326,2117.165885,3269.654481,LL,14
l,0,äl,43.64962399,0.09829119588,v,345.4610885,1472.530259,1814.674995,3286.846531,LL,14
v,0,vâc,43.74354464,0.08955010054,a:,339.9909908,1118.088535,2385.418924,3743.141931,LL,14
aː,1,vâc,43.90746053,0.238281687,k,840.6608141,1379.033218,2207.922172,3702.505912,LL,14
k,0,vâc,44.08927212,0.125341486,i,567.8003204,1365.508143,2248.447869,3770.693272,LL,14
i,0,i,44.19155463,0.07922354152,v,326.9058193,2307.841473,2599.085481,3640.409776,LL,14
v,0,vidî,44.26679862,0.07126444116,i,228.1548017,1356.578771,2394.123271,3554.629237,LL,14
i,0,vidî,44.34194538,0.0790290736,d,287.107137,2380.836887,2738.625784,4057.052927,LL,14
d,0,vidî,44.42162082,0.08032180457,i:,228.4648716,1545.203788,2431.065403,4008.247426,LL,14
iː,1,vidî,44.58613498,0.2487065108,NA,317.0741333,2535.135732,2717.575382,4177.966713,LL,14
e,0,e,44.94903809,0.1114253434,æ,427.8130525,2207.704316,2767.328743,4111.701105,LL,14
æ,1,äl,45.05951153,0.10952155,l,414.8516956,2184.552291,2753.230956,3217.903975,LL,14
l,0,äl,45.16301514,0.09748566553,NA,307.7406952,1617.868936,2566.401793,2698.524281,LL,14
p,0,pîguer,45.4172268,0.07768514858,i:,312.3786926,2227.80533,2566.514941,3751.423544,LL,14
iː,1,pîguer,45.55212668,0.1921146101,g,345.6497299,2414.501387,3058.050506,3505.164449,LL,14
g,0,pîguer,45.67333048,0.05029299339,w,277.7480245,1331.54474,2205.492426,3558.580556,LL,14
w,0,pîguer,45.72304977,0.04914559794,e,397.6932383,1269.79895,2260.789969,3428.932967,LL,14
e,0,pîguer,45.77596766,0.05669016545,r,451.5637281,1662.606471,2305.828842,4198.27359,LL,14
r,0,pîguer,45.83479345,0.06096141751,i,362.7239752,1354.602953,2329.944924,3857.291534,LL,14
i,0,i,45.9107575,0.09096669332,a,336.2495475,2287.525498,2831.943851,4017.670292,LL,14
a,0,agnî,46.01072066,0.10895962,ɲ,472.7406237,1967.727078,2434.141719,4055.897785,LL,14
ɲ,0,agnî,46.14636517,0.1623293993,i:,465.8896661,2446.241886,3229.949192,4056.456695,LL,14
iː,1,agnî,46.33016705,0.2052743547,NA,347.131494,2446.622797,2600.29708,4222.328726,LL,14
s,0,s'andän,47.13474491,0.1087160197,a,1598.478821,2573.121566,3382.422491,4161.034692,LL,14
a,0,s'andän,47.24197167,0.1057374986,n,790.8491271,1495.13758,2569.322016,4224.097096,LL,14
n,0,s'andän,47.38121753,0.1727542231,d,348.9377192,1376.982444,2409.071647,4262.810221,LL,14
d,0,s'andän,47.48472114,0.0342529925,æ,573.9482888,1507.930986,2362.532631,3811.712038,LL,14
æ,1,s'andän,47.54429156,0.08488785099,n,807.8053686,1632.414937,2690.002795,4016.133314,LL,14
n,0,s'andän,47.63513645,0.09680193534,d,580.8168065,1360.964126,2380.384577,4243.934093,LL,14
d,0,d,47.72301459,0.07895434419,l,257.6674069,1180.187554,2300.720678,3893.087901,LL,14
l,0,lóng,47.78855382,0.05212411903,o,340.9086377,1217.483981,2317.517518,3991.732147,LL,14
o,1,lóng,47.85482592,0.08042006936,n,562.3197902,1095.890746,2387.533405,3772.506638,LL,14
n,0,lóng,47.93375672,0.07744154827,g,395.6959191,794.0925628,2390.518354,4036.123264,LL,14
g,0,lóng,47.99630567,0.0476563374,a,321.1622901,1429.530695,2206.722066,3982.224243,LL,14
a,0,acsé,48.0539595,0.06765132227,k,580.3371108,1513.010559,2049.219741,3843.918462,LL,14
k,0,acsé,48.12054889,0.06552746392,s,346.4574152,1514.835466,1942.435123,4049.752721,LL,14
s,0,acsé,48.2314988,0.1563723571,e,1529.759823,2095.818915,3191.898759,3647.118829,LL,14
e,1,acsé,48.46946319,0.3195564191,NA,469.1023738,2037.346456,2406.761223,4015.472594,LL,14
a,0,andän,48.89253395,0.09304141927,n,686.374643,1650.265107,2341.941165,2905.160395,LL,14
n,0,andän,48.9780564,0.07800347831,d,565.1332488,1544.942291,2348.950034,4167.502711,LL,14
d,0,andän,49.07216078,0.1102052802,æ,300.5962011,1371.733413,2311.575248,3519.942955,LL,14
æ,1,andän,49.16821809,0.0819093299,n,699.3299662,1544.979695,2191.906148,3885.437349,LL,14
n,0,andän,49.25878201,0.09921852639,f,560.6261777,1094.21269,2139.675869,3746.33983,LL,14
f,0,fòra,49.36200466,0.1072267591,ɔ:,1117.596501,1407.046959,2503.02908,3722.368122,LL,14
ɔː,1,fòra,49.49752737,0.1638186598,r,574.7904231,948.7458529,2111.38767,3572.545288,LL,14
r,0,fòra,49.60400949,0.04914559794,a,519.1225739,1300.333957,1979.687473,3646.771544,LL,14
a,0,fòra,49.65492532,0.05268604907,d,484.9092408,1360.10122,2188.717886,3945.06856,LL,14
d,0,d'in,49.7152158,0.06789492258,i,274.253799,1568.585987,2557.938447,3939.576011,LL,14
i,0,d'in,49.78297716,0.0676277869,n,355.2932694,2183.88286,3016.190356,4032.984639,LL,14
n,0,d'in,49.86637575,0.099169394,k,434.0811943,2291.521652,3134.629217,4696.460996,LL,14
k,0,cà,49.96365312,0.09538534256,a,1307.954107,2149.46772,2798.424978,3610.967494,LL,14
a,1,cà,50.13272052,0.2427494686,m,730.0284316,1523.896534,2191.738111,3690.869591,LL,14
m,0,mé,50.32334587,0.1385012306,e,293.8695491,1270.483815,2405.274019,2777.647009,LL,14
e,1,mé,50.48716453,0.189136089,NA,572.4399864,2036.907226,2613.813989,4057.712447,LL,14
e,0,e,50.79230378,0.08042006936,t,523.5477376,1979.983799,2295.648207,3906.982965,LL,14
t,0,tô,50.87639787,0.08776810729,o:,526.3190671,2087.681896,2223.267706,4086.352385,LL,14
oː,1,tô,50.95779692,0.0750299886,θ,565.6782179,1229.05379,2062.960761,3669.068015,LL,14
θ,0,zío!,51.04219654,0.09376925049,i,1680.730283,2485.481989,3748.137174,4552.749159,LL,14
i,1,zío!,51.17843679,0.1787112652,o,329.66723,2274.799883,2762.207858,4006.572422,LL,14
o,0,zío!,51.37501918,0.2144535183,e,405.5733819,1055.345939,2397.668341,3861.772284,LL,14
e,0,e,51.51576607,0.06704025984,i,479.6462488,2505.478347,2972.873581,3658.007935,RM,14
i,0,i,51.57758215,0.05659190066,p,307.2633803,2550.720271,2943.382184,3613.064724,RM,14
p,0,pipién?,51.66543676,0.1191173081,i,286.9105496,2538.216273,2668.177974,4029.851612,RM,14
i,0,pipién?,51.76404525,0.07809968144,p,301.6371301,2075.880371,2574.188932,3872.836142,RM,14
p,0,pipién?,51.87277304,0.1393558933,j,276.2539288,2363.363098,2601.936169,4086.505336,RM,14
j,0,pipién?,51.99234122,0.09978045643,e,310.8548827,2445.958957,3295.815607,3991.843985,RM,14
e,1,pipién?,52.10364829,0.1228337026,ŋ:,455.989291,2026.167995,3124.132581,3650.400707,RM,14
ŋː,0,pipién?,52.23227383,0.134417374,NA,322.6448765,1063.281508,2268.69156,3124.943703,RM,14
i,0,i,53.06435138,0.1055174337,k,343.7603369,1983.170637,2813.101496,3624.621169,RM,14
k,0,cunén?,53.18273479,0.1312493958,u,322.4048941,2228.337936,2872.811395,4176.466234,RM,14
u,0,cunén?,53.30420676,0.1116945408,n,365.7095834,1119.103322,2800.530008,3793.301282,RM,14
n,0,cunén?,53.40175333,0.08339859045,e,315.955512,1286.113285,2329.339579,3339.985642,RM,14
e,1,cunén?,53.47621635,0.06552746392,ŋ:,486.3857004,1953.68591,2459.434492,3324.993117,RM,14
ŋː,0,cunén?,53.62961019,0.2412602081,NA,368.6491369,1252.962349,2890.250571,3443.852272,RM,14
e,0,e,54.24535749,0.0959472726,l,465.5641846,2263.798264,2578.0142,3293.562075,RM,14
l,0,la,54.31567004,0.04467781631,a,557.9891897,1794.240821,3060.147401,4563.343522,RM,14
a,0,la,54.36481564,0.05361337957,m,629.6591928,1747.442,2285.953982,3062.551149,RM,14
m,0,mî,54.42029647,0.05734829862,i:,302.2839324,1576.330624,2405.986722,3624.048244,RM,14
iː,1,mî,54.49439307,0.09084489316,g,320.5028428,1557.074261,2757.974869,2932.447245,RM,14
g,0,galéNna,54.56401012,0.04838919998,a,310.6936003,1868.838354,2402.259779,3400.701134,RM,14
a,0,galéNna,54.62011379,0.06381813844,l,602.5939385,1699.371758,2662.239473,2922.013206,RM,14
l,0,galéNna,54.67585102,0.0476563374,e,424.5501653,1763.905278,3168.881533,4072.040721,RM,14
e,1,galéNna,54.72723051,0.05510264012,ŋ,532.6346477,2070.70649,3074.248502,4057.050391,RM,14
ŋ,0,galéNna,54.79811675,0.08666984424,n,354.8241672,2047.089132,2575.728074,3282.882875,RM,14
n,0,galéNna,54.88091708,0.07893080882,a,320.4048424,1373.09763,2483.54856,3336.855307,RM,14
a,0,galéNna,54.94480892,0.04885286524,p,770.1953006,1719.015289,1955.71364,3183.896338,RM,14
p,0,preferé,55.01257027,0.08666984424,r,480.1666858,1348.077,1809.664918,3167.125956,RM,14
r,0,preferé,55.07289709,0.03398379517,e,498.3384429,1762.810383,2838.730272,3542.930421,RM,14
e,0,preferé,55.12041883,0.06105968229,f,507.7624112,1895.224635,3051.512155,4302.644808,RM,14
f,0,preferé,55.20618591,0.1104744776,e,735.0135814,1686.003246,3181.400583,3240.526433,RM,14
e,0,preferé,55.30982412,0.09680193534,r,418.0508053,1871.482522,3083.761759,3752.056556,RM,14
r,0,preferé,55.38564181,0.05483344278,e,435.0090667,1901.418926,2878.485893,4018.330764,RM,14
e,1,preferé,55.49645712,0.1667971809,NA,438.1383648,2418.013673,2882.313293,3138.42825,RM,14
l,0,la,55.88161367,0.0730955668,a,407.5931781,1789.401301,3655.699225,4599.907492,RM,14
a,0,la,55.95018055,0.06403820338,k,1045.178458,1687.797922,3052.959232,4449.898812,RM,14
k,0,còca?,56.03942615,0.1144529969,ɔ:,784.0433667,1730.987585,3054.591052,4107.401491,RM,14
ɔː,1,còca?,56.21590353,0.2385017519,k,753.615274,1006.067004,3038.235964,3785.471712,RM,14
k,0,còca?,56.41025203,0.15019525,a,609.8634476,842.3725505,2309.592763,3555.629284,RM,14
a,0,còca?,56.51364561,0.05659190066,o,983.5153168,1720.440264,2641.221523,4251.916263,RM,14
o,0,odío,56.58514188,0.0864006469,d,509.7386667,1152.012788,2533.782299,3945.59289,LL,14
d,0,odío,56.67302002,0.08935563262,i,259.2689096,1133.530597,1925.329394,3848.184111,LL,14
i,1,odío,56.84188016,0.2483646457,o,302.8012925,2324.83236,2670.570694,3666.639181,LL,14
o,0,odío,57.09058667,0.2490483759,NA,461.1018742,1017.701904,2237.460991,3952.612641,LL,14
i,0,i,57.83193186,0.08374045554,p,293.9283919,2318.307947,2792.801647,3882.454649,LL,14
p,0,pipién,57.92890473,0.1102052802,i,286.9579253,2202.736556,3324.990303,3587.730656,LL,14
i,0,pipién,58.02570666,0.08339859045,p,319.7888216,2270.374512,2680.077398,3877.721333,LL,14
p,0,pipién,58.11208377,0.08935563262,j,310.8215067,2303.866274,2889.913188,3878.35202,LL,14
j,0,pipién,58.19622699,0.07893080882,e,297.7726603,2254.156938,2604.005816,3914.248447,LL,14
e,1,pipién,58.32355877,0.1757327442,ŋ:,578.6658883,2078.609161,3157.083165,4204.201309,LL,14
ŋː,0,pipién,58.47595391,0.1290575416,i,384.7014441,878.0159449,2341.730174,4576.509524,LL,14
i,0,i,58.60070076,0.1204361616,k,366.0735249,2100.821382,2396.453688,3887.396123,LL,14
k,0,cràssen,58.71795901,0.1140803375,r,1322.372078,2057.939234,2684.268678,3624.795602,LL,14
r,0,cràssen,58.81386632,0.07773428098,a,506.5622796,1357.415593,1806.980108,3787.489051,LL,14
a,1,cràssen,58.94357836,0.1816897863,s:,760.4928404,1493.453618,2295.352,3435.870404,LL,14
sː,0,cràssen,59.14916898,0.2294914593,e,1373.070183,2197.067272,2895.396528,3605.0667,LL,14
e,0,cràssen,59.33390995,0.1399904911,n,419.5968636,1713.548336,2450.418838,4014.758696,LL,14
n,0,cràssen,59.46868803,0.1295656673,NA,264.6790825,1375.281761,2408.673276,4572.388335,LL,14
i,0,i,60.0189698,0.1757327442,k,340.3267497,2147.37148,2274.034307,3960.273637,LL,14
k,0,cunén,60.1585084,0.1033444429,u,277.863013,1346.387377,2425.383789,3726.553995,LL,14
u,0,cunén,60.28166513,0.1429690122,n,397.2238111,796.8463286,2140.981217,3697.955282,LL,14
n,0,cunén,60.39261504,0.07893080882,e,438.7711726,1946.848876,2224.069175,4036.496856,LL,14
e,1,cunén,60.52151077,0.1788606566,ŋ:,562.1242061,1102.036719,2218.37131,3917.577982,LL,14
ŋː,0,cunén,60.69054184,0.1592014868,NA,381.5891065,1012.149471,2365.901487,3652.803926,LL,14
i,0,i,61.01064536,0.1563467601,z,334.4383189,2335.618108,2610.487858,4066.255476,LL,14
z,0,Sbròzen,61.13785431,0.09807113094,b,265.0961689,1941.039201,2738.955199,3512.826901,LL,14
b,0,Sbròzen,61.23465624,0.09553273974,r,290.6017996,830.8818909,2576.002892,3817.755794,LL,14
r,0,Sbròzen,61.327625,0.09040476328,ɔ:,368.9447644,1114.335122,1534.435873,3072.808641,LL,14
ɔː,1,Sbròzen,61.49729067,0.2489265757,θ,528.7710818,1062.601864,2015.87508,3677.707128,LL,14
θ,0,Sbròzen,61.67891955,0.1143311968,e,640.5450838,1562.769281,2808.94505,3611.781282,LL,14
e,0,Sbròzen,61.7815076,0.09084489316,n,433.9978236,1628.948414,2424.089786,3907.07019,LL,14
n,0,Sbròzen,61.89915918,0.1444582727,t,345.5406415,1364.65779,2312.468248,2452.634574,LL,14
t,0,tant,62.02650272,0.1102288156,a,344.9968001,1789.952532,2759.783703,4035.4985,LL,14
a,0,tant,62.12182717,0.08042006936,n,652.2098418,1623.82369,1662.063235,2593.993155,LL,14
n,0,tant,62.23045772,0.1368410375,t,541.243186,1674.821579,2549.099571,4150.077933,LL,14
t,0,tant,62.3475356,0.09731473298,e,458.4055248,1413.476367,2779.798019,4019.103955,LL,14
e,0,ed,62.43044596,0.06850598501,d,404.0232127,1816.658189,2337.823898,3404.747227,LL,14
d,0,ed,62.50175954,0.07412116209,k,310.9409077,1913.579232,2642.433576,3944.043738,LL,14
k,0,chi,62.57754089,0.07744154827,i,387.9226613,1833.017632,2767.618996,3783.61894,LL,14
i,0,chi,62.65487241,0.07722148333,f,294.2911435,2262.498408,2631.538419,4042.35342,LL,14
f,0,fiû,62.75230894,0.117651583,i,1616.721474,2364.31881,3365.742714,4370.747442,LL,14
i,0,fiû,62.85857469,0.09487990792,u:,318.8761825,2070.886718,2495.830863,4013.348377,LL,14
uː,1,fiû,62.96468303,0.117336773,k,430.6816138,809.1486076,2214.477605,3942.675135,LL,14
k,0,ch'ai,63.06909852,0.09149420525,ai,367.1242509,786.880718,2237.844477,3459.583536,LL,14
ai,0,ch'ai,63.16548048,0.101269717,ɔ:,489.0896215,1625.747575,2340.131811,4130.424898,LL,14
ɔː,1,ò,63.25111296,0.06999524555,p,416.8668714,1385.294754,2281.182273,3934.906627,LL,14
p,0,pêrs,63.33927278,0.1063243983,e:,528.5219122,1390.616459,2587.032952,4277.256698,LL,14
eː,1,pêrs,63.43228967,0.07970937139,r,447.1036311,1653.557682,2296.820123,4371.125088,LL,14
r,0,pêrs,63.49583892,0.0473891382,s,424.8892831,1376.360298,2243.281954,3506.679533,LL,14
s,0,pêrs,63.57165761,0.1042482381,a,1609.539449,2415.186473,3272.313743,4025.9678,LL,14
a,0,al,63.68135009,0.1151367271,l,606.3348693,1262.907492,1972.353642,3601.881431,LL,14
l,0,al,63.77540534,0.07297376664,NA,447.0344434,1204.84381,2222.924476,3931.827266,LL,14
k,0,kånt,63.92347673,0.06232887789,ɑ,702.4412419,1632.393408,2717.647333,4034.593864,LL,14
ɑ,1,kånt,64.00155288,0.09382341425,n,689.0391754,1666.914662,2268.169064,3372.363622,LL,14
n,0,kånt,64.1506862,0.2044432273,t,426.8006534,1432.737174,2276.710812,4065.126781,LL,14
t,0,kånt,64.31843527,0.1310549278,NA,313.2629712,1406.040527,2384.364803,3794.737062,LL,14
e,0,e,64.89492444,0.1250978857,l,473.9774176,1889.942416,2645.463202,3699.523685,LL,14
l,0,la,64.97608914,0.03723151359,a,410.2313883,1149.980561,2334.583309,4005.709262,LL,14
a,0,la,65.07214644,0.1548830965,k,567.42058,1638.487326,2391.410032,3810.653027,LL,14
k,0,còca,65.17416079,0.04914559794,ɔ:,974.9780559,1302.885836,2249.00385,3829.216671,LL,14
ɔː,1,còca,65.3105136,0.2235600141,k,525.0843245,1036.497223,2285.02151,3698.334306,LL,14
k,0,còca,65.4714392,0.09829119588,a,549.5394421,999.3258029,2333.643291,3996.673133,LL,14
a,0,còca,65.5540077,0.06684579192,p,502.6648325,1320.731302,2048.138669,3890.495744,LL,14
p,0,puvréNna,65.64850204,0.1221429,u,485.2887955,1356.28558,2678.320246,3942.241063,LL,14
u,0,puvréNna,65.74895343,0.07875987627,v,339.4788341,741.9996392,2156.433231,3584.107473,LL,14
v,0,puvréNna,65.82928803,0.0819093299,r,278.7183333,1225.988223,2566.623983,3895.89611,LL,14
r,0,puvréNna,65.92621177,0.1119381411,e,411.4056,1260.802375,1609.907756,3403.615693,LL,14
e,1,puvréNna,66.07522329,0.1860849002,ŋ,474.0669985,1706.658327,2140.639992,3896.408728,LL,14
ŋ,0,puvréNna,66.2308569,0.1251823143,n,414.2415083,1894.533454,2263.891835,4099.956366,LL,14
n,0,puvréNna,66.35366614,0.1204361616,a,341.5436538,1331.306772,2402.901919,4425.576051,LL,14
a,0,puvréNna,66.5810413,0.3343141726,NA,622.3719732,1436.138933,2401.605237,3876.574969,LL,14
i,0,insåmma,66.87777828,0.08473500363,n,497.8057611,1683.958796,2335.835692,4164.281688,LL,14
n,0,insåmma,66.98567325,0.1310549278,s,511.9418589,1851.371471,2267.285599,4515.803069,LL,14
s,0,insåmma,67.13763872,0.1728760232,ɑ,1555.251894,2403.95334,2832.986071,3732.796057,LL,14
ɑ,1,insåmma,67.32081777,0.1934820705,m:,742.7460208,1341.862938,1862.945871,3620.790084,LL,14
mː,0,insåmma,67.51572717,0.1963367298,a,273.6266737,925.1529124,2302.260211,4221.235554,LL,14
a,0,insåmma,67.86483594,0.5018808032,NA,672.4288059,1334.67205,2198.302008,4028.675096,LL,14
l,0,l'e,68.64728319,0.05329504985,e,462.0960105,1441.709155,2330.096487,4082.217575,LL,14
e,0,l'e,68.69031258,0.03276373196,a,493.9853036,1601.380945,2516.747388,4044.773061,LL,14
a,0,andè,68.72903335,0.04467781631,n,626.320004,1545.748261,2511.713531,3851.714937,LL,14
n,0,andè,68.78413599,0.06552746392,d,307.6957655,1471.908769,2400.216786,4315.798608,LL,14
d,0,andè,68.84221716,0.05063485849,ɛ:,411.9025262,1566.297868,2436.459387,3757.36922,LL,14
ɛː,1,andè,68.8973198,0.05957042175,i,483.9650153,1894.561193,2232.021533,3037.900146,LL,14
i,0,int,68.94199761,0.02978521087,n,299.3189808,1995.246398,2178.413409,3229.178108,LL,14
n,0,int,68.97699523,0.04021003468,t,330.4542177,2115.430576,2611.360884,3176.51384,LL,14
t,0,int,69.01411672,0.03403292756,l,596.6715083,1630.269937,2487.854389,3843.23263,LL,14
l,0,la,69.04900431,0.03574225305,a,621.5509193,1302.431185,2455.408229,3761.479763,LL,14
a,0,la,69.09812534,0.06249981044,p,580.4162461,1295.856968,2459.461719,3678.384318,LL,14
p,0,pgnâta,69.18535711,0.1119637381,ɲ,571.6564515,1340.642895,2595.16315,3525.889711,LL,14
ɲ,0,pgnâta,69.26503255,0.04738714006,a:,520.7882928,1969.170758,2396.413083,3024.428658,LL,14
aː,1,pgnâta,69.38180491,0.186157568,t,946.8554181,1354.120423,2629.047607,3566.432857,LL,14
t,0,pgnâta,69.51658298,0.08339859045,a,713.3709293,1335.953707,2368.095856,4051.814646,LL,14
a,0,pgnâta,69.6424255,0.1682864414,NA,622.7668046,1452.121882,2201.671855,3810.028958,LL,14
k,0,côsa?,69.93066068,0.1197075019,o:,1075.083014,1648.808153,2924.155168,4301.439037,RM,14
oː,1,côsa?,70.16842424,0.3558196201,s,475.4206712,1136.669735,2821.283036,3886.272324,RM,14
s,0,côsa?,70.50753315,0.3223981997,a,1338.322782,2696.949108,3679.585628,4271.377499,RM,14
a,0,côsa?,70.78414994,0.2308353843,NA,1017.647469,1596.370571,3055.503648,4325.936167,RM,14
a,0,an,71.74440363,0.07717235094,n,1154.584526,1571.691812,3122.165557,3814.055119,RM,14
n,0,an,71.81649817,0.06701672447,e,405.5438794,1615.213607,3173.990929,4428.960081,RM,14
e,1,é,71.87769245,0.05537183745,b,395.8752174,1893.57203,3169.965256,3948.846779,RM,14
b,0,brîSa,71.93900853,0.06726032478,r,290.1909625,1551.331044,2679.25711,3806.210329,RM,14
r,0,brîSa,71.98294172,0.0206060473,i:,373.8410821,1711.078719,2477.331191,3089.638367,RM,14
iː,1,brîSa,72.02836417,0.07023884586,z,393.459522,1907.220935,2677.388074,3244.619253,RM,14
z,0,brîSa,72.0858225,0.04467781631,a,313.7852641,1821.552456,3024.45607,3780.15415,RM,14
a,0,brîSa,72.14539292,0.07446302718,p,512.4384791,1598.966055,2466.757722,3662.412441,RM,14
p,0,pusébbil,72.22804688,0.09084489316,u,508.455131,1670.874865,2643.825606,3704.182157,RM,14
u,0,pusébbil,72.30995621,0.07297376664,s,342.7726717,1134.113365,2106.705792,3183.169957,RM,14
s,0,pusébbil,72.38888702,0.08488785099,e,1536.610415,3034.190241,3492.343971,4393.547845,RM,14
e,1,pusébbil,72.48631178,0.1099616799,b:,679.5586065,2011.007073,3046.760159,4574.136551,RM,14
bː,0,pusébbil,72.59577243,0.10895962,i,279.8287568,961.3158434,2292.792075,3230.827996,RM,14
i,0,pusébbil,72.68673913,0.07297376664,l,372.9192374,2020.779948,2648.37117,3594.546978,RM,14
l,0,pusébbil,72.75896826,0.0714845061,NA,326.7705291,1691.873419,2721.946137,3088.774838,RM,14
a,0,avî,73.22874347,0.1131838013,v,1200.510258,1470.04744,2662.531866,3580.129618,RM,14
v,0,avî,73.30916354,0.0476563374,i:,367.7628418,1529.877384,2791.522654,3948.467671,RM,14
iː,1,avî,73.37990341,0.09382341425,f,298.9214318,2413.816289,2787.383899,3849.729695,RM,14
f,0,fât,73.47596072,0.09829119588,a:,1355.416562,1795.090658,3294.750631,4314.000038,RM,14
aː,1,fât,73.62339751,0.1965823918,t,1268.455405,1632.499511,3248.035192,3838.795965,RM,14
t,0,fât,73.77880517,0.114232932,a,733.0573839,1286.945228,1797.385054,3445.904435,RM,14
a,0,al,73.89557753,0.119311776,l,969.8457589,1509.837222,3022.235205,4135.440781,RM,14
l,0,al,73.98278473,0.05510264012,b,458.4093524,1560.179089,2934.374405,2956.562105,RM,14
b,0,brôd,74.0557585,0.09084489316,r,234.5917952,903.0125653,1221.95121,2817.517206,RM,14
r,0,brôd,74.16000674,0.117651583,o:,426.5288282,1280.005333,1714.432599,3253.802861,RM,14
oː,1,brôd,74.3225107,0.207356334,d,425.9601243,1163.526196,3053.174447,3862.0506,RM,14
d,0,brôd,74.46451501,0.07665229993,k,470.5098799,1219.988406,3022.326496,3600.911266,RM,14
k,0,con,74.55631995,0.1069575618,o,1214.771607,1659.657992,2799.356179,3640.138934,RM,14
o,0,con,74.63660542,0.05361337957,n,373.5243879,954.458239,3001.468416,3855.075171,RM,14
n,0,con,74.68649564,0.04616707685,l,478.9510082,1271.012196,2661.143289,3223.131182,RM,14
l,0,la,74.74904459,0.07893080882,NA,329.3882168,1682.773655,2563.096208,3770.716411,RM,14
k,0,còca!,74.92945238,0.1210446369,ɔ:,758.544671,1582.357546,2323.28509,3820.07361,RM,14
ɔː,1,còca!,75.13145445,0.2829595033,k,943.3458307,1359.758579,3137.403315,3849.295721,RM,14
k,0,còca!,75.34092739,0.1359863747,a,688.7679091,1145.954771,3054.144474,3442.984896,RM,14
a,0,còca!,75.49678695,0.1757327442,NA,999.5194235,1667.917158,2237.656694,2838.155427,RM,14
oː,1,ói,75.83830305,0.3075932023,i,638.9750306,1236.913967,2239.725112,3519.016081,LL,14
i,0,ói,76.35909234,0.7339853831,o,312.3769225,1570.608191,2446.603267,4048.317714,LL,14
o,0,ormâi,76.82077487,0.1893796894,r,540.9608431,1046.385284,2298.983873,3861.536975,LL,14
r,0,ormâi,76.96237643,0.09382341425,m,576.0402946,1044.935478,2030.004792,3474.566666,LL,14
m,0,ormâi,77.04651965,0.07446302718,a:,263.881725,820.8657,2324.863124,3122.840981,LL,14
aː,1,ormâi,77.16927361,0.1710448976,i,832.3705821,1448.160884,2401.465049,3679.214409,LL,14
i,0,ormâi,77.36425671,0.2189212999,l,371.168208,2229.765017,2517.208155,4153.221327,LL,14
l,0,l'êra,77.49357774,0.0397207724,e:,290.5069251,1660.501031,2570.222263,3797.037979,LL,14
eː,1,l'êra,77.53950019,0.05212411903,r,455.1569316,1783.157848,2371.200759,4026.382927,LL,14
r,0,l'êra,77.59683672,0.06254894283,a,583.3157154,1440.522079,2396.936869,3777.594844,LL,14
a,0,l'êra,77.65864103,0.06105968229,t,612.5501548,1418.289351,2381.69723,3764.939845,LL,14
t,0,tante,77.73614348,0.09394521441,a,551.3062615,1364.320902,2514.469278,3983.353926,LL,14
a,0,tante,77.8129013,0.05957042175,n,700.8203216,1259.219666,2366.512986,3826.574075,LL,14
n,0,tante,77.92825809,0.1711431624,t,287.2999059,1208.953132,2450.709241,4203.667343,LL,14
t,0,tante,78.039208,0.05075665864,e,520.1122394,1651.700203,2510.858709,3940.580751,LL,14
e,0,tante,78.09660543,0.06403820338,v,589.8641421,1733.836167,2487.643301,4029.691255,LL,14
v,0,vècia,78.16653978,0.07583048757,ɛ:,312.6467213,1416.613538,2770.923504,4064.835071,LL,14
ɛː,1,vècia,78.36284121,0.3167723659,ts,700.1582407,1907.856642,2794.633865,4069.601973,LL,14
ts,0,vècia,78.62026321,0.1980716523,a,1594.430204,2529.12702,3433.915015,3959.792343,LL,14
a,0,vècia,78.81088856,0.1831790469,NA,565.6551501,1566.201297,2259.411852,3665.811879,LL,14
i,0,intinimôd,79.29517818,0.06386727083,n,372.8240891,2372.848451,2742.701242,3959.262868,LL,14
n,0,intinimôd,79.3784913,0.1027589775,t,313.3344716,1439.954818,2475.851646,4110.151389,LL,14
t,0,intinimôd,79.48443606,0.1091305525,i,312.2874768,830.8690403,2484.034591,3774.398705,LL,14
i,0,intinimôd,79.5886843,0.09936592357,n,284.4708722,2309.583962,2622.322398,3573.229951,LL,14
n,0,intinimôd,79.66910437,0.06147421515,i,404.0169536,2217.36309,2670.397086,4097.504353,LL,14
i,0,intinimôd,79.71696798,0.0342529925,m,399.5830439,2261.029554,2738.558358,4106.535702,LL,14
m,0,intinimôd,79.77706081,0.08593267533,o:,283.93932,1018.007274,2357.122061,4207.3247,LL,14
oː,1,intinimôd,79.97173921,0.3034241299,d,473.2602139,847.5131798,2634.654601,3762.088936,LL,14
d,0,intinimôd,80.20778916,0.1686757687,NA,257.8809542,1808.406139,3465.38952,4173.436314,LL,14
e,0,et,80.5542369,0.1131838013,t,461.4601566,1802.019595,2396.528596,3128.517445,LL,14
t,0,et,80.64583819,0.07001878092,p,416.2626333,1635.53286,2412.806766,4108.344391,LL,14
p,0,pû,80.72031299,0.07893080882,u:,248.7593371,1369.686961,2756.314523,3862.987765,LL,14
uː,1,pû,80.79849917,0.07744154827,s,359.3822555,951.8370642,2392.034323,3214.039826,LL,14
s,0,stèr,80.89353088,0.1126218713,t,1904.332438,2923.073621,3290.921925,4314.108322,LL,14
t,0,stèr,80.97813776,0.05659190066,ɛ:,552.666264,1602.784978,2311.908404,3862.260158,LL,14
ɛː,1,stèr,81.04023481,0.06760218987,r,582.5250474,1613.071975,2288.994196,3799.61859,LL,14
r,0,stèr,81.0986087,0.04914559794,t,373.231012,1427.120952,2298.478565,3748.310244,LL,14
t,0,trancuélla:,81.15692169,0.06748038972,r,384.2845329,1476.276249,2515.275067,3817.84207,LL,14
r,0,trancuélla:,81.21225617,0.04318855577,a,549.5539183,1355.673867,2063.470729,3714.671597,LL,14
a,0,trancuélla:,81.26810344,0.06850598501,n,577.6177596,1502.699203,2064.420228,3703.032093,LL,14
n,0,trancuélla:,81.34033257,0.07595228773,k,368.87006,1331.562741,2229.277087,3866.803376,LL,14
k,0,trancuélla:,81.40533547,0.05405350946,w,621.986096,1144.743913,2433.630297,3795.043887,LL,14
w,0,trancuélla:,81.4552257,0.04572694697,e,456.5629157,1011.292134,2173.582325,3780.824569,LL,14
e,1,trancuélla:,81.51010828,0.06403820338,l:,579.4676034,1614.518216,2371.545689,3963.66215,LL,14
lː,0,trancuélla:,81.60765484,0.1310549278,a,396.8244951,1479.643108,2575.155436,3950.401803,LL,14
a,0,trancuélla:,81.70371215,0.06105968229,NA,626.0558789,1570.783958,2533.946888,4152.084968,LL,14
a,0,avän,82.19787745,0.09978045643,v,877.3782095,1497.598203,2483.439715,3730.390393,LL,14
v,0,avän,82.28053141,0.06552746392,æ,443.4682412,1280.81827,2444.600957,3803.764144,LL,14
æ,1,avän,82.3713763,0.1161623224,n,790.0837256,1511.861247,2334.824498,3871.542447,LL,14
n,0,avän,82.49596139,0.1330078536,f,679.3309838,1321.233995,2316.895344,4456.13639,LL,14
f,0,fât,82.64190892,0.1588872129,a:,529.1607219,1417.669155,2493.03579,3677.968426,LL,14
aː,1,fât,82.82955575,0.2164064441,t,897.4192413,1377.705909,2243.728067,3740.519053,LL,14
t,0,fât,82.98181396,0.08810997239,a,753.2330374,1454.730781,3006.841221,3923.627177,LL,14
a,0,al,83.06367416,0.07561042263,l,729.1009883,1507.086192,2465.62733,3889.720182,LL,14
l,0,al,83.15675294,0.1105471453,b,373.271846,1410.819518,2518.105097,4066.1956,LL,14
b,0,brôd,83.28799057,0.1519281108,r,275.9114267,1031.536323,2466.942428,3869.909647,LL,14
r,0,brôd,83.41810184,0.1082944327,o:,454.3860183,1206.58972,1621.814476,3864.007535,LL,14
oː,1,brôd,83.60655611,0.2686140936,d,499.8685446,948.014995,2488.614336,3525.880805,LL,14
d,0,brôd,83.8512738,0.2208212847,NA,217.3412484,2203.287193,2528.855374,3839.110918,LL,14
l,0,l,84.3511015,0.1116454084,a,343.0426109,1473.722105,2451.674926,3920.648427,LL,14
a,0,alàss,84.46053759,0.1072267591,l,724.1346402,1412.489634,2581.921327,3832.744914,LL,14
l,0,alàss,84.5394684,0.05063485849,a,567.5628765,1259.311085,2558.146929,4101.759762,LL,14
a,1,alàss,84.64864808,0.1677245114,s:,817.2810522,1445.490563,2527.141673,3787.935743,LL,14
sː,0,alàss,84.87501568,0.2850106939,NA,1405.428555,2603.327819,3544.578662,4199.761887,LL,14
a,0,al,85.35526484,0.1090814202,l,735.6067088,1531.379522,2726.132686,4033.222903,LL,14
l,0,al,85.48507411,0.1505371151,t,481.2509574,1431.768952,2474.30293,4167.973193,LL,14
t,0,tucén,85.6571446,0.1936038707,u,386.8218756,2120.841303,3050.531067,4093.398429,LL,14
u,0,tucén,85.80532603,0.1027589775,ts,344.6419982,1118.970174,2423.425368,3033.261219,LL,14
ts,0,tucén,85.91404205,0.1146730619,e,1002.114321,2185.71963,2884.237009,3607.089396,LL,14
e,1,tucén,86.03988456,0.13701197,n,494.1573412,2013.010965,2672.207858,3791.242946,LL,14
n,0,tucén,86.19476766,0.1727542231,NA,327.577205,862.0762551,2373.628435,3157.425675,LL,14
e,0,e,86.6647138,0.1021970475,p,490.9249204,1862.637517,2001.306283,2947.772713,LL,14
p,0,pò,86.76793644,0.1042482381,ɔ:,316.746473,494.6860123,2218.999762,3320.06259,LL,14
ɔː,1,pò,86.89675748,0.153393836,t,590.0436806,919.1130296,2452.969033,3919.964533,LL,14
t,0,tô,87.03519948,0.1234901716,o:,470.1973822,826.2242939,2599.781599,3735.961524,LL,14
oː,1,tô,87.14012739,0.08636565061,θ,438.5031634,1255.741669,2343.794973,3488.304235,LL,14
θ,0,zío,87.26377068,0.1609209208,i,1515.302912,2638.228783,3628.474552,4238.08462,LL,14
i,1,zío,87.44922401,0.2099857367,o,269.7520991,2264.720142,2904.539848,3821.046546,LL,14
o,0,zío,87.67545701,0.2424802713,NA,549.3645849,1044.596667,2429.874008,4049.153524,LL,14
l,0,l,88.02090353,0.05510264012,a,380.6152692,1447.086485,2177.15104,4173.132682,LL,14
a,1,à,88.08568636,0.07446302718,a,724.3723138,1600.590469,2504.017904,4040.961658,LL,14
a,0,anc,88.14749067,0.04914559794,n,944.0497312,1595.142935,2640.830231,3876.912595,LL,14
n,0,anc,88.20855035,0.07297376664,k,600.0206918,1587.077501,2388.1554,3834.712629,LL,14
k,0,anc,88.29486657,0.09965865627,a,457.6093186,1709.85687,2409.597038,4090.180324,LL,14
a,0,adruvé,88.37098979,0.05258778428,d,553.7811597,1522.953717,2131.675468,3988.492416,LL,14
d,0,adruvé,88.43525982,0.07595228773,r,256.0596771,1350.924174,2359.912942,3853.772907,LL,14
r,0,adruvé,88.513446,0.08042006936,u,404.3959554,1141.550438,2597.017004,3664.743741,LL,14
u,0,adruvé,88.58567514,0.06403820338,v,374.4183586,884.3788188,2432.847761,3090.110727,LL,14
v,0,adruvé,88.65424202,0.0730955668,ɛ:,366.3925445,1032.417894,2364.823098,3972.105264,LL,14
ɛː,1,adruvé,88.81202994,0.2424802713,u,640.4138736,1851.464576,2455.579305,4124.324412,LL,14
u,0,una,88.97199085,0.07744154827,n,356.6279913,715.1385309,2158.971381,3182.626977,LL,14
n,0,una,89.04570925,0.06999524555,a,325.1413389,1247.585223,2333.961709,3156.773856,LL,14
a,0,una,89.1305971,0.09978045643,p,680.476999,1351.373762,2449.354947,3818.795351,LL,14
p,0,panna,89.23067029,0.1003659218,a,562.1731527,1231.562044,2789.229318,NA,LL,14
a,1,panna,89.33893441,0.1161623224,n:,857.3677532,1400.551672,2330.2772,3750.834316,LL,14
nː,0,panna,89.5280705,0.2621098557,a,488.9140302,1389.470035,2399.196174,4211.318532,LL,14
a,0,panna,89.7075264,0.09680193534,NA,771.0687336,1652.546694,2643.694033,4231.367504,LL,14
d,0,da,89.9588322,0.06552746392,a,259.9905035,1472.743798,2217.827897,3497.908964,LL,14
a,0,da,90.0154241,0.0476563374,m,631.2841721,1506.62347,2502.087044,4043.310692,LL,14
m,0,métterla,90.08765323,0.09680193534,e,308.9443586,1292.720185,2337.837477,4292.067718,LL,14
e,1,métterla,90.17849813,0.08488785099,t:,556.8010529,1707.004067,2363.79686,4191.07466,LL,14
tː,0,métterla,90.27604469,0.1102052802,e,414.0018121,1437.052008,1899.453838,3992.228238,LL,14
e,0,métterla,90.36688959,0.0714845061,r,594.5680951,1498.53493,2320.843693,4162.992537,LL,14
r,0,métterla,90.4286939,0.05212411903,l,442.7911443,1254.609226,2106.405677,3647.590654,LL,14
l,0,métterla,90.48975358,0.06999524555,a,479.3347651,1220.999917,2265.043698,3885.063536,LL,14
a,0,métterla,90.5590042,0.06850598501,s,615.3848659,1452.392365,2366.164324,3267.364976,LL,14
s,0,só,90.671797,0.1570796227,o,1380.608192,2355.749964,2929.154599,3450.332768,LL,14
o,1,só,90.80320556,0.1057374986,l,570.3276442,1050.839738,2468.793199,3252.823469,LL,14
l,0,l,90.91787862,0.1236086251,k,488.6241666,1100.724817,2177.727658,4070.20318,LL,14
k,0,capèl,91.03482191,0.110277948,a,1146.111028,2123.573315,3104.215073,4482.257974,LL,14
a,0,capèl,91.12495851,0.06999524555,p,625.9318595,1608.565663,2202.497767,4188.580859,LL,14
p,0,capèl,91.21431414,0.1087160197,ɛ:,540.3210388,1008.389389,1490.718326,3479.690963,LL,14
ɛː,1,capèl,91.41387505,0.290405806,l,617.6630768,1931.25183,2429.708947,4116.739213,LL,14
l,0,capèl,91.63205172,0.1459475333,NA,339.9735916,1435.684584,2554.612049,4148.005706,LL,14
s,0,sé,91.94534454,0.1295656673,e,1459.655469,2250.927578,3359.911511,3947.808882,LL,14
e,1,sé,92.12703432,0.2338139054,NA,570.0962125,2100.931976,2199.278928,4180.006204,LL,14
a,0,al,92.58456638,0.05873929438,l,739.3168681,1487.465152,2183.86944,3818.710962,LL,14
l,0,al,92.64223197,0.05659190066,n,721.5463639,1523.50239,2686.385449,4177.971019,LL,14
n,0,n,92.71420471,0.08735357443,e,350.5867269,1405.685509,2445.226939,4097.271418,LL,14
e,1,é,92.77798652,0.04021003468,b,512.8463528,1787.377227,2798.671472,4064.018602,LL,14
b,0,brîSa,92.83647044,0.07675781808,r,450.5968119,1665.648547,2796.184197,4081.46156,LL,14
r,0,brîSa,92.89197585,0.0342529925,i:,393.3317275,1416.049641,2241.43753,3344.537539,LL,14
iː,1,brîSa,92.94261071,0.06701672447,z,332.7502458,1715.62616,2346.158441,3574.795094,LL,14
z,0,brîSa,92.99547945,0.03872077414,a,343.6464331,1659.413628,2507.976042,3489.922235,LL,14
a,0,brîSa,93.0419884,0.05429710977,s,448.4011735,1559.819241,2404.441486,3517.693354,LL,14
s,0,stè,93.10960339,0.080932867,t,334.9586776,1548.320339,2782.5575,3732.602044,LL,14
t,0,stè,93.16883194,0.0375242463,ɛ:,690.2983479,1597.58339,2665.289372,3515.960677,LL,14
ɛː,1,stè,93.24180571,0.108423287,u,600.8398078,1888.965059,2678.95025,4164.765065,LL,14
u,0,un,93.31409574,0.03615678591,n,477.065421,1029.299753,2235.777789,4058.463023,LL,14
n,0,un,93.34632211,0.02829595033,s,551.9325474,1056.078655,2268.036686,3895.538141,LL,14
s,0,sacrifézzi,93.39674971,0.07255923378,a,1255.250562,2268.376987,3118.427634,3970.557601,LL,14
a,0,sacrifézzi,93.46674495,0.06743125733,k,561.2453277,1469.56229,2610.539211,4118.06864,LL,14
k,0,sacrifézzi,93.5525847,0.1042482381,r,491.4254221,1688.595932,2406.016257,4132.466953,LL,14
r,0,sacrifézzi,93.62704773,0.04467781631,i,327.9697855,1413.805562,2443.477426,3870.804592,LL,14
i,0,sacrifézzi,93.66949165,0.04021003468,f,347.9810931,1762.225544,2117.455092,2962.644054,LL,14
f,0,sacrifézzi,93.73725301,0.0953126748,e,565.0423232,1279.261902,2665.879912,3803.695889,LL,14
e,1,sacrifézzi,93.82735327,0.08488785099,θ:,503.169442,1767.632457,2400.178562,3971.738653,LL,14
θː,0,sacrifézzi,93.93602016,0.1324459236,i,416.2963478,1956.159572,2673.270116,3871.776619,LL,14
i,0,sacrifézzi,94.03500685,0.06552746392,i,299.8404879,2091.130655,2573.086899,3871.862651,LL,14
i,0,inóttil,94.08719187,0.03884257429,n,284.0947064,2171.551709,2463.192415,3987.59743,LL,14
n,0,inóttil,94.13038042,0.04753453724,o,350.2985309,1832.979422,2382.227383,4546.689953,LL,14
o,1,inóttil,94.25101053,0.1937256708,t:,578.1750911,1154.448077,2256.061528,3523.54582,LL,14
tː,0,inóttil,94.4126562,0.1295656673,i,551.8847142,1493.000125,2545.995885,3929.468116,LL,14
i,0,inóttil,94.4938209,0.03276373196,l,326.3589054,1858.258081,2309.661387,3167.455696,LL,14
l,0,inóttil,94.5504128,0.08042006936,NA,346.0969809,2053.227174,2419.413103,3437.255982,LL,14
p,0,puvratta,94.83278581,0.1060537667,u,529.3011139,846.8134711,3197.485742,3969.183814,RM,14
u,0,puvratta,94.96399887,0.1563723571,v,517.5430938,873.2096816,2582.437556,3985.6137,RM,14
v,0,puvratta,95.10175547,0.1191408435,r,283.6251882,1265.930355,2223.102311,3849.749574,RM,14
r,0,puvratta,95.24278332,0.1629148647,a,479.7896368,1373.802959,1977.474433,3874.853278,RM,14
a,1,puvratta,95.41479291,0.1811043209,t:,723.5995967,1420.131513,2403.84261,3661.276145,RM,14
tː,0,puvratta,95.63520347,0.2597168,a,501.4115965,1601.061675,3030.004329,4196.234063,RM,14
a,0,puvratta,95.85069436,0.1712649625,m,761.3529544,1410.474039,2410.658849,3730.523457,RM,14
m,0,mé,96.01567218,0.1586906834,e,337.692909,1301.29007,2660.211661,2761.742913,RM,14
e,1,mé,96.30798178,0.4259285155,NA,470.652565,2048.639982,2687.890581,3513.83185,RM,14
l,0,la,96.73311653,0.06989698077,a,331.1317604,1322.193521,2394.079899,3559.233939,LL,14
a,0,la,96.80380727,0.0714845061,θ,574.9196337,1383.048713,2314.565984,3381.374669,LL,14
θ,0,zîga,96.90582162,0.1325441884,i:,1119.617079,1820.019303,2986.690541,3581.592844,LL,14
iː,1,zîga,97.04357822,0.1429690122,g,273.5814137,2182.117631,2472.353447,3276.173569,LL,14
g,0,zîga,97.13442312,0.03872077414,a,455.0431412,1680.817504,2453.852422,3516.112925,LL,14
a,0,zîga,97.17686704,0.04616707685,l,544.5694236,1384.778347,2397.530049,3641.852471,LL,14
l,0,la,97.22504794,0.0501947286,a,422.1015728,1265.474681,2583.246396,3488.568388,LL,14
a,0,la,97.28067515,0.06105968229,l,512.7609996,1305.428224,2715.869503,3596.2783,LL,14
l,0,luzî,97.3419421,0.06147421515,u,292.460025,1131.055016,2548.526296,3719.327602,LL,14
u,0,luzî,97.40002326,0.05468810726,θ,327.0362117,1230.32121,2520.150507,3716.703244,LL,14
θ,0,luzî,97.49682519,0.1389157634,i:,1111.809452,2384.722918,3401.258843,4329.352465,LL,14
iː,1,luzî,97.64872977,0.1648933875,NA,294.9555982,2174.127865,2722.207382,3680.207433,LL,14
a,0,a,98.05294118,0.09382341425,n,902.7457846,1381.331418,2289.643819,3636.422727,RM,14
n,0,n,98.13931829,0.07893080882,p,315.5569758,1223.660958,2386.490142,2856.747561,RM,14
p,0,pòs,98.25101283,0.1444582727,ɔ:,269.5359531,1076.417089,2318.684582,3462.963069,RM,14
ɔː,1,pòs,98.3954711,0.1444582727,s,586.1620193,1200.326196,2891.650897,3765.561728,RM,14
s,0,pòs,98.50344249,0.0714845061,b,310.1627335,1528.758516,2991.057224,3590.248936,RM,14
b,0,brîSa,98.59056423,0.1027589775,r,365.6624991,1203.834754,2796.519636,3543.042071,RM,14
r,0,brîSa,98.66846945,0.05305144953,i:,341.4026387,1903.601484,1939.663398,3517.318643,RM,14
iː,1,brîSa,98.7277589,0.06552746392,z,334.5310979,1962.640703,2781.378823,3915.765899,RM,14
z,0,brîSa,98.79552026,0.06999524555,a,291.4378156,1755.309726,3045.443942,4032.579998,RM,14
a,0,brîSa,98.8655155,0.06999524555,v,837.4699729,1459.238641,2896.186963,4054.006719,RM,14
v,0,vlair,98.9478885,0.09475074476,l,283.6355088,1296.999172,2906.640732,3850.132847,RM,14
l,0,vlair,99.01685815,0.04318855577,ai,523.4461565,1463.442001,1823.150058,2949.756198,RM,14
ai,1,vlair,99.11514934,0.153393836,r,906.0602473,1864.618171,3003.660127,4092.002096,RM,14
r,0,vlair,99.23801334,0.09233415371,b,408.6408929,1711.518392,2682.280207,4070.029515,RM,14
b,0,bän,99.34840132,0.1284418072,æ,361.3818361,1107.290817,2444.140815,4003.86909,RM,14
æ,1,bän,99.46474634,0.1042482381,n,1207.556016,1506.647204,2640.02942,3971.331735,RM,14
n,0,bän,99.56713889,0.1005368544,a,568.4894029,1648.16301,2363.093061,3952.454062,RM,14
a,0,a,99.65942391,0.08403318825,u,795.9008999,1663.589549,1849.900044,2796.037167,RM,14
u,0,una,99.73574263,0.0686042498,n,443.0684283,1182.782229,2184.967785,2738.072346,RM,14
n,0,una,99.81392881,0.08776810729,a,1203.577778,1504.989067,2831.173611,4252.606656,RM,14
a,0,una,99.89807203,0.08051833414,g,398.6216284,1754.020443,2625.295101,3784.388948,RM,14
g,0,galéNna,99.96211023,0.04755807261,a,633.9730722,1739.594284,2658.900597,4388.849036,RM,14
a,0,galéNna,100.0149298,0.0580811612,l,693.9726382,1716.10865,2167.479881,2838.530697,RM,14
l,0,galéNna,100.0655647,0.04318855577,e,505.1043484,1656.300949,2130.92308,3600.207912,RM,14
e,1,galéNna,100.1393322,0.1043465028,ŋ,677.305938,1974.53487,2454.515407,3148.66076,RM,14
ŋ,0,galéNna,100.2271986,0.07138624131,n,358.7305066,1389.378603,2708.985501,3539.469777,RM,14
n,0,galéNna,100.3037609,0.08173839735,a,334.1658073,1323.819381,2603.296498,3554.337573,RM,14
a,0,galéNna,100.3834081,0.07755594675,k,606.8824825,1770.825569,2781.604383,2960.795499,RM,14
k,0,galéNna,100.4534051,0.06243800604,e,504.5154304,1838.763584,2544.66314,3655.408472,RM,14
e,0,che,100.5266753,0.08410239432,v,382.1348718,1981.7502,2617.253533,3443.860224,RM,14
v,0,vuèter,100.5947885,0.05212411903,u,291.3729256,1316.077758,2482.113234,3728.129939,RM,14
u,0,vuèter,100.6878673,0.1340334489,ɛ:,465.9596269,1073.277955,2866.610347,3818.995114,RM,14
ɛː,1,vuèter,100.8122206,0.1146730619,t,775.7135977,1778.18891,2722.347954,2761.680696,RM,14
t,0,vuèter,100.926149,0.1131838013,e,613.2908831,1324.577923,1863.611694,2925.699966,RM,14
e,0,vuèter,100.9998674,0.0342529925,r,584.2827664,1601.118077,1945.680497,2965.223651,RM,14
r,0,vuèter,101.0764543,0.1189207786,s,450.2087991,1559.321726,2916.157578,3752.847616,RM,14
s,0,sóbbit,101.2267596,0.1816897863,o,1336.727883,1818.311128,3327.915613,3721.248479,RM,14
o,1,sóbbit,101.3794088,0.1236086251,b:,618.8804446,1315.254344,3157.490427,3389.304611,RM,14
bː,0,sóbbit,101.4885276,0.0946289446,i,320.9654093,1388.207116,2560.731206,3538.027792,RM,14
i,0,sóbbit,101.6009667,0.1302493975,t,340.3123604,2263.818997,2952.999517,4213.513865,RM,14
t,0,sóbbit,101.7014918,0.0708007759,NA,837.3760626,1429.86828,2566.252455,3859.275064,RM,14
a,0,a,102.2416405,0.1469475315,l,913.6586473,1605.416894,2796.198099,4452.692667,RM,14
l,0,la,102.3463887,0.06254894283,a,574.5824437,1459.098422,1963.005007,3485.211335,RM,14
a,0,la,102.408193,0.06105968229,m,810.3782492,1567.837679,2606.116483,4111.032681,RM,14
m,0,mazè!,102.4759544,0.07446302718,a,327.7036078,1355.162897,2673.080802,3939.052755,RM,14
a,0,mazè!,102.5630761,0.09978045643,θ,1117.426105,1562.599348,3158.993786,4068.037914,RM,14
θ,0,mazè!,102.6827052,0.1394776935,ɛ:,655.4023934,1495.891282,2298.740442,3330.113337,RM,14
ɛː,1,mazè!,102.895413,0.2859380244,NA,820.3217692,1872.165025,2253.492885,2921.132444,RM,14
b,0,bä,103.6589508,0.07614675565,æ,239.0039206,1070.011584,2276.441312,NA,LL,14
æ,1,bä,103.7641263,0.1342043815,NA,719.5214796,1405.711074,2509.59308,3632.268828,LL,14
a,0,an,104.4361119,0.3189453567,n,825.857119,1528.844801,2241.348323,4187.750006,LL,14
n,0,an,104.6335607,0.07595228773,i,482.4281714,1665.537518,2524.376385,4078.869314,LL,14
i,0,i,104.6901526,0.03723151359,e,375.2722721,1047.301943,2392.326371,4209.174845,LL,14
e,1,é,104.7420204,0.06650392682,m,478.8628166,1963.711247,2754.661706,4128.43647,LL,14
m,0,mégga,104.8074378,0.06433093608,e,474.7526274,1507.280977,2295.605642,4122.288296,LL,14
e,1,mégga,104.8550941,0.03098173871,g:,525.1156448,1744.343411,2329.985731,3932.662333,LL,14
gː,0,mégga,104.9146646,0.08815910478,a,357.1170271,1119.295205,2248.723433,3979.973444,LL,14
a,0,mégga,104.9839152,0.05034212578,b,455.5387102,1667.297328,2138.233939,3927.324235,LL,14
b,0,biSåggn,105.0467323,0.0752920929,i,264.7007693,1493.204685,2104.262747,3966.295149,LL,14
i,0,biSåggn,105.1216098,0.07446302718,z,393.6017216,2040.865739,2943.606436,4108.405856,LL,14
z,0,biSåggn,105.1923497,0.06701672447,ɑ,1666.223909,2938.94262,3432.018936,4108.619359,LL,14
ɑ,1,biSåggn,105.2668127,0.0819093299,ɲ,697.5275879,1476.152358,2285.521251,3903.673285,LL,14
ɲ,0,biSåggn,105.3371776,0.05882044063,e,445.2694214,1690.659536,2392.856253,4209.686086,LL,14
e,0,ed,105.3840989,0.03502213741,d,444.5995807,1712.434126,2378.148878,4001.942888,LL,14
d,0,ed,105.416493,0.02976604709,s,421.0920709,1653.873631,2388.422176,3879.573151,LL,14
s,0,stèr,105.4609294,0.05910675649,t,1692.808581,2553.478381,3533.716996,4432.652942,LL,14
t,0,stèr,105.5339032,0.08684077679,ɛ:,1121.134412,2336.268934,3389.788076,4073.586288,LL,14
ɛː,1,stèr,105.6123212,0.06999524555,r,601.40099,1646.031169,2612.309885,3986.546704,LL,14
r,0,stèr,105.673149,0.05166045378,m,426.7876851,1419.109801,2295.292972,2965.575902,LL,14
m,0,mèl,105.7371872,0.07641595298,ɛ:,307.5044421,1094.66272,2263.184896,2313.624038,LL,14
ɛː,1,mèl,105.8215623,0.09233415371,l,649.8035862,1650.693373,2405.300152,3091.070018,LL,14
l,0,mèl,105.9002613,0.06506379867,p,406.5906328,1602.912577,2383.025393,4092.809704,LL,14
p,0,par,105.9571459,0.04870546806,a,596.6550775,1607.026659,2705.880597,3912.25621,LL,14
a,0,par,106.0030929,0.04318855577,r,622.9968016,1229.37133,2186.199408,3577.900916,LL,14
r,0,par,106.0549243,0.06047421688,k,453.1378062,1403.872381,2159.978859,3979.01557,LL,14
k,0,quall,106.1160449,0.06176694786,w,813.7604681,1240.316013,2706.397236,3777.622191,LL,14
w,0,quall,106.1700119,0.04616707685,a,418.2786393,895.2535488,2357.419783,3561.613159,LL,14
a,1,quall,106.2236253,0.06105968229,l:,667.7734303,1243.863714,2277.505156,3845.543247,LL,14
lː,0,quall,106.2802172,0.05212411903,l,503.1461283,1304.106363,2392.082783,3896.523496,LL,14
l,0,lé!,106.3375537,0.06254894283,e,478.7355596,1412.210095,2308.144067,3984.247636,LL,14
e,1,lé!,106.473821,0.2099857367,NA,549.2047969,2095.218375,2284.707547,3650.036179,LL,14
k,0,con,107.1681936,0.04492141662,o,838.299242,1255.774956,2007.361783,3745.830294,LL,14
o,0,con,107.2204395,0.05957042175,ŋ,605.2137066,1229.264435,1811.904866,3902.045059,LL,14
ŋ,0,con,107.3231985,0.1459475333,t,293.8043083,992.8696746,2268.3871,3686.478692,LL,14
t,0,tótt,107.4095756,0.02680668979,o,463.2089804,1330.497146,2338.597294,3598.103442,LL,14
o,1,tótt,107.4505303,0.05510264012,t:,523.0880955,1188.125569,2299.834976,3841.554173,LL,14
tː,0,tótt,107.5227594,0.08935563262,i,401.7536891,1466.108967,2756.367299,3390.197765,LL,14
i,0,i,107.5897762,0.04467781631,a,306.2779165,2310.950663,2653.764175,3699.442461,LL,14
a,0,animèl,107.6359432,0.0476563374,n,487.2611239,1722.531637,2107.423709,3853.072667,LL,14
n,0,animèl,107.6828549,0.04616707685,i,397.895995,1535.119774,2309.612808,4190.462662,LL,14
i,0,animèl,107.7387022,0.06552746392,m,434.3607085,1409.280092,2123.868627,3146.621469,LL,14
m,0,animèl,107.8139099,0.08488785099,ɛ:,323.0153931,898.2691801,2004.375132,2289.775735,LL,14
ɛː,1,animèl,107.906244,0.09978045643,l,637.5705362,1792.447048,2274.276799,3095.966073,LL,14
l,0,animèl,107.9732607,0.0342529925,k,571.8605495,1524.539192,2386.207899,4042.155497,LL,14
k,0,ch'avän,108.0425114,0.1042482381,a,382.1703933,1521.112192,2258.72857,4062.369558,LL,14
a,0,ch'avän,108.1346255,0.07997993948,v,638.632557,1550.289587,2194.398293,3872.197164,LL,14
v,0,ch'avän,108.2073792,0.06552746392,æ,259.3079409,1178.135915,2149.975496,3798.30509,LL,14
æ,1,ch'avän,108.3012026,0.1221193646,n,699.2785171,1517.946942,2156.958796,3650.270492,LL,14
n,0,ch'avän,108.4354679,0.1464111985,k,613.3515386,1704.275681,2419.483153,4022.393661,LL,14
k,0,qué,108.5471624,0.07697788302,w,688.4331146,1321.087283,2888.88935,4114.850996,LL,14
w,0,qué,108.6169621,0.0626216106,e,519.5385872,1011.763415,2061.678439,3922.080049,LL,14
e,1,qué,108.7763494,0.2561528135,p,579.0283682,1791.722242,2351.481943,3537.881894,LL,14
p,0,piotòst,108.9571911,0.1055307253,i,547.0572663,1942.161444,3272.837089,3721.939412,LL,14
i,0,piotòst,109.0352739,0.05063485849,o,378.5248631,1976.862438,2298.929249,3701.266826,LL,14
o,0,piotòst,109.1000567,0.07893080882,t,494.1724973,1326.265943,2173.959836,3773.082391,LL,14
t,0,piotòst,109.1884722,0.09790019839,ɔ:,420.3188521,1284.264681,1494.389295,3459.417614,LL,14
ɔː,1,piotòst,109.3550739,0.2353031659,s,554.310224,944.852675,2445.496155,3719.123742,LL,14
s,0,piotòst,109.5025716,0.0596922219,t,670.1888474,2316.98948,2966.247616,3788.913082,LL,14
t,0,piotòst,109.5614583,0.0580811612,NA,294.9134885,1238.200324,2727.708468,3663.884021,LL,14
v,0,vût,110.3591027,0.05659190066,u:,343.2514748,1342.349527,2752.859879,3838.459506,LL,14
uː,1,vût,110.4539851,0.1331729167,t,531.660104,867.2919381,2312.261612,3878.13944,LL,14
t,0,vût,110.5522763,0.06340947507,p,852.1913924,1863.295082,2857.787043,NA,LL,14
p,0,purtèr,110.6229091,0.07785608113,u,576.0866592,1745.408109,2772.766466,3750.142145,LL,14
u,0,purtèr,110.7132166,0.1027589775,r,446.6549595,945.6511136,2266.297712,3009.366532,LL,14
r,0,purtèr,110.8062954,0.08339859045,t,331.0479637,1026.657119,2212.393499,3093.231291,LL,14
t,0,purtèr,110.8695889,0.04318855577,ɛ:,461.0454697,1552.260969,2292.708482,4134.92949,LL,14
ɛː,1,purtèr,110.9730926,0.1638186598,r,591.5362906,1790.184923,2675.889831,4225.757617,LL,14
r,0,purtèr,111.0862764,0.06254894283,NA,521.9979132,1428.642236,2253.16233,4014.147259,LL,14
a,0,a,111.4028169,0.07893080882,k,730.7492397,1435.680188,1995.511724,3664.821965,LL,14
k,0,cà,111.489194,0.09382341425,a,685.1373036,1598.167819,2616.085444,3593.701947,LL,14
a,1,cà,111.5845067,0.09680193534,d,757.2832601,1485.829816,2252.154589,3655.686006,LL,14
d,0,dal,111.6648776,0.06393993859,a,251.3092605,1380.830181,2655.679937,3781.602546,LL,14
a,0,dal,111.722165,0.05063485849,l,654.6310894,1353.386369,2299.172882,3819.434762,LL,14
l,0,dal,111.7727999,0.05063485849,s,537.410537,1350.995379,2379.379959,3838.85114,LL,14
s,0,salâm?,111.8561985,0.1161623224,a,1495.792144,2225.404932,2955.568741,3813.576306,LL,14
a,0,salâm?,111.9626806,0.09680193534,l,625.9372863,1309.50594,2386.86234,3914.099158,LL,14
l,0,salâm?,112.0271825,0.03220180192,a:,568.4002313,1214.711687,2250.394826,4065.544576,LL,14
aː,1,salâm?,112.1408299,0.1950931312,m,815.7173653,1442.325811,2120.27525,3888.827783,LL,14
m,0,salâm?,112.2711402,0.06552746392,m,873.588743,1487.857637,2851.089871,3834.414841,LL,14
m,0,moché,112.3721653,0.1365227077,o,284.0221452,1338.152403,2469.319883,4690.09723,RM,14
o,0,moché,112.5230806,0.1653079203,k,397.1783229,779.0381402,3198.21197,3828.204926,RM,14
k,0,moché,112.6340305,0.05659190066,e,438.5299813,2120.97863,2405.028967,3852.25324,RM,14
e,1,moché,112.705515,0.08637711153,s,438.7327938,2111.405028,2309.101056,3982.99538,RM,14
s,0,salâm,112.7956153,0.09382341425,a,1036.055668,1969.160329,3706.245618,4170.266881,RM,14
a,0,salâm,112.9050759,0.1250978857,l,803.9359333,1460.331811,2656.718767,3633.799481,RM,14
l,0,salâm,113.0048564,0.07446302718,a:,466.6077052,1501.18414,2332.960266,3984.030008,RM,14
aː,1,salâm,113.182823,0.2814702428,m,923.3523407,1484.890324,2437.479154,3685.459428,RM,14
m,0,salâm,113.3652575,0.08339859045,NA,374.7154335,1263.989925,2804.081523,2896.382052,RM,14
k,0,che,113.6708967,0.03466752536,e,687.6189615,1942.398989,2280.054957,3932.652862,RM,14
e,0,che,113.7214579,0.06645479443,m,578.278325,2032.974854,2626.975692,4002.864486,RM,14
m,0,mé,113.7951763,0.0809819994,e,321.0781016,1385.458317,2559.397877,3617.020142,RM,14
e,1,mé,113.8721541,0.07297376664,ai,513.7164627,2033.842581,2569.188149,3830.563584,RM,14
ai,0,ai,113.9376816,0.0580811612,ɔ:,390.1251301,1999.986547,2478.244063,3839.464376,RM,14
ɔː,1,ò,114.0059066,0.07836887878,dz,556.1351049,1444.338342,2621.115054,3692.118324,RM,14
dz,0,dSgósst,114.1181503,0.1461184658,g,1074.773827,1761.779205,3458.761164,3876.574063,RM,14
g,0,dSgósst,114.2217394,0.06105968229,o,260.1659291,1417.016991,2274.286791,3633.113076,RM,14
o,1,dSgósst,114.2932239,0.0819093299,s:,559.8626829,1328.361287,2728.733202,3487.168332,RM,14
sː,0,dSgósst,114.362389,0.05642096811,t,504.3918198,1687.92287,3396.481127,3883.701578,RM,14
t,0,dSgósst,114.4509146,0.120630104,p,432.5203575,2012.763832,3445.922721,3869.411408,RM,14
p,0,pr,114.5377553,0.05305144953,r,371.0878242,1570.886664,2056.2862,3211.258901,RM,14
r,0,pr,114.5903431,0.05212411903,i,354.3191698,1909.518654,2528.427103,3600.511346,RM,14
i,0,i,114.6447011,0.05659190066,n,331.6816687,2113.548809,2763.317931,3759.358658,RM,14
n,0,ninén,114.6990591,0.05212411903,i,316.6519365,1345.846013,2619.944282,3326.457902,RM,14
i,0,ninén,114.7601188,0.06999524555,n,348.7022825,2262.876518,3049.935862,3667.282151,RM,14
n,0,ninén,114.8457513,0.101269717,e,310.8734168,1413.783122,2641.593699,2873.208405,RM,14
e,1,ninén,114.9418086,0.09084489316,n,488.9726676,2098.840445,2876.435435,3279.190064,RM,14
n,0,ninén,115.0594602,0.1444582727,NA,390.3589252,911.0110218,2677.468983,2807.32298,RM,14
p,0,puvrétt!,115.3745596,0.07934534168,u,547.825235,823.5089816,3116.983615,3949.472791,RM,14
u,0,puvrétt!,115.5080557,0.1876468285,v,471.1789559,771.8678053,2979.386249,3951.911093,RM,14
v,0,puvrétt!,115.6607049,0.117651583,r,395.9384583,1970.785789,3535.069894,NA,RM,14
r,0,puvrétt!,115.787292,0.1355227095,e,514.4469972,1379.130569,1905.182016,3807.584768,RM,14
e,1,puvrétt!,115.9377073,0.1653079203,t:,533.6306647,1977.277519,2479.826837,3523.218454,RM,14
tː,0,puvrétt!,116.1879031,0.3350836223,NA,306.029725,1621.929089,2321.718199,3694.588179,RM,14
b,0,bän,116.993372,0.09240682147,æ,333.3296658,1187.795042,2801.108643,4650.207714,LL,14
æ,1,bän,117.1051028,0.1310549278,ŋ,756.9346883,1462.524098,2589.278211,3775.16761,LL,14
ŋ,0,bän,117.2167974,0.09233415371,a,571.1401935,1029.047157,2440.648898,3245.65443,LL,14
a,0,an,117.2800909,0.0342529925,n,611.3272495,1359.602278,2683.73495,3814.030321,LL,14
n,0,an,117.3240241,0.05361337957,f,555.5237879,1188.976595,2495.264554,3761.298338,LL,14
f,0,fà,117.3928474,0.08403318825,a,511.6237259,1497.762309,2699.425862,4034.218371,LL,14
a,1,fà,117.4720955,0.07446302718,m,635.7977546,1191.416727,2498.44004,3666.842756,LL,14
m,0,mégga,117.5368784,0.05510264012,e,334.6584984,1299.087727,2320.507946,4162.097154,LL,14
e,1,mégga,117.6016612,0.07446302718,g:,498.7033866,1992.78889,2730.046785,4159.662406,LL,14
gː,0,mégga,117.6679333,0.0580811612,a,311.8140834,1636.513565,2318.833946,3394.437529,LL,14
a,0,mégga,117.7304822,0.06701672447,ɲ,575.903397,1679.724148,2382.091169,3904.506701,LL,14
ɲ,0,gnínta,117.8064463,0.08491138636,i,451.3242832,2112.332616,3135.184978,4380.811358,LL,14
i,1,gnínta,117.8801764,0.06254894283,n,524.0458932,2194.516107,3043.824452,4075.73292,LL,14
n,0,gnínta,117.9427254,0.06254894283,t,532.7083558,2199.727912,2961.074288,4288.056617,LL,14
t,0,gnínta,118.0343149,0.120630104,a,221.1590944,581.0488591,2415.800981,3535.990586,LL,14
a,0,gnínta,118.1474987,0.1057374986,NA,584.2283228,1504.080813,2525.268013,3874.671416,LL,14
s,0,s't,118.4380872,0.05659190066,t,1649.73471,3008.352737,3610.776937,4079.144458,LL,14
t,0,s't,118.4797865,0.02680668979,a,1251.178638,2292.229279,3453.300608,4166.337435,LL,14
a,0,an,118.531166,0.07595228773,n,634.0106682,1357.375025,2106.688313,3725.297605,LL,14
n,0,an,118.5952042,0.05212411903,v,295.0698774,1068.37626,2237.855736,3782.050413,LL,14
v,0,vû,118.6450944,0.0476563374,u:,246.59824,1041.570817,2515.767606,3843.314812,LL,14
uː,1,vû,118.7018936,0.06594199678,b,453.0524458,1011.975967,2678.097463,3573.025991,LL,14
b,0,brîSa,118.7537977,0.03786611139,r,791.6229718,1688.233311,3314.439336,4681.181899,LL,14
r,0,brîSa,118.7891126,0.03276373196,i:,500.5253585,1171.493884,2755.72895,3818.304034,LL,14
iː,1,brîSa,118.848683,0.08637711153,z,463.4543053,1695.747393,2405.105099,3851.527718,LL,14
z,0,brîSa,118.9283584,0.07297376664,a,1621.433505,2684.576883,3645.086146,4374.343161,LL,14
a,0,brîSa,118.9938859,0.0580811612,d,472.4372348,1345.781849,2317.124452,3857.591439,LL,14
d,0,dal,119.0482439,0.05063485849,a,316.2367329,1244.946055,2410.904965,3893.767453,LL,14
a,0,dal,119.1055559,0.06398907099,l,622.1874761,1248.450588,2485.812783,3719.30752,LL,14
l,0,dal,119.1621478,0.04919473033,s,517.439902,1246.10982,2426.698628,3811.295363,LL,14
s,0,salâm,119.2264541,0.07941800944,a,1575.182865,2658.574405,3527.168512,3934.505182,LL,14
a,0,salâm,119.3145641,0.09680193534,l,629.0491257,1210.442769,2224.869166,3638.966914,LL,14
l,0,salâm,119.3830701,0.04021003468,a:,565.5382045,1372.49365,2563.626525,4030.407981,LL,14
aː,1,salâm,119.5149551,0.2235600141,m,707.1528535,1321.055725,2411.758316,3848.958775,LL,14
m,0,salâm,119.6795184,0.1055665661,a,297.438978,958.8925706,2341.31616,3573.680936,LL,14
a,0,a,119.8972678,0.3299321105,l,656.4289432,1318.813307,2485.605526,3980.804356,LL,14
l,0,l,120.0834008,0.04233389302,m,475.9278141,1181.628123,2565.982266,4046.893785,LL,14
m,0,magnarò,120.1559472,0.1027589775,a,866.749192,2170.249877,3763.052574,NA,LL,14
a,0,magnarò,120.2412378,0.06782225482,ɲ,778.5452494,1317.722301,2573.882994,3774.886292,LL,14
ɲ,0,magnarò,120.3122704,0.07424296224,n,537.0231616,1911.782182,2926.117677,4262.866221,LL,14
n,0,magnarò,120.3782615,0.05773929611,a,595.1813395,1601.97387,2490.715724,4111.16318,LL,14
a,0,magnarò,120.4324486,0.05063485849,r,691.0585227,1408.486303,2299.961709,3862.965966,LL,14
r,0,magnarò,120.4838281,0.05212411903,ɔ:,624.3806492,1204.161089,2122.741393,3581.531058,LL,14
ɔː,1,magnarò,120.5533597,0.08693904157,m,598.6366784,1141.173459,1889.228742,3552.365139,LL,14
m,0,mé,120.6391631,0.08466778605,e,373.1691422,985.1515866,2305.049179,2513.548042,LL,14
e,1,mé,120.7589385,0.1548830965,NA,536.3640291,1910.430084,2639.495349,4021.089034,LL,14
b,0,bèla,121.3697004,0.09126921453,ɛ:,231.2550663,1033.584307,2378.17802,3510.098407,LL,14
ɛː,1,bèla,121.5545808,0.2784917217,l,727.1269786,1709.854691,2431.249966,3954.731036,LL,14
l,0,bèla,121.7310582,0.07446302718,a,528.1081101,1415.382425,2515.810178,4158.324442,LL,14
a,0,bèla,121.8152014,0.09382341425,NA,632.9115179,1392.33272,2519.301112,4059.857543,LL,14
k,0,qualla,0.1856332174,0.04028873638,w,603.6725538,1284.532941,2189.0144,3815.443313,LL,15
w,0,qualla,0.2286078695,0.0456605679,a,435.8108163,815.8523079,2091.215227,3350.179575,LL,15
a,1,qualla,0.3024705529,0.1020647988,lː,780.4338066,1232.585518,2419.537458,3001.473,LL,15
lː,0,qualla,0.4099071832,0.1128084619,a,554.4320176,1269.086821,2581.292061,3952.001948,LL,15
a,0,qualla,0.5502462816,0.1678697349,d,704.1645974,1388.698323,2492.247863,3863.826492,LL,15
d,0,däl,0.7159916661,0.1636210341,æ,309.9959172,1302.592786,2482.596441,3954.141517,LL,15
æ,1,däl,0.8380909196,0.08057747276,l,443.3083255,1759.60059,2341.644501,3686.590408,LL,15
l,0,däl,0.9347838869,0.1128084619,k,324.1064691,1408.7318,2393.204666,3704.195255,LL,15
k,0,quénng',1.063207233,0.1440382313,w,278.8262508,1415.894831,2196.661551,3958.56123,LL,15
w,0,quénng',1.158056633,0.0456605679,e,392.4888185,915.7959379,2202.253485,3087.318919,LL,15
e,1,quénng',1.221847132,0.08192043064,nː,487.5624464,1814.153059,2249.356518,3150.699454,LL,15
nː,0,quénng',1.301753126,0.07789155701,dz,388.6467032,1644.798093,2372.130571,4572.57408,LL,15
dz,0,quénng',1.416559705,0.1517216016,l,1633.329915,2387.141289,3357.845324,3945.753704,LL,15
l,0,leziån,1.521294101,0.05774718881,e,291.8691617,1434.843057,2493.399586,3858.149024,LL,15
e,0,leziån,1.585756079,0.07117676761,θ,408.349435,1676.624777,2399.770945,3741.828774,LL,15
θ,0,leziån,1.678420173,0.1141514197,j,449.1631411,1730.929111,2626.449004,3628.562258,LL,15
j,0,leziån,1.771067917,0.07114406987,ɑ,351.7327209,2068.040485,2536.568747,3393.732213,LL,15
ɑ,1,leziån,1.849614604,0.08594930428,n,608.7670909,1867.776909,2418.94368,3618.857427,LL,15
n,0,leziån,1.950336445,0.1154943776,NA,607.8861656,1653.733293,2189.909432,4679.554511,LL,15
l,0,leziån,2.558598449,0.05640423094,e,326.096061,1864.240907,3041.711858,4024.243374,RM,15
e,0,leziån,2.613659722,0.05371831518,θ,451.2080538,2087.466707,2979.748824,3877.900563,RM,15
θ,0,leziån,2.729154099,0.1772704401,j,1154.818795,1951.677603,2865.445371,4031.384298,RM,15
j,0,leziån,2.840619603,0.0456605679,ɑ,398.4864203,2189.000047,2904.982952,3356.84133,RM,15
ɑ,1,leziån,2.937109063,0.1473183511,n,1286.65033,1550.915228,2910.598349,4205.903377,RM,15
n,0,leziån,3.049714017,0.07789155701,NA,715.5372515,875.6906091,2454.756564,3367.538941,RM,15
n,0,nómmer,3.478162216,0.1195232513,o,348.848995,853.414009,2396.156981,3209.583697,RM,15
o,1,nómmer,3.587613284,0.09937888308,mː,529.9408783,1198.118687,3054.187329,3830.854464,RM,15
mː,0,nómmer,3.681026131,0.08744681187,e,325.3206232,1226.137249,2452.120647,2774.957567,RM,15
e,0,nómmer,3.764366794,0.07923451489,r,497.0247076,1910.192886,2989.217664,4215.13081,RM,15
r,0,nómmer,3.835543562,0.06311902033,k,397.3677165,1830.252578,2684.519759,4074.929246,RM,15
k,0,quénng',3.954285421,0.1743646971,w,477.9602748,2004.7941,3456.188401,3763.090056,RM,15
w,0,quénng',4.075713195,0.06849085185,e,486.387727,1154.750651,2777.643927,3641.887363,RM,15
e,1,quénng',4.165691373,0.111465504,nː,439.7205902,2236.488145,2983.542832,3764.993295,RM,15
nː,0,quénng',4.281169431,0.1194906125,dz,292.000979,919.4815871,2560.269052,3371.052021,RM,15
dz,0,quénng',4.462452426,0.2430753762,NA,1481.471147,2894.985924,3474.418038,3756.368146,RM,15
l,0,la,5.539638553,0.06714789397,a,387.3999131,1455.958182,2596.48242,3723.910211,LL,15
a,0,la,5.616187153,0.08594930428,m,755.7276487,1356.98287,2546.289068,3536.898828,LL,15
m,0,môrt,5.715566036,0.1128084619,oː,172.6991944,904.5734003,2550.974051,4065.27344,LL,15
oː,1,môrt,5.870380569,0.1968206042,r,440.3150959,759.7371345,2740.799437,3242.986103,LL,15
r,0,môrt,6.005050733,0.07251972549,t,716.9004138,1180.215784,3208.580401,3452.242638,LL,15
t,0,môrt,6.087345541,0.09206988959,d,385.4129806,1137.346888,2463.80437,3723.33983,LL,15
d,0,däl,6.176355138,0.08594930428,æ,235.5941466,1361.853391,2361.323938,4151.635507,LL,15
æ,1,däl,6.250685792,0.06271200469,l,415.1231536,1685.729959,2525.111291,3715.324896,LL,15
l,0,däl,6.3297168,0.09535000944,p,266.0386252,1603.443609,2595.476797,3709.542181,LL,15
p,0,pîguer,6.465152038,0.1755204666,iː,256.2595876,1764.52254,2563.252353,3537.550549,LL,15
iː,1,pîguer,6.684318606,0.2628126697,g,280.0401089,2274.923939,2933.835122,3398.914062,LL,15
g,0,pîguer,6.864445801,0.09744172111,w,196.5166072,1368.975086,2367.702692,3683.86894,LL,15
w,0,pîguer,6.949426524,0.07251972549,e,326.06403,1118.741226,2372.472351,3461.942112,LL,15
e,0,pîguer,7.032970696,0.0945686169,r,485.2564086,1611.980595,2470.917779,3683.331861,LL,15
r,0,pîguer,7.124572614,0.08863522004,NA,417.5241377,1358.466242,2445.20473,4056.828411,LL,15
l,0,l'é,7.460653822,0.06983380973,e,278.2539769,1519.210443,2634.970187,3629.22074,LL,15
e,1,l'é,7.574133763,0.1571260719,NA,428.9726379,1997.828414,2601.403226,3342.175625,LL,15
l,0,la,7.951736693,0.05909014669,a,435.2531676,1351.820622,2476.290516,3692.248693,LL,15
a,0,la,8.011498318,0.06043310457,k,688.7449419,1437.297664,2365.061088,3714.464696,LL,15
k,0,canpa,8.11220384,0.1409779386,a,578.1965302,1556.914352,2362.6782,4176.929654,LL,15
a,0,canpa,8.247826266,0.1302669143,n,858.2867456,1720.794007,2312.70317,3685.337937,LL,15
n,0,canpa,8.388836844,0.1517542404,p,424.532465,1121.330991,2331.854151,4319.107115,LL,15
p,0,canpa,8.540090474,0.1507530206,a,429.3486388,2149.526639,3155.392407,NA,LL,15
a,0,canpa,8.67522861,0.1195232513,d,644.9139674,1457.040834,2318.19108,3945.367786,LL,15
d,0,di,8.826107864,0.182235256,i,609.6836974,1678.443237,2844.728464,3827.103102,LL,15
i,0,di,8.948113523,0.06177606245,k,388.3244148,2246.404578,2772.700587,4095.20588,LL,15
k,0,can,9.031751288,0.1054994684,a,392.1982545,2238.264879,2506.134481,4032.936203,LL,15
a,0,can,9.157675907,0.1463497701,n,730.59757,1699.056961,2201.093376,3792.042557,LL,15
n,0,can,9.285912066,0.1101225461,NA,495.6427963,1086.28916,2144.965749,3597.759207,LL,15
l,0,la,11.53156047,0.06043310457,a,366.4694894,1315.055214,2895.042838,3613.638513,LL,15
a,0,la,11.59937984,0.07520564125,l,673.4449401,1362.414364,2455.41827,4044.501081,LL,15
l,0,luzî,11.6611559,0.04834648366,u,348.8714149,1255.347909,2678.482072,3378.935572,LL,15
u,0,luzî,11.73233267,0.09400705156,θ,356.0753212,1072.905195,2412.712685,3447.855512,LL,15
θ,0,luzî,11.85146522,0.1442580584,iː,1430.903223,1890.675888,2372.822117,3598.078397,LL,15
iː,1,luzî,12.01355611,0.1799237171,l,254.1530026,2249.279314,2627.702712,3658.92184,LL,15
l,0,l'é,12.134406,0.06177606245,e,295.4212179,1467.952984,2447.976665,3837.495277,LL,15
e,1,l'é,12.18498115,0.03937423874,i,504.0510956,1828.198453,2414.368899,4040.188366,LL,15
i,0,int,12.24759956,0.0858625822,n,408.6389008,2432.591792,2490.372521,4239.227685,LL,15
n,0,int,12.305804,0.03054629307,t,339.0122831,1484.542186,2416.429603,4218.83958,LL,15
t,0,int,12.37295189,0.1037494949,a,264.9659934,634.5535952,2370.017661,3524.935593,LL,15
a,0,al,12.45302876,0.05640423094,l,610.0088161,1396.458669,2360.410017,3827.313582,LL,15
l,0,al,12.50540411,0.04834648366,p,353.4974137,1240.90518,2462.819903,3740.603255,LL,15
p,0,pulèr,12.59239928,0.1256438366,u,354.044469,1378.502447,2964.977807,3748.415862,LL,15
u,0,pulèr,12.68946662,0.06849085185,l,313.638972,677.4082178,2453.808826,3066.444284,LL,15
l,0,pulèr,12.75661451,0.06580493609,ɛː,387.1486458,1230.236312,1786.026088,3336.39472,LL,15
ɛː,1,pulèr,12.89798315,0.2169323336,r,576.0926358,1767.795568,2417.514221,3679.664832,LL,15
r,0,pulèr,13.04002326,0.06714789397,NA,457.8894222,1428.191843,2387.451577,3997.635947,LL,15
k,0,con,13.56247851,0.0523753573,o,1066.014308,1299.859853,2837.175198,3896.197728,LL,15
o,0,con,13.6235831,0.06983380973,n,646.0187122,1057.243274,2187.220023,3513.965366,LL,15
n,0,con,13.68871655,0.06043310457,s,589.7438447,921.9156173,2349.960766,2570.860024,LL,15
s,0,sô,13.77130846,0.1047507146,oː,1226.600273,2259.866217,3068.772978,3756.049544,LL,15
oː,1,sô,13.84726286,0.04715807548,θ,452.1671344,1219.361635,2153.754048,3455.142076,LL,15
θ,0,zién,13.9403786,0.1390734154,j,1423.935429,2311.180862,3383.292732,4378.52653,LL,15
j,0,zién,14.02267341,0.02551619971,e,317.2999144,2111.784079,2582.449626,3871.753403,LL,15
e,1,zién,14.06363363,0.05640423094,n,384.2564894,2141.04649,2507.395223,3900.301375,LL,15
n,0,zién,14.13924069,0.09480988869,m,393.3599991,538.6902437,2409.313325,2761.254755,LL,15
m,0,mèver,14.23324774,0.09320421442,ɛː,271.2396915,1102.068488,2343.874688,3067.716835,LL,15
ɛː,1,mèver,14.40683664,0.2539735889,v,599.1106352,1846.39682,2389.691331,3972.597537,LL,15
v,0,mèver,14.59271007,0.1177732777,e,335.0495665,1385.530978,2311.531505,3769.123421,LL,15
e,0,mèver,14.67778439,0.0523753573,r,536.0500559,1563.373141,2353.778233,4062.560686,LL,15
r,0,mèver,14.74627524,0.0846063464,NA,402.3817098,1517.160693,2357.821968,2748.608755,LL,15
k,0,ch'l,15.13126444,0.04163169426,l,1041.591961,1988.834728,2372.586425,3877.538348,LL,15
l,0,ch'l,15.17356761,0.04297465214,e,304.823868,1489.993837,2359.4673,3916.552278,LL,15
e,1,é,15.22325706,0.05640423094,u,407.9140153,1794.794415,2337.862185,3758.028075,LL,15
u,0,un,15.30383453,0.1047507146,n,394.9200915,918.9728535,2290.82332,3221.531068,LL,15
n,0,un,15.37971165,0.04700352578,ɔː,310.1854677,1069.08904,2342.312534,3228.807986,LL,15
ɔː,1,òmen,15.48157294,0.1567190563,m,575.6241194,963.2655194,2576.864975,3623.542749,LL,15
m,0,òmen,15.6035786,0.08729226216,e,325.6085353,1074.514417,2296.144373,4051.653739,LL,15
e,0,òmen,15.67195954,0.04946961435,n,471.7431967,1598.687804,2322.785259,3289.532983,LL,15
n,0,òmen,15.73295421,0.07251972549,k,331.2695284,1377.71902,2401.56088,4177.860432,LL,15
k,0,cum,15.82830422,0.1181802934,u,866.1930462,1191.843558,2778.529836,3797.650996,LL,15
u,0,cum,15.95705168,0.1393146282,m,554.3975019,2219.930851,4055.05251,NA,LL,15
m,0,cum,16.04884078,0.04426358568,v,464.2073418,1778.819758,2369.84346,4135.044018,LL,15
v,0,và,16.11029273,0.0786403108,a,300.3741643,1061.268896,2361.830926,3509.092207,LL,15
a,1,và,16.25275055,0.2062753337,NA,720.2072411,1369.960893,2337.295804,3830.755173,LL,15
m,0,mo,16.68307621,0.05446706897,o,314.0791949,757.7858531,2321.834169,3267.690367,LL,15
o,0,mo,16.73314002,0.0456605679,a,550.5800924,711.0363972,2311.68192,3782.847524,LL,15
a,0,anc,16.78350094,0.05506127306,n,621.160006,1091.992279,2251.612031,3886.628594,LL,15
n,0,anc,16.89362349,0.1651838192,k,697.6737971,1462.224924,2210.430969,3882.631471,LL,15
k,0,anc,17.04468993,0.136949065,u,1020.671735,1183.204355,3161.531399,3936.813969,LL,15
u,0,un,17.14136658,0.05640423094,n,324.4127711,792.5125674,2290.673953,3536.036566,LL,15
n,0,un,17.21254335,0.08594930428,p,535.3481848,2289.350095,2676.74378,4644.890999,LL,15
p,0,pô,17.31977647,0.1285169408,oː,430.5026627,1833.372884,2759.439118,3922.789108,LL,15
oː,1,pô,17.58949118,0.4109124724,i,423.3336468,804.4438881,2614.36411,3297.719248,LL,15
i,0,incucalé,17.83926502,0.08863522004,n,302.9437525,2110.770559,2550.14611,3700.97931,LL,15
n,0,incucalé,17.93901828,0.1108712999,k,331.0751876,851.3795106,2370.328185,3576.824374,LL,15
k,0,incucalé,18.07721668,0.1655254983,u,243.5210856,1327.950499,2408.072527,3413.509516,LL,15
u,0,incucalé,18.19892521,0.07789155701,k,319.2098429,708.8262457,2352.627504,3402.069063,LL,15
k,0,incucalé,18.30099001,0.1262380407,a,411.4046725,1204.600816,2534.523935,3679.827783,LL,15
a,0,incucalé,18.4061151,0.08401214232,l,590.5022409,1400.860782,2247.086955,3425.19979,LL,15
l,0,incucalé,18.47699477,0.05774718881,e,392.187421,1384.283262,2788.035838,3666.771759,LL,15
e,1,incucalé,18.56361555,0.1154943776,NA,438.8544852,1885.951182,2625.537398,3703.173121,LL,15
a,0,adès,19.459535,0.05774718881,d,687.1846563,1318.671868,2396.991649,3531.031849,LL,15
d,0,adès,19.51996811,0.06311902033,ɛː,602.0025951,1314.124115,2545.168495,3649.189127,LL,15
ɛː,1,adès,19.64889206,0.1947288925,s,593.5404275,1795.261811,2466.531578,4092.398578,LL,15
s,0,adès,19.81827563,0.1440382313,NA,1480.445496,2109.402204,3157.105881,3708.580173,LL,15
a,0,al,20.22637595,0.06177606245,l,733.9657718,1423.565007,2367.380254,3977.937542,LL,15
l,0,al,20.30158159,0.08863522004,t,495.8529308,1448.673095,2472.321492,4126.228129,LL,15
t,0,tîra,20.41620098,0.1406035617,iː,430.8671376,1870.008458,2210.729222,3365.621673,LL,15
iː,1,tîra,20.55297918,0.1329528301,r,295.0928219,2265.548521,2850.765919,3531.387684,LL,15
r,0,tîra,20.64027144,0.04163169426,a,355.7882846,1363.402941,2293.599347,3881.840291,LL,15
a,0,tîra,20.6926468,0.06311902033,d,570.0937974,1503.752315,2373.833003,3793.520967,LL,15
d,0,di,20.75920049,0.06998835943,i,317.314412,1574.097228,2449.29175,3798.79455,LL,15
i,0,di,20.82441122,0.06043310457,a,274.9860345,2232.111328,2720.619615,3789.24484,LL,15
a,0,azidént,20.87678658,0.04431761002,θ,484.9095299,1745.601836,2440.932522,3923.959135,LL,15
θ,0,azidént,20.97279174,0.147692728,i,1220.360348,1859.533224,2974.150267,4109.267816,LL,15
i,0,azidént,21.06946839,0.0456605679,d,292.408694,2153.865299,2476.740034,3147.239031,LL,15
d,0,azidént,21.13795924,0.0913211358,e,242.4446868,1676.024265,2426.140787,4112.252637,LL,15
e,1,azidént,21.25804406,0.1488484974,n,455.3514078,2137.761436,2390.352702,4057.513162,LL,15
n,0,azidént,21.36067042,0.05640423094,t,437.4951305,1481.885736,2326.663138,4561.045669,LL,15
t,0,azidént,21.46542114,0.1530971983,NA,639.5908652,1677.310207,2504.937382,3757.290961,LL,15
d,0,drî,21.78922854,0.08863522004,r,225.7287494,1430.739921,3311.388393,NA,LL,15
r,0,drî,21.86241974,0.05774718881,iː,389.7449286,1653.763436,2228.305022,4150.125969,LL,15
iː,1,drî,21.95641047,0.1302342756,a,341.5037468,2280.309726,2957.201065,4313.610241,LL,15
a,0,al,22.05443008,0.06580493609,l,533.5457514,1562.898833,2398.506096,4163.217447,LL,15
l,0,al,22.11553466,0.05640423094,b,311.8619691,1303.921551,2491.463009,3339.016642,LL,15
b,0,bîsti,22.2279524,0.1684312413,iː,211.9088083,1084.707546,2200.527348,3670.3137,LL,15
iː,1,bîsti,22.3730691,0.1218021514,s,303.5082856,1851.905565,2334.502747,3609.608952,LL,15
s,0,bîsti,22.48567405,0.1034077567,t,1793.139316,2074.331291,2950.22882,3970.585523,LL,15
t,0,bîsti,22.58169554,0.08863522004,i,1214.536193,2366.22828,3271.192004,4142.322676,LL,15
i,0,bîsti,22.64951491,0.04700352578,k,281.6729496,2165.798461,2560.02505,3889.705673,LL,15
k,0,cazadåuri,22.71194613,0.07785891826,a,1664.785008,2354.635572,3154.211631,4347.411589,LL,15
a,0,cazadåuri,22.77437736,0.04700352578,θ,540.0250068,1641.544051,2241.902967,4003.006511,LL,15
θ,0,cazadåuri,22.85264329,0.109528342,a,1180.035765,1730.565626,2805.519324,3648.154198,LL,15
a,0,cazadåuri,22.94903916,0.08326338852,d,632.9081602,1371.691873,2342.141586,4112.384133,LL,15
d,0,cazadåuri,23.02155888,0.06177606245,ɑu,370.1349281,1226.383409,2597.215897,4038.271462,LL,15
ɑu,1,cazadåuri,23.22153337,0.3381729197,r,656.460515,1099.526278,2384.376421,4273.2996,LL,15
r,0,cazadåuri,23.4235223,0.06580493609,i,408.6821575,1421.262414,2009.166412,2205.170593,LL,15
i,0,cazadåuri,23.49067019,0.06849085185,NA,354.5880048,2031.152501,2460.15855,4233.192554,LL,15
k,0,ch'äl,23.81724078,0.1074366304,æ,1297.421077,2127.061924,2448.394783,3597.179495,LL,15
æ,1,ch'äl,23.90050417,0.05909014669,l,410.0951132,1713.713524,2312.050152,2897.908713,LL,15
l,0,ch'äl,23.96093728,0.06177606245,v,298.2335648,1497.88292,2386.798223,4104.471579,LL,15
v,0,van,24.04218623,0.100721841,a,261.3438819,1216.099179,2367.81425,3953.79661,LL,15
a,1,van,24.14290807,0.100721841,n,673.3940764,1645.364289,2431.186561,4049.83403,LL,15
n,0,van,24.23708599,0.08763400032,s,588.4909365,1163.641485,2272.376164,3980.52662,LL,15
s,0,sänpr,24.36148046,0.1611549455,æ,1549.372166,2095.585255,3157.279646,4077.672649,LL,15
æ,1,sänpr,24.48818644,0.09225701904,n,759.1712668,1582.839611,2278.948864,3978.137228,LL,15
n,0,sänpr,24.58131848,0.09400705156,p,657.7773326,1599.692585,2329.618144,4478.927055,LL,15
p,0,sänpr,24.67062518,0.0846063464,r,253.0935826,716.3179228,2403.805241,3631.992427,LL,15
r,0,sänpr,24.74208273,0.05830875416,a,522.8733896,1205.902803,1933.651778,2506.327924,LL,15
a,0,a,24.79541035,0.04834648366,m,583.5504513,1374.1513,2215.277853,4007.166364,LL,15
m,0,magnèr,24.85554635,0.0719255214,a,274.5334072,982.7541937,2239.353904,2452.815708,LL,15
a,0,magnèr,24.92306862,0.06311902033,ɲ,586.6233555,1443.574072,2309.567622,3886.273677,LL,15
ɲ,0,magnèr,24.99529122,0.08132616756,ɛː,295.9787,965.0971424,2417.743263,4484.983366,LL,15
ɛː,1,magnèr,25.12861839,0.1853281874,r,586.7664139,1816.521526,2064.616602,2690.67831,LL,15
r,0,magnèr,25.2364294,0.03029382714,æ,479.0255583,1418.598734,2292.695228,3996.846324,LL,15
æ,1,äl,25.27977843,0.05640423094,l,427.9552297,1624.953723,2300.067886,2971.591,LL,15
l,0,äl,25.34894076,0.08192043064,s,399.3116975,1482.619706,2229.911859,3678.234235,LL,15
s,0,såu,25.45693896,0.1340759608,ɑu,1460.45313,2365.483179,3388.360761,4215.471322,LL,15
ɑu,1,såu,25.5985111,0.1490683246,g,647.1599819,1032.431374,2149.788477,3740.508148,LL,15
g,0,galén,25.71303689,0.07998326868,a,264.116452,1376.006699,2447.5681,3848.828074,LL,15
a,0,galén,25.78458804,0.06311902033,l,590.9648014,1470.548216,2483.032645,3692.668653,LL,15
l,0,galén,25.84502114,0.05774718881,e,366.2558562,1410.873025,2613.208358,3511.048408,LL,15
e,1,galén,25.93009543,0.1124013872,n,409.0147129,1981.276689,2470.32994,4087.622329,LL,15
n,0,galén,26.02658486,0.08057747276,NA,269.35205,818.3987949,2201.088106,2447.551478,LL,15
s,0,sé,26.72327939,0.2146860133,e,1624.639882,2480.419087,3344.808085,4042.437901,LL,15
e,1,sé,26.9165717,0.1718986086,NA,556.8191577,1683.884451,2056.55125,3085.686728,LL,15
t,0,té,27.59765047,0.1087795882,e,757.956807,1671.763523,2907.990172,3640.573262,LL,15
e,1,té,27.75209063,0.200100724,NA,541.1393891,1789.609533,2095.77901,2768.120647,LL,15
k,0,ch'at,28.3311373,0.08863522004,a,1180.986079,2224.123275,3257.239867,4110.63688,LL,15
a,0,ch'at,28.4043285,0.05774718881,t,632.8612234,1615.380936,2054.593977,3906.762151,LL,15
t,0,ch'at,28.48681047,0.1072167442,p,444.5637613,1561.587116,3032.078887,3959.668151,LL,15
p,0,pièS,28.57839604,0.07595439504,j,576.2856879,1708.089628,2980.403513,3829.234605,LL,15
j,0,pièS,28.64188944,0.05103239942,ɛː,511.0961175,2146.4863,2643.392269,4142.199719,LL,15
ɛː,1,pièS,28.70970881,0.0846063464,z,644.0076769,1708.377358,2310.829042,2670.082026,LL,15
z,0,pièS,28.79344014,0.08285631388,æ,1705.289736,2545.373071,3475.471831,4191.64926,LL,15
æ,1,äl,28.86575633,0.06177606245,l,521.3088862,1702.072467,2515.176063,2633.372906,LL,15
l,0,äl,28.92820387,0.06311902033,b,394.3089951,1572.222917,2502.804967,4200.429371,LL,15
b,0,bîsti,29.02191382,0.1243008787,iː,247.5491775,1261.761584,2256.802308,3652.525911,LL,15
iː,1,bîsti,29.19609133,0.2240541387,s,348.3171056,2387.245256,2637.714839,4357.781502,LL,15
s,0,bîsti,29.37593777,0.1356387458,t,1978.94722,2486.102737,3513.930093,4059.810836,LL,15
t,0,bîsti,29.50284729,0.1181802934,i,892.0165183,2020.587155,2669.814861,3757.451685,LL,15
i,0,bîsti,29.62283851,0.1218021514,NA,278.0685334,2182.271422,2554.02735,4348.868956,LL,15
ai,0,ajîr,30.12061991,0.1666813268,iː,729.2186946,1609.385256,1909.039132,4238.801744,LL,15
iː,1,ajîr,30.37421912,0.3405170973,r,371.9128704,2360.486135,2588.780681,4319.213647,LL,15
r,0,ajîr,30.58342345,0.07789155701,NA,390.1355544,1621.156427,2206.690321,4173.561722,LL,15
ai,0,ai,30.92842107,0.122209167,e,431.0518538,2174.01516,2583.83847,4237.979939,LL,15
e,1,é,31.01437038,0.04968944154,s,440.6158012,1903.981262,2289.460402,3947.907766,LL,15
s,0,stè,31.07939392,0.08035764557,t,1944.271768,2261.881723,3167.75766,4031.124744,LL,15
t,0,stè,31.14911782,0.05909014669,ɛː,1155.163755,2270.205535,2706.512241,3874.113933,LL,15
ɛː,1,stè,31.21693719,0.07654859913,u,619.4876165,1750.760685,2294.497823,2473.128768,LL,15
u,0,una,31.28005621,0.04968944154,n,470.5075177,1100.155254,1981.310551,2446.476224,LL,15
n,0,una,31.32034495,0.03088803123,a,400.577738,1079.078607,2363.230032,2457.210692,LL,15
a,0,una,31.36667699,0.06177606245,f,612.7513652,1405.76392,1991.612758,3692.728007,LL,15
f,0,fajéNna,31.44617597,0.09722189392,a,622.006712,1546.22383,2666.168387,3819.393478,LL,15
a,0,fajéNna,31.52366051,0.05774718881,j,615.1400203,1507.516167,2237.926492,4207.011754,LL,15
j,0,fajéNna,31.59013693,0.07520564125,e,424.3626757,2062.989615,2843.113515,4223.89861,LL,15
e,1,fajéNna,31.67810067,0.100721841,ŋː,450.3515115,1786.603469,2293.292185,2845.361343,LL,15
ŋː,0,fajéNna,31.75934962,0.06177606245,i,470.2651896,1579.806973,2334.516971,4600.661861,LL,15
i,0,int,31.83186935,0.08326338852,n,448.6061285,2230.226588,2311.189042,2997.563379,LL,15
n,0,int,31.89267683,0.03835157442,t,469.5561305,1925.97701,2332.788036,4603.289905,LL,15
t,0,int,31.95885614,0.09400705156,a,436.6767168,2232.160122,2820.821218,4120.284555,LL,15
a,0,al,32.05754722,0.103375118,l,783.3528871,1452.526717,2411.227912,3795.90281,LL,15
l,0,al,32.150195,0.08192043064,p,490.161643,1428.977709,2496.064387,3959.144842,LL,15
p,0,pulèr,32.27565165,0.1689928656,u,373.294424,1405.3533,3380.01613,3778.572542,LL,15
u,0,pulèr,32.41252344,0.1047507146,l,402.1630298,752.4360738,2257.852419,2599.426018,LL,15
l,0,pulèr,32.48772908,0.0456605679,ɛː,449.8323505,1285.022729,1778.250429,3787.523401,LL,15
ɛː,1,pulèr,32.66804349,0.3149682588,r,741.1030306,1835.14452,2479.434882,4283.123827,LL,15
r,0,pulèr,32.84768643,0.04431761002,NA,428.5346561,1440.86732,2452.436621,4207.171054,LL,15
g,0,guèrda,33.45288814,0.0389457785,w,650.8614775,1330.783986,3267.579995,3849.872898,LL,15
w,0,guèrda,33.51264976,0.08057747276,ɛː,468.1812011,1225.077734,2233.686299,4276.355458,LL,15
ɛː,1,guèrda,33.59994202,0.09400705156,r,601.8418483,1760.962928,2183.760497,2569.115017,LL,15
r,0,guèrda,33.68320541,0.07251972549,d,522.7512968,1388.355877,2205.010144,4180.507675,LL,15
d,0,guèrda,33.77163712,0.104343699,a,222.0657748,1343.72383,2791.042957,4128.271141,LL,15
a,0,guèrda,33.86208327,0.07654859913,m,632.7727167,1465.07173,2450.968989,4118.689613,LL,15
m,0,mò,33.94668962,0.09266409368,ɔː,262.1779226,1008.446337,2055.848676,2398.978882,LL,15
ɔː,1,mò,34.15272374,0.3194041481,NA,649.7975464,1105.045289,2512.985913,4180.816038,LL,15
k,0,qué,34.61892925,0.1181802934,w,992.525915,1808.877763,3269.904529,4046.98279,LL,15
w,0,qué,34.71427926,0.07251972549,e,465.4589829,1342.039202,2036.88403,4136.099437,LL,15
e,1,qué,34.86066167,0.2202450922,NA,527.9844732,2022.336473,2465.751961,4265.217991,LL,15
ai,0,ai,35.23923315,0.1179604072,e,423.090931,1454.890643,2226.630696,4084.917041,LL,15
e,1,é,35.32641547,0.05640423094,l,452.7926319,1968.507173,2039.684957,2745.038864,LL,15
l,0,äl,35.38013379,0.05103239942,s,416.7274338,1552.008541,2199.551481,3911.704994,LL,15
s,0,såu,35.48535247,0.159404972,ɑu,1659.779874,1972.781165,2841.982695,3808.527447,LL,15
ɑu,1,såu,35.6496613,0.1692126928,p,688.7549382,1176.076794,2210.171422,3867.90711,LL,15
p,0,pedghè,35.80753613,0.1465369586,e,428.8257233,831.3003904,2277.931442,3533.505954,LL,15
e,0,pedghè,35.91639299,0.07117676761,d,461.4199514,1686.449481,2344.975055,3828.666068,LL,15
d,0,pedghè,36.0169113,0.1298598397,g,339.3494313,1580.108414,2354.772533,4295.97727,LL,15
g,0,pedghè,36.13354509,0.1034077567,ɛː,289.6170649,1616.111153,2361.018875,4369.100631,LL,15
ɛː,1,pedghè,36.32825767,0.2860173896,NA,621.1745793,1695.013407,1954.701981,2422.599804,LL,15
e,0,e,37.17191305,0.1101225461,g,467.7613733,2122.271678,2274.500708,4274.654111,LL,15
g,0,guèrda,37.28069264,0.1074366304,w,262.9550387,1001.828924,2462.942286,3777.529361,LL,15
w,0,guèrda,37.36999934,0.07117676761,ɛː,416.7635478,960.0543599,2182.993703,3514.953699,LL,15
ɛː,1,guèrda,37.52365811,0.2361407596,r,644.9567823,1612.62838,2419.932306,4290.492991,LL,15
r,0,guèrda,37.75856582,0.233674671,d,429.3662634,1249.680741,2061.193971,3773.090166,LL,15
d,0,guèrda,37.93121318,0.1116200537,a,296.3469358,1299.69538,3219.288083,3855.60024,LL,15
a,0,guèrda,38.11326125,0.2524760813,k,663.6905196,1512.944352,2377.842724,4183.178206,LL,15
k,0,quanti,38.30049396,0.1219893398,w,617.0790059,1548.646629,3047.434453,4168.858641,LL,15
w,0,quanti,38.38431891,0.0456605679,a,530.3362877,1059.606965,1978.470581,3776.000757,LL,15
a,1,quanti,38.46355343,0.1128084619,n,758.7255846,1503.825597,2208.650701,3738.991235,LL,15
n,0,quanti,38.56224451,0.08457370766,t,497.1323303,1552.385409,2368.559103,4727.23171,LL,15
t,0,quanti,38.67302222,0.1369817037,i,388.0454529,1814.781714,3111.543449,3939.337671,LL,15
i,0,quanti,38.76837223,0.05371831518,p,366.1423957,2224.496527,2559.69359,4298.219367,LL,15
p,0,piómm,38.86169148,0.1329201913,j,362.921246,2196.06365,3538.810916,NA,LL,15
j,0,piómm,38.96844031,0.08057747276,o,342.3354445,2085.11414,2477.454685,3406.51361,LL,15
o,1,piómm,39.05371814,0.08997817792,mː,621.2677733,1215.980385,2496.071306,4257.68733,LL,15
mː,0,piómm,39.15222204,0.1070296147,d,333.05716,966.3885349,2268.396556,2617.774254,LL,15
d,0,däl,39.24649355,0.08151341501,æ,283.5718488,1419.4393,2729.720162,3663.950764,LL,15
æ,1,däl,39.32216716,0.06983380973,l,563.3051304,1714.397422,2460.440151,4262.321465,LL,15
l,0,däl,39.40341612,0.09266409368,m,371.2177133,1540.806723,2530.571665,4066.228186,LL,15
m,0,mî,39.51553678,0.1315772334,iː,462.7451141,1495.630329,2338.951094,4603.205989,LL,15
iː,1,mî,39.60952751,0.05640423094,p,340.1865229,2360.031667,2389.394258,3859.592097,LL,15
p,0,pôvri,39.69585116,0.1162430724,oː,385.5709276,2301.789934,2336.780617,4203.950279,LL,15
oː,1,pôvri,39.85133715,0.1947288925,v,473.2258116,858.7007911,2529.673289,3366.7743,LL,15
v,0,pôvri,39.98878682,0.08017045713,r,856.7746976,2263.953939,3594.615021,4421.083573,LL,15
r,0,pôvri,40.05438825,0.05103239942,i,392.5206103,1286.189951,2070.490882,2965.046864,LL,15
i,0,pôvri,40.11482135,0.06983380973,g,413.6222803,2082.985349,2452.876151,4243.260284,LL,15
g,0,galén,40.18387377,0.06827102466,a,333.3191968,2063.262482,2300.434093,4308.368904,LL,15
a,0,galén,40.26098393,0.08594930428,l,596.5431054,1535.019188,2444.119934,4030.023719,LL,15
l,0,galén,40.33753253,0.06714789397,e,464.7393289,1398.832924,2609.091494,3085.310467,LL,15
e,1,galén,40.44064319,0.1390734154,n,463.5044302,1648.670892,2179.624547,2637.415467,LL,15
n,0,galén,40.54643976,0.07251972549,m,522.0699209,2254.960206,2350.5592,4468.117358,LL,15
m,0,magnè,40.63977533,0.1141514197,a,283.4934971,767.8760776,2210.762226,2358.554377,LL,15
a,0,magnè,40.73635839,0.07901468769,ɲ,669.6281608,1577.40166,2394.47472,4027.644136,LL,15
ɲ,0,magnè,40.82958404,0.1074366304,ɛː,498.471026,2215.538235,2944.631186,4111.666855,LL,15
ɛː,1,magnè,40.99062908,0.2146534335,NA,650.6609504,2057.647175,2378.206429,4185.598436,LL,15
d,0,da,41.36517177,0.06714789397,a,286.928061,1483.246203,2480.370765,3834.162032,LL,15
a,0,da,41.43299115,0.06849085185,k,648.7102788,1508.501504,2390.730874,3909.73496,LL,15
k,0,cäl,41.5263104,0.1181476546,æ,609.8229221,1385.320233,2343.671706,3873.397226,LL,15
æ,1,cäl,41.63238775,0.09400705156,l,568.6589333,1687.240339,2391.172664,2512.36889,LL,15
l,0,cäl,41.72102297,0.08326338852,b,394.451673,1545.038507,2366.626082,3915.055346,LL,15
b,0,brótti,41.84004561,0.1547818943,r,242.8780832,1037.117817,2302.586104,4004.617667,LL,15
r,0,brótti,41.97652671,0.1181802934,o,496.1245647,1287.755541,1824.137696,3464.50315,LL,15
o,1,brótti,42.08060594,0.08997817792,tː,592.6657964,1185.408794,2102.855979,3669.259826,LL,15
tː,0,brótti,42.25027029,0.2493505112,i,412.2686454,1387.566224,2505.98648,3907.596477,LL,15
i,0,brótti,42.41859167,0.08729226216,s,425.5107967,2203.841233,2379.634658,3955.909791,LL,15
s,0,schivåuSi,42.50924133,0.09400705156,k,1509.200495,2369.524849,3420.910273,4179.910536,LL,15
k,0,schivåuSi,42.63143418,0.1503786438,i,257.1875,2556.781033,3409.169202,3909.740606,LL,15
i,0,schivåuSi,42.74086893,0.06849085185,v,359.8666728,2270.961676,2998.504785,3527.780786,LL,15
v,0,schivåuSi,42.8053309,0.06043310457,ɑu,349.0547656,1202.727313,2207.817342,3290.115287,LL,15
ɑu,1,schivåuSi,42.95179059,0.2324862628,z,708.7388136,1292.540912,2347.883514,3936.834548,LL,15
z,0,schivåuSi,43.12040908,0.1047507146,i,1167.741662,2824.306667,3205.58779,3972.228747,LL,15
i,0,schivåuSi,43.19427176,0.04297465214,k,422.1284502,2125.284244,2569.135957,3750.343358,LL,15
k,0,ch'ai,43.27272485,0.1139315336,ai,409.2376818,2144.65208,2572.35044,4163.795272,LL,15
ai,0,ch'ai,43.47433934,0.2892974504,v,397.9923097,2282.4227,2538.298695,3139.256321,LL,15
v,0,véggna,43.70809123,0.1782063233,e,234.6180023,1304.01382,2332.035262,3575.917947,LL,15
e,1,véggna,43.8670282,0.1396676195,ɲː,503.5892829,2188.271994,2580.809889,4400.416531,LL,15
ɲː,0,véggna,43.98845598,0.1031879295,u,309.540526,2263.724296,3119.001157,4274.421848,LL,15
u,0,un,44.06959502,0.05909014669,n,454.7276758,1053.86227,2312.192347,2583.93536,LL,15
n,0,un,44.12197037,0.0456605679,a,331.2217792,1235.827863,2227.496223,2498.181413,LL,15
a,0,azidänt,44.1781711,0.06674087833,θ,671.4965839,1507.77157,2224.665998,4027.508647,LL,15
θ,0,azidänt,44.26861725,0.1141514197,i,788.859402,2054.331664,3118.521618,3945.649007,LL,15
i,0,azidänt,44.35658099,0.06177606245,d,331.980336,2108.25295,2517.232104,4460.281374,LL,15
d,0,azidänt,44.41278168,0.05062532478,æ,278.8528654,1615.806484,2462.016364,3085.740047,LL,15
æ,1,azidänt,44.50054188,0.1248950828,n,765.2011167,1708.61067,2478.369195,3941.707575,LL,15
n,0,azidänt,44.58581971,0.0456605679,t,633.6876739,1612.186915,2287.023398,4459.230296,LL,15
t,0,azidänt,44.65573079,0.09416160126,a,431.6714176,1597.461488,2233.641033,3478.856071,LL,15
a,0,a,44.73101371,0.05640423094,t,644.204174,1521.788775,2252.118756,4121.088807,LL,15
t,0,tótti,44.81226266,0.1060936725,o,552.3404359,1533.100813,2417.278378,4252.938009,LL,15
o,1,tótti,44.89485457,0.05909014669,tː,550.6158623,1188.969135,2367.95732,4093.486761,LL,15
tː,0,tótti,45.00889605,0.1689928066,i,741.2501342,2176.499184,3815.231368,NA,LL,15
i,0,tótti,45.13569562,0.0846063464,NA,344.3198027,2307.137529,2633.843764,4343.119045,LL,15
æ,1,äl,45.58503695,0.07789155701,l,509.3683967,2015.363142,2573.820961,4028.110304,LL,15
l,0,äl,45.65554223,0.06311902033,f,344.894393,1772.983209,2059.024037,3382.449653,LL,15
f,0,fajéNni,45.80929459,0.2443856953,a,1066.388843,1756.487085,2626.777291,3609.799632,LL,15
a,0,fajéNni,45.97166626,0.08035764557,j,712.9969554,1398.427986,2122.728453,3515.391755,LL,15
j,0,fajéNni,46.07227819,0.1208662091,e,326.3435064,2319.555183,2911.215434,4362.587003,LL,15
e,1,fajéNni,46.18374369,0.1020647988,ŋː,442.6575068,2027.884274,2351.118,3595.159236,LL,15
ŋː,0,fajéNni,46.31535357,0.1611549455,i,376.8164064,1737.611315,2469.209609,4671.839611,LL,15
i,0,fajéNni,46.43342392,0.07498575506,d,376.6884194,2217.158731,2602.196689,4411.081317,LL,15
d,0,dal,46.50180483,0.06177606245,a,256.7169398,1652.00575,2536.215795,4341.547599,LL,15
a,0,dal,46.55983277,0.05427982152,l,760.719349,1493.337405,2617.382635,4287.018942,LL,15
l,0,dal,46.68097973,0.1880141031,m,587.7216378,1450.565335,2652.551498,4164.646619,LL,15
m,0,månnd,46.84278981,0.1356060481,ɑ,280.145639,1141.31569,1858.217047,2666.268672,LL,15
ɑ,1,månnd,46.95491044,0.08863522004,nː,837.3531503,1339.27762,2398.021341,3988.157388,LL,15
nː,0,månnd,47.05966115,0.1208662091,d,269.7088723,1199.148707,2472.279786,3012.307991,LL,15
d,0,månnd,47.2094782,0.1787678887,NA,1145.039075,1987.098747,3276.690989,4088.539501,LL,15
m,0,mo,47.84722133,0.06446197821,o,240.2690013,1143.246777,2487.861634,3007.629194,RM,15
o,0,mo,47.92511289,0.0913211358,θ,460.1679596,1059.293748,2795.673303,3600.421986,RM,15
θ,0,zío,48.06112601,0.1807051096,i,675.4164086,1761.078391,2562.839521,3456.72504,RM,15
i,1,zío,48.24998246,0.1970077926,j,343.6843777,2086.794726,2818.732274,3406.324046,RM,15
j,0,zío,48.37400256,0.05103239942,o,409.8738831,1954.092745,2910.355813,3887.043665,RM,15
o,0,zío,48.47136701,0.1436964931,NA,536.5617943,1133.211273,2948.808822,3886.581685,RM,15
l,0,la,48.71765717,0.02283028395,a,371.4629153,1274.623238,2796.646602,3723.842987,LL,15
a,0,la,48.75861738,0.05909014669,d,631.3269512,1456.65461,2393.097805,3729.280086,LL,15
d,0,dîS,48.82364092,0.07095694042,iː,241.2219584,1459.026787,2353.958197,3701.73991,LL,15
iː,1,dîS,48.90410848,0.08997817792,z,316.0319771,2135.069279,2535.975905,3575.642954,LL,15
z,0,dîS,49.00751624,0.1168373355,l,1686.433798,2944.267621,3669.955417,4520.153108,LL,15
l,0,la,49.07533561,0.01880141031,a,350.9317392,1296.870811,2395.713969,3645.375519,LL,15
a,0,la,49.11562435,0.06177606245,l,577.2722418,1339.473867,2348.844921,3783.128597,LL,15
l,0,luzî,49.16665675,0.04028873638,u,299.1503095,1113.379381,2425.280528,3159.359061,LL,15
u,0,luzî,49.21701767,0.06043310457,θ,351.1873101,1061.742265,2464.886366,3443.837327,LL,15
θ,0,luzî,49.30544938,0.1164303199,iː,1483.376641,2420.473128,3228.768743,4044.452459,LL,15
iː,1,luzî,49.42812652,0.1289239564,NA,300.4426941,2113.238905,2583.098947,3192.323324,LL,15
iː,1,ît,49.81031989,0.0846063464,t,283.9410631,2329.485891,2506.790598,3181.042076,RM,15
t,0,ît,49.8929118,0.08057747276,s,302.2993642,2427.191098,2791.229816,4185.643009,RM,15
s,0,sicûr,50.00504878,0.1436964931,i,1270.317063,2108.449001,3347.871495,3985.223374,RM,15
i,0,sicûr,50.10019525,0.04659645114,k,311.590854,2392.547447,2464.114465,3880.621047,RM,15
k,0,sicûr,50.1866125,0.1262380407,uː,285.5221478,1282.376496,2430.749897,3485.249649,RM,15
uː,1,sicûr,50.4279379,0.3564127646,r,376.9674067,763.101251,2950.416742,4021.026477,RM,15
r,0,sicûr,50.6437471,0.07520564125,NA,424.1657745,1430.159105,2142.976411,3524.156363,RM,15
l,0,la,51.21921655,0.05371831518,a,421.1021341,1761.86441,2931.976018,4502.91228,RM,15
a,0,la,51.27092043,0.04968944154,k,833.2378031,1777.632223,3043.261024,3638.71268,RM,15
k,0,canpâgna,51.34746903,0.1034077567,a,564.2604375,1106.476625,2302.885328,3199.540702,RM,15
a,0,canpâgna,51.43341834,0.06849085185,n,855.3932191,1622.944176,2293.009798,4117.328773,RM,15
n,0,canpâgna,51.51265285,0.08997817792,p,280.2464142,1266.434994,2253.763204,2907.518924,RM,15
p,0,canpâgna,51.61431063,0.1133373885,aː,442.8706863,1776.413973,2582.214134,3707.717329,RM,15
aː,1,canpâgna,51.73476983,0.1275809985,ɲ,1053.738422,1613.342701,2135.478883,3036.169995,RM,15
ɲ,0,canpâgna,51.84489237,0.09266409368,a,300.908125,847.4698033,2249.965418,3387.190606,RM,15
a,0,canpâgna,51.90733991,0.03223098911,d,460.0393682,1968.809359,2113.434245,3124.843432,RM,15
d,0,d,51.952329,0.05774718881,a,246.891638,563.3550336,2044.446876,3222.252209,RM,15
a,0,atåurn,52.0125586,0.06271200469,t,630.4777137,1678.165007,2824.905174,3003.186598,RM,15
t,0,atåurn,52.09895956,0.1100899074,ɑu,685.8338026,1713.268272,2905.725395,NA,RM,15
ɑu,1,atåurn,52.23189607,0.155783114,r,1050.302145,1458.874949,3027.962553,3629.617797,RM,15
r,0,atåurn,52.33328939,0.04700352578,n,395.338698,1415.470177,1747.134469,3138.95546,RM,15
n,0,atåurn,52.38767918,0.06177606245,a,409.991749,1467.98505,2515.141891,3030.100382,RM,15
a,0,a,52.44408341,0.05103239942,b,895.7470419,1699.766971,2851.211923,3593.551285,RM,15
b,0,bulåggna,52.51447879,0.08975835073,u,224.2197913,920.8908964,2319.107163,2686.938641,RM,15
u,0,bulåggna,52.59360339,0.06849085185,l,384.399248,833.8194942,2670.793052,3324.942767,RM,15
l,0,bulåggna,52.65605093,0.05640423094,ɑ,382.2894758,1671.405757,2161.442164,3687.855585,RM,15
ɑ,1,bulåggna,52.76625075,0.163995411,ɲː,1182.217313,1538.892446,3052.988818,3550.936938,RM,15
ɲː,0,bulåggna,52.93554072,0.1745845243,a,310.9425599,999.4340022,2103.152281,3476.662883,RM,15
a,0,bulåggna,53.05372101,0.06177606245,NA,680.2376689,1383.397713,1747.481594,3069.512313,RM,15
l,0,l'é,53.4500155,0.04834648366,e,379.2280164,1817.599614,3003.719723,3743.562727,RM,15
e,1,l'é,53.50239085,0.05640423094,t,423.1611524,2031.367785,2387.212025,3848.58465,RM,15
t,0,tótta,53.58162537,0.1020647988,o,421.2041168,2033.534587,2802.75806,4174.342825,RM,15
o,1,tótta,53.66220284,0.05909014669,tː,451.0656926,1232.271799,2918.674732,3905.052823,RM,15
tː,0,tótta,53.73864153,0.09378722437,a,429.8901642,1019.558184,2867.787651,4312.203997,RM,15
a,0,tótta,53.7948354,0.01860052337,i,439.306922,1758.751525,2549.48363,3106.420268,RM,15
i,0,incuinè,53.82908083,0.04989032848,n,446.0821869,1995.569438,2548.483713,4109.890148,RM,15
n,0,incuinè,53.87954219,0.05103239942,k,337.9137234,973.278082,2187.25922,2832.161926,RM,15
k,0,incuinè,53.94514362,0.08017045713,w,412.9817143,1807.350776,3358.093096,3600.437422,RM,15
w,0,incuinè,54.01074505,0.05103239942,i,307.3788201,1303.244469,2520.906329,3878.220418,RM,15
i,0,incuinè,54.06782076,0.06311902033,n,306.5016155,2295.052196,2968.86936,3385.277639,RM,15
n,0,incuinè,54.12221055,0.0456605679,ɛː,299.1716506,1210.807914,2520.121,3030.184202,RM,15
ɛː,1,incuinè,54.24345114,0.1968206042,NA,790.6890186,2153.313584,2978.201846,3247.438198,RM,15
p,0,péNna,54.85074456,0.03491690486,e,1288.932127,1809.716274,3084.809692,3981.227034,RM,15
e,1,péNna,54.96019563,0.1839852295,ŋː,417.0804656,2450.449458,3068.430432,3997.370207,RM,15
ŋː,0,péNna,55.08441923,0.06446197821,e,372.1559858,1673.656591,2119.731047,2971.170357,RM,15
e,0,ed,55.15022417,0.06714789397,d,439.1901477,2136.819337,2938.360205,3222.943244,RM,15
d,0,ed,55.22321186,0.07882749925,f,394.8159209,1976.882317,2625.183242,4419.036483,RM,15
f,0,fâbric,55.31298653,0.100721841,aː,377.2217576,1893.316388,3131.48712,3886.952909,RM,15
aː,1,fâbric,55.46608373,0.2054725555,b,1051.547772,1513.602505,2586.693986,3070.972804,RM,15
b,0,fâbric,55.60170616,0.06577229735,r,224.5232469,1425.293608,2743.779653,4118.816242,RM,15
r,0,fâbric,55.64600745,0.02283028395,i,340.5361535,1897.9493,3011.874346,3462.857723,RM,15
i,0,fâbric,55.68763914,0.06043310457,k,351.2370532,2230.284697,3067.471293,3079.398586,RM,15
k,0,fâbric,55.76217331,0.08863522004,e,328.1598038,2396.605658,2904.432132,4499.718733,RM,15
e,0,e,55.82730676,0.04163169426,s,359.6704672,2187.335284,2487.601151,3718.730327,RM,15
s,0,supermarchè,55.9019182,0.1075911801,u,1907.844985,3069.887516,3437.745459,4684.843739,RM,15
u,0,supermarchè,55.9745152,0.03760282062,p,345.0396372,1091.430352,2295.312713,3136.081965,RM,15
p,0,supermarchè,56.03629126,0.08594930428,e,329.7351509,1801.819647,2807.002596,3858.250277,RM,15
e,0,supermarchè,56.12213065,0.08572947709,r,453.3800334,1903.117178,2218.134162,3062.642658,RM,15
r,0,supermarchè,56.18312532,0.03625986274,m,411.5482512,1728.527025,2391.456558,4147.986345,RM,15
m,0,supermarchè,56.23550068,0.06849085185,a,305.5106211,1327.48688,2279.006325,2740.271537,RM,15
a,0,supermarchè,56.30533449,0.07117676761,r,822.2257315,1715.851627,2580.791691,2824.147008,RM,15
r,0,supermarchè,56.36375316,0.0456605679,k,459.6297879,1696.405244,2401.595395,2902.443791,RM,15
k,0,supermarchè,56.45246565,0.1317644219,ɛː,458.3407421,1806.738688,2818.095875,3945.050279,RM,15
ɛː,1,supermarchè,56.62377006,0.2108443871,NA,571.6417258,1791.74269,2420.188806,3197.242386,RM,15
i,0,i,57.32738207,0.04700352578,k,308.3934118,2561.759006,3464.216016,4308.452807,RM,15
k,0,canp,57.42608947,0.1504112825,a,416.7500118,2283.174482,2756.096419,4302.58346,RM,15
a,1,canp,57.57553215,0.1484740615,n,1137.394382,1561.167678,2301.590236,2373.19495,RM,15
n,0,canp,57.70348749,0.1074366304,p,395.5640227,1166.750187,2330.023446,3258.678954,RM,15
p,0,canp,57.84936929,0.1843269676,NA,336.6348893,1274.15326,2504.760506,3608.780812,RM,15
i,0,i,58.11408654,0.05234271855,e,336.3548132,2294.158719,2727.584707,3423.154376,RM,15
e,1,én,58.16041859,0.04032137512,n,407.6952663,2382.451251,3022.948907,3182.588532,RM,15
n,0,én,58.21615134,0.07114412887,d,502.011172,1529.295257,2832.187083,3736.046653,RM,15
d,0,divîS,58.2839544,0.06446197821,i,265.3267045,1967.829386,2727.596923,4614.434861,RM,15
i,0,divîS,58.35580264,0.07923451489,v,301.7172929,2513.215515,2939.972878,3125.573002,RM,15
v,0,divîS,58.43167976,0.07251972549,iː,250.241929,1853.808252,2759.861503,3319.974998,RM,15
iː,1,divîS,58.53122951,0.1265797788,z,330.8771793,2667.945401,3022.651179,4433.275526,RM,15
z,0,divîS,58.62742187,0.06580493609,o,264.6973198,1966.640592,3178.269029,3826.554355,RM,15
o,1,ón,58.70061308,0.08057747276,n,477.0612358,1225.435537,2861.607934,3362.6027,RM,15
n,0,ón,58.79327717,0.1047507146,d,442.2629823,1109.400036,2640.364415,3314.516237,RM,15
d,0,da,58.87385464,0.05640423094,a,334.5030002,1583.39851,3003.346718,4285.323614,RM,15
a,0,da,58.93294479,0.06177606245,k,664.8007907,1809.505043,2134.079246,2993.67469,RM,15
k,0,cl,59.00841489,0.08916414664,l,557.9334657,1815.573397,2909.053619,NA,RM,15
l,0,cl,59.08119908,0.05640423094,ɛː,526.7656313,1579.308466,2971.082921,3269.534991,RM,15
ɛː,1,èter,59.16446247,0.1101225461,t,745.0984606,1512.577412,2168.112611,3137.708137,RM,15
t,0,èter,59.27592798,0.1128084619,e,541.9553979,1711.703826,2350.470585,3146.260906,RM,15
e,0,èter,59.35169518,0.03872595131,r,596.3205312,1805.239292,1874.977177,3043.919148,RM,15
r,0,èter,59.40664654,0.07117676761,d,433.6954797,1780.25831,2852.699975,4337.110302,RM,15
d,0,da,59.4845381,0.0846063464,a,348.8939637,1635.746449,2932.087099,NA,RM,15
a,0,da,59.56310113,0.07251972549,d,728.783148,1789.044481,1794.696657,3096.816492,RM,15
d,0,däl,59.62946761,0.06021321838,æ,333.692477,1510.476917,2345.295471,3797.176446,RM,15
æ,1,däl,59.69314816,0.06714789397,l,673.5521621,1766.810866,1878.019124,3013.80001,RM,15
l,0,däl,59.74955239,0.0456605679,s,472.7186573,1698.533972,3018.400916,4396.975193,RM,15
s,0,strè,59.84691684,0.1490683246,t,1788.676583,3142.639894,3828.43509,4616.640061,RM,15
t,0,strè,59.95922469,0.0755473794,r,1539.830359,2076.164166,3715.556387,4252.577855,RM,15
r,0,strè,60.02654345,0.05909014669,ɛː,515.4017987,1598.562217,2381.531169,3206.746102,RM,15
ɛː,1,strè,60.10309205,0.09400705156,p,650.7114339,1759.85935,2060.695356,2991.983393,RM,15
p,0,péNni,60.20321969,0.1062482222,e,523.9223039,1416.697445,1942.182677,2856.931168,RM,15
e,1,péNni,60.29528958,0.07789155701,ŋː,497.2042633,2345.837662,2975.946599,3715.905557,RM,15
ŋː,0,péNni,60.37721001,0.08594930428,e,668.2667558,2194.314648,2716.462475,3922.948798,RM,15
e,0,ed,60.45510157,0.06983380973,d,497.2431569,2050.975161,2143.585061,3116.022796,RM,15
d,0,ed,60.53165017,0.08326338852,m,387.4945432,2045.72719,3129.92838,NA,RM,15
m,0,mâchin,60.61403857,0.08151341501,aː,293.3260964,1375.762157,2679.362018,2789.533263,RM,15
aː,1,mâchin,60.7587646,0.2079386441,k,1024.559841,1577.27172,1843.698018,3075.807716,RM,15
k,0,mâchin,60.92316702,0.1208662091,i,896.7847742,1725.050291,2798.040575,3923.479391,RM,15
i,0,mâchin,61.01113077,0.05506127306,n,351.0723931,2439.657311,2962.261897,3162.838128,RM,15
n,0,mâchin,61.06552056,0.05371831518,NA,350.9356451,1154.872637,2344.705501,2913.52352,RM,15
e,0,e,61.70239164,0.04834648366,p,419.1177067,2314.863874,2501.312145,3115.15178,RM,15
p,0,pò,61.79800611,0.1428824618,ɔː,404.3255248,1956.905059,3137.809123,4617.809569,RM,15
ɔː,1,pò,61.94331002,0.1477253667,NA,621.8265506,1001.692772,2767.580352,3814.71141,RM,15
ai,0,ai,62.49568472,0.1356387458,e,383.77724,2115.621419,2337.135072,3057.037259,RM,15
e,1,é,62.59372065,0.06043310457,l,448.3397248,2306.068123,2917.011312,2999.612689,RM,15
l,0,la,62.65213932,0.05640423094,a,347.9398485,1794.624656,3058.232691,3520.095143,RM,15
a,0,la,62.70988651,0.05909014669,s,768.4231521,1783.591581,2521.994839,2886.8957,RM,15
s,0,staSån,62.78565368,0.09244420749,t,865.5715008,2032.653477,3054.158804,4178.265817,RM,15
t,0,staSån,62.86477825,0.06580493609,a,394.049867,2143.567849,3082.705569,4334.243221,RM,15
a,0,staSån,62.93239412,0.06942679409,z,499.3599557,1679.794201,2109.903563,2869.731065,RM,15
z,0,staSån,63.00806773,0.08192043064,ɑ,286.7896518,2169.296344,3109.865778,4249.940779,RM,15
ɑ,1,staSån,63.08394485,0.06983380973,n,882.6014528,1666.136004,2368.094285,3999.383878,RM,15
n,0,staSån,63.1557931,0.07386268337,d,467.1422751,1403.447108,1895.714204,2783.60791,RM,15
d,0,dla,63.22359615,0.06174342371,l,328.4719847,1905.944329,3039.462209,3946.691142,RM,15
l,0,dla,63.27125484,0.03357394699,a,449.7379116,1569.409438,2072.906829,3309.343275,RM,15
a,0,dla,63.31355801,0.05103239942,k,802.6149664,1663.481649,2717.795395,2734.911923,RM,15
k,0,câzia,63.38126747,0.08438651921,aː,461.1665196,1695.24506,2139.625711,3041.370713,RM,15
aː,1,câzia,63.51948222,0.1920429768,θ,988.4565615,1493.204257,1973.718456,3146.800663,RM,15
θ,0,câzia,63.68466604,0.1383246616,j,483.9134531,1526.860837,2336.852034,3419.592358,RM,15
j,0,câzia,63.77739503,0.0471333338,a,401.6521013,1919.89732,2467.458097,2839.366227,RM,15
a,0,câzia,63.82563161,0.04933980633,NA,709.8618454,1799.881,2255.137029,3084.768647,RM,15
k,0,ch'la,64.23816381,0.05103239942,l,1436.752526,2107.546772,3075.961971,3595.510142,RM,15
l,0,ch'la,64.28651029,0.0456605679,a,492.8370705,1613.916282,2957.944407,3807.622839,RM,15
a,0,ch'la,64.33821417,0.05774718881,f,865.6895491,1634.673913,2208.116377,3010.418266,RM,15
f,0,fà,64.41006242,0.08594930428,a,747.1705529,1796.522682,3185.771682,4134.593358,RM,15
a,1,fà,64.48661102,0.06714789397,f,835.775369,1390.311517,2954.906299,3894.738424,RM,15
f,0,fòra,64.57196612,0.1035623064,ɔː,676.6323139,1584.975755,3148.922213,4383.610441,RM,15
ɔː,1,fòra,64.70835362,0.1692126928,r,548.0888117,915.3752572,2977.547425,3713.393754,RM,15
r,0,fòra,64.82317652,0.06043310457,a,499.8832485,1388.409572,1978.669439,3303.643409,RM,15
a,0,fòra,64.89972512,0.09266409368,n,766.2824608,1620.499803,2335.448543,3245.495941,RM,15
n,0,anc,64.98365998,0.07520564125,k,419.9606339,966.5884086,2280.851599,2886.460041,RM,15
k,0,anc,65.06239389,0.0822621688,i,1172.702029,1614.422115,2884.008766,3523.816282,RM,15
i,0,i,65.13038413,0.05371831518,uː,280.1579835,2441.086627,2853.778213,3566.097571,RM,15
uː,1,ûltum,65.2015609,0.08863522004,l,331.9190893,1003.447872,2766.396609,3646.359858,RM,15
l,0,ûltum,65.28348133,0.07520564125,t,356.1448848,1289.090733,2323.876824,3009.590419,RM,15
t,0,ûltum,65.38821572,0.1342631492,u,429.4828533,1826.617417,2783.033952,3781.822059,RM,15
u,0,ûltum,65.48354941,0.05640423094,m,399.5379523,838.8807013,2940.994562,3633.368451,RM,15
m,0,ûltum,65.544654,0.06580493609,f,398.9643705,974.5614023,2436.006923,3059.472674,RM,15
f,0,faSàn,65.63634951,0.1175860893,a,850.7119384,1801.213935,3139.62242,4269.24212,RM,15
a,0,faSàn,65.72603059,0.06177606245,z,871.317263,1650.25741,2865.017911,4036.780492,RM,15
z,0,faSàn,65.8052651,0.09669296732,a,356.3641083,1601.167413,3124.544866,4070.357994,RM,15
a,1,faSàn,65.94223049,0.1772378013,n,973.3223759,1694.611046,2255.45369,2978.04856,RM,15
n,0,faSàn,66.05502263,0.04834648366,NA,726.6338785,1424.808351,2453.145095,3164.166158,RM,15
e,0,e,66.50436395,0.04700352578,æ,523.1788238,2112.530496,2239.619842,3119.551653,RM,15
æ,1,äli,66.55875374,0.06177606245,l,778.1230098,1875.346231,2853.07474,3005.628815,RM,15
l,0,äli,66.62914912,0.07901468769,i,310.8354056,2266.566428,2693.168425,3174.502871,RM,15
i,0,äli,66.68398228,0.03065164482,uː,272.9947878,2192.172855,2444.976619,3489.008007,RM,15
uː,1,ûltmi,66.77127455,0.1439328795,l,333.5124951,993.606241,2708.276495,3872.560983,RM,15
l,0,ûltmi,66.86875719,0.05103239942,t,328.2457694,1313.213298,2368.409715,3186.340469,RM,15
t,0,ûltmi,66.93791952,0.08729226216,m,343.534883,1764.551864,2570.347046,3458.29287,RM,15
m,0,ûltmi,67.02528905,0.08744681187,i,300.3975147,1281.070763,2506.987407,3787.56915,RM,15
i,0,ûltmi,67.11534451,0.09266409368,l,293.1338147,2678.194603,3157.224915,3500.933899,RM,15
l,0,lîver,67.18316388,0.04297465214,iː,275.266756,1692.745842,2956.802389,3200.978974,RM,15
iː,1,lîver,67.28636813,0.1634338456,v,356.8048385,2006.200506,2960.927708,3382.394478,RM,15
v,0,lîver,67.4110597,0.08594930428,e,210.5698357,1384.643226,2557.85178,2729.154701,RM,15
e,0,lîver,67.49768049,0.08729226216,r,477.9485796,1717.568546,2194.564879,3026.211211,RM,15
r,0,lîver,67.57020021,0.05774718881,NA,424.0409313,1710.729029,2751.30978,3721.271535,RM,15
k,0,cum,68.06442065,0.03491690486,u,561.5491005,1399.663805,2016.163132,3780.572074,RM,15
u,0,cum,68.12686819,0.08997817792,m,383.490793,1135.346747,2673.717126,3813.144738,RM,15
m,0,cum,68.19737348,0.05103239942,f,395.3680622,1055.317006,2661.588135,3085.632342,RM,15
f,0,fèt,68.28197983,0.1181802934,ɛː,1341.472522,2030.214284,3136.649557,3896.458567,RM,15
ɛː,1,fèt,68.39545977,0.1087795882,t,798.4328215,2036.229854,3035.444762,3138.472746,RM,15
t,0,fèt,68.50383234,0.107965557,a,495.0656244,1341.377208,2209.776175,3194.778834,RM,15
a,0,a,68.58803167,0.06043310457,d,531.044519,1767.286953,2146.873597,3071.781845,RM,15
d,0,dîr,68.65316513,0.06983380973,iː,282.3213243,1765.317566,3004.179048,4532.753245,RM,15
iː,1,dîr,68.75493282,0.1337015839,r,301.3703107,2236.167749,2750.444733,3119.234046,RM,15
r,0,dîr,68.86542975,0.08729226216,k,364.2598856,1684.008664,2468.926832,3814.897571,RM,15
k,0,ch'ai,68.98407801,0.1500042669,ai,405.0043176,1779.75769,2841.870328,3245.220479,RM,15
ai,0,ch'ai,69.10942475,0.1006892022,e,405.9680898,2043.570438,2375.595353,3190.704682,RM,15
e,1,é,69.18192815,0.04431761002,t,424.1630082,1949.66113,2906.559236,3146.371956,RM,15
t,0,tótt,69.26452006,0.1208662091,o,406.4717247,1888.653376,2872.67671,NA,RM,15
o,1,tótt,69.35919859,0.06849085185,tː,469.6363,1237.280506,2938.449465,3636.924852,RM,15
tː,0,tótt,69.4444601,0.1020321601,s,428.6630848,1134.44463,2993.319348,4019.172943,RM,15
s,0,ste,69.58343992,0.1759274822,t,1685.091872,2004.624125,3274.336946,3808.557363,RM,15
t,0,ste,69.73777016,0.1327330029,e,340.6854317,2051.680821,3237.787638,3767.752054,RM,15
e,0,ste,69.84912575,0.08997817792,f,460.0850402,1973.509805,2860.219833,3797.606168,RM,15
f,0,féss,69.95645244,0.1246751966,e,462.7567725,1687.030433,3078.579223,3252.856082,RM,15
e,1,féss,70.06445061,0.0913211358,sː,455.7614324,2079.798102,2842.335257,3502.327396,RM,15
sː,0,féss,70.19941787,0.178613398,e,1948.925549,3097.759736,3543.609718,4374.980827,RM,15
e,0,ed,70.31815973,0.0588703195,d,414.1387956,1916.798822,2828.123949,3426.302054,RM,15
d,0,ed,70.41004243,0.1248950828,b,260.6132939,1465.45784,2310.714327,3559.696666,RM,15
b,0,bîsti,70.51210723,0.07923451489,iː,308.7599048,1267.344161,2504.996722,3854.991754,RM,15
iː,1,bîsti,70.61741951,0.131390045,s,266.2109196,2217.051845,2569.166716,2950.761177,RM,15
s,0,bîsti,70.73750433,0.1087795882,t,2041.032235,2894.303254,3460.831021,4474.429615,RM,15
t,0,bîsti,70.82949694,0.07520564125,i,141.3235728,2151.735956,3334.048741,4009.240736,RM,15
i,0,bîsti,70.8973,0.06040046583,s,373.9234662,2369.386533,2840.123568,3931.487368,RM,15
s,0,salvâdghi,70.97450376,0.09400705156,a,1694.888356,3116.62775,3757.212395,4569.137112,RM,15
a,0,salvâdghi,71.04096385,0.03891313976,l,710.3314443,1445.349673,2448.480351,3060.079936,RM,15
l,0,salvâdghi,71.11346726,0.1060936725,v,482.4544181,1491.99786,2829.778795,4384.227147,RM,15
v,0,salvâdghi,71.21016022,0.08729226216,aː,308.4537163,1324.001116,2804.555074,3258.75497,RM,15
aː,1,salvâdghi,71.36305392,0.2184951187,d,1004.88483,1465.613848,2889.306003,2936.091596,RM,15
d,0,salvâdghi,71.51124725,0.07789155701,g,448.0141013,1553.738078,2787.453533,4421.732978,RM,15
g,0,salvâdghi,71.59316768,0.08594930428,i,280.7823335,1708.797015,2504.335505,4124.378374,RM,15
i,0,salvâdghi,71.67105924,0.06983380973,NA,299.9295702,2316.393383,2996.79513,4370.839915,RM,15
k,0,qué,71.94205163,0.1235521249,w,816.7366269,1827.106333,2911.01748,3905.473661,RM,15
w,0,qué,72.02195762,0.03625986274,e,445.7590621,1449.806007,2310.085866,3705.131577,RM,15
e,1,qué,72.05486009,0.02954507335,d,405.6127608,1900.595071,2929.799459,3166.58712,RM,15
d,0,d,72.09649178,0.05371831518,a,372.2372969,1768.919311,2704.976463,4400.108809,RM,15
a,0,atåuren,72.15625341,0.06580493609,t,746.104079,1692.39688,2866.705037,3017.323946,RM,15
t,0,atåuren,72.24526298,0.1122141988,ɑu,723.8322845,1691.252026,2785.462952,4109.084476,RM,15
ɑu,1,atåuren,72.45312432,0.3035084807,r,917.6497767,1455.560883,2581.126175,3270.032676,RM,15
r,0,atåuren,72.6256944,0.04163169426,e,413.0663351,1612.461929,2376.915739,3462.075619,RM,15
e,0,atåuren,72.69552821,0.0980359252,n,480.7236069,1754.378499,2266.496954,3526.448911,RM,15
n,0,atåuren,72.77838459,0.06767682057,NA,349.635702,1708.793487,2622.68244,4176.081332,RM,15
p,0,parché,73.44277536,0.04834648366,a,559.5209223,1451.519223,2953.020042,3835.537691,LL,15
a,0,parché,73.51126622,0.08863522004,r,684.3584537,1283.08929,2598.453987,3365.898853,LL,15
r,0,parché,73.6489194,0.1866711452,k,401.9601393,1345.370162,1956.354723,2576.311838,LL,15
k,0,parché,73.81188527,0.1392606038,e,535.8889729,1569.108508,2645.552352,3123.475941,LL,15
e,1,parché,74.027023,0.2910148442,NA,421.4713583,2051.687306,2470.334206,3783.165701,LL,15
a,0,a,74.5560668,0.06043310457,s,700.6342962,1546.025024,2175.653314,3063.598795,LL,15
s,0,sån,74.65410273,0.1356387458,ɑ,1719.793019,2400.411085,3603.288049,4017.665951,LL,15
ɑ,1,sån,74.78302669,0.122209167,n,746.1171349,1541.738625,2176.019809,3090.10716,LL,15
n,0,sån,74.90781186,0.1273611714,m,407.225093,753.4770328,2288.245742,3425.176774,LL,15
m,0,mé,75.06684245,0.1907000189,e,271.3857526,1191.973133,2308.324803,2889.157578,LL,15
e,1,mé,75.21388002,0.103375118,NA,519.2163689,2008.222257,2471.588374,3851.036381,LL,15
a,0,al,75.68107049,0.06177606245,l,690.8406585,1594.034019,2482.220896,3451.113668,LL,15
l,0,al,75.77574902,0.1275809985,p,367.2598246,1703.653913,2420.820068,3186.281065,LL,15
p,0,pôver,75.92144363,0.1638082225,oː,350.7061181,1806.536244,3071.9547,4042.230177,LL,15
oː,1,pôver,76.08152005,0.1563446204,v,423.3992589,735.4946397,2777.143278,3356.583165,LL,15
v,0,pôver,76.1966237,0.07386268337,e,458.8687173,1396.283959,2710.293651,3721.374546,LL,15
e,0,pôver,76.26472386,0.0623376278,r,441.335228,1483.053413,2231.438951,3764.450515,LL,15
r,0,pôver,76.33080958,0.06983380973,t,358.9309257,1280.05823,2123.284505,3546.869288,LL,15
t,0,turlurú,76.43535676,0.1392605448,u,354.7935444,1369.287674,2737.294578,3808.925607,LL,15
u,0,turlurú,76.57107275,0.1321714375,r,365.3894396,931.9749605,2433.067151,3442.623525,LL,15
r,0,turlurú,76.67476129,0.07520564125,l,1061.596336,1168.754347,2822.056959,4371.971623,LL,15
l,0,turlurú,76.77854342,0.132358626,u,339.420504,1324.283853,2094.509139,2945.348256,LL,15
u,0,turlurú,76.90985619,0.1302669143,r,356.1312158,920.9453687,2742.00535,3407.748301,LL,15
r,0,turlurú,76.99703854,0.04409778283,u,363.519605,1138.563091,1731.56896,2885.008776,LL,15
u,1,turlurú,77.10436525,0.1705556507,NA,324.0517531,866.8521333,2494.471244,3227.733967,LL,15
k,0,ch'al,77.44369389,0.100721841,a,1404.583921,2367.571576,3488.678946,3998.822815,LL,15
a,0,ch'al,77.52561432,0.06311902033,l,638.3911849,1444.643914,2292.667497,3028.378977,LL,15
l,0,ch'al,77.62365024,0.1329528301,p,383.8542549,1384.714499,2393.775534,3992.366089,LL,15
p,0,pêrd,77.7995614,0.2188694956,eː,201.582692,1423.970517,2576.957976,3650.507561,LL,15
eː,1,pêrd,78.02697294,0.2359535711,r,374.6643385,2182.487219,2481.610088,3837.184331,LL,15
r,0,pêrd,78.18792437,0.08594930428,d,386.9276613,1343.766246,2086.442299,4171.786285,LL,15
d,0,pêrd,78.32125155,0.1807050506,NA,436.2297284,1654.680388,2406.953097,4096.391753,LL,15
æ,1,äl,78.68206754,0.06177606245,l,746.0028009,1500.451217,2202.414035,3545.177185,LL,15
l,0,äl,78.76281588,0.09972062123,f,419.9161566,1500.682442,2315.073829,4179.208723,LL,15
f,0,faravåNni,78.93085648,0.2363605868,a,993.8601637,1531.800868,2610.218803,3665.836794,LL,15
a,0,faravåNni,79.08777905,0.07748454137,r,691.2726618,1330.333412,2169.805724,3089.040075,LL,15
r,0,faravåNni,79.16076674,0.06849085185,a,625.2369203,1404.439269,2189.499567,3963.938127,LL,15
a,0,faravåNni,79.2292576,0.06849085185,v,670.2373588,1457.700893,2307.803213,2781.0063,LL,15
v,0,faravåNni,79.30043436,0.07386268337,ɑ,330.5917572,1156.013467,2234.637637,3796.899946,LL,15
ɑ,1,faravåNni,79.40182768,0.1289239564,ŋː,748.6904323,1563.976832,2230.08864,3630.235409,LL,15
ŋː,0,faravåNni,79.52920517,0.125831025,j,625.0765615,893.3210906,2336.330918,4273.875265,LL,15
j,0,faravåNni,79.61398239,0.04372340593,æ,432.3833922,1832.161426,2192.746504,3118.308908,LL,15
æ,1,äl,79.66136029,0.05103239942,l,522.9313356,1707.339611,2293.71702,3084.919655,LL,15
l,0,äl,79.71977896,0.06580493609,t,350.5386672,1463.725229,1807.893112,3376.500423,LL,15
t,0,tuchéNni,79.84312758,0.1808922981,u,1113.325743,1488.830853,2990.340456,3829.603485,LL,15
u,0,tuchéNni,79.96983359,0.07251972549,k,368.3262386,933.0714657,2634.482013,3479.530179,LL,15
k,0,tuchéNni,80.07630164,0.1404163733,e,789.369408,1449.829077,2697.469438,3934.436745,LL,15
e,1,tuchéNni,80.23273991,0.1724601739,ŋː,397.3766189,2087.90258,2270.437672,3669.913644,LL,15
ŋː,0,tuchéNni,80.35090386,0.06386771512,j,362.5103074,1515.791659,2460.74327,4333.509525,LL,15
j,0,tuchéNni,80.407776,0.04987657099,æ,352.817539,2119.495413,2224.702452,3475.279207,LL,15
æ,1,äli,80.4736745,0.08192043064,l,462.9697575,1976.380925,2410.620577,3027.554493,LL,15
l,0,äli,80.56432416,0.09937888308,j,324.9393123,2070.411458,2443.530716,3283.345787,LL,15
j,0,äli,80.67241595,0.1168046968,oː,309.7550045,2137.715734,2575.720797,3345.539487,LL,15
oː,1,ôc,80.85638486,0.2511331234,k,556.853637,956.6209252,2388.624796,3697.960443,LL,15
k,0,ôc,81.0544548,0.1450067532,æ,393.9012102,1206.831601,2567.689152,3660.554665,LL,15
æ,1,äli,81.19198172,0.1300470871,l,466.2122651,1950.948984,2275.575976,3020.35661,LL,15
l,0,äli,81.34765492,0.1812993137,j,322.9559567,2058.927897,2714.194046,4266.259061,LL,15
j,0,äli,81.46717817,0.05774718881,a,405.7923285,2088.99577,2514.059735,4258.03656,LL,15
a,0,anâder,81.53029719,0.06849085185,n,681.2857198,1550.890929,2300.182343,3717.239077,LL,15
n,0,anâder,81.59263482,0.05618440374,aː,340.8083569,1395.796073,2372.90526,4306.031527,LL,15
aː,1,anâder,81.74495062,0.2484472077,d,944.6517507,1537.58463,2694.495767,4280.574708,LL,15
d,0,anâder,81.90847806,0.07860767206,e,474.9519546,1544.859542,2510.299655,4425.433402,LL,15
e,0,anâder,81.98202732,0.06849085185,r,568.9090283,1673.118819,2238.61033,4176.519116,LL,15
r,0,anâder,82.03238824,0.03223098911,e,415.7062815,1481.023456,2249.606407,4238.543639,LL,15
e,0,e,82.08140621,0.06580493609,i,418.1247049,2109.763175,2289.959848,3844.081976,LL,15
i,0,i,82.1519115,0.07520564125,k,368.7330231,2239.273311,2381.937022,3447.206122,LL,15
k,0,cunén,82.26048758,0.1419465196,u,742.5966188,1379.132432,2488.981451,3942.191915,LL,15
u,0,cunén,82.37557494,0.0882282044,n,356.4291337,831.4396454,2316.848187,3564.718669,LL,15
n,0,cunén,82.44923411,0.05909014669,e,314.0588267,1213.036578,2370.564035,4233.492182,LL,15
e,1,cunén,82.56069962,0.1638408613,n,474.0067492,1727.182123,2241.821065,2903.823045,LL,15
n,0,cunén,82.69939866,0.1135572157,NA,516.3018201,1465.544096,2272.674575,4285.391146,LL,15
k,0,quand,83.14239956,0.1705556507,w,321.2365951,1278.496894,2456.7646,4013.595058,LL,15
w,0,quand,83.24513584,0.03491690486,a,533.2416179,1313.241564,2219.318421,4167.536498,LL,15
a,1,quand,83.29146789,0.05774718881,n,679.7350874,1608.048183,2129.624486,4281.521502,LL,15
n,0,quand,83.34988656,0.05909014669,d,483.1421074,1459.18549,2365.051156,4478.565145,LL,15
d,0,quand,83.39823304,0.03760282062,a,307.6915379,1591.005056,2601.535138,3794.62818,LL,15
a,0,ai,83.45068567,0.06730244368,j,518.7765673,1766.279786,2292.500575,4339.701107,LL,15
j,0,ai,83.51858232,0.06849085185,e,314.5265711,1793.823589,2310.125129,3981.311127,LL,15
e,1,é,83.58774465,0.06983380973,i,394.3648714,2251.187422,2818.286984,3688.711391,LL,15
i,0,in,83.67369396,0.1020647988,n,617.1591392,2172.958425,2520.260115,4555.552586,LL,15
n,0,in,83.73882741,0.02820211547,dz,391.3686543,1471.797019,2389.835916,4481.425428,LL,15
dz,0,gîr,83.80039997,0.0949429938,iː,237.9054329,2180.782896,2817.478107,3567.588144,LL,15
iː,1,gîr,83.90830457,0.1208662091,r,401.6205232,2161.291827,2329.389691,3914.500294,LL,15
r,0,gîr,83.98733558,0.03719580498,u,343.049157,1454.528379,2265.035994,3496.760844,LL,15
u,0,una,84.04152186,0.07117676761,n,442.8812697,1002.114056,2285.932753,3148.677266,LL,15
n,0,una,84.09591166,0.03760282062,a,699.7509433,2317.291327,2395.297457,4663.72347,LL,15
a,0,una,84.15030145,0.07117676761,d,709.6628109,1423.718778,2444.114272,4076.897994,LL,15
d,0,dånndla,84.22894176,0.08610385399,ɑ,322.4236898,1445.545199,2436.896393,3954.82629,LL,15
ɑ,1,dånndla,84.33645567,0.1289239564,nː,858.7888944,1390.311603,2457.679322,3989.698073,LL,15
nː,0,dånndla,84.51171167,0.2215880501,d,279.1161572,1166.401737,2369.981527,3148.466686,LL,15
d,0,dånndla,84.65087868,0.05674596909,l,239.7367174,1389.83954,2715.555196,3569.607998,LL,15
l,0,dånndla,84.71886892,0.07923451489,a,308.0847192,1344.035167,2768.374318,4119.504502,LL,15
a,0,dånndla,84.80951858,0.1020647988,NA,565.7091738,1509.379227,2666.917624,4071.571492,LL,15
m,0,mo,85.26031277,0.06983380973,o,362.8315186,1467.339182,2474.957171,3474.86013,LL,15
o,0,mo,85.34894799,0.1074366304,v,441.9335666,930.2607052,2302.314829,3387.353651,LL,15
v,0,vuèter,85.44275154,0.08017045713,u,314.7945868,920.0147271,2322.198203,3406.117285,LL,15
u,0,vuèter,85.55293504,0.1401965461,ɛː,367.1877819,861.1384817,2402.081396,3369.856512,LL,15
ɛː,1,vuèter,85.73201641,0.2179661921,t,652.1170711,1614.180561,2335.334644,3679.619479,LL,15
t,0,vuèter,85.90592945,0.1298598987,e,499.9739513,1623.332917,2480.930656,3981.26953,LL,15
e,0,vuèter,86.00490132,0.06808383621,r,493.4066402,1471.361019,2303.948924,3284.5061,LL,15
r,0,vuèter,86.08037142,0.08285637288,e,423.5809428,1513.338935,2130.960353,3646.655363,LL,15
e,0,ecologéssta,86.1448334,0.04606758354,k,433.5569228,1634.40066,2159.821915,3636.647994,LL,15
k,0,ecologéssta,86.23212566,0.1285169408,o,382.4372343,1556.299865,2341.259092,3562.299718,LL,15
o,0,ecologéssta,86.3292866,0.06580493609,l,444.3297601,1090.568172,2428.618882,3351.435852,LL,15
l,0,ecologéssta,86.39106266,0.05774718881,o,399.6023512,1198.16996,2099.709027,3758.825959,LL,15
o,0,ecologéssta,86.45082429,0.06177606245,dz,495.1626853,1209.350906,2601.950596,3347.942294,LL,15
dz,0,ecologéssta,86.5363829,0.1093411536,e,1313.180879,2697.474346,3200.485676,3954.420625,LL,15
e,1,ecologéssta,86.66760207,0.1530971983,sː,479.9497568,1708.545689,2425.117618,3626.222714,LL,15
sː,0,ecologéssta,86.81540472,0.1425080849,t,1662.781544,2707.720131,3542.445209,4178.057357,LL,15
t,0,ecologéssta,86.94037707,0.1074366304,a,1248.878076,2086.810366,3023.56992,4064.509068,LL,15
a,0,ecologéssta,87.10890197,0.2296131586,NA,580.7103094,1492.282372,2435.744323,3744.182501,LL,15
a,0,a,87.57609244,0.06983380973,n,657.5829102,1496.71016,2332.889747,3550.16455,LL,15
n,0,n,87.63853998,0.05506127306,a,385.5894448,1293.102748,2469.291951,4017.786015,LL,15
a,0,al,87.69964456,0.06714789397,l,594.8315541,1390.782682,2676.17292,3944.630906,LL,15
l,0,al,87.75336288,0.04028873638,v,419.2481264,1416.848532,2225.13713,3969.048345,LL,15
v,0,vlî,87.86193896,0.1768634244,l,1033.025846,2402.03589,3513.056832,4197.432747,LL,15
l,0,vlî,87.96044285,0.02014436819,iː,305.1136743,1765.027666,2511.48928,2963.221325,LL,15
iː,1,vlî,88.00274603,0.06446197821,b,312.2160401,2082.851323,2579.471789,3786.569562,LL,15
b,0,brîSa,88.06652018,0.06308632259,r,248.4484409,1994.122555,2541.189712,3684.879896,LL,15
r,0,brîSa,88.12357954,0.05103239942,iː,388.0318472,1378.239711,2166.476671,2821.084783,LL,15
iː,1,brîSa,88.20348553,0.1087795882,z,314.7527224,2142.217126,2477.342547,3606.334121,LL,15
z,0,brîSa,88.3001785,0.0846063464,a,1848.113331,3030.032015,3543.60301,4458.051004,LL,15
a,0,brîSa,88.36934083,0.05371831518,k,504.9468961,1575.202945,2230.568214,3083.925473,LL,15
k,0,capîr,88.43733107,0.0822621688,a,412.456131,1621.262729,2229.071985,3262.655172,LL,15
a,0,capîr,88.50666427,0.05640423094,p,623.7360858,1639.861383,2252.982467,3173.264109,LL,15
p,0,capîr,88.58657027,0.1034077567,iː,584.3534718,1560.883041,2298.433568,3793.480777,LL,15
iː,1,capîr,88.80756411,0.3385799353,r,313.2078867,2285.260554,2583.943674,3987.338411,LL,15
r,0,capîr,88.99766993,0.04163169426,NA,436.5775683,1410.378873,2229.367547,3877.565697,LL,15
k,0,ch'ai,89.51270627,0.1866711452,ai,1348.745527,2345.881736,2868.167991,3734.767129,LL,15
ai,0,ch'ai,89.70387426,0.1956648348,v,420.9465786,2068.883781,2245.527872,2846.021735,LL,15
v,0,véggna,89.87086901,0.1383246616,e,1403.833466,2414.378105,3564.951911,4475.880866,LL,15
e,1,véggna,89.98233451,0.0846063464,ɲː,448.7916225,1998.197656,2194.256718,2754.994567,LL,15
ɲː,0,véggna,90.04829877,0.04732215704,a,343.3132289,2281.794657,2792.494074,4353.720838,LL,15
a,0,véggna,90.08665034,0.0293809918,u,382.6998214,2129.412908,2634.080084,4268.549258,LL,15
u,0,un,90.12618556,0.04968944154,n,470.9973764,1342.245185,2405.278499,4401.005015,LL,15
n,0,un,90.17214323,0.04222589835,a,385.3398852,1266.904297,2458.770824,4643.945975,LL,15
a,0,azidänt,90.21944385,0.0523753573,θ,599.7987314,1541.054234,2429.698195,3744.47079,LL,15
θ,0,azidänt,90.29808417,0.1049052643,i,531.2051858,1790.64248,2727.689481,3759.122673,LL,15
i,0,azidänt,90.3726956,0.04431761002,d,339.6910321,1629.491962,2109.951645,3605.035153,LL,15
d,0,azidänt,90.42507096,0.06043310457,æ,284.3451169,1838.964245,2429.849303,3937.413939,LL,15
æ,1,azidänt,90.50745936,0.104343699,n,708.9377744,1673.067939,2421.048775,3445.247316,LL,15
n,0,azidänt,90.57729317,0.0353239205,t,660.628762,1703.077318,2356.555784,4603.8635,LL,15
t,0,azidänt,90.63906923,0.0882282044,a,481.7959602,1826.959764,2839.882824,3281.153197,LL,15
a,0,a,90.71060406,0.05484144587,t,657.9551484,1562.164273,2190.584721,4360.8171,LL,15
t,0,tótti,90.79308606,0.1101225461,o,510.6410438,1524.148459,2412.041298,4041.788912,LL,15
o,1,tótti,90.87433501,0.0523753573,tː,506.7119391,1159.833415,2341.040676,4111.521298,LL,15
tː,0,tótti,90.96297023,0.1248950828,j,323.8082312,1616.232267,2592.645324,3795.789461,LL,15
j,0,tótti,91.03864384,0.02645214195,æ,389.8871248,1923.144369,2460.841204,2574.218701,LL,15
æ,1,äl,91.07335724,0.04297465214,l,490.5584259,1713.767778,2532.951939,4354.891477,LL,15
l,0,äl,91.16534985,0.1410105773,d,400.0971048,1566.273583,2306.27195,4319.244438,LL,15
d,0,dånndel,91.29474178,0.1177732777,ɑ,245.5490677,1472.634917,1808.626653,4063.424445,LL,15
ɑ,1,dånndel,91.42115069,0.1350445417,nː,818.2725262,1447.40245,2404.090725,4199.995786,LL,15
nː,0,dånndel,91.54910606,0.1208662091,d,308.2691442,1369.231865,2477.546394,4000.911945,LL,15
d,0,dånndel,91.65365327,0.0882282044,e,353.7956818,1332.973512,2537.611038,NA,LL,15
e,0,dånndel,91.72835827,0.06118179936,l,596.5581215,1733.697704,2609.890798,2884.861026,LL,15
l,0,dånndel,91.79655199,0.07520564125,NA,430.8074131,1601.628861,2635.73701,4125.96998,LL,15
d,0,dla,92.1198751,0.1436964931,l,274.5658805,1402.326767,2534.470143,3981.377563,LL,15
l,0,dla,92.23939835,0.09535000944,a,414.4888808,1444.789041,2547.009108,2849.40889,LL,15
a,0,dla,92.30990364,0.0456605679,p,724.7523384,1523.216235,2584.931547,3534.002228,LL,15
p,0,pianûra,92.39775747,0.1300470871,j,627.6976707,1559.313532,2574.577385,3961.966749,LL,15
j,0,pianûra,92.49417616,0.06279028837,a,322.1654627,2164.647624,2303.296706,3540.029606,LL,15
a,0,pianûra,92.56132405,0.07150549957,n,639.7863687,1769.196935,2362.015202,3586.936921,LL,15
n,0,pianûra,92.62421671,0.05427982152,uː,351.4679643,1630.096576,2557.720328,NA,LL,15
uː,1,pianûra,92.70554291,0.1083725726,r,477.0233244,983.4759496,2472.666709,3205.092899,LL,15
r,0,pianûra,92.79196018,0.06446197821,a,518.6818732,1017.632081,2046.269755,2519.505195,LL,15
a,0,pianûra,92.85037885,0.0523753573,p,674.6885251,1427.309524,2081.190979,3932.022668,LL,15
p,0,padèna,92.91463732,0.07614158349,a,700.0926239,1414.805,2178.129537,3944.788934,LL,15
a,0,padèna,92.97889579,0.0523753573,d,717.3811623,1298.807627,2443.644181,4120.595637,LL,15
d,0,padèna,93.0393289,0.06849085185,ɛː,227.719624,1297.414799,2570.990446,4112.590103,LL,15
ɛː,1,padèna,93.19576717,0.2443856953,n,621.4010541,1904.161379,2076.555584,2823.056928,LL,15
n,0,padèna,93.33810439,0.04028873638,a,279.5756395,1459.885183,2028.437309,2584.906555,LL,15
a,0,padèna,93.38913678,0.06177606245,NA,545.072015,1593.271611,2636.182996,4179.143949,LL,15
p,0,puvrétt,94.97303805,0.1087795882,u,1011.913335,1506.208528,2590.722383,3532.606849,LL,15
u,0,puvrétt,95.11720252,0.1795493402,v,366.6743052,795.7298089,2337.720024,3282.604432,LL,15
v,0,puvrétt,95.25330924,0.09266409368,r,376.0236242,999.9605848,2491.804885,3349.719684,LL,15
r,0,puvrétt,95.33732135,0.07536013195,e,418.9884617,1197.176738,1867.255701,2622.974702,LL,15
e,1,puvrétt,95.42864248,0.1072821396,tː,482.5527131,1593.334327,2324.16697,3337.20206,LL,15
tː,0,puvrétt,95.59046891,0.2163707093,n,1652.024473,1861.94492,3425.946889,4347.806683,LL,15
n,0,nó,95.76233485,0.1273611714,o,318.3312909,1203.435109,2332.046402,2649.677491,LL,15
o,1,nó,95.87033305,0.08863522004,NA,521.3591235,1103.121225,2540.045907,3469.185901,LL,15
l,0,la,96.37197245,0.0456605679,a,311.7712404,1210.074278,2478.234762,3784.161332,LL,15
a,0,la,96.41897598,0.04834648366,b,579.410646,1386.878122,2466.374748,3528.944928,LL,15
b,0,biSbéjja,96.4879348,0.08957116228,i,215.1267456,933.4877615,2017.772949,3049.559748,LL,15
i,0,biSbéjja,96.55487918,0.04431761002,z,293.1148332,2098.44942,2463.709942,3425.657917,LL,15
z,0,biSbéjja,96.62068412,0.08729226216,b,1769.879534,2950.588867,3551.538761,4429.951107,LL,15
b,0,biSbéjja,96.71707999,0.1054994684,e,218.8081987,1039.685226,2117.50297,3701.611923,LL,15
e,1,biSbéjja,96.7957203,0.05178115321,jː,494.1446991,1644.635926,2273.23051,3383.810073,LL,15
jː,0,biSbéjja,96.89144468,0.1396676195,a,267.8917539,2138.654204,2802.889745,3440.461965,LL,15
a,0,biSbéjja,96.98813765,0.05371831518,NA,536.1605999,1638.598672,2451.458289,3292.91236,LL,15
l,0,la,97.42807827,0.06849085185,a,284.6216056,1408.12063,2704.425889,3256.252968,LL,15
a,0,la,97.48918285,0.05371831518,θ,557.4451781,1489.062404,2336.213031,3867.201023,LL,15
θ,0,ziéNna,97.58587582,0.1396676195,j,440.4549462,1767.07451,2848.326789,3673.810213,LL,15
j,0,ziéNna,97.68926725,0.06711525523,e,326.3785976,1998.306796,2736.790139,3405.872783,LL,15
e,1,ziéNna,97.74834108,0.05103239942,ŋː,412.9818619,2159.12991,2546.647719,3473.749711,LL,15
ŋː,0,ziéNna,97.82623264,0.1047507146,a,298.7405599,924.2915471,2402.43973,2532.038148,LL,15
a,0,ziéNna,97.92023969,0.08326338852,r,588.810991,1424.776316,2233.517504,3743.574183,LL,15
r,0,rôSa,97.99667838,0.06961398254,oː,468.1573484,1205.000267,1658.144242,3466.51976,LL,15
oː,1,rôSa,98.10467657,0.1463824089,z,442.4598772,804.258241,2409.924366,3283.65214,LL,15
z,0,rôSa,98.22218539,0.08863522004,a,1385.262353,2311.557311,3076.138009,4152.773794,LL,15
a,0,rôSa,98.2920192,0.05103239942,NA,460.9171306,1386.572906,2112.028152,3560.10968,LL,15
o,0,ormâi,98.67603987,0.08594930428,r,507.9468705,867.3264744,2482.349953,3320.323506,LL,15
r,0,ormâi,98.78011911,0.122209167,m,435.8888078,1129.445788,1559.179218,3545.773508,LL,15
m,0,ormâi,98.90501419,0.1275809985,aː,266.9916189,840.0333127,2253.855754,2762.4922,LL,15
aː,1,ormâi,99.06682325,0.1960371206,j,772.4432335,1255.096,2616.103998,3563.132163,LL,15
j,1,ormâi,99.21136206,0.09304050263,l,386.8897063,1888.692918,2357.48291,3517.686695,LL,15
l,0,l,99.28809887,0.06043310457,e,340.2039997,1441.037578,2272.837186,3586.777672,LL,15
e,1,é,99.35177942,0.06692800778,f,422.4931607,1625.499151,2210.277276,3452.218255,LL,15
f,0,fòra,99.45239132,0.1342957879,ɔː,953.7803801,1542.988872,2434.397152,3428.849961,LL,15
ɔː,1,fòra,99.57057161,0.1020647988,r,555.9119593,808.7697627,2358.756672,3297.231016,LL,15
r,0,fòra,99.66245431,0.08170060345,a,536.0557434,1288.847862,1952.626552,3772.049168,LL,15
a,0,fòra,99.72009159,0.03357394699,d,494.6223288,1210.814615,2255.419085,3579.208249,LL,15
d,0,dai,99.77073329,0.06770945931,ai,280.2900128,1202.609592,2373.336493,3613.866829,LL,15
ai,0,dai,99.87442183,0.1396676195,k,385.6543141,1834.604149,2267.376798,3447.590291,LL,15
k,0,cópp,100.041791,0.1950706307,o,258.5502157,1674.088917,2075.961003,3468.400547,LL,15
o,1,cópp,100.1970735,0.1154943776,pː,518.258894,925.8622569,2170.770172,3357.748068,LL,15
pː,0,cópp,100.3306978,0.1517542404,NA,489.1920256,1535.037344,2733.274844,3826.263331,LL,15
l,0,l'ûltma,100.9946925,0.07520564125,uː,249.8232514,1192.649395,1508.085957,3822.516963,LL,15
uː,1,l'ûltma,101.1189161,0.1732415664,l,338.0212151,727.3908441,2741.987028,2843.8326,LL,15
l,0,l'ûltma,101.2303816,0.04968944154,t,602.9743213,1187.988243,2810.825031,4116.84997,LL,15
t,0,l'ûltma,101.3144874,0.1185220315,m,606.628781,1452.501327,2897.50543,3300.737326,LL,15
m,0,l'ûltma,101.4006075,0.05371831518,a,215.1961398,800.7305805,2327.552755,3011.697421,LL,15
a,0,l'ûltma,101.4549973,0.05506127306,t,530.807477,1225.618628,2217.6064,3681.181413,LL,15
t,0,tuchéNna,101.5416181,0.1181802934,u,426.4980949,1377.585383,2238.912385,3645.889161,LL,15
u,0,tuchéNna,101.6295819,0.05774718881,k,373.6089751,844.2862827,2307.476063,3811.30232,LL,15
k,0,tuchéNna,101.7314432,0.1459753932,e,1078.489557,2025.869571,2440.462154,3568.709408,LL,15
e,1,tuchéNna,101.8807759,0.1526901826,ŋː,467.4068352,1632.151293,2196.210729,3581.439752,LL,15
ŋː,0,tuchéNna,102.0692417,0.2242413271,a,415.0588919,1207.559905,2306.744153,4560.777821,LL,15
a,0,tuchéNna,102.2599254,0.1571260719,NA,565.7597796,1479.315968,1829.579814,3879.275911,LL,15
a,0,a,102.7453394,0.05909014669,l,662.8888582,1344.668535,2459.380819,3622.245421,LL,15
l,0,l'avän,102.7977147,0.0456605679,a,569.7325657,1222.687851,2604.669118,4156.949862,LL,15
a,0,l'avän,102.8487471,0.05640423094,v,612.2960942,1313.341116,2516.062078,3737.5623,LL,15
v,0,l'avän,102.9137707,0.07364279718,æ,366.0723234,1256.626825,2290.66333,3567.263109,LL,15
æ,1,l'avän,103.01774,0.1342957879,n,757.194831,1418.730319,2097.844572,3560.712217,LL,15
n,0,l'avän,103.1023463,0.03491690486,m,378.1574932,1378.734668,2347.363211,4129.904727,LL,15
m,0,magnè,103.1862812,0.1329528301,a,704.1903744,2207.331186,2371.394815,4680.158422,LL,15
a,0,magnè,103.2961066,0.08669805807,ɲ,605.3592883,1423.426388,2264.796724,3627.78085,LL,15
ɲ,0,magnè,103.4140671,0.1492228743,ɛː,334.4847038,2145.00613,2618.26157,3901.072537,LL,15
ɛː,1,magnè,103.5941007,0.2108443871,NA,615.0101888,1939.780174,3035.053719,4083.162468,LL,15
k,0,quand,104.0146783,0.0913211358,w,288.3744129,1597.847059,3023.994673,3997.490122,LL,15
w,0,quand,104.0751115,0.02954507335,a,553.3996755,1367.509596,2046.740017,3193.917448,LL,15
a,1,quand,104.1261439,0.07251972549,n,658.5735669,1404.350619,2161.025808,3433.66813,LL,15
n,0,quand,104.1825481,0.04028873638,d,338.0523686,1210.711798,2361.670006,4272.951946,LL,15
d,0,quand,104.2253192,0.04525355226,a,231.6924341,1306.209307,2363.865046,3673.630647,LL,15
a,0,avän,104.2761481,0.05640423094,v,576.5120735,1473.301288,2168.079132,3810.107607,LL,15
v,0,avän,104.3325524,0.05640423094,æ,378.1053081,1238.323413,2130.899695,3613.696533,LL,15
æ,1,avän,104.3956714,0.06983380973,n,728.8088728,1404.729399,2180.410786,3580.515349,LL,15
n,0,avän,104.4647238,0.06827102466,i,415.877328,1857.712906,2289.913881,4461.117643,LL,15
i,0,invidè,104.539148,0.08057747276,n,379.3744934,2190.618659,2732.194704,3796.662682,LL,15
n,0,invidè,104.6076389,0.05640423094,v,309.521862,1372.931371,2280.410972,3846.829632,LL,15
v,0,invidè,104.6647146,0.05774718881,i,271.0201537,1292.028058,2082.7074,3581.175959,LL,15
i,0,invidè,104.7291766,0.07117676761,d,388.6421401,1925.287098,2281.137335,3758.949588,LL,15
d,0,invidè,104.8043659,0.07920181714,ɛː,223.9150452,1566.828066,2180.881571,4012.821155,LL,15
ɛː,1,invidè,104.8721689,0.05640423094,a,410.5320021,1763.72035,2420.476408,3926.699836,LL,15
a,0,a,104.9500605,0.09937888308,θ,586.0282427,1539.659962,2358.102262,3725.728812,LL,15
θ,0,zanna,105.0601667,0.1208335704,a,572.2774973,1755.260225,2783.142743,3955.84015,LL,15
a,1,zanna,105.1743018,0.1074366304,nː,739.4175079,1432.263958,2270.856302,3351.505747,LL,15
nː,0,zanna,105.2589081,0.06177606245,i,371.0242915,1259.372187,2439.375694,4373.087146,LL,15
i,0,i,105.3320993,0.0846063464,s,345.377948,1967.682067,2390.869483,3781.281141,LL,15
s,0,sû,105.437318,0.125831025,uː,1546.035078,2597.32843,2908.608384,3762.362139,LL,15
uː,1,sû,105.5369613,0.07345560873,a,395.4436169,1008.465472,2120.940715,3173.973771,LL,15
a,0,amîg,105.6128385,0.07829863165,m,533.0650493,1218.210305,2225.238502,3480.943532,LL,15
m,0,amîg,105.6880441,0.07211265085,iː,303.2396854,748.8582804,2177.589645,2244.86455,LL,15
iː,1,amîg,105.8551161,0.2620313362,g,350.0414846,2212.171856,2787.454607,3710.268572,LL,15
g,0,amîg,106.0606659,0.1490683246,NA,797.2791911,1992.485863,2766.689973,3685.272441,LL,15
e,0,e,106.5624925,0.09341284747,l,396.8909105,1941.427187,2329.102734,3704.069569,LL,15
l,0,l,106.6407584,0.06311902033,uː,287.0022548,1478.182667,2295.619916,3571.282619,LL,15
uː,1,ûltum,106.759016,0.1733961161,l,417.2738455,713.9259238,2309.83109,3131.145672,LL,15
l,0,ûltum,106.8712303,0.05103239942,t,337.8465237,1020.605647,2507.103488,4216.030702,LL,15
t,0,ûltum,106.9612084,0.1289239564,u,1298.484633,2615.184398,2940.5219,3380.837005,LL,15
u,0,ûltum,107.0516546,0.05196834166,m,352.0797118,1206.916985,2261.041057,3467.490269,LL,15
m,0,ûltum,107.1138986,0.07251972549,k,440.5428734,2237.601441,2552.735172,4563.598968,LL,15
k,0,cunén,107.2363885,0.1724601149,u,670.3747811,1341.1278,2992.343557,3802.072,LL,15
u,0,cunén,107.3621259,0.07901462869,n,351.5910156,808.8694448,2332.504568,3042.878835,LL,15
n,0,cunén,107.440579,0.07789155701,e,325.9129887,1627.142026,2393.087504,2767.730099,LL,15
e,1,cunén,107.5766857,0.1943218769,n,417.732501,2018.593503,2324.628484,3930.464518,LL,15
n,0,cunén,107.7423375,0.1369817037,NA,348.8212968,1537.046537,2365.697285,4743.451319,LL,15
a,0,al,108.1296383,0.1181802934,l,622.4322919,1411.088468,2506.941365,4006.279721,LL,15
l,0,al,108.2464757,0.1154943776,a,481.1114878,1332.022714,1901.527257,3918.078728,LL,15
a,1,à,108.347869,0.08729226216,m,684.8440563,1380.900713,2219.96074,3741.112589,LL,15
m,0,magnè,108.4396581,0.09628595168,a,330.4322835,1249.368049,2345.146948,4742.590333,LL,15
a,0,magnè,108.522718,0.06983380973,ɲ,647.3813478,1485.230329,2253.650307,3975.211155,LL,15
ɲ,0,magnè,108.6241886,0.1331073798,ɛː,386.6784618,2259.318937,4123.460354,4577.182511,LL,15
ɛː,1,magnè,108.7263143,0.07114412887,l,450.4715195,1840.972808,2263.928037,3641.231402,LL,15
l,0,ló,108.8041895,0.0846063464,o,397.2027163,1376.543736,2434.190023,3987.743158,LL,15
o,1,ló,108.9751195,0.2572536498,l,507.1911177,935.9035197,2633.004257,4250.635706,LL,15
l,0,la,109.1282167,0.04894074675,a,454.7605986,1152.701039,2410.769251,3998.9846,LL,15
a,0,la,109.1940217,0.08266912544,s,665.9162113,1432.385514,2223.268728,3975.816485,LL,15
s,0,stmèna,109.2688203,0.06692806678,t,1483.32452,2951.987761,3489.093044,4308.980507,LL,15
t,0,stmèna,109.3573456,0.1101225461,m,766.4947019,1503.830088,2819.626128,3671.692756,LL,15
m,0,stmèna,109.4540385,0.08326338852,ɛː,227.8964525,1089.134188,2386.104816,3153.416365,LL,15
ɛː,1,stmèna,109.6009825,0.2106245009,n,642.8478023,1719.065949,2203.995916,3476.716758,LL,15
n,0,stmèna,109.7311395,0.04968944154,a,412.7290343,1501.093023,2352.414657,4227.599975,LL,15
a,0,stmèna,109.7930112,0.07405412243,i,542.0420875,1792.136413,2228.583408,3805.51517,LL,15
i,0,indrî,109.866764,0.07345141712,n,483.0631637,2078.709824,2279.436718,3874.625631,LL,15
n,0,indrî,109.9404211,0.07386268337,d,392.8630941,451.9613598,2248.964472,2518.141979,LL,15
d,0,indrî,110.0127373,0.07076975197,r,219.4581516,1352.885833,2363.563851,3955.790993,LL,15
r,0,indrî,110.085725,0.07520564125,iː,451.5221343,1457.3963,2237.636381,3836.339177,LL,15
iː,1,indrî,110.2227067,0.1987577662,NA,364.4406687,2127.912902,2376.648211,3902.80886,LL,15
l,0,la,110.9648575,0.06177606245,a,356.6660025,1168.001486,2399.849362,3762.47081,LL,15
a,0,la,111.0333483,0.07520564125,s,612.1750116,1306.651658,2213.624194,3503.930334,LL,15
s,0,srà,111.1501856,0.1584690298,r,1374.318711,2490.999122,2981.460028,3618.77607,LL,15
r,0,srà,111.2723948,0.08594930428,a,515.9890534,1175.379157,1925.826018,3901.155384,LL,15
a,1,srà,111.3670733,0.1034077567,s,730.1282626,1441.77395,2341.427226,3341.298309,LL,15
s,0,stè,111.4825677,0.1275809985,t,1512.409418,2747.298322,3751.376581,4375.988835,LL,15
t,0,stè,111.6074465,0.1221765283,ɛː,465.029878,1761.607005,2718.111715,3957.92964,LL,15
ɛː,1,stè,111.7929292,0.2487889458,u,593.2201834,1698.055168,2234.907597,3560.658304,LL,15
u,0,una,111.9649987,0.09535000944,n,412.3838343,948.2501747,2227.532668,3216.621106,LL,15
n,0,una,112.049605,0.07386268337,a,322.0545288,1110.821955,2347.612322,3569.063461,LL,15
a,0,una,112.1248107,0.07654859913,d,637.9468915,1339.743151,2312.188926,3875.073127,LL,15
d,0,dånndla,112.2115087,0.09684751702,ɑ,268.2646144,1323.728257,2472.859685,3596.279964,LL,15
ɑ,1,dånndla,112.3378241,0.155783114,nː,745.5945245,1382.233288,2376.739363,3407.417365,LL,15
nː,0,dånndla,112.4774917,0.1235521249,d,323.463111,1143.678111,2319.623076,3593.97507,LL,15
d,0,dånndla,112.5640026,0.04946961435,l,278.2263207,1268.501077,2366.22002,3759.298451,LL,15
l,0,dånndla,112.6202969,0.06311902033,a,312.5441965,1256.789426,2212.808422,3798.277207,LL,15
a,0,dånndla,112.710275,0.1168373355,NA,601.7170753,1421.866468,2231.928061,3830.352497,LL,15
s,0,sé,113.0434505,0.1678697349,e,1541.175424,2574.654395,3391.607464,3882.530108,LL,15
e,1,sé,113.2032625,0.1517542404,NA,486.7047563,1707.928239,2428.841885,3413.249964,LL,15
m,0,mo,113.6147039,0.07386268337,o,228.09681,980.251561,2302.945981,3339.277735,LL,15
o,0,mo,113.6825233,0.06177606245,k,516.3739609,845.6160038,2073.335551,3187.335581,LL,15
k,0,coi,113.7825736,0.1383246616,o,537.4114638,1126.233858,3185.579298,3838.070555,LL,15
o,0,coi,113.8752377,0.04700352578,i,459.2241606,1072.897307,2050.796986,3021.203797,LL,15
i,0,coi,113.9585011,0.1195232513,b,319.2623372,1863.444075,2387.204594,3117.359647,LL,15
b,0,bâfi,114.1134092,0.1902930032,aː,205.5365592,997.0259199,2398.590002,3295.265371,LL,15
aː,1,bâfi,114.3552962,0.2934809328,f,761.3586732,1195.019012,2073.138879,3623.027904,LL,15
f,0,bâfi,114.6007441,0.1974148083,i,1517.37913,2444.167155,3367.675421,4501.51274,LL,15
i,0,bâfi,114.7417547,0.0846063464,NA,350.4415255,1880.829385,2462.521085,3325.569091,LL,15
k,0,qualla,0.1522428138,0.04979116,w,572.9011151,1191.439458,2275.912265,3613.622094,LL,21
w,0,qualla,0.202985066,0.05169334435,a,476.561502,914.5790515,2085.732018,3197.810242,LL,21
a,0,qualla,0.2777337703,0.09780406429,lː,795.2493181,1249.989669,2488.327123,3630.461926,LL,21
lː,0,qualla,0.3855660983,0.1178605917,a,519.1043461,1197.344879,2503.699437,3705.259594,LL,21
a,0,qualla,0.5307417963,0.1724908043,NA,681.7136244,1411.244545,2455.281746,3701.064939,LL,21
d,0,däl,0.7472739526,0.1049170871,æ,231.6183209,1393.595098,2498.782415,3594.13664,LL,21
æ,1,däl,0.8317410991,0.06401720572,l,450.2632019,1684.001753,2445.803931,3564.254242,LL,21
l,0,däl,0.9110593713,0.09461933875,v,344.1114727,1515.914206,2556.485788,3584.584496,LL,21
v,0,ventión,1.005492817,0.09424755286,e,237.1385792,1371.464843,2278.014239,3390.395729,LL,21
e,0,ventión,1.087343731,0.06945427404,n,426.490698,1729.270607,2552.475847,3553.369461,LL,21
n,0,ventión,1.1709729,0.09780406429,t,319.8386512,1284.180315,2366.422779,4830.547488,LL,21
t,0,ventión,1.283757395,0.1277649267,j,247.1112508,2247.191914,3349.251451,4363.711446,LL,21
j,0,ventión,1.382119138,0.06895855952,o,336.060933,2023.401363,2458.258799,3532.560556,LL,21
o,1,ventión,1.502894971,0.1725931055,n,566.6424799,962.2523919,2533.103715,3384.179911,LL,21
n,0,ventión,1.612753412,0.04712377643,l,474.4603994,1122.837186,2521.549272,4434.185273,LL,21
l,0,leziån,1.665211955,0.05779331072,e,325.2997201,1250.221231,2513.617956,3645.010863,LL,21
e,0,leziån,1.720337883,0.05245854357,θ,442.9267751,1600.041472,2452.11004,3786.487729,LL,21
θ,0,leziån,1.809943089,0.1267518702,j,545.2578419,1764.14448,2795.407343,3626.116653,LL,21
j,0,leziån,1.908232055,0.06982605992,ɑ,380.3458298,2014.72143,2527.313992,3566.497314,LL,21
ɑ,1,leziån,2.005384034,0.1244779,n,644.3226988,1768.091195,2315.051761,3754.907449,LL,21
n,0,leziån,2.101854407,0.068462845,NA,558.4759189,1465.689654,2071.247107,4449.743211,LL,21
l,0,leziån,2.488756849,0.05868243857,e,314.1605764,1887.351095,3221.648924,4347.044707,RM,21
e,0,leziån,2.542993648,0.04979116,θ,406.0271349,2135.519477,3016.928374,4353.543612,RM,21
θ,0,leziån,2.655468322,0.1751581879,j,1283.198033,2109.170722,3004.312816,4263.035813,RM,21
j,0,leziån,2.780948465,0.07580209767,ɑ,421.7914474,2101.595097,2424.450049,2976.649567,RM,21
ɑ,1,leziån,2.880199336,0.1226996443,n,1149.042472,1486.797218,1633.416401,2932.40806,RM,21
n,0,leziån,2.991205546,0.09931277643,NA,411.8452028,1045.713865,2325.602208,3331.59913,RM,21
n,0,nómmer,3.326746005,0.1547082472,o,317.676099,1384.418957,2316.050287,3212.247179,RM,21
o,1,nómmer,3.457436986,0.1066737154,mː,461.0643854,1117.974667,3120.862498,4117.974357,RM,21
mː,0,nómmer,3.560565004,0.09958232,e,286.6901728,1354.525632,2647.723557,3658.765585,RM,21
e,0,nómmer,3.656011506,0.09131068458,r,494.1930241,1806.395858,2988.336756,4272.377718,RM,21
r,0,nómmer,3.741098296,0.07886289458,v,396.1633121,1589.03507,2376.024046,3543.134825,RM,21
v,0,ventión,3.831210031,0.1013605757,e,285.1661425,1470.286232,2745.927677,3818.169743,RM,21
e,0,ventión,3.924568456,0.08535627429,n,439.3887651,2237.904261,3019.429663,4090.687337,RM,21
n,0,ventión,3.999244382,0.06399557826,t,343.2726518,952.3472716,2082.350952,3335.428803,RM,21
t,0,ventión,4.097409419,0.1323344946,j,427.1067526,1241.527637,2987.136325,4105.41345,RM,21
j,0,ventión,4.196463554,0.06577377512,o,371.7438215,2587.692731,2881.644992,4133.833881,RM,21
o,1,ventión,4.296924158,0.1351474343,n,824.0486287,2168.470791,3216.718869,4375.520822,RM,21
n,0,ventión,4.385836944,0.04267813714,NA,367.5365725,1205.894245,2303.810189,3351.030841,RM,21
d,0,dala,5.583289507,0.1164757493,a,216.5066843,272.1659704,1450.407424,3508.051856,LL,21
a,0,dala,5.689208837,0.09536291052,l,703.2636394,1305.138314,2207.366304,3589.887611,LL,21
l,0,dala,5.769788023,0.06579546143,a,488.1999278,1222.094118,2126.839978,3771.794897,LL,21
a,0,dala,5.835138921,0.06490633357,s,683.9772288,1268.527028,2336.820602,3438.435098,LL,21
s,0,stariåNna,5.91363,0.09207582495,t,1286.385076,2050.971495,3258.089209,3386.010323,LL,21
t,0,stariåNna,6.001012358,0.08268889072,a,853.182768,1803.325504,3187.612918,3934.874755,LL,21
a,0,stariåNna,6.076898047,0.06908248815,r,664.8524184,1379.085392,2212.700189,3580.013789,LL,21
r,0,stariåNna,6.150426145,0.07797370786,j,519.0929429,1540.681277,2199.301912,3401.94961,LL,21
j,0,stariåNna,6.250059586,0.1212931745,ɑ,316.144087,2115.487153,3049.517653,3508.53459,LL,21
ɑ,1,stariåNna,6.384616901,0.1478214541,ŋː,700.0131021,1745.058759,2340.129835,3123.999195,LL,21
ŋː,0,stariåNna,6.565408863,0.2137624716,a,644.3264628,1735.710314,2393.748505,4778.402675,LL,21
a,0,stariåNna,6.732750794,0.1209213886,NA,476.8301346,1431.262918,2097.168231,3802.353322,LL,21
l,0,la,8.933599935,0.03023034714,a,415.4569531,1244.399066,2588.911466,3736.92705,LL,21
a,0,la,8.979834583,0.06223895,d,670.7257782,1382.328451,2401.866894,3981.608173,LL,21
d,0,deléNna,9.047852865,0.07379761215,e,333.3978662,1394.032761,2465.15097,3992.05153,LL,21
e,0,deléNna,9.114785311,0.06006728095,l,473.1489827,1635.381268,2522.79995,3342.581359,LL,21
l,0,deléNna,9.176382991,0.06312807786,e,362.192195,1435.987923,2528.384522,3491.849681,LL,21
e,1,deléNna,9.275768604,0.1356431488,ŋː,428.5983855,1936.568845,2442.950821,3715.863514,LL,21
ŋː,0,deléNna,9.415092163,0.1430039701,a,268.795252,980.7446588,2205.138765,2572.025762,LL,21
a,0,deléNna,9.555749385,0.1383104735,NA,593.4811121,1583.066727,2484.965466,3827.765635,LL,21
l,0,l'à,10.07614491,0.02845209143,a,416.2342185,1261.909635,2319.425143,3694.516407,LL,21
a,1,l'à,10.11126546,0.04178900929,s,612.709096,1387.407295,2277.497498,3785.007655,LL,21
s,0,sintó,10.18543485,0.1065497868,i,1466.186156,2478.761718,3639.667499,4244.703788,LL,21
i,0,sintó,10.2627162,0.04801290429,n,341.0571059,2138.128981,2516.873228,3968.990708,LL,21
n,0,sintó,10.30983998,0.04623464857,t,337.2662021,1862.405948,2358.331238,4251.115996,LL,21
t,0,sintó,10.36852241,0.07113022857,o,333.4668693,2021.682246,3284.977997,4030.191431,LL,21
o,1,sintó,10.42490923,0.04164339434,k,498.4198405,1156.65873,2283.507973,3398.017994,LL,21
k,0,ch'ai,10.49271996,0.09397806815,ai,394.3621669,1122.362313,2368.327463,3524.574015,LL,21
ai,0,ch'ai,10.60618606,0.1329541378,e,276.5966261,2101.613398,2775.001266,3629.636076,LL,21
e,1,é,10.71267388,0.08002150715,u,394.7604486,2021.088,2454.720161,3704.386734,LL,21
u,0,una,10.80869969,0.11203011,n,336.2633543,791.5965024,2548.5933,3454.510049,LL,21
n,0,una,10.89227771,0.05512592715,a,288.9748569,1206.601095,2294.082331,3063.842118,LL,21
a,0,una,10.94695907,0.05423679929,s,569.8532007,1362.491567,2382.30729,3692.927355,LL,21
s,0,stariåNna,11.0065198,0.06488464726,t,1606.097398,1988.713601,3411.42347,3886.518629,LL,21
t,0,stariåNna,11.08075113,0.08357801858,a,1409.739946,2045.030313,3163.439786,4283.156339,LL,21
a,0,stariåNna,11.15143679,0.05779331072,r,612.9776063,1436.865634,2329.725998,3732.153682,LL,21
r,0,stariåNna,11.19588237,0.03109784755,j,327.5604485,1436.250004,2325.885973,3721.527575,LL,21
j,0,stariåNna,11.26470619,0.1065497868,ɑ,293.336865,2125.852922,2905.149718,3841.076496,LL,21
ɑ,1,stariåNna,11.37043963,0.1049170871,ŋː,668.0847958,1689.328323,2283.171128,4109.279267,LL,21
ŋː,0,stariåNna,11.45979698,0.07379761215,a,391.0918435,1262.69683,2334.226526,4255.715764,LL,21
a,0,stariåNna,11.51670116,0.04001075357,d,568.1523677,1463.154311,2286.441165,3966.641543,LL,21
d,0,dimónndi,11.5779782,0.08254333464,i,236.4313044,1396.828182,2391.73205,3969.649205,LL,21
i,0,dimónndi,11.64192263,0.04534552072,m,271.3206276,2130.253837,2665.861239,3753.741414,LL,21
m,0,dimónndi,11.71038548,0.09158016929,o,262.5955184,1081.38832,2246.195409,3191.456009,LL,21
o,1,dimónndi,11.7916679,0.07098467249,nː,490.7235987,969.6763194,2275.926269,3483.652844,LL,21
nː,0,dimónndi,11.87383945,0.093358425,d,322.7325483,1200.951849,2405.771443,4115.487658,LL,21
d,0,dimónndi,11.94851537,0.05599342755,i,240.5938341,1442.417325,2384.748836,4008.750223,LL,21
i,0,dimónndi,11.99696203,0.04089988143,b,279.0668585,2080.467105,2569.346117,3675.305012,LL,21
b,0,brèva,12.06484554,0.09486713715,r,221.8451836,1037.686562,2182.386725,3682.953319,LL,21
r,0,brèva,12.15362355,0.08268889072,ɛː,518.7223203,1363.889477,2166.777262,3818.934897,LL,21
ɛː,1,brèva,12.26335803,0.1367800751,v,612.1924013,1723.266426,2509.799535,4079.515568,LL,21
v,0,brèva,12.36731318,0.07113022857,a,361.9409959,1156.155786,2284.235539,3886.689184,LL,21
a,0,brèva,12.42592284,0.04608909249,i,444.7933274,1740.268391,2261.702092,3810.079679,LL,21
i,0,in,12.46586082,0.03378685857,n,421.8747819,2156.469736,2705.52273,4029.763248,LL,21
n,0,in,12.52143131,0.07735412358,s,393.7009909,1837.740781,2169.650578,4033.926324,LL,21
s,0,san,12.62983213,0.1394475175,a,1581.608434,2278.843689,3306.146292,3842.116732,LL,21
a,0,san,12.74692752,0.09474326738,n,673.477745,1571.539946,2157.499285,3758.854836,LL,21
n,0,san,12.84231206,0.09602580858,d,585.2292895,1480.514687,2200.590446,4195.215978,LL,21
d,0,dunè,12.93432595,0.08800197155,u,229.2163231,1104.574049,2381.909368,3793.03565,LL,21
u,0,dunè,13.02100508,0.08535627429,n,320.283583,996.9000291,2501.107377,3483.015248,LL,21
n,0,dunè,13.09962011,0.07187380035,ɛː,291.9026407,1089.324871,2322.051344,2769.607965,LL,21
ɛː,1,dunè,13.22269154,0.17426906,s,590.0535733,1822.310425,2290.256869,3085.009935,LL,21
s,0,siché,13.372364,0.1250758568,i,1823.016297,2315.122505,3449.665885,3936.210383,LL,21
i,0,siché,13.45357361,0.03734337,k,298.7045249,2163.419762,2570.125963,3985.753934,LL,21
k,0,siché,13.51447887,0.08446714643,e,288.3889749,2194.544989,2565.671685,3906.504493,LL,21
e,1,siché,13.57760695,0.04178900929,d,427.9384085,1878.124548,2348.933749,3847.595138,LL,21
d,0,dånca,13.63304267,0.06908242929,ɑ,270.8640966,1664.450906,2391.781291,3877.823879,LL,21
ɑ,1,dånca,13.72397073,0.1127736818,n,750.3531984,1567.354972,2238.625665,3982.524322,LL,21
n,0,dånca,13.80125207,0.04178900929,k,555.4358001,1491.2907,2116.489785,4259.008272,LL,21
k,0,dånca,13.87376714,0.1032411326,a,793.0899268,1832.031026,2207.164808,3627.126116,LL,21
a,0,dånca,13.99340599,0.1360365621,NA,590.0261119,1663.435303,2199.778624,3834.065412,LL,21
l,0,la,14.45531581,0.05068028786,ai,364.7132353,1374.323045,2520.870035,3726.101403,LL,21
ai,0,la,14.55134162,0.1413713293,v,390.7256973,2057.231839,2635.76491,3694.124107,LL,21
v,0,và,14.66558373,0.08711290255,ai,284.3294824,1314.042255,2265.730044,3543.25606,LL,21
ai,1,và,14.82148011,0.2246798632,n,620.4497877,1796.979385,2166.100469,3638.317384,LL,21
n,0,in,14.9627167,0.05779331072,f,339.2666756,1618.429944,2272.520443,3761.901585,LL,21
f,0,fûria,15.07053819,0.1578496589,uː,1278.387123,1424.805353,2542.195129,3575.172736,LL,21
uː,1,fûria,15.24763887,0.1963517004,r,319.6882094,659.0671297,2188.613378,3555.148583,LL,21
r,0,fûria,15.38715916,0.08268889072,j,750.146284,1539.158696,2557.299517,3708.912716,LL,21
j,0,fûria,15.47593731,0.09486741198,a,375.1383827,2127.831356,2740.213714,4162.527781,LL,21
a,0,fûria,15.5666795,0.08661697206,NA,604.7039839,1609.852692,2265.538988,3996.163387,LL,21
e,0,e,15.6935552,0.04087825398,i,456.7262197,2065.785773,2581.317883,3724.167762,LL,21
i,0,in,15.76556374,0.1031388314,n,337.1440615,2325.800847,2965.158796,3693.416197,LL,21
n,0,in,15.8362494,0.03823249786,f,311.458898,1351.612004,2282.786975,3623.71294,LL,21
f,0,frazza,15.91353075,0.1163301932,r,1248.466882,2098.052282,2741.538101,3909.223724,LL,21
r,0,frazza,15.99525773,0.04712377643,a,622.2642106,1288.796656,2045.216557,3846.977936,LL,21
a,0,frazza,16.07686076,0.1160822771,θː,803.949015,1401.615072,2261.771061,3018.484437,LL,21
θː,0,frazza,16.2412038,0.2126038002,a,1257.503507,1823.990096,2886.108694,3885.041891,LL,21
a,0,frazza,16.37329041,0.05156941572,p,566.1906529,1421.315507,2489.602569,3762.604527,LL,21
p,0,parché,16.44916528,0.1001803357,a,521.187905,1337.73525,2406.757422,3888.209025,LL,21
a,0,parché,16.52237277,0.04623464857,r,582.5998269,1314.266424,2486.462413,3843.786579,LL,21
r,0,parché,16.56905199,0.04712377643,k,411.5537654,1307.45033,2087.954204,4067.715357,LL,21
k,0,parché,16.66596692,0.1467060964,e,730.8237614,1805.472737,2613.279136,3908.628894,LL,21
e,1,parché,16.8300002,0.1813604554,NA,389.1236305,2112.196985,2428.582556,3824.699662,LL,21
l,0,la,17.2175331,0.01763700106,a,534.8550503,1415.961872,2588.819944,3802.257038,LL,21
a,0,la,17.2423559,0.03200860286,v,597.7042392,1363.043812,2621.455164,3802.379395,LL,21
v,0,vôl,17.28414491,0.05156941572,oː,318.5732059,1246.169454,2278.972965,3596.297858,LL,21
oː,1,vôl,17.33793714,0.056015055,l,402.040842,848.7063605,2714.811486,2816.606833,LL,21
l,0,vôl,17.38683918,0.04178900929,s,355.6065287,1017.43128,2009.753162,4200.882014,LL,21
s,0,savair,17.48711389,0.1587604142,a,1315.816765,2077.90581,3302.575536,3767.584822,LL,21
a,0,savair,17.59494619,0.05690418286,v,613.0075117,1368.983823,2197.079961,4151.959161,LL,21
v,0,savair,17.65311128,0.05942601035,ai,326.7045859,1079.435433,2364.004141,3890.80457,LL,21
ai,0,savair,17.78722403,0.2087994904,r,645.7323246,1868.901144,2389.478746,4358.444427,LL,21
r,0,savair,17.92007587,0.05690418286,NA,326.8228151,1475.124656,2263.475618,3745.123736,LL,21
a,0,al,18.13273088,0.04890203215,l,587.6445853,1272.409044,1905.118294,3995.351141,LL,21
l,0,al,18.17896553,0.043567265,s,485.8342058,1221.683163,2211.229602,4177.363793,LL,21
s,0,sô,18.26521093,0.1289235393,oː,1244.077417,2085.793237,3173.556892,4010.93978,LL,21
oː,1,sô,18.34656613,0.03378685857,f,488.3735781,1167.312883,2212.736094,4082.972924,LL,21
f,0,futûr,18.41469753,0.1024759334,u,1312.247211,2226.510861,3342.265415,3836.963982,LL,21
u,0,futûr,18.47971697,0.02756296357,t,363.2068751,970.817684,2153.166983,3530.162378,LL,21
t,0,futûr,18.54551244,0.1040279593,uː,266.0223992,1183.131554,2705.557257,3861.381804,LL,21
uː,1,futûr,18.70280445,0.2105560598,r,284.2542444,690.5970679,2682.06572,3463.584404,LL,21
r,0,futûr,18.83520088,0.05423679929,NA,561.1573972,1326.337346,2451.917558,2977.886943,LL,21
l,0,l'arîva,19.73185148,0.03023034714,a,342.103567,1313.904957,2495.66242,3526.197329,LL,21
a,0,l'arîva,19.77808613,0.06223895,r,620.368871,1425.843053,2403.663895,3742.122014,LL,21
r,0,l'arîva,19.84475988,0.07110854226,iː,346.9061942,1513.938979,2326.308086,3585.897433,LL,21
iː,1,l'arîva,19.93099444,0.1013605757,v,288.7841008,2215.112165,2842.478429,3726.782294,LL,21
v,0,l'arîva,20.02231594,0.08128242089,a,149.7968328,1219.934784,2424.493614,3483.824446,LL,21
a,0,l'arîva,20.09622663,0.06653897435,l,642.4034179,1363.265778,2493.548199,3682.569823,LL,21
l,0,al,20.15839278,0.05779331072,s,416.4077482,1239.505849,2395.195798,3891.885549,LL,21
s,0,stûdi,20.24139149,0.1082041139,t,1246.781569,2134.844093,3038.700057,3616.57602,LL,21
t,0,stûdi,20.35709123,0.1231953588,uː,1493.10541,2386.493914,3215.45674,3974.993294,LL,21
uː,1,stûdi,20.50562673,0.1738756467,d,254.8254273,716.4190668,3044.548666,3473.389241,LL,21
d,0,stûdi,20.64102202,0.09691493643,i,199.8578106,2042.982018,2450.007551,3504.637645,LL,21
i,0,stûdi,20.73265334,0.08634770332,NA,269.1286469,2190.678493,2700.246195,3652.601077,LL,21
e,0,ed,20.88060951,0.04418684929,d,421.6369458,1835.859983,2607.637844,3611.047668,LL,21
d,0,ed,20.9492474,0.09308894029,k,1482.235612,2555.146918,3597.859828,NA,LL,21
k,0,cla,21.03015804,0.06873232971,l,1001.660832,1262.933151,2762.779375,3623.421288,LL,21
l,0,cla,21.08470466,0.04036091201,a,439.8002585,1264.227923,2385.048674,3586.788528,LL,21
a,0,cla,21.12769262,0.04561500543,s,558.6139768,1400.983535,2325.527864,3677.998481,LL,21
s,0,sgnåura,21.19882284,0.09664545172,NA,1715.080854,2664.433936,3528.583841,4341.458812,LL,21
ɲ,0,sgnåura,21.3186259,0.1021041475,ɑu,372.1286767,1351.522802,2680.611344,4062.825046,LL,21
ɑu,1,sgnåura,21.49815695,0.2569579507,r,742.4495388,1311.839427,2144.936595,3864.833154,LL,21
r,0,sgnåura,21.66042278,0.06757371715,a,480.397795,1303.203846,1758.293215,3537.947798,LL,21
a,0,sgnåura,21.72399542,0.05957156643,NA,554.9120282,1430.967061,2077.316295,3047.096424,LL,21
e,0,e,22.36489726,0.04801290429,l,465.1249557,1973.564511,2509.282377,4066.060142,LL,21
l,0,la,22.41513299,0.05245854357,a,367.5488006,1399.592816,2592.644135,4087.543061,LL,21
a,0,la,22.46359045,0.04445639286,s,535.0377988,1389.351768,2043.513998,4101.788805,LL,21
s,0,s,22.52405115,0.07646499572,m,1231.607662,2594.988908,3512.663429,4006.699044,LL,21
m,0,métt,22.5960705,0.06757371715,e,255.2440178,1034.194221,2286.003956,3533.861375,LL,21
e,1,métt,22.6598182,0.059921666,tː,492.1197918,1894.94743,2336.152283,3576.08371,LL,21
tː,0,métt,22.73379086,0.08802365786,s,409.9317343,1804.331009,2800.090243,3825.265238,LL,21
s,0,sóbbit,22.87832529,0.2010451969,o,1420.15255,2346.939078,3212.203356,3620.974222,LL,21
o,1,sóbbit,23.01174561,0.06579546143,bː,553.6424828,1163.107884,2289.97877,3553.208934,LL,21
bː,0,sóbbit,23.10135082,0.1134149524,i,246.2517721,1023.607467,2290.703579,3745.123439,LL,21
i,0,sóbbit,23.1740626,0.03200860286,t,282.5228653,2014.491418,2364.663099,3642.291936,LL,21
t,0,sóbbit,23.23661137,0.09308894029,i,248.3716836,1942.149099,2658.445853,3809.620734,LL,21
i,0,int,23.3107188,0.05512592715,n,273.7055989,2104.907788,2495.271133,3879.157424,LL,21
n,0,int,23.36895668,0.06134982215,t,268.004414,1064.054464,2361.703975,3279.290438,LL,21
t,0,int,23.45131412,0.1033650612,l,220.3220494,1753.604237,2622.335852,3642.500904,LL,21
l,0,l'atmosfêra,23.5109988,0.01600430143,a,480.4117579,1410.478428,2406.566021,3942.30774,LL,21
a,0,l'atmosfêra,23.54389653,0.04979116,t,609.0810904,1381.529307,2229.92845,3675.135099,LL,21
t,0,l'atmosfêra,23.62606808,0.1145519375,m,515.5505012,1363.619758,2725.341585,3786.35088,LL,21
m,0,l'atmosfêra,23.71135158,0.056015055,o,271.2124961,850.7692293,2245.245881,3198.308036,LL,21
o,0,l'atmosfêra,23.7664775,0.05423679929,s,489.9253349,987.7458812,2341.110342,3575.971408,LL,21
s,0,l'atmosfêra,23.84311758,0.09904335058,f,1369.383403,2630.309708,2956.567113,4006.307601,LL,21
f,0,l'atmosfêra,23.93620652,0.08713453,eː,1285.066104,2313.785005,3227.606882,4058.936386,LL,21
eː,1,l'atmosfêra,24.03444433,0.109341099,r,445.9777391,1486.95117,2208.460804,4045.59915,LL,21
r,0,l'atmosfêra,24.10600831,0.03378685857,a,455.8263538,1322.055491,2336.455022,3719.046835,LL,21
a,0,l'atmosfêra,24.14468538,0.043567265,p,593.0203226,1455.653675,2286.181641,4071.598556,LL,21
p,0,par,24.20781345,0.08268889072,a,617.4378979,1350.235872,2308.518521,3828.592671,LL,21
a,0,par,24.2811665,0.06401720572,r,610.6245989,1322.241415,2238.816302,3974.519036,LL,21
r,0,par,24.33945553,0.05256084475,v,373.0751657,1257.381239,2180.863789,3323.660694,LL,21
v,0,vî,24.39285435,0.05423679929,iː,282.9231563,1480.230673,2324.357488,3451.203248,LL,21
iː,1,vî,24.50982581,0.1797061283,NA,287.9363039,2299.183504,2809.432414,4111.277535,LL,21
d,0,dal,24.93026726,0.08179976286,a,228.1005583,1578.983373,2700.242091,3886.012244,LL,21
a,0,dal,25.00532578,0.06831728892,l,615.3310945,1407.093575,2631.240994,3790.600053,LL,21
l,0,dal,25.08349625,0.08802365786,b,295.3530974,1357.406091,2052.685982,3590.335034,LL,21
b,0,bûr,25.19989923,0.1447822846,uː,216.4351672,805.2106383,2318.444144,3694.202818,LL,21
uː,1,bûr,25.38164228,0.2187038254,r,351.2239927,637.7239282,2514.440543,3672.075272,LL,21
r,0,bûr,25.5167789,0.05156941572,e,385.0997012,1109.072708,1652.486529,3322.101708,LL,21
e,0,e,25.58435262,0.08357801858,d,420.0966619,1599.139926,2349.07268,4130.93997,LL,21
d,0,dla,25.70176862,0.151253978,l,212.8810221,1341.029187,2090.439021,4002.182004,LL,21
l,0,dla,25.79206622,0.02934121929,a,287.816038,1298.610027,2702.33712,3706.402971,LL,21
a,0,dla,25.83429979,0.05512592715,m,587.4424887,1350.429153,2553.356933,3703.714415,LL,21
m,0,mûSica,25.90078767,0.07784983809,uː,228.1791943,827.6472859,2232.101274,4120.090807,LL,21
uː,1,mûSica,26.02448956,0.169553936,z,334.5031219,728.4448319,2344.436955,3309.523824,LL,21
z,0,mûSica,26.16292402,0.107314986,i,1691.351813,2933.510825,3704.115313,4684.142123,LL,21
i,0,mûSica,26.24103253,0.04890203215,k,313.1813898,2069.604688,2438.69275,4149.2754,LL,21
k,0,mûSica,26.31291714,0.09486719601,a,1373.62735,2112.731135,2961.357491,4146.219004,LL,21
a,0,mûSica,26.39235934,0.06401720572,m,513.809234,1616.250973,2281.985562,4089.453398,LL,21
m,0,misteriåuSa,26.45852659,0.06831728892,i,266.9753289,1163.279952,2253.228659,4533.349734,LL,21
i,0,misteriåuSa,26.51669169,0.04801290429,s,295.3704046,2058.404614,2256.96702,3326.930151,LL,21
s,0,misteriåuSa,26.57384373,0.06629117595,t,1847.002243,2681.57628,3577.209542,4131.989215,LL,21
t,0,misteriåuSa,26.66211524,0.1102518543,e,1031.23544,2195.596887,3529.796798,4088.606562,LL,21
e,0,misteriåuSa,26.74778134,0.06108033743,r,493.3156617,1541.125876,2216.787199,3962.769154,LL,21
r,0,misteriåuSa,26.81769096,0.07873890709,j,436.0503947,1501.870417,2159.218502,3582.058619,LL,21
j,0,misteriåuSa,26.91110051,0.1080801852,ɑu,262.4653947,2133.942103,2784.929213,3284.932172,LL,21
ɑu,1,misteriåuSa,27.07817295,0.2260647055,z,661.6336686,1211.733554,2098.907692,4043.218973,LL,21
z,0,misteriåuSa,27.25255513,0.1226996443,a,1228.119905,2285.306279,3029.709307,4069.649075,LL,21
a,0,misteriåuSa,27.32990925,0.03200860286,k,463.8139521,1445.594378,2253.612932,4156.365208,LL,21
k,0,ch'as,27.39391564,0.09600418112,a,1114.978816,1787.038821,2687.347173,4085.042121,LL,21
a,0,ch'as,27.46014485,0.03645424214,s,511.321652,1499.261424,2096.30895,3580.956175,LL,21
s,0,ch'as,27.54789155,0.1390391493,s,1419.325968,2515.733376,3133.389414,3953.820025,LL,21
s,0,sént,27.68791834,0.1410144394,e,1416.871882,2249.532933,3321.404429,3988.554698,LL,21
e,1,sént,27.80699615,0.09714116624,n,448.7816489,1959.011249,2331.584592,3539.98112,LL,21
n,0,sént,27.89557748,0.08002150715,t,522.9582791,2188.919898,2296.754088,4649.458453,LL,21
t,0,sént,28.03275103,0.1943255874,NA,154.6899598,1722.279521,2974.329423,4170.140826,LL,21
k,0,quand,29.05772017,0.03823249786,w,693.3861478,1110.311824,2437.682983,3532.537344,LL,21
w,0,quand,29.08483857,0.01600430143,a,490.0436454,1061.900403,2082.388008,4097.84299,LL,21
a,0,quand,29.12084824,0.056015055,n,676.3656038,1315.340488,2165.862535,3913.17437,LL,21
n,0,quand,29.17152853,0.04534552072,d,317.6010194,1294.192153,2278.415969,4151.305506,LL,21
d,0,quand,29.20487083,0.02133906857,ai,337.3943192,1362.51611,2660.587919,3983.925889,LL,21
ai,0,ai,29.25866306,0.08624540215,t,444.2843252,1941.298472,2245.807607,3609.70026,LL,21
t,0,tåcca,29.34490846,0.08624540215,ɑ,347.5600168,2070.089837,2613.905414,3821.185286,LL,21
ɑ,1,tåcca,29.41248218,0.04890203215,kː,718.2527898,1530.596857,2123.478454,3773.023868,LL,21
kː,0,tåcca,29.48449072,0.09511505327,a,626.5356154,1575.331273,2138.848908,3984.158491,LL,21
a,0,a,29.55383188,0.043567265,l,502.4696269,1551.606703,2344.112202,3841.935937,LL,21
l,0,lî,29.61073607,0.07024110072,iː,265.6336476,1610.668749,2438.254748,3575.113923,LL,21
iː,0,lî,29.71780319,0.1438931568,NA,257.9144377,2298.892788,2610.880711,3102.75145,LL,21
l,0,la,30.35166479,0.03645424214,a,423.055693,1297.113645,2380.443951,3678.427646,LL,21
a,0,la,30.39300923,0.04623464857,v,639.6031527,1362.312495,2403.7574,3812.546054,LL,21
v,0,và,30.44680147,0.06134982215,a,285.2894166,1126.754109,2441.028066,3589.230446,LL,21
a,1,và,30.5019274,0.04890203215,d,653.4949292,1385.620927,2419.251944,3859.248058,LL,21
d,0,dänter,30.5646001,0.07644336827,æ,337.3524376,1424.547653,2550.517821,3821.234769,LL,21
æ,1,dänter,30.66257921,0.1195148599,n,778.3176135,1527.811304,2425.367502,3866.068757,LL,21
n,0,dänter,30.73078335,0.01689342929,t,429.8699984,1499.531257,2421.127761,4214.381068,LL,21
t,0,dänter,30.78190821,0.08535627429,e,491.9824509,1545.598771,2550.400375,3940.903995,LL,21
e,0,dänter,30.84490154,0.04063039672,r,477.3964276,1559.054467,2286.781829,4032.701291,LL,21
r,0,dänter,30.88388843,0.03734337,d,292.5980006,1365.587334,2369.860814,3590.683796,LL,21
d,0,dal'indvéNna,30.93634697,0.06757371715,a,239.4336486,1351.845788,2358.764069,3837.946684,LL,21
a,0,dal'indvéNna,30.99680766,0.05334767143,l,542.3602773,1534.134716,2634.237082,3960.74309,LL,21
l,0,dal'indvéNna,31.0488108,0.05065860154,i,268.3527851,1524.159482,2427.075844,3627.790314,LL,21
i,0,dal'indvéNna,31.11103891,0.07379761215,n,271.7974465,2294.719243,2624.465109,3836.278393,LL,21
n,0,dal'indvéNna,31.19771803,0.09956063369,d,330.4394449,1949.680482,2601.477739,4592.564079,LL,21
d,0,dal'indvéNna,31.26972654,0.04445639286,v,225.2886583,1419.283947,2545.120217,3807.241024,LL,21
v,0,dal'indvéNna,31.3633328,0.1427561128,e,1404.289249,2514.55499,3391.81202,NA,LL,21
e,1,dal'indvéNna,31.48689991,0.1043781177,ŋː,418.453794,2164.057744,2596.709163,3711.818566,LL,21
ŋː,0,dal'indvéNna,31.63822673,0.1982755122,a,286.6322901,969.9632902,2348.201658,2871.566172,LL,21
a,0,dal'indvéNna,31.77806763,0.08140629066,NA,553.059641,1595.37623,2471.326716,4088.318929,LL,21
k,0,ch'l'é,32.16897112,0.06312807786,l,827.2433121,1639.351422,2426.455345,3629.695698,LL,21
l,0,ch'l'é,32.21431664,0.02756296357,e,253.8010539,1698.782013,2425.596171,3499.38069,LL,21
e,1,ch'l'é,32.25566108,0.05512592715,t,417.7780579,1637.483631,2458.983625,3450.43763,LL,21
t,0,tótta,32.38114122,0.1958343584,o,426.9121418,1514.135487,2397.054537,3499.012299,LL,21
o,1,tótta,32.52796044,0.09780406429,tː,525.3838439,978.46637,2745.590998,3493.98495,LL,21
tː,0,tótta,32.70717085,0.2606167633,a,530.1725627,1590.408306,2816.271311,4150.846951,LL,21
a,0,tótta,32.86104112,0.04712377643,s,536.8120114,1386.783465,2346.294884,3836.271386,LL,21
s,0,sêria,32.9794702,0.189734392,eː,1645.016535,2782.13833,3285.161516,4000.633262,LL,21
eː,1,sêria,33.17397087,0.1992669412,r,367.7266472,2135.810247,2544.155177,3546.421305,LL,21
r,0,sêria,33.30897275,0.07073681523,j,290.8791778,1541.290296,2433.646929,3479.625162,LL,21
j,0,sêria,33.39413232,0.09958232,a,355.717827,2149.481071,2373.486093,3265.444322,LL,21
a,0,sêria,33.46748536,0.04712377643,d,504.5966892,1501.254621,2457.093588,3935.651061,LL,21
d,0,dnanz,33.54832322,0.1145519375,n,441.3643135,1479.594551,2476.512286,3964.358685,LL,21
n,0,dnanz,33.65525561,0.09931283529,a,302.6899804,1375.682184,2434.978454,3693.407551,LL,21
a,0,dnanz,33.77596948,0.1421149011,n,794.6598187,1633.238988,2486.237413,4049.722802,LL,21
n,0,dnanz,33.89014963,0.08624540215,θ,608.9800859,1409.930741,2339.81442,4358.815921,LL,21
θ,0,dnanz,33.99861241,0.1306801676,a,1296.818395,2133.889964,3348.233211,4075.295656,LL,21
a,0,a,34.0899231,0.0519412016,u,620.0450903,1322.092268,2204.639203,3966.523878,LL,21
u,0,una,34.15627621,0.08076502006,n,422.3900189,829.3507696,2286.726138,2999.62688,LL,21
n,0,una,34.22422168,0.05512592715,a,292.0130516,1129.807123,2436.618908,4676.145501,LL,21
a,0,una,34.28379325,0.06401720572,b,535.7459573,1338.514374,2415.289377,4025.895669,LL,21
b,0,bòcia,34.36952131,0.1074389146,ɔː,196.7731725,969.3288024,2464.046249,3662.880477,LL,21
ɔː,1,bòcia,34.50326227,0.1600430143,ʦ,509.4950057,816.655766,2697.121108,3247.797342,LL,21
ʦ,0,bòcia,34.65585,0.1451324431,a,915.3297077,1846.740954,3057.696585,3584.064871,LL,21
a,0,bòcia,34.73547809,0.01412374454,e,372.1021619,1699.00422,2354.610134,4174.838437,LL,21
e,0,ed,34.75543232,0.02578470786,d,362.2130771,1655.722196,2403.855846,3634.977979,LL,21
d,0,ed,34.81016483,0.08368031975,k,301.8883604,1648.577377,2535.051583,4044.795023,LL,21
k,0,cristâl,34.90204401,0.1000780345,r,1336.34777,1819.710494,2815.299292,4001.618796,LL,21
r,0,cristâl,34.98675902,0.06935197286,i,376.54236,1416.799432,2172.234349,3729.555726,LL,21
i,0,cristâl,35.04810884,0.05334767143,s,322.9077306,2025.125385,2350.966511,3142.892088,LL,21
s,0,cristâl,35.13371297,0.1178605917,t,1829.987399,2541.669961,3447.965325,4083.603447,LL,21
t,0,cristâl,35.24896814,0.1126497532,aː,769.5237723,2025.978461,3479.07543,3985.677108,LL,21
aː,1,cristâl,35.40593954,0.2012930542,l,783.3931049,1369.684589,2300.933536,4009.572424,LL,21
l,0,cristâl,35.52792514,0.04267813714,NA,488.332783,1368.80817,2510.062202,4228.275648,LL,21
l,0,l'à,36.53891184,0.07442350864,a,414.5333638,1354.466057,2369.799783,4026.441897,LL,21
a,1,l'à,36.65236231,0.1524774323,NA,803.6123488,1388.145052,2415.46919,3779.85646,LL,21
u,0,un,37.13701637,0.05412948848,n,244.3453257,630.2580485,2320.700657,3325.703934,LL,21
n,0,un,37.17284856,0.01753490472,f,468.1252562,1891.326557,2953.465011,4329.616803,LL,21
f,0,fazulàtt,37.23688908,0.1105461384,a,554.7956278,1360.563251,2658.148525,3667.397744,LL,21
a,0,fazulàtt,37.30893467,0.03354503511,θ,613.0062797,1215.292349,2565.826367,4183.74726,LL,21
θ,0,fazulàtt,37.3919725,0.1325306139,u,1165.760569,1999.390907,2783.543992,3875.488895,LL,21
u,0,fazulàtt,37.47081719,0.02515877634,l,428.2541679,1061.326976,2839.281674,2924.411462,LL,21
l,0,fazulàtt,37.51274849,0.05870381145,a,300.2112827,1118.767612,1614.350167,3348.406762,LL,21
a,1,fazulàtt,37.57373946,0.06327813442,tː,725.6064422,1302.425256,2329.351814,4006.98492,LL,21
tː,0,fazulàtt,37.6631952,0.1156333441,r,832.2456108,1694.673278,2699.777733,3626.168871,LL,21
r,0,råss,37.76751749,0.09301123373,ɑ,467.3976925,1248.867574,2214.864468,3633.768046,LL,21
ɑ,1,råss,37.85349859,0.07895096761,sː,719.3688217,1412.892816,2225.773462,3594.415473,LL,21
sː,0,råss,37.98074563,0.1755431124,i,1743.452511,2628.451727,3539.925147,4165.312807,LL,21
i,0,in,38.10396819,0.07090200604,n,308.4832504,2335.501153,2893.124915,3735.207036,LL,21
n,0,in,38.17182064,0.06480290874,k,297.8620805,884.1395814,2423.290295,2951.980817,LL,21
k,0,cô,38.27565547,0.142866737,oː,288.1035784,1649.283001,2571.891417,3823.533883,LL,21
oː,1,cô,38.42952365,0.1648696333,NA,472.7268121,917.1365085,2219.065915,3852.933138,LL,21
e,0,e,38.95633085,0.05717903713,d,403.4420481,1785.372415,2080.040416,2604.304626,LL,21
d,0,däl,39.03288838,0.09593603015,æ,249.617376,1710.99069,2463.940257,3972.841751,LL,21
æ,1,däl,39.10792114,0.05412948848,l,407.1108567,1900.73338,2514.625444,4004.339713,LL,21
l,0,däl,39.17789211,0.08581245207,g,262.2985684,1518.997652,2436.721673,3622.698843,LL,21
g,0,gran,39.2698568,0.09811691915,r,208.9364807,1930.780975,2311.03915,3794.698385,LL,21
r,0,gran,39.36901099,0.1001914768,a,549.6244083,1364.99084,2142.172907,3795.505955,LL,21
a,0,gran,39.48956517,0.1409168727,n,717.038222,1532.437604,2156.869467,4091.585268,LL,21
n,0,gran,39.62781369,0.1355801626,ð,611.8955785,1339.682338,2288.483758,4429.935644,LL,21
ð,0,zòi,39.80363172,0.2160559045,ɔː,1349.741342,1932.320956,3273.537652,4213.298099,LL,21
ɔː,1,zòi,40.03058283,0.2378463147,i,562.5519471,926.3034317,2669.181858,4029.607751,LL,21
i,0,zòi,40.19867996,0.09834794386,d,321.7298699,2215.574344,2558.495416,3772.090077,LL,21
d,0,d,40.32549267,0.1552774765,oː,215.4793785,1674.232996,2586.332833,4061.147046,LL,21
oː,1,ôr,40.53283426,0.2594057002,r,415.0240266,877.3077862,2572.302521,3607.033321,LL,21
r,0,ôr,40.70859916,0.09212409434,d,366.2736924,1267.671725,1942.74845,3660.82972,LL,21
d,0,dapartótt,40.80383517,0.09834794386,a,220.4064344,1255.152875,2693.605068,4051.681618,LL,21
a,0,dapartótt,40.8735936,0.04116890673,p,575.4356569,1350.324116,2588.792135,4173.464074,LL,21
p,0,dapartótt,40.94459264,0.1008291706,a,577.4110662,1323.086597,2557.696087,3831.124559,LL,21
a,0,dapartótt,41.02550271,0.06099097294,r,631.51406,1229.498151,2307.215523,3998.833689,LL,21
r,0,dapartótt,41.10026055,0.08852470351,t,368.5927167,1233.93732,1788.476368,3864.821579,LL,21
t,0,dapartótt,41.20322671,0.1174076229,o,302.5779682,1705.60404,2916.771363,3925.198329,LL,21
o,1,dapartótt,41.30995167,0.09604230264,tː,454.0636771,937.6744276,2724.326526,3255.777258,LL,21
tː,0,dapartótt,41.47956434,0.2431830248,NA,327.5679473,1691.898049,3002.159683,3717.422636,LL,21
s,0,sänza,42.39405237,0.103684654,æ,1427.879359,2424.182465,3371.466376,3849.806338,LL,21
æ,1,sänza,42.49348152,0.09517364299,n,759.071541,1516.11971,2370.570291,4116.020699,LL,21
n,0,sänza,42.55326654,0.02439638917,θ,571.2616222,1305.307134,1959.559855,4094.928065,LL,21
θ,0,sänza,42.6150199,0.09911033102,a,1126.886992,2006.282288,3125.498584,4056.183484,LL,21
a,0,sänza,42.68896221,0.04877429862,l,607.2930738,1344.245236,2394.252737,3868.27946,LL,21
l,0,lasèr,42.73355262,0.04040651957,a,391.3423019,1141.326874,2347.749124,3770.457262,LL,21
a,0,lasèr,42.77357795,0.03964413241,s,575.4322626,1369.974297,2365.875834,4125.157042,LL,21
s,0,lasèr,42.85547219,0.1241443551,ɛː,1242.012136,2234.715484,3450.472194,3946.085769,LL,21
ɛː,1,lasèr,42.98860578,0.1421228295,r,520.721748,1863.901078,2270.927121,3463.279705,LL,21
r,0,lasèr,43.08743195,0.05552951058,d,389.9766937,1316.696812,2292.107792,3879.868497,LL,21
d,0,dîr,43.17922799,0.1280625634,iː,240.4321867,2003.955548,3040.312908,3836.102699,LL,21
iː,1,dîr,43.29395802,0.1013974925,r,323.8855027,2208.412575,2550.870087,3940.527266,LL,21
r,0,dîr,43.37117167,0.05302980412,NA,304.5652726,1673.076811,2369.392069,4078.893627,LL,21
ɲ,0,gnínta,43.46933248,0.03202026079,NA,308.9074344,672.0750894,2166.894154,4220.352697,LL,21
iː,1,gnínta,43.53413539,0.0975855567,n,400.690215,2422.77219,2744.473836,3983.867609,LL,21
n,0,gnínta,43.6046562,0.04345606822,t,369.4545676,1569.582354,2391.829124,4441.02234,LL,21
t,0,gnínta,43.6655848,0.07840112543,a,330.5999424,1157.999366,2485.433302,3987.198509,LL,21
a,0,ala,43.73146891,0.05336710132,l,619.649276,1502.886031,2326.896416,3670.045526,LL,21
l,0,ala,43.77796526,0.03962559381,a,445.7785242,1275.733287,2335.07149,3613.112441,LL,21
a,0,ala,43.82560519,0.0556542628,d,620.9391167,1394.711468,2535.222019,4131.103513,LL,21
d,0,DeléNna,43.88697736,0.06709007023,e,258.2731193,1411.436011,2561.133126,4159.643217,LL,21
e,0,DeléNna,43.94301281,0.04498084254,l,549.5940621,1605.264424,2565.886998,4139.391789,LL,21
l,0,DeléNna,43.99212441,0.0532423491,e,373.8246753,1466.29405,2964.264493,3320.850728,LL,21
e,1,DeléNna,44.0507566,0.06402204185,ŋː,477.7791492,1687.113414,2146.865591,3867.362071,LL,21
ŋː,0,DeléNna,44.14109024,0.1166452357,a,435.2791599,1447.640302,2363.67092,4632.071103,LL,21
a,0,DeléNna,44.22876477,0.05870381145,NA,653.6747288,1642.387675,2498.257377,4086.696474,LL,21
l,0,la,44.49441973,0.05641664997,a,391.6711644,1354.49102,2368.072632,3980.010463,LL,21
a,0,la,44.54778683,0.05031755267,m,680.6809546,1422.457886,2433.394009,3913.879377,LL,21
m,0,mèga,44.61001842,0.07414561993,ɛː,258.811425,1252.384896,2308.900582,2716.2447,LL,21
ɛː,1,mèga,44.71723085,0.1402792378,g,649.8588335,1899.189404,2546.437508,4267.95425,LL,21
g,0,mèga,44.83119846,0.087655985,a,315.966832,1565.463716,2293.047371,4042.798068,LL,21
a,0,mèga,44.91276462,0.07547632901,NA,616.8177673,1652.880941,2409.740791,4230.024543,LL,21
l,0,la,45.15795982,0.03964413241,a,496.584174,1285.837541,2508.889742,3957.559253,LL,21
a,0,la,45.1949356,0.03430742228,t,687.8023402,1333.3765,2114.473811,3881.595271,LL,21
t,0,tâca,45.27317732,0.1221760111,aː,680.8302004,1614.269193,2355.955464,3519.344156,LL,21
aː,1,tâca,45.3952563,0.1219819459,k,829.6629709,1405.771119,2221.18733,3912.638623,LL,21
k,0,tâca,45.5140108,0.1155270716,a,788.2578462,1444.046259,2092.561107,3942.33242,LL,21
a,0,tâca,45.59655192,0.04955516551,s,576.1146763,1491.765414,2200.632054,4143.281671,LL,21
s,0,sóbbit,45.68906645,0.1354738901,o,1320.73694,2222.109371,3237.8085,3899.316843,LL,21
o,1,sóbbit,45.79034843,0.06709007023,bː,517.4445306,1025.715383,2496.180606,4184.983946,LL,21
bː,0,sóbbit,45.88149759,0.1152082542,i,212.5105596,984.8399281,2612.725602,3556.974496,LL,21
i,0,sóbbit,45.95358708,0.02897071214,t,302.6097514,1988.678485,2526.64816,3920.077711,LL,21
t,0,sóbbit,46.01413448,0.09212409434,a,296.0929234,2027.756495,2611.442272,3980.90404,LL,21
a,0,a,46.08764247,0.05489187564,d,635.5828961,1373.973871,2373.916345,3459.75089,LL,21
d,0,dmandèr,46.16539672,0.1006166256,m,257.5469182,1334.356212,2923.519279,3757.581345,LL,21
m,0,dmandèr,46.253062,0.07471394185,a,245.2718643,1047.721257,2421.482262,2460.323046,LL,21
a,0,dmandèr,46.32091446,0.06099097294,n,637.7108836,1294.470984,2466.236525,3701.465164,LL,21
n,0,dmandèr,46.39856243,0.09430498334,d,257.1788859,1360.70818,2503.197791,2830.975348,LL,21
d,0,dmandèr,46.47810714,0.06478442901,ɛː,207.8737121,1412.954151,2442.956125,3896.588929,LL,21
ɛː,1,dmandèr,46.61776492,0.2145311302,r,602.4298409,1903.909513,2488.416221,3358.63376,LL,21
r,0,dmandèr,46.75209523,0.05412948848,NA,597.4925291,1450.001102,2374.416913,3233.51873,LL,21
i,0,in,47.38813307,0.08614974927,n,394.7373873,2694.193158,3318.056331,4367.683205,RM,21
n,0,in,47.47885714,0.09529839521,d,283.556715,1393.903268,2593.597176,3177.299104,RM,21
d,0,duv,47.56771911,0.08242554736,u,322.1282471,1696.603461,2991.906112,4321.035773,RM,21
u,0,duv,47.64731692,0.07677007862,v,352.7935302,1311.381143,2847.964875,4178.764673,RM,21
v,0,duv,47.71967209,0.06794025015,s,110.0315581,1439.95109,2398.543911,3182.77928,RM,21
s,0,stèla,47.79775439,0.08822436578,t,1341.718018,2671.38302,3534.333812,4240.621668,RM,21
t,0,stèla,47.9006235,0.1175138365,ɛː,308.8335826,1649.454973,3604.467218,4065.883182,RM,21
ɛː,1,stèla,48.04127466,0.1637884875,l,701.5322938,1998.544653,2992.967174,4235.121639,RM,21
l,0,stèla,48.14527813,0.04421845538,e,368.9506301,1835.468631,3516.150144,3660.098143,RM,21
e,0,ed,48.19864523,0.06251574726,d,560.5094319,1888.959988,2924.327635,4447.764509,RM,21
d,0,ed,48.27318128,0.0865563595,k,431.8450281,1912.478611,2741.223945,4532.270594,RM,21
k,0,cà,48.38615548,0.1393920395,a,1626.237136,2656.388799,3025.280021,NA,RM,21
a,1,cà,48.60646683,0.3012306628,NA,984.2325892,1476.793304,1790.800456,2744.980585,RM,21
i,0,in,49.11198033,0.06925247949,n,353.9941524,2215.282206,3213.34579,3691.125316,LL,21
n,0,in,49.19006263,0.08691213643,b,313.5460342,1017.764718,2235.568733,4504.928292,LL,21
b,0,Brochindòs,49.25524674,0.04345606822,r,268.2416617,946.6761426,2175.967684,3440.369649,LL,21
r,0,Brochindòs,49.31742519,0.0809008319,o,411.8372054,1212.751735,1659.853977,3172.880352,LL,21
o,0,Brochindòs,49.37388573,0.03202026079,k,516.1065452,1052.213393,2170.25875,3144.057591,LL,21
k,0,Brochindòs,49.43748268,0.09517364299,i,482.4111389,1460.475724,2047.342604,3604.676581,LL,21
i,0,Brochindòs,49.52738199,0.08462497495,n,314.6631681,2181.273034,2541.199902,3567.390496,LL,21
n,0,Brochindòs,49.59675923,0.05412948848,d,321.3034693,2078.574266,2224.229613,3927.462232,LL,21
d,0,Brochindòs,49.65659735,0.06554675731,ɔː,242.9148801,1288.927954,2385.026119,3738.19126,LL,21
ɔː,1,Brochindòs,49.81640522,0.2540689901,s,585.6239166,937.7444558,2708.028846,3951.430783,LL,21
s,0,Brochindòs,50.00436831,0.1218571936,NA,1351.886137,2500.437754,2885.015952,3901.982817,LL,21
l,0,la,50.37608289,0.05794142429,ai,391.8103703,1225.079851,2364.75858,3713.236182,LL,21
ai,0,la,50.46871293,0.127318656,a,488.4879431,1920.889845,2488.60522,3446.702996,LL,21
a,0,arspånnd,50.54685761,0.02897071214,r,620.1017758,1487.385122,2106.073647,3552.76329,LL,21
r,0,arspånnd,50.59260084,0.06251574726,s,535.6160278,1308.861458,2145.117546,3662.805867,LL,21
s,0,arspånnd,50.65130465,0.05489187564,p,1589.132457,2866.370895,3254.5059,3682.686699,LL,21
p,0,arspånnd,50.72126638,0.08503158518,ɑ,780.670197,2121.132331,2904.780319,3735.416305,LL,21
ɑ,1,arspånnd,50.79694602,0.06632768307,nː,700.9516313,1297.501057,2261.579464,3468.196988,LL,21
nː,0,arspånnd,50.86136773,0.06251574726,d,336.6401759,1274.015859,2477.931411,4640.612383,LL,21
d,0,arspånnd,50.90242113,0.01959104149,l,264.777413,1278.703078,2428.026489,3036.225032,LL,21
l,0,la,50.93013275,0.0358321966,a,305.6403883,1239.233478,2562.037103,3585.318075,LL,21
a,0,la,50.96977688,0.04345606822,d,529.4712628,1324.003741,2620.620958,3562.991559,LL,21
d,0,DeléNna,51.02352517,0.06404052158,e,233.1072081,1317.916124,2635.540407,3572.074775,LL,21
e,0,DeléNna,51.0777517,0.04441252063,l,484.7994507,1542.060066,2540.248105,3557.831416,LL,21
l,0,DeléNna,51.12778509,0.0556542628,e,332.0853877,1378.403071,2810.874349,3530.257612,LL,21
e,1,DeléNna,51.20059306,0.08996168508,ŋː,470.969642,1798.661328,2459.665438,3529.268209,LL,21
ŋː,0,DeléNna,51.31624488,0.1413419627,a,301.7197146,910.1995724,2199.028742,3394.01654,LL,21
a,0,DeléNna,51.41359942,0.05336710132,NA,433.9008207,1473.146113,2370.836719,4008.703085,LL,21
i,0,in,52.13364401,0.06599038587,n,405.9078833,2827.534036,3466.194605,4354.396812,RM,21
n,0,in,52.20683318,0.08038794918,k,324.17759,961.1231163,2358.740813,3153.284842,RM,21
k,0,che,52.31083662,0.1276189349,e,906.6508353,2339.065723,3254.761058,4228.21266,RM,21
e,0,che,52.39816458,0.04703697931,aː,428.2175251,1824.750926,2547.080721,3278.122477,RM,21
aː,1,ân,52.48991672,0.1364673019,n,1102.232927,1726.727035,3014.715688,4351.386738,RM,21
n,0,ân,52.58635869,0.05641664997,eː,319.1609495,1752.025372,2277.430642,3412.366812,RM,21
eː,1,êla,52.6540864,0.07903876037,l,1112.204465,2324.736581,3228.59803,4542.301061,RM,21
l,0,êla,52.71647739,0.0457432297,a,417.3598153,1669.948639,3258.399749,3299.611635,RM,21
a,0,êla,52.77823075,0.07776349049,n,747.6236602,1763.344037,2596.684833,3156.516276,RM,21
n,0,nèda,52.84265247,0.05107993983,ɛː,291.3143115,1827.680697,1883.159186,3261.53886,RM,21
ɛː,1,nèda,52.97088365,0.2053824254,d,589.0196141,2188.325497,2725.079292,3229.738914,RM,21
d,0,nèda,53.1218178,0.09648587233,a,323.7602198,1703.61907,2391.032848,4174.565592,RM,21
a,0,nèda,53.23410126,0.1280810432,NA,721.4588415,1647.456878,2853.017879,3180.97955,RM,21
d,0,dal,53.61397101,0.07547632901,a,240.3867515,1457.729437,2901.684005,3892.15054,LL,21
a,0,dal,53.68792256,0.07242678036,l,703.2752434,1510.734326,2314.939248,3478.34292,LL,21
l,0,dal,53.76225531,0.07623871617,m,451.8822774,1386.24826,2342.503569,3924.341345,LL,21
m,0,1933,53.8636528,0.1265562688,NA,266.7874116,1290.057167,2239.61399,3715.117208,LL,21
lː,0,1933,54.06653558,0.1067342026,e,303.2158902,1537.613032,2778.255903,3592.411307,LL,21
e,0,1933,54.16144354,0.08308172089,n,496.2048798,1895.582414,2728.841042,3788.448535,LL,21
n,0,1933,54.2318396,0.05771039958,o,315.4408881,1468.401688,2490.156896,3658.909087,LL,21
o,0,1933,54.3022449,0.08310020063,v,538.623675,1069.710063,2228.425446,3350.998912,LL,21
v,0,1933,54.46450862,0.2414272258,æ,1228.755021,2062.773896,2646.804385,3800.269961,LL,21
æ,1,1933,54.69036928,0.2102941044,n,762.5791173,1563.635349,2207.574149,3940.709995,LL,21
n,0,1933,54.80645543,0.02187820298,t,354.515894,1077.332144,2158.290556,4187.443624,LL,21
t,0,1933,54.86923686,0.103684654,t,1454.458638,2023.107617,3232.84686,4524.978511,LL,21
t,0,1933,54.99528719,0.1484159921,r,1552.016123,2576.85297,3869.473892,NA,LL,21
r,0,1933,55.11257006,0.08614974927,æ,518.0607473,1141.862274,2028.690272,3784.694836,LL,21
æ,1,1933,55.20138816,0.0914864594,n,680.0925349,1423.214595,2292.901397,3907.092931,LL,21
n,0,1933,55.2960212,0.09777962194,t,348.4385906,1216.07198,2149.494001,4223.589704,LL,21
t,0,1933,55.41848137,0.1471407222,a,409.2951041,1320.357197,2692.275992,3970.070642,LL,21
a,0,1933,55.51568574,0.04726800403,t,620.7932173,1476.168951,2334.610402,3864.963318,LL,21
t,0,1933,55.59757074,0.1165020038,r,391.1933557,1508.699902,2460.547784,3792.060858,LL,21
r,0,1933,55.69546588,0.07928826482,iː,403.9457181,1520.710609,2397.014655,3145.415157,LL,21
iː,1,1933,55.8143359,0.1584517774,NA,317.5847879,2231.712646,2685.967346,3885.448823,LL,21
ɛː,1,èla,56.54007974,0.09301123373,l,830.1293986,2018.390752,2270.920485,2966.306066,RM,21
l,0,èla,56.61250652,0.051842327,a,358.3031562,1655.088791,2932.764073,3659.632615,RM,21
a,0,èla,56.67044794,0.06404052158,l,838.8554032,1684.654709,2953.510921,4391.02232,RM,21
l,0,la,56.71924072,0.03354503511,a,655.7683593,1489.83258,2883.25474,4227.680718,RM,21
a,0,la,56.7558353,0.03964413241,p,978.8394785,1529.429901,2300.504108,3534.228699,RM,21
p,0,patänt,56.82035405,0.08939336317,a,816.401386,1553.870154,2746.538317,4154.491733,RM,21
a,0,patänt,56.88677877,0.04345606822,t,888.1487289,1397.983679,2847.71677,2984.588282,RM,21
t,0,patänt,56.95920555,0.1013974925,æ,786.2910154,1545.301726,2798.923839,4160.934749,RM,21
æ,1,patänt,57.08967078,0.159532982,n,1119.272559,1574.654077,2338.68757,2955.279614,RM,21
n,0,patänt,57.20908141,0.07928826482,t,429.2629546,1168.936288,2240.585915,3414.033879,RM,21
t,0,patänt,57.34428038,0.1911096731,NA,1296.856163,1773.713665,2998.727996,3620.859575,RM,21
m,0,mé,57.575353,0.1296936102,e,272.0272365,1435.164679,2093.233331,3274.719334,LL,21
e,1,mé,57.67145768,0.06251574726,n,403.023421,1711.13821,2403.05104,3405.333923,LL,21
n,0,nå,57.73130507,0.05717903713,ɑ,270.774084,1496.441927,2314.15435,3263.393801,LL,21
ɑ,1,nå,57.83422734,0.1486654965,NA,689.5349232,1486.532596,2389.95128,3383.127696,LL,21
eː,1,êla,58.77973298,0.051842327,l,430.286699,2328.472626,2679.790488,3274.933808,RM,21
l,0,êla,58.82890695,0.04650561686,a,377.2404176,1740.97233,3010.975776,3683.710188,RM,21
a,0,êla,58.87007586,0.0358321966,s,612.6795813,1636.035884,2537.014534,3774.803879,RM,21
s,0,spuSè,58.91238835,0.04879277835,p,653.8052624,1709.04156,3299.596725,3746.987724,RM,21
p,0,spuSè,58.98513395,0.09669841731,u,536.5577466,1791.68855,3164.120171,3923.245196,RM,21
u,0,spuSè,59.06435983,0.0617533601,z,364.9265353,1124.388816,2845.979677,2908.416047,RM,21
z,0,spuSè,59.12496961,0.05946619861,ɛː,1480.401814,2925.262916,3525.84586,NA,RM,21
ɛː,1,spuSè,59.23833428,0.1672631261,NA,692.350295,1948.572992,2587.319361,2763.000958,RM,21
o,1,ói,59.67371736,0.1518213177,i,537.6648422,1060.088758,2169.343142,3921.85216,LL,21
i,0,ói,59.81812735,0.1369986644,NA,286.5051362,2319.202555,2488.347142,3758.308812,LL,21
m,0,mo,60.33468619,0.05107993983,o,321.6474137,915.8282618,2211.887329,4521.710545,LL,21
o,0,mo,60.37852345,0.03659458376,a,609.5077351,1082.399253,2202.069621,3504.225053,LL,21
a,0,a,60.40673177,0.0198220662,s,622.9268693,1232.533328,2180.569093,3316.594475,LL,21
s,0,sån,60.4676072,0.1019287961,ɑ,1304.093878,2288.024369,2946.411774,3700.657776,LL,21
ɑ,1,sån,60.56872051,0.1002978081,n,815.6123762,1524.742117,2308.980212,3516.228072,LL,21
n,0,sån,60.64250341,0.04726800403,a,545.2644556,1521.28755,2133.771037,3421.741565,LL,21
a,0,avanzè,60.69243977,0.05260471416,v,619.726053,1559.505847,2295.426443,3434.352679,LL,21
v,0,avanzè,60.74955643,0.06162860787,a,317.3123409,1156.58822,2170.922903,3309.487455,LL,21
a,0,avanzè,60.81771847,0.07469546211,n,615.0752796,1343.405303,2212.547844,3928.529862,LL,21
n,0,avanzè,60.86727363,0.02441486891,θ,438.5448042,1236.385597,2216.58164,3953.080431,LL,21
θ,0,avanzè,60.93703206,0.1151019817,ɛː,1418.305823,1951.267016,2850.559963,3991.165274,LL,21
ɛː,1,avanzè,61.01173676,0.03430742228,v,467.6555723,1584.569004,2281.763748,3860.248873,LL,21
v,0,vaddva,61.07086566,0.08395038054,a,266.2691286,1270.561699,2392.649637,3836.154538,LL,21
a,0,vaddva,61.15515334,0.08462497495,dː,760.086689,1310.985975,2231.344415,3567.180999,LL,21
dː,0,vaddva,61.2255055,0.05607935276,v,483.7150908,1274.609107,2745.687471,3800.965596,LL,21
v,0,vaddva,61.29662006,0.08614974927,a,249.0137662,1271.939097,2522.986715,3724.54276,LL,21
a,0,vaddva,61.35738921,0.03538856805,d,572.5375582,1310.145133,2331.158196,3801.980297,LL,21
d,0,da,61.41667749,0.08318799338,a,268.0643056,1279.885663,2383.607925,3848.676927,LL,21
a,0,da,61.48457385,0.05260471416,u,607.5744839,1235.345908,2362.706155,3794.118781,LL,21
u,0,un,61.5279144,0.03407639756,n,431.9412644,854.5414771,2444.895635,3607.338959,LL,21
n,0,un,61.58269077,0.07547632901,p,349.1002545,429.2011467,2210.1813,3627.581723,LL,21
p,0,pèz,61.6851163,0.1293747339,ɛː,243.0436316,1863.984778,2869.108788,3831.535855,LL,21
ɛː,1,pèz,61.87673186,0.2538563863,θ,662.2426009,1806.803711,2401.387676,3774.280405,LL,21
θ,0,pèz,62.08315159,0.158983081,NA,1217.621043,1573.997262,2813.549082,3849.570048,LL,21
i,0,i,62.74994463,0.05489187564,p,307.8417194,2653.433074,3493.87803,4444.470601,RM,21
p,0,pièSla,62.84081887,0.1268566066,j,329.5820287,2428.645261,2773.419465,4397.016093,RM,21
j,0,pièSla,62.91323641,0.01797847441,ɛː,294.4135847,2546.813269,2778.144356,3055.456104,RM,21
ɛː,1,pièSla,63.0198551,0.1952589062,z,426.0454694,1698.314397,2505.446015,3249.2462,RM,21
z,0,pièSla,63.16834271,0.10171631,l,948.3420937,2086.553547,3104.52198,4168.732849,RM,21
l,0,pièSla,63.24740919,0.05641664997,a,420.5217434,1634.558754,2997.697499,3589.828011,RM,21
a,0,pièSla,63.31753956,0.08384410805,l,976.7542407,1628.728383,2790.225421,3983.224469,RM,21
l,0,la,63.37699652,0.03506980944,a,458.9537986,1494.169208,3488.132069,4424.015952,RM,21
a,0,la,63.42121498,0.05336710132,ʦ,893.8185988,1635.012563,2816.247471,4398.448418,RM,21
ʦ,0,ciocolèta,63.50936773,0.1229383983,o,739.2587321,1687.02537,2926.329341,3663.947866,RM,21
o,0,ciocolèta,63.58837183,0.03506980944,k,482.4324867,1298.188451,2604.292004,3324.122451,RM,21
k,0,ciocolèta,63.65893654,0.1060596082,o,472.0056376,1212.141636,2887.859807,3606.153882,RM,21
o,0,ciocolèta,63.74622063,0.06850857206,l,542.6638566,1160.426796,2604.204704,3645.082327,RM,21
l,0,ciocolèta,63.7991534,0.03735697092,ɛː,469.1123835,1739.466096,2816.272226,4455.779584,RM,21
ɛː,1,ciocolèta,63.90555028,0.1754367811,t,707.2474726,1733.659394,2879.009576,3207.8933,RM,21
t,0,ciocolèta,64.06977307,0.1530087948,a,538.0918397,1718.185526,2667.336233,3373.12233,RM,21
a,0,ciocolèta,64.19500787,0.09746080447,NA,685.2178775,1670.287446,2050.14111,2978.226279,RM,21
s,0,soncamé,64.48804634,0.08462497495,o,1304.769574,2316.639377,3293.719359,4143.622872,LL,21
o,0,soncamé,64.59667727,0.1326368864,n,725.4462611,1200.996285,2188.615815,3316.934636,LL,21
n,0,soncamé,64.69463478,0.06327813442,k,323.7851339,1087.30494,2244.93038,3696.393597,LL,21
k,0,soncamé,64.76668036,0.08081303914,a,1480.222204,2324.839746,3571.606638,NA,LL,21
a,0,soncamé,64.84133193,0.06849009233,m,614.9511655,1494.535346,2127.010152,3854.433336,LL,21
m,0,soncamé,64.91865185,0.08614974927,e,342.5091109,1321.417087,2290.397138,2383.025145,LL,21
e,1,soncamé,65.05951556,0.1955776648,NA,502.6980094,1931.994604,2407.625793,3852.281229,LL,21
a,0,anc,65.25988936,0.1563771609,n,785.7130454,1549.625795,2264.137309,3382.683702,LL,21
n,0,anc,65.36323672,0.05031755267,k,403.6156683,1489.890995,2166.740469,3949.433701,LL,21
k,0,anc,65.43032679,0.08386258779,t,833.7467288,1961.908052,3144.990267,3910.43802,LL,21
t,0,tròp,65.5226888,0.1008614497,r,1104.747629,2053.517668,2976.487338,3878.632457,LL,21
r,0,tròp,65.61623532,0.0862315892,ɔː,454.4952465,1139.525747,1754.303298,3689.371259,LL,21
ɔː,1,tròp,65.81978127,0.3208602928,p,613.3337984,934.1065859,2240.747355,3563.937067,LL,21
p,0,tròp,66.09350125,0.2265796749,NA,953.273075,2078.963477,3567.310571,4176.971046,LL,21
a,0,a,67.34316618,0.03975280281,k,733.6388696,1422.047203,2184.991945,3704.323244,LL,21
k,0,cal,67.41315139,0.1002176159,a,760.8237755,1558.187307,2716.295554,3915.110855,LL,21
a,0,cal,67.49175344,0.05698648746,l,605.9955966,1459.99842,2375.873981,3628.839221,LL,21
l,0,cal,67.5477574,0.05502143617,p,406.4651608,1317.300896,2515.973769,3856.915384,LL,21
p,0,pónt,67.65231606,0.1540958666,o,394.1262687,1286.76253,2516.658651,3866.121728,LL,21
o,1,pónt,67.84227411,0.2258202387,n,466.1461004,752.3122323,2684.283831,3405.931861,LL,21
n,0,pónt,67.97286969,0.03537092325,t,246.8763873,944.6442118,2249.672102,2562.668033,LL,21
t,0,pónt,68.05139141,0.1216725203,l,245.348987,2060.514683,3257.98908,4226.401123,LL,21
l,0,la,68.15840638,0.09235741072,a,337.1565608,1142.649573,2320.120931,3734.380887,LL,21
a,0,la,68.22620065,0.04323112842,s,572.2639423,1314.230832,2344.66892,3758.182934,LL,21
s,0,stròlga,68.28541427,0.07519611855,t,728.3516633,2346.733305,3187.699879,3963.352024,LL,21
t,0,stròlga,68.37262987,0.09923509024,r,413.5007604,1546.353445,3152.677614,3708.617088,LL,21
r,0,stròlga,68.46216484,0.07983485038,ɔː,405.9194166,1102.563004,1759.605037,3727.240521,LL,21
ɔː,1,stròlga,68.56987654,0.1355885391,l,544.1127957,787.3775908,2624.983884,2970.300604,LL,21
l,0,stròlga,68.67598931,0.07663700038,g,398.1671024,1052.238089,2007.189982,3634.854287,LL,21
g,0,stròlga,68.75704767,0.0854797312,a,220.9131724,1219.195228,2246.279874,3563.266277,LL,21
a,0,stròlga,68.84034505,0.0811150135,NA,471.3291746,1642.278978,2341.966572,3821.939515,LL,21
l,0,la,69.28079977,0.02259808986,a,434.2385716,1375.174378,2819.77159,4111.965199,LL,21
a,0,la,69.32108333,0.05796901311,s,644.8153271,1398.862133,2316.133541,3866.30622,LL,21
s,0,s,69.38936886,0.07860205167,m,1339.939151,2552.061844,3629.317348,4463.115884,LL,21
m,0,métt,69.46453207,0.07172437215,e,307.048786,1201.016663,2228.339982,3441.105827,LL,21
e,1,métt,69.52348361,0.04617870536,tː,492.7099765,1725.864419,2310.264848,3402.168343,LL,21
tː,0,métt,69.59441908,0.09569223835,a,346.9250125,1698.781385,2393.127828,3618.551806,LL,21
a,0,a,69.66289824,0.04126607713,s,571.9256536,1420.912206,2156.136136,4037.92038,LL,21
s,0,spargujèr,69.74788671,0.1287108596,p,1501.76541,2409.047854,2994.657652,3956.570358,LL,21
p,0,spargujèr,69.88212659,0.1397689148,a,574.2561472,2284.892819,2875.716543,3888.008694,LL,21
a,0,spargujèr,69.99622471,0.08842730813,r,742.7797476,1306.932286,2198.523423,3795.605982,LL,21
r,0,spargujèr,70.08366949,0.08646225684,g,423.7667018,1330.882261,1868.830244,3274.413802,LL,21
g,0,spargujèr,70.17467825,0.09555526071,u,250.9269136,1405.40106,2667.750938,3876.78325,LL,21
u,0,spargujèr,70.28238994,0.1198681288,j,267.0607348,750.3125558,2516.881372,3650.687753,LL,21
j,0,spargujèr,70.39081021,0.09697240147,ɛː,265.6990324,2186.027356,2528.767835,3980.235611,LL,21
ɛː,1,spargujèr,70.52560985,0.1726268762,r,571.7490606,1532.000688,2110.110209,2936.238353,LL,21
r,0,spargujèr,70.65515441,0.08646225684,d,436.0593392,1346.271402,2217.315676,3944.414904,LL,21
d,0,däl,70.76266064,0.1285501998,æ,244.1657568,1393.778846,2529.075134,3735.672592,LL,21
æ,1,däl,70.85690277,0.0599340644,l,419.0215815,1884.605824,2490.75637,4036.859567,LL,21
l,0,däl,70.95900511,0.1442706101,k,257.5372049,1570.740367,2504.129659,3202.037553,LL,21
k,0,chèrt,71.10706884,0.15185686,ɛː,232.7229861,1770.628838,2677.896471,3528.289694,LL,21
ɛː,1,chèrt,71.25533802,0.1446814841,r,646.4287591,2003.237983,2363.072419,3917.246915,LL,21
r,0,chèrt,71.36845357,0.08154962861,t,475.6601683,1339.420273,2203.040881,3902.407219,LL,21
t,0,chèrt,71.46965371,0.1208506544,i,264.541613,1434.722973,2492.329332,3653.941598,LL,21
i,0,in,71.55610413,0.05205017702,n,275.9867252,2124.630133,2549.166173,3589.028272,LL,21
n,0,in,71.61750014,0.07074184651,v,319.6017087,1260.981363,2218.627946,3076.603979,LL,21
v,0,vatta,71.68873325,0.07172437215,a,240.6468357,1137.903975,2265.040111,3450.920877,LL,21
a,0,vatta,71.75751005,0.06582921828,tː,716.0643904,1279.424604,2212.104201,3725.724764,LL,21
tː,0,vatta,71.84311491,0.1053805172,a,738.5878071,1376.518647,2339.598285,4144.112776,LL,21
a,0,vatta,71.92036831,0.0491262823,l,630.5030379,1410.323644,2355.600684,4094.747202,LL,21
l,0,ala,71.97145965,0.05305638488,a,424.0340466,1212.711295,2261.573124,3960.536318,LL,21
a,0,ala,72.01862088,0.04126607713,t,597.8670724,1315.460163,2274.858194,3953.477439,LL,21
t,0,tèvla,72.09538299,0.1122581378,ɛː,459.9187569,1273.665404,2355.850828,3628.12479,LL,21
ɛː,1,tèvla,72.24659974,0.1901753602,v,604.0114095,1859.745121,2407.050111,2651.52592,LL,21
v,0,tèvla,72.40497999,0.1265851485,l,187.8678696,1218.753551,2201.578915,3327.497378,LL,21
l,0,tèvla,72.49381823,0.05109133359,a,317.7967852,1321.524283,2262.760154,3965.313102,LL,21
a,0,tèvla,72.5537523,0.06877679522,NA,624.3160754,1511.327916,2319.160255,3846.442973,LL,21
e,0,e,72.86671962,0.05502143617,l,463.6997327,1952.196486,2191.864135,2631.945848,LL,21
l,0,la,72.91731969,0.04617870536,a,352.430501,1461.964363,2626.55074,3735.922543,LL,21
a,0,la,72.9752887,0.06975932086,d,539.021165,1534.325096,2498.523068,3886.214002,LL,21
d,0,dîS,73.04131155,0.06228636638,iː,247.8316111,1587.369541,2533.751359,4190.644922,LL,21
iː,1,dîS,73.16039078,0.1758720906,z,270.1212776,2263.559578,2729.840787,3755.646546,LL,21
z,0,dîS,73.35098888,0.2053241189,NA,1680.215671,2757.184396,3604.625156,4405.771853,LL,21
l,0,lî,73.96252818,0.1945400779,iː,296.8638787,1486.411474,2928.293794,3617.796147,RM,21
iː,1,lî,74.23853755,0.3574786753,NA,317.8576997,2211.842727,2714.750276,3555.07822,RM,21
l,0,l'é,74.94324432,0.08842730813,e,384.7756888,1891.804717,3599.896576,4132.304566,RM,21
e,1,l'é,75.01595121,0.05698648746,u,536.4484473,2094.561394,2995.132948,3088.457101,RM,21
u,0,una,75.07490275,0.06091659005,n,465.4978808,1304.562714,2681.268787,3476.198643,RM,21
n,0,una,75.13090672,0.05109133359,a,300.6833002,1628.861325,2467.960063,3026.601221,RM,21
a,0,una,75.18691068,0.06091659005,p,882.8754735,1695.971339,2198.39568,3193.616109,RM,21
p,0,parsåNna,75.26354768,0.09235741072,a,727.533792,1652.032334,2879.088249,4063.039711,RM,21
a,0,parsåNna,75.33912182,0.05879087891,r,951.6062679,1708.612539,2119.453976,3256.790072,RM,21
r,0,parsåNna,75.40536197,0.07368942345,s,576.6619324,1817.021269,2064.051643,3080.859686,RM,21
s,0,parsåNna,75.52016866,0.1559239402,ɑ,1696.646433,3065.970783,4221.037564,NA,RM,21
ɑ,1,parsåNna,75.68668307,0.1771048893,ŋː,921.5540502,1636.058769,3093.664133,3981.309058,RM,21
ŋː,0,parsåNna,75.8071676,0.06386416699,a,324.9690284,1592.400618,2517.443367,3333.175671,RM,21
a,0,parsåNna,75.87938323,0.08056710297,s,916.8192853,1871.596706,3246.213843,4150.556658,RM,21
s,0,sinsébbil,75.99193907,0.1445445654,i,834.7332618,2171.650805,3504.966918,4495.901825,RM,21
i,0,sinsébbil,76.08610087,0.04377903896,n,325.7650526,2514.838137,2622.82363,2954.083918,RM,21
n,0,sinsébbil,76.15023899,0.08449720555,s,774.0615292,2325.85346,3101.345943,4550.336289,RM,21
s,0,sinsébbil,76.30174157,0.2185079441,e,1466.602704,2529.783571,3558.495457,4456.885936,RM,21
e,1,sinsébbil,76.4537354,0.0854797312,bː,486.9490912,2021.109339,2312.445013,3131.000551,RM,21
bː,0,sinsébbil,76.54314524,0.09333993636,i,269.2410241,1218.374645,2604.019471,3548.423507,RM,21
i,0,sinsébbil,76.62264949,0.06566855843,l,329.6393865,2443.87824,2820.94546,4276.845762,RM,21
l,0,sinsébbil,76.68053817,0.05010880794,e,291.894925,1815.228743,2964.279159,3540.531342,RM,21
e,0,e,76.73899844,0.06681174392,b,519.0337832,1893.156823,2679.853725,3120.075072,RM,21
b,0,bôna,76.82306104,0.101313437,oː,243.3401568,1155.079247,2698.483763,4171.749485,RM,21
oː,1,bôna,76.98430854,0.2211815658,n,465.2704968,819.1417019,3020.360431,3734.696948,RM,21
n,0,bôna,77.14599065,0.1021826672,a,297.0246396,1463.416904,2377.781471,3144.129416,RM,21
a,0,bôna,77.25259469,0.111025398,NA,532.223947,1666.105447,2137.578849,3112.404509,RM,21
m,0,mo,77.91747613,0.07860205167,o,266.1787354,1170.590189,2189.979647,2920.545283,RM,21
o,0,mo,78.0800038,0.2464532773,NA,768.8773543,1080.408407,3190.780816,3732.395184,RM,21
l,0,l'é,78.62777113,0.06877679522,e,318.572446,1646.252494,3003.743075,3758.747843,RM,21
e,1,l'é,78.6955654,0.06681174392,t,345.668126,1620.570248,2443.16866,3090.151635,RM,21
t,0,témmida,78.82053978,0.1831370208,e,311.8722045,901.0290817,2220.867636,3109.922008,RM,21
e,1,témmida,78.95190058,0.07958457732,mː,469.8239566,2185.08626,2569.930026,3069.352818,RM,21
mː,0,témmida,79.05801335,0.1326409622,i,337.245742,1509.371671,2451.816282,3716.033955,RM,21
i,0,témmida,79.15898434,0.06930102354,d,371.6300117,2526.850387,3146.781699,4327.70072,RM,21
d,0,témmida,79.2432524,0.09923509024,a,287.2926867,1690.426203,2966.311451,4405.612379,RM,21
a,0,témmida,79.35476906,0.1237982314,NA,762.494797,1269.844986,1723.972958,2829.911807,RM,21
e,0,e,80.04888535,0.05698648746,a,418.4422863,2378.802912,3256.04516,3822.214495,RM,21
a,0,acsé,80.10685436,0.05895153876,k,544.6918277,1890.237382,2577.340143,3694.553588,RM,21
k,0,acsé,80.17857873,0.08449720555,s,653.3878503,1865.902095,2808.317288,4239.140903,RM,21
s,0,acsé,80.29844686,0.1552390521,e,1116.543359,2536.966856,3304.293493,4338.61223,RM,21
e,1,acsé,80.41978878,0.08744478249,b,375.5890806,2374.836676,2835.57792,3367.679793,RM,21
b,0,bän,80.51388209,0.1007418442,æ,285.6845929,1245.555567,2711.676144,3816.273977,RM,21
æ,1,bän,80.61485309,0.1012001415,n,1000.284459,1565.527365,2709.820534,3882.427924,RM,21
n,0,bän,80.69591145,0.06091659005,e,360.4387157,1316.83112,2503.402913,3112.921472,RM,21
e,0,e,80.75928436,0.06582921828,s,398.6319776,2010.045163,2735.643926,3746.402798,RM,21
s,0,spass,80.85029312,0.1161882993,p,1077.036455,2226.043739,3367.793061,3992.415808,RM,21
p,0,spass,80.96979512,0.1228157057,a,264.4835554,1620.40176,3364.308089,3921.130773,RM,21
a,0,spass,81.10213844,0.1418709437,sː,1136.088229,1553.577398,2783.176843,3944.126931,RM,21
sː,0,spass,81.25560607,0.1650643085,NA,1398.319558,2682.04796,3742.748139,4375.868583,RM,21
l,0,l'avanza,81.515928,0.05109133359,a,437.1561962,1472.164005,1691.825038,3721.17041,RM,21
a,0,l'avanza,81.57094944,0.05895153876,v,881.414298,1692.116662,1991.100054,3094.198762,RM,21
v,0,l'avanza,81.6308835,0.06091659005,a,573.2061117,1346.655564,2966.075206,4533.285461,RM,21
a,0,l'avanza,81.71832828,0.1139729749,θ,1104.990415,1528.76183,3108.920278,3616.383568,RM,21
θ,0,l'avanza,81.82891907,0.1072085908,a,556.137384,1673.403645,2828.622332,3544.046597,RM,21
a,0,l'avanza,81.90512145,0.04519617971,d,556.0819648,1354.658056,1881.15902,3265.313112,RM,21
d,0,da,81.95719531,0.05895153876,a,395.312017,1085.202884,1443.663561,2946.086499,RM,21
a,0,da,82.00435654,0.03537092325,p,715.7011562,1678.658288,2076.165147,3121.347743,RM,21
p,0,par,82.07803412,0.1119842414,a,721.2730402,1617.179299,2826.851224,3355.490038,RM,21
a,0,par,82.1649758,0.06189911569,r,715.0307034,1631.244842,2052.432435,3159.603237,RM,21
r,0,par,82.22540113,0.05895153876,l,501.5739259,1676.202237,2449.480965,3079.391702,RM,21
l,0,lî,82.29346936,0.07718491092,iː,413.7899079,1590.719741,3046.842078,3520.315706,RM,21
iː,1,lî,82.39150461,0.1188856032,NA,366.9085133,2161.289631,2601.57541,3321.090688,RM,21
æ,1,äl,83.1622579,0.04224860278,l,961.7017149,1593.296661,2869.130722,3481.228777,RM,21
l,0,äl,83.23250848,0.09825256459,s,448.8327281,1724.525602,2951.386299,4555.734893,RM,21
s,0,såu,83.37159251,0.1799154886,ɑu,1203.591884,1544.081477,2730.902295,3870.33573,RM,21
ɑu,1,såu,83.55980282,0.1965051292,p,907.245072,1504.016672,2887.537706,4098.335566,RM,21
p,0,pòr,83.73488601,0.1536612515,ɔː,409.5363642,897.3182471,2967.317009,3974.874873,RM,21
ɔː,1,pòr,83.95522203,0.287010784,r,498.3193328,990.256537,2988.411229,3889.999066,RM,21
r,0,pòr,84.11543036,0.03340587196,NA,486.7753861,1575.425482,2680.842912,3852.979078,RM,21
p,0,pr,84.49365531,0.03930102584,r,442.8777669,1804.833439,2709.004761,3340.425566,RM,21
r,0,pr,84.54572917,0.06484669263,e,495.5050014,1646.454357,2008.659294,2769.074448,RM,21
e,0,eSänpi,84.60517197,0.05403891053,z,465.6093674,1946.842201,2707.467468,3365.900678,RM,21
z,0,eSänpi,84.68137435,0.09836586002,æ,367.150616,1952.446833,3179.178219,3856.536078,RM,21
æ,1,eSänpi,84.7752622,0.08940983378,n,852.5197662,1561.935663,2860.512493,3421.577912,RM,21
n,0,eSänpi,84.8479691,0.05600396182,p,317.1069866,1408.855423,2535.00399,3803.696162,RM,21
p,0,eSänpi,84.91785355,0.08376495296,j,404.00574,1454.573323,2748.797384,4091.732223,RM,21
j,0,eSänpi,84.96661371,0.01375535904,e,347.2191087,2004.80502,2908.980615,4332.702531,RM,21
e,0,ed,84.98810414,0.02922549632,d,412.1039948,1963.064964,2871.497849,4310.942392,RM,21
d,0,ed,85.03821295,0.07099211956,g,278.8851626,1756.191117,2988.5066,4075.070127,RM,21
g,0,guidèr,85.10843985,0.06946168338,w,270.2902847,1639.566738,3715.409373,4145.607998,RM,21
w,0,guidèr,85.16871636,0.05109133359,i,304.9391931,1400.155447,2351.92467,3792.878398,RM,21
i,0,guidèr,85.21636885,0.04421365407,d,292.4932285,2396.811114,2976.979369,4109.479783,RM,21
d,0,guidèr,85.27630291,0.07565447474,ɛː,297.6078119,2138.685916,2784.947121,4063.439098,RM,21
ɛː,1,guidèr,85.49685624,0.3654521759,r,477.145323,2043.201807,2817.736677,3870.843751,RM,21
r,0,guidèr,85.70512799,0.05109133359,NA,387.6906101,1606.161734,2684.552132,3850.001804,RM,21
o,0,o,85.95709846,0.0363534489,e,421.8641799,1216.925951,2659.35248,3991.917608,RM,21
e,0,ed,85.99099559,0.03144082067,d,456.5590122,1811.942325,2617.068449,3678.318691,RM,21
d,0,ed,86.02636652,0.03930102584,θ,322.2722766,1837.087521,2596.468944,4031.548365,RM,21
θ,0,zarchèr,86.1005472,0.1090603467,a,1260.699517,1605.256663,2945.416991,3684.675423,RM,21
a,0,zarchèr,86.18257625,0.05499775396,r,772.6414369,1624.554851,2641.611121,4003.864737,RM,21
r,0,zarchèr,86.22776059,0.03537092325,k,503.7363823,1488.304492,2596.568548,4128.417274,RM,21
k,0,zarchèr,86.30095875,0.111025398,ɛː,519.7794394,1707.821319,2741.915599,3707.384982,RM,21
ɛː,1,zarchèr,86.396755,0.08056710297,r,469.8729911,1890.98626,1923.781295,2876.223936,RM,21
r,0,zarchèr,86.44973103,0.02538494809,u,410.3027237,1552.94423,2691.056042,3655.854182,RM,21
u,0,un,86.49828569,0.07172437215,n,386.972859,1197.091464,2709.984346,3176.85067,RM,21
n,0,un,86.56460617,0.06091659005,u,307.0195039,1366.276979,2503.02853,3322.545989,RM,21
u,0,umarén,86.62945286,0.06877679522,m,386.9302737,1078.771461,2504.468917,3397.983977,RM,21
m,0,umarén,86.69765806,0.06763360973,a,279.0760016,1214.823083,2508.96106,3466.192137,RM,21
a,0,umarén,86.77372347,0.08449720555,r,826.9131801,1584.573927,2917.192259,4026.867252,RM,21
r,0,umarén,86.83203493,0.03212570884,e,580.7733555,1667.829843,2771.92759,4480.377437,RM,21
e,1,umarén,86.91933089,0.1424662187,n,447.2066418,2275.770213,2750.474826,3308.752834,RM,21
n,0,umarén,87.02789998,0.07467194909,NA,291.8037252,1210.145997,2404.581529,2901.489908,RM,21
æ,1,äl,87.42198231,0.05109133359,l,912.5923806,1635.835466,2842.439446,3618.49655,RM,21
l,0,äl,87.47089126,0.04672655703,s,490.232365,1752.943409,2000.552937,3007.091868,RM,21
s,0,se,87.55566239,0.1228157057,e,623.109878,2047.487775,2620.693517,3824.092097,RM,21
e,0,se,87.64617989,0.05821928617,s,416.4280977,1910.451283,2341.020896,2920.72627,RM,21
s,0,sfåughen,87.71606434,0.08154962861,f,1600.188327,2614.822456,3797.421883,4660.253996,RM,21
f,0,sfåughen,87.80154408,0.08940983378,ɑu,696.574425,1564.963522,2622.999316,3746.054403,RM,21
ɑu,1,sfåughen,87.94420392,0.1959098542,g,1098.13605,1469.118893,1620.400743,2789.184381,RM,21
g,0,sfåughen,88.07654724,0.06877679522,e,348.3461184,1116.083298,2904.132297,4062.354617,RM,21
e,0,sfåughen,88.14286773,0.06386416699,n,542.9301681,1691.736832,2228.419715,2889.606228,RM,21
n,0,sfåughen,88.21262705,0.07565447474,k,378.6894282,1367.622743,2479.011685,3419.168245,RM,21
k,0,quand,88.27956393,0.05821928617,w,474.7987543,1284.99794,2362.624508,3491.466987,RM,21
w,0,quand,88.32537651,0.03340587196,a,501.4456294,1156.906379,2721.320483,3910.268971,RM,21
a,0,quand,88.37499405,0.06582921828,n,1067.316487,1504.657203,2726.701443,4076.302016,RM,21
n,0,quand,88.43625309,0.05668884999,d,359.0243925,1506.330296,2602.798318,3671.310025,RM,21
d,0,quand,88.47442277,0.01965051292,l,367.9442099,1624.638548,2786.886351,3266.090649,RM,21
l,0,la,88.50291601,0.03733597455,a,444.0708687,1602.025322,3051.513141,4005.881223,RM,21
a,0,la,88.54860345,0.05403891053,m,1042.184889,1092.245875,1715.938694,2934.743909,RM,21
m,0,mâgna,88.61001131,0.06877679522,aː,285.0592668,1249.629255,2527.736558,2982.038316,RM,21
aː,1,mâgna,88.68123257,0.07366574123,ɲ,957.733254,1117.071,1645.848127,3002.358367,RM,21
ɲ,0,mâgna,88.76080531,0.0854797312,a,415.2765973,2536.632668,3134.665951,4267.328301,RM,21
a,0,mâgna,88.83105589,0.05502143617,t,1168.728601,1777.924385,2962.476933,4133.733845,RM,21
t,0,trûp,88.91027435,0.1034154659,r,678.007281,1749.733639,2887.767181,3995.377226,RM,21
r,0,trûp,88.9934229,0.06288164134,uː,222.7862596,1374.375226,2669.633366,4021.552822,RM,21
uː,1,trûp,89.05532201,0.06091659005,p,348.8746822,1043.576148,2961.746814,3099.724785,RM,21
p,0,trûp,89.13868788,0.1058151323,d,267.930251,992.1233652,2632.031168,3616.731543,RM,21
d,0,dûlz,89.22991394,0.07663700038,uː,231.8281074,1807.425158,3040.072057,3866.673228,RM,21
uː,1,dûlz,89.37594414,0.2154233895,l,320.6430617,1020.842314,2989.811679,3738.07089,RM,21
l,0,dûlz,89.51214908,0.05698648746,θ,336.5114816,1447.640474,1908.948157,2890.887034,RM,21
θ,0,dûlz,89.6284177,0.1755507709,NA,1364.215771,1911.308484,3101.314403,4125.982428,RM,21
m,0,mo,90.80274798,0.08449720555,o,244.7056982,1210.244691,2552.882874,3434.234283,RM,21
o,0,mo,91.00654173,0.3230902777,s,385.7570077,1018.55776,3210.553709,3573.276037,RM,21
s,0,s'la,91.27278249,0.209391258,l,1258.190088,2670.816006,3925.243652,3993.963465,RM,21
l,0,s'la,91.42955198,0.1041477185,a,414.1135408,1759.549444,2415.17684,3647.861934,RM,21
a,0,s'la,91.52436571,0.0854797312,t,1123.552891,1645.169333,2846.594143,4326.27492,RM,21
t,0,tåurna,91.63607599,0.1379408411,ɑu,679.9826715,1415.202494,2447.073095,NA,RM,21
ɑu,1,tåurna,91.8511451,0.2921973675,r,1195.454728,1357.437742,2889.384106,3966.355491,RM,21
r,0,tåurna,92.04145744,0.08842730813,n,415.2593006,1301.036821,1903.395462,3628.781873,RM,21
n,0,tåurna,92.12398959,0.07663700038,a,354.8675362,1309.473377,2376.050522,3250.899073,RM,21
a,0,tåurna,92.20945748,0.0942987798,s,1009.293235,1689.361031,2826.821737,3923.15285,RM,21
s,0,st'ètra,92.32980503,0.1463963212,t,1484.559991,2738.862783,3633.289349,3858.848497,RM,21
t,0,st'ètra,92.45035802,0.09470965384,ɛː,1940.697636,3167.975768,4067.875205,NA,RM,21
ɛː,1,st'ètra,92.53406629,0.0727068978,t,504.3949682,2010.149886,2635.299518,2980.856201,RM,21
t,0,st'ètra,92.6062016,0.07156371231,r,463.4751243,2101.77257,2932.427966,4347.70219,RM,21
r,0,st'ètra,92.67637185,0.06877679522,a,370.6099456,1568.489555,2513.777154,3844.714209,RM,21
a,0,st'ètra,92.75006128,0.07860205167,v,599.0172688,1578.88504,1858.443634,2605.705209,RM,21
v,0,vôlta,92.81146913,0.04421365407,oː,336.6749947,1231.452164,2097.626754,2758.76249,RM,21
oː,1,vôlta,92.92563573,0.1841195465,l,369.5099653,749.9758995,3139.83866,3902.745989,RM,21
l,0,vôlta,93.05110137,0.06681174392,t,344.4312242,1519.62167,1942.42855,2956.355418,RM,21
t,0,vôlta,93.15131899,0.1336234878,a,362.2574013,1933.25762,2674.92771,4290.72741,RM,21
a,0,vôlta,93.26394331,0.09162515813,NA,1025.491204,1670.064677,2753.600193,4260.997029,RM,21
a,0,a,94.03427383,0.05796901311,p,1129.391585,1628.246771,3021.572546,3767.849195,RM,21
p,0,psän,94.11189335,0.09727003895,s,936.8077855,1738.20571,3099.305886,4173.296541,RM,21
s,0,psän,94.25141199,0.1817672445,æ,1226.209874,2581.122324,3284.136729,3798.680176,RM,21
æ,1,psän,94.40109834,0.11760544,n,1103.41745,1562.399635,2914.485854,3680.347478,RM,21
n,0,psän,94.49625451,0.0727068978,f,374.3718066,1017.763203,2330.090987,3376.34722,RM,21
f,0,fèr,94.64101635,0.2168167892,ɛː,1086.038913,1596.090929,2889.216606,3957.094936,RM,21
ɛː,1,fèr,94.83594365,0.1730378091,r,627.5168873,2136.320663,2624.747366,3171.164223,RM,21
r,0,fèr,94.95046453,0.05600396182,u,492.3858382,1580.37049,3028.338224,3695.910767,RM,21
u,0,un'instariarî,95.01973259,0.08253215426,n,426.4778026,869.6169021,2392.160633,3238.341068,RM,21
n,0,un'instariarî,95.08507055,0.04814375665,i,322.555495,1145.286061,2370.961508,3226.477112,RM,21
i,0,un'instariarî,95.14739244,0.07650002275,n,456.8141377,2870.547733,3054.080969,4278.106596,RM,21
n,0,un'instariarî,95.21376957,0.05625423487,s,355.6238545,1226.007402,2478.423259,3207.072869,RM,21
s,0,un'instariarî,95.30625211,0.1287108596,t,1134.709899,2428.865794,3248.77609,3731.647064,RM,21
t,0,un'instariarî,95.41480936,0.08840362592,a,1357.588841,2941.159555,3726.458606,4446.739256,RM,21
a,0,un'instariarî,95.52434912,0.1306759109,r,955.2153895,1569.047742,1678.513895,2828.91426,RM,21
r,0,un'instariarî,95.61957378,0.05977340456,j,430.066547,1783.888411,2321.946533,2998.290405,RM,21
j,0,un'instariarî,95.69760424,0.0962875133,a,359.3415306,2522.501717,2693.406252,2991.507166,RM,21
a,0,un'instariarî,95.79094418,0.09039235943,r,746.4369102,1801.992873,2820.838423,2953.245752,RM,21
r,0,un'instariarî,95.86265671,0.05303270267,iː,430.8162814,1893.050558,2688.783838,2921.966081,RM,21
iː,1,un'instariarî,95.98005668,0.1817672445,NA,360.3978381,2333.211596,2872.957838,3602.568415,RM,21
p,0,par,96.4278237,0.03144082067,a,335.3669578,1629.367109,2451.216949,3871.827004,RM,21
a,0,par,96.47351115,0.0599340644,r,785.2253834,1519.9337,2518.648059,3704.30179,RM,21
r,0,par,96.52157457,0.03619278906,k,607.0720041,1559.083459,2525.205716,3816.744054,RM,21
k,0,canbièr,96.58732346,0.09530498766,a,753.755911,1916.555239,2431.931219,3550.129176,RM,21
a,0,canbièr,96.66150415,0.05305638488,n,713.2774491,1614.364544,2303.193648,3389.247745,RM,21
n,0,canbièr,96.72242074,0.06877679522,b,350.5970101,1477.12017,2536.568991,3245.218738,RM,21
b,0,canbièr,96.77294045,0.03226262761,j,306.1660005,1623.894296,2730.402483,3861.632663,RM,21
j,0,canbièr,96.8159424,0.05374127305,ɛː,390.3004669,2380.939254,2417.803847,3454.284574,RM,21
ɛː,1,canbièr,96.8683587,0.05109133359,r,572.6667154,2005.383458,2536.478314,3404.349109,RM,21
r,0,canbièr,96.90913352,0.03045829502,æ,518.8527347,1597.375623,2501.087014,3465.808263,RM,21
æ,1,äl,96.95236465,0.05600396182,l,689.6145724,1606.856734,2509.289276,3856.960437,RM,21
l,0,äl,97.0115783,0.06242334402,k,380.3419079,1613.245592,2528.979565,3658.480238,RM,21
k,0,côS,97.11262962,0.1396793016,oː,358.8585805,1458.96519,2189.082887,3974.776019,RM,21
oː,1,côS,97.29046676,0.2159949823,z,453.0501838,793.485995,2747.49352,3852.659584,RM,21
z,0,côS,97.49950374,0.2020789634,NA,1767.673714,2604.696005,3392.890672,4077.044122,RM,21
p,0,pr,98.18108818,0.03045829502,r,365.0447556,1973.564417,2743.387905,3534.664002,RM,21
r,0,pr,98.23954846,0.08646225684,a,550.4529261,1581.164163,2513.121779,2980.953457,RM,21
a,0,adès,98.34271365,0.1198681288,d,727.4546826,1645.858847,2553.384531,4009.871438,RM,21
d,0,adès,98.43575595,0.06621646897,ɛː,481.3253936,1672.508488,2619.642116,4434.440093,RM,21
ɛː,1,adès,98.62647922,0.3152300725,s,602.1659869,1941.452597,2839.417089,3173.116152,RM,21
s,0,adès,98.88765854,0.2071285692,NA,1441.643318,1739.471101,3108.038993,3995.967349,RM,21
j,0,i,99.345102,0.06189911569,e,361.6352515,1168.901653,2766.194392,3574.633676,RM,21
e,1,én,99.41289627,0.07368942345,n,427.1520212,2467.938726,2613.172002,3348.933888,RM,21
n,0,én,99.47626917,0.05305638488,s,358.2645456,1183.455905,2428.441784,3324.00338,RM,21
s,0,"70 ""stanta"" Ed hears [a]???",99.58089631,0.1561978955,t,1534.581742,2721.205732,3635.546839,4470.355387,RM,21
t,0,"70 ""stanta"" Ed hears [a]???",99.71435911,0.1107277017,æ,364.6162489,2070.413248,3599.904209,4171.491561,RM,21
æ,1,"70 ""stanta"" Ed hears [a]???",99.81884925,0.09825256459,n,943.15942,1576.733333,2659.852747,2948.840957,RM,21
n,0,"70 ""stanta"" Ed hears [a]???",99.89638844,0.05682582762,t,341.7000296,1350.951081,2003.533921,3211.99969,RM,21
t,0,"70 ""stanta"" Ed hears [a]???",99.9665587,0.0835146799,a,446.2748628,1510.72323,2716.675484,4071.310562,RM,21
a,0,"70 ""stanta"" Ed hears [a]???",100.0353355,0.05403891053,f,819.977467,1625.954336,2102.978929,3071.201235,RM,21
f,0,franc,100.1048775,0.08504511608,r,1064.318079,1744.230428,2744.548777,4109.1275,RM,21
r,0,franc,100.1768758,0.05895153876,a,732.2967762,1479.80834,2437.285049,3678.468881,RM,21
a,0,franc,100.2431963,0.07368942345,n,885.6679435,1606.14432,2596.627456,4003.201215,RM,21
n,0,franc,100.3168054,0.0735287636,NA,502.6169918,1333.450571,2568.535606,3335.372714,RM,21
l,0,dl'euròpa,100.4601738,0.04224860278,e,456.8656246,1764.757443,2847.507574,3579.341376,RM,21
e,0,dl'euròpa,100.5073917,0.0521870958,u,566.0218647,1736.240989,2968.663144,4333.676696,RM,21
u,0,dl'euròpa,100.5717353,0.07650008161,r,433.3332868,979.7176112,3004.384877,4021.770932,RM,21
r,0,dl'euròpa,100.6419174,0.06386416699,ɔː,470.9126665,1495.421272,2541.484911,3821.504573,RM,21
ɔː,1,dl'euròpa,100.7332923,0.1188856032,p,706.3983367,1024.650117,2617.420534,2758.777162,RM,21
p,0,dl'euròpa,100.8639445,0.1424187954,a,494.9796776,714.9200516,2279.881148,3414.013628,RM,21
a,0,dl'euròpa,100.9719986,0.07368942345,NA,746.2354901,1508.460968,2734.126801,4013.886445,RM,21
s,0,sôrbla,101.4223806,0.116759892,oː,1138.950323,2427.967457,2980.633834,NA,LL,21
oː,1,sôrbla,101.595716,0.2299110011,r,675.889267,1013.816486,2701.85554,3654.347729,LL,21
r,0,sôrbla,101.7450599,0.06877679522,b,875.6425536,1168.121123,2800.24701,3547.416058,LL,21
b,0,sôrbla,101.8491958,0.1394949595,l,235.6435689,879.0972717,1693.857332,3424.549426,LL,21
l,0,sôrbla,101.9611919,0.08449720555,a,409.2221548,1288.190993,2348.976584,3948.468431,LL,21
a,0,sôrbla,102.0635682,0.1202553795,NA,633.5178059,1375.783818,2264.497459,3931.389257,LL,21
k,0,cum,102.4027661,0.09333993636,u,991.9236387,1306.495683,2718.440643,3836.852404,LL,21
u,0,cum,102.4803856,0.06189911569,m,368.0853513,787.0260429,2287.415533,3643.642476,LL,21
m,0,cum,102.55211,0.08154962861,l,795.886173,2293.134166,4041.415326,4598.544487,LL,21
l,0,la,102.6127289,0.03968821767,ai,450.168085,1081.093795,2268.152358,3824.744429,LL,21
ai,0,la,102.699876,0.1346060135,a,414.2682774,1930.602276,2370.242661,3986.138575,LL,21
a,0,aciâpa,102.7922334,0.05010880794,ʦ,520.3734208,1648.876363,2244.821496,3934.458197,LL,21
ʦ,0,aciâpa,102.8791066,0.1236375715,aː,1247.371721,1349.149146,2778.838397,3613.89767,LL,21
aː,1,aciâpa,103.0953756,0.3089003035,p,818.8850809,1387.810461,2723.011192,3653.862356,LL,21
p,0,aciâpa,103.3190938,0.1385361161,a,812.1735797,1197.15326,2817.058866,3791.253773,LL,21
a,0,aciâpa,103.4306104,0.08449720555,s,598.4512651,1338.987536,2259.691525,3629.743944,LL,21
s,0,sta,103.498244,0.05076995504,t,509.8101167,1617.002726,3049.093546,3591.078415,LL,21
t,0,sta,103.570299,0.09333993636,a,526.1518434,1545.831947,3096.703295,3855.83018,LL,21
a,0,sta,103.646936,0.0599340644,s,624.7505967,1354.792635,2215.032671,3702.000078,LL,21
s,0,stariåNna,103.7009749,0.04814375665,t,491.2150754,1462.123548,2938.635593,3795.822918,LL,21
t,0,stariåNna,103.7726992,0.09530498766,a,416.4381693,1300.287618,3023.197406,4003.283401,LL,21
a,0,stariåNna,103.8463768,0.05205011816,r,574.7059968,1405.07472,2060.321762,3844.047016,LL,21
r,0,stariåNna,103.896965,0.0491262823,j,493.7154478,1545.302274,2223.429304,4016.378429,LL,21
j,0,stariåNna,103.9807536,0.118450988,ɑ,333.7898682,2141.597335,2880.267738,4360.20494,LL,21
ɑ,1,stariåNna,104.1156336,0.1513089495,ŋː,709.0485197,1796.700739,2442.107281,4133.886845,LL,21
ŋː,0,stariåNna,104.2831424,0.1837086136,a,473.946393,1265.466411,2248.608005,4324.946591,LL,21
a,0,stariåNna,104.4197016,0.08940983378,NA,527.0811162,1225.293509,1613.915336,4043.886937,LL,21
m,0,mo,104.8932646,0.03537092325,o,229.3412069,915.1286342,2275.725716,4054.146686,LL,21
o,0,mo,104.9245565,0.02721302175,k,413.4473828,863.1883848,2290.716246,3934.41152,LL,21
k,0,cum,104.9858155,0.09530498766,u,647.0764544,1262.53255,2386.046305,3774.577855,LL,21
u,0,cum,105.0771904,0.08744478249,m,497.117798,1256.174974,2315.440081,3941.265812,LL,21
m,0,cum,105.1351594,0.02849324373,f,259.9599018,1245.942592,2400.148866,3781.97753,LL,21
f,0,fèla,105.2073751,0.1159380262,ɛː,1075.187939,1703.048901,2749.879034,4069.741762,LL,21
ɛː,1,fèla,105.3910152,0.2513421644,l,629.7971635,1618.757281,2323.788067,2965.650829,LL,21
l,0,fèla,105.5559873,0.07860205167,a,346.1988069,1461.423977,2414.321566,4033.606564,LL,21
a,0,fèla,105.6424495,0.09432246201,NA,588.0528818,1545.747064,2066.25642,3973.379628,LL,21
e,0,e,106.4154655,0.08253215426,t,531.4505112,1684.387759,2227.004706,3966.333335,LL,21
t,0,té,106.533711,0.1539588889,e,488.2798293,1966.005236,3233.016509,3946.781417,LL,21
e,1,té,106.6974267,0.1734724242,NA,387.3742414,2193.52689,2530.364874,3031.064534,LL,21
iː,1,ît,107.412006,0.07958457732,t,323.1283942,1929.257809,2353.3163,4207.008493,LL,21
t,0,ît,107.4966968,0.08979702561,m,1016.763861,2318.237541,3123.408081,4315.02087,LL,21
m,0,mâi,107.5799138,0.07663700038,aiː,247.0727389,1049.291355,2301.598178,3495.67313,LL,21
aiː,0,mâi,107.6998386,0.1632125526,a,527.9597126,1565.66396,2076.10197,2663.943774,LL,21
a,0,andè,107.8099381,0.05698648746,n,751.9319267,1594.781631,2312.411109,4321.293059,LL,21
n,0,andè,107.9057344,0.1346060135,d,315.3224437,1320.378462,2355.091586,4572.741176,LL,21
d,0,andè,108.0072769,0.06847909888,ɛː,218.5871481,1477.135271,2427.169188,3990.464557,LL,21
ɛː,1,andè,108.1601045,0.2371759314,d,637.538561,1734.407372,2468.063792,4363.121403,LL,21
d,0,da,108.3170109,0.07663700038,a,285.8210789,1703.605728,2257.707256,4284.672532,LL,21
a,0,da,108.3936361,0.07661331817,u,615.9633196,1508.266741,2444.900622,4187.424349,LL,21
u,0,una,108.460436,0.05698648746,n,884.3783463,919.3180577,2328.641546,4517.639553,LL,21
n,0,una,108.5130011,0.04814375665,a,288.5632317,1099.991535,2295.931822,4291.837158,LL,21
a,0,una,108.5690051,0.06386416699,s,607.9502858,1330.58267,2212.43588,3970.855842,LL,21
s,0,stariåNna,108.6333605,0.06484669263,t,1467.764363,2357.275007,3211.467886,3983.964927,LL,21
t,0,stariåNna,108.7013484,0.07112903834,a,1197.627138,2078.886512,3185.885029,4170.380891,LL,21
a,0,stariåNna,108.7673712,0.06091659005,r,631.5475355,1435.497417,2172.301695,3903.238724,LL,21
r,0,stariåNna,108.8130586,0.03045829502,j,400.7470389,1467.753948,2198.186814,3841.610387,LL,21
j,0,stariåNna,108.8739752,0.09137488507,ɑ,292.8136281,2234.041847,2472.528293,3182.224396,LL,21
ɑ,1,stariåNna,109.0054848,0.1716443506,ŋː,750.3793795,1778.489189,2407.243936,4107.630176,LL,21
ŋː,0,stariåNna,109.1896162,0.1966184246,a,672.3117015,1837.983198,2386.753626,4449.714547,LL,21
a,0,stariåNna,109.3390168,0.1021826672,NA,643.5590528,1608.967263,2479.553591,4218.331661,LL,21
p,0,pänset,109.9593184,0.1058151323,æ,890.2319389,1182.364705,2670.63277,4179.767802,LL,21
æ,1,pänset,110.0860642,0.1476764844,n,840.9177155,1668.002092,2395.729402,4043.152655,LL,21
n,0,pänset,110.1825006,0.04519617971,s,486.0540172,1419.284787,1858.98686,4269.087101,LL,21
s,0,pänset,110.2666316,0.1230659788,e,1607.552265,2384.394811,3473.821935,4160.180691,LL,21
e,0,pänset,110.3586229,0.06091659005,t,398.6274747,1753.966569,2397.720031,4161.79636,LL,21
t,0,pänset,110.4659803,0.1537982291,NA,383.2090187,1795.482795,2705.757021,3679.362097,LL,21
k,0,ch'la,110.7960734,0.08646225684,l,597.5465049,1528.844037,2460.609732,3633.926202,LL,21
l,0,ch'la,110.8540424,0.02947576938,a,402.2583729,1388.880405,2412.986627,3977.752424,LL,21
a,0,ch'la,110.8894134,0.04126607713,s,573.5163874,1564.827335,2218.032598,3991.162976,LL,21
s,0,séppa,110.9621203,0.1041477185,e,1621.713359,2589.789879,3544.076809,4128.333456,LL,21
e,1,séppa,111.0374086,0.04642891955,pː,438.6744943,1785.475027,2404.444458,3367.230255,LL,21
pː,0,séppa,111.1185921,0.1159380262,a,513.3303366,1832.567368,2439.342929,3936.295302,LL,21
a,0,séppa,111.2473029,0.141483693,NA,651.8251712,1530.055651,2363.622294,4003.49539,LL,21
u,0,un'idéa,111.6303036,0.06681174392,n,345.7335139,745.8811057,2382.885184,3854.015242,LL,21
n,0,un'idéa,111.6828687,0.03831850019,i,346.6297846,1351.009729,2419.093497,4363.543123,LL,21
i,0,un'idéa,111.7349426,0.06582921828,d,368.4820229,2066.732368,2663.751314,4181.468853,LL,21
d,0,un'idéa,111.8175999,0.0994853633,e,237.8963153,1702.678762,3051.239025,3648.053975,LL,21
e,1,un'idéa,111.9355477,0.1364104049,a,600.5411546,1852.090415,2392.716475,3837.776234,LL,21
a,0,un'idéa,112.0338003,0.06009472425,b,682.0718222,1552.189137,2369.302922,3963.121706,LL,21
b,0,bôna,112.1241927,0.1206899946,oː,219.6213662,1133.098462,2312.486125,3865.589791,LL,21
oː,1,bôna,112.3366,0.3041246529,n,512.4064732,882.2644388,2567.932079,2988.950922,LL,21
n,0,bôna,112.532876,0.08842730813,a,357.9357542,1518.075826,2536.251486,4555.147084,LL,21
a,0,bôna,112.6997447,0.2453100918,NA,667.3305837,1497.265384,2566.88603,4525.100777,LL,21